{
  "scenario": 2,
  "scheme": "ub_rg",
  "mode": "dispatch",
  "batch": 16,
  "zipf_s": 0.000000,
  "topk": 8,
  "ep_size": 1024,
  "seed": 1,
  "tau_g_ns": 143.360000,
  "grain_bytes": 7168,
  "total_tokens": 131072,
  "max_egress_load": 31,
  "konig_us": 4.444160,
  "rtt_us": 1.100000,
  "barrier_us": 1.200000,
  "cct_us": 7.392844,
  "step_us": 8.592844,
  "throughput_GBs": 127085.617639,
  "latency_all": {
    "count": 131072,
    "mean_us": 3.884592,
    "p50_us": 3.830224,
    "p99_us": 5.980529,
    "min_us": 2.043484,
    "max_us": 7.392844
  },
  "latency_hot": {
    "count": 13079,
    "mean_us": 3.890497,
    "p50_us": 3.843918,
    "p99_us": 5.965944,
    "min_us": 2.044195,
    "max_us": 6.957892
  },
  "latency_cold": {
    "count": 65434,
    "mean_us": 3.877609,
    "p50_us": 3.824146,
    "p99_us": 5.976497,
    "min_us": 2.043484,
    "max_us": 7.392844
  }
}
