{
  "scenario": 1,
  "scheme": "ub_rg",
  "mode": "roundtrip",
  "batch": 128,
  "zipf_s": 0.900000,
  "topk": 8,
  "ep_size": 32,
  "seed": 75,
  "start_skew_us": 4.000000,
  "tau_g_ns": 143.360000,
  "grain_bytes": 7168,
  "total_tokens": 65536,
  "max_egress_load": 470,
  "konig_us": 133.898240,
  "rtt_us": 0.600000,
  "barrier_us": 0.800000,
  "cct_us": 139.959885,
  "step_us": 285.681760,
  "gemv_us": 144.921875,
  "e2e_us": 284.881760,
  "throughput_GBs": 1644.354363,
  "latency_all": {
    "count": 65536,
    "mean_us": 17.918337,
    "p50_us": 13.153299,
    "p99_us": 63.084126,
    "min_us": 1.225008,
    "max_us": 70.954531
  },
  "latency_hot": {
    "count": 18288,
    "mean_us": 31.025135,
    "p50_us": 30.220858,
    "p99_us": 67.297032,
    "min_us": 1.341704,
    "max_us": 70.954531
  },
  "latency_cold": {
    "count": 16418,
    "mean_us": 8.200362,
    "p50_us": 8.008680,
    "p99_us": 15.395217,
    "min_us": 1.303949,
    "max_us": 18.623388
  },
  "dispatch_cct_us": 70.954531,
  "combine_cct_us": 69.005354,
  "roundtrip_step_us": 140.759885,
  "e2e_step_us": 285.681760
}
