{
  "scenario": 1,
  "scheme": "packet_spray",
  "mode": "roundtrip",
  "batch": 256,
  "zipf_s": 0.300000,
  "topk": 8,
  "ep_size": 32,
  "seed": 34,
  "start_skew_us": 4.000000,
  "tau_g_ns": 143.360000,
  "grain_bytes": 7168,
  "total_tokens": 131072,
  "max_egress_load": 486,
  "konig_us": 136.765440,
  "rtt_us": 0.000000,
  "barrier_us": 4.000000,
  "cct_us": 209.746166,
  "step_us": 359.918041,
  "gemv_us": 146.171875,
  "e2e_us": 355.918041,
  "throughput_GBs": 2610.383446,
  "latency_all": {
    "count": 131072,
    "mean_us": 53.834529,
    "p50_us": 53.348743,
    "p99_us": 96.759663,
    "min_us": 1.281903,
    "max_us": 104.931183
  },
  "latency_hot": {
    "count": 19746,
    "mean_us": 50.826738,
    "p50_us": 51.744623,
    "p99_us": 97.333103,
    "min_us": 1.281903,
    "max_us": 104.931183
  },
  "latency_cold": {
    "count": 54242,
    "mean_us": 57.252189,
    "p50_us": 54.638983,
    "p99_us": 99.367303,
    "min_us": 1.281903,
    "max_us": 104.814983
  },
  "dispatch_cct_us": 104.931183,
  "combine_cct_us": 104.814983,
  "roundtrip_step_us": 213.746166,
  "e2e_step_us": 359.918041
}
