{
  "scenario": 1,
  "scheme": "packet_spray",
  "mode": "roundtrip",
  "batch": 512,
  "zipf_s": 0.300000,
  "topk": 8,
  "ep_size": 32,
  "seed": 24,
  "start_skew_us": 4.000000,
  "tau_g_ns": 143.360000,
  "grain_bytes": 7168,
  "total_tokens": 262144,
  "max_egress_load": 989,
  "konig_us": 274.821120,
  "rtt_us": 0.000000,
  "barrier_us": 4.000000,
  "cct_us": 417.229737,
  "step_us": 711.190674,
  "gemv_us": 289.960938,
  "e2e_us": 707.190674,
  "throughput_GBs": 2642.115905,
  "latency_all": {
    "count": 262144,
    "mean_us": 107.342151,
    "p50_us": 103.353778,
    "p99_us": 176.180658,
    "min_us": 1.854898,
    "max_us": 210.013618
  },
  "latency_hot": {
    "count": 39304,
    "mean_us": 101.626659,
    "p50_us": 103.497138,
    "p99_us": 195.820978,
    "min_us": 1.998258,
    "max_us": 210.013618
  },
  "latency_cold": {
    "count": 109212,
    "mean_us": 114.107024,
    "p50_us": 109.935059,
    "p99_us": 196.034039,
    "min_us": 1.854898,
    "max_us": 207.216119
  },
  "dispatch_cct_us": 210.013618,
  "combine_cct_us": 207.216119,
  "roundtrip_step_us": 421.229737,
  "e2e_step_us": 711.190674
}
