{
  "scenario": 4,
  "scheme": "ub_rg",
  "mode": "roundtrip",
  "batch": 256,
  "zipf_s": 0.700000,
  "topk": 8,
  "ep_size": 128,
  "seed": 1,
  "start_skew_us": 4.000000,
  "tau_g_ns": 143.360000,
  "grain_bytes": 7168,
  "total_tokens": 524288,
  "max_egress_load": 2339,
  "konig_us": 653.578240,
  "rtt_us": 0.800000,
  "barrier_us": 1.600000,
  "cct_us": 678.545305,
  "step_us": 1373.817180,
  "gemv_us": 693.671875,
  "e2e_us": 1372.217180,
  "throughput_GBs": 2735.514185,
  "latency_all": {
    "count": 524288,
    "mean_us": 44.271556,
    "p50_us": 19.214098,
    "p99_us": 90.672286,
    "min_us": 1.057817,
    "max_us": 339.467135
  },
  "latency_hot": {
    "count": 181018,
    "mean_us": 89.667678,
    "p50_us": 71.761586,
    "p99_us": 305.867462,
    "min_us": 1.832109,
    "max_us": 339.467135
  },
  "latency_cold": {
    "count": 129918,
    "mean_us": 13.417933,
    "p50_us": 13.150230,
    "p99_us": 26.545234,
    "min_us": 1.057817,
    "max_us": 37.763197
  },
  "dispatch_cct_us": 339.467135,
  "combine_cct_us": 339.078170,
  "roundtrip_step_us": 680.145305,
  "e2e_step_us": 1373.817180
}
