{
  "scenario": 1,
  "scheme": "packet_spray",
  "mode": "roundtrip",
  "batch": 512,
  "zipf_s": 0.000000,
  "topk": 8,
  "ep_size": 128,
  "seed": 88,
  "start_skew_us": 4.000000,
  "tau_g_ns": 143.360000,
  "grain_bytes": 7168,
  "total_tokens": 1048576,
  "max_egress_load": 588,
  "konig_us": 160.276480,
  "rtt_us": 0.000000,
  "barrier_us": 4.000000,
  "cct_us": 327.738989,
  "step_us": 497.285864,
  "gemv_us": 165.546875,
  "e2e_us": 493.285864,
  "throughput_GBs": 15114.430790,
  "latency_all": {
    "count": 1048576,
    "mean_us": 102.596542,
    "p50_us": 96.119370,
    "p99_us": 149.143625,
    "min_us": 8.230147,
    "max_us": 164.418047
  },
  "latency_hot": {
    "count": 97986,
    "mean_us": 86.014403,
    "p50_us": 86.336622,
    "p99_us": 153.588870,
    "min_us": 8.937545,
    "max_us": 160.048387
  },
  "latency_cold": {
    "count": 522978,
    "mean_us": 111.785164,
    "p50_us": 109.411711,
    "p99_us": 144.144970,
    "min_us": 8.230147,
    "max_us": 164.274687
  },
  "dispatch_cct_us": 164.418047,
  "combine_cct_us": 163.320942,
  "roundtrip_step_us": 331.738989,
  "e2e_step_us": 497.285864
}
