{
  "scenario": 1,
  "scheme": "ub_rg_pop",
  "mode": "roundtrip",
  "batch": 16,
  "zipf_s": 0.700000,
  "topk": 8,
  "ep_size": 32,
  "seed": 84,
  "start_skew_us": 4.000000,
  "tau_g_ns": 143.360000,
  "grain_bytes": 7168,
  "total_tokens": 8192,
  "max_egress_load": 55,
  "konig_us": 15.196160,
  "rtt_us": 0.900000,
  "barrier_us": 0.800000,
  "cct_us": 42.267749,
  "step_us": 58.848999,
  "gemv_us": 15.781250,
  "e2e_us": 58.048999,
  "throughput_GBs": 997.812324,
  "latency_all": {
    "count": 8192,
    "mean_us": 10.503926,
    "p50_us": 10.553140,
    "p99_us": 20.033369,
    "min_us": 1.475891,
    "max_us": 24.001244
  },
  "latency_hot": {
    "count": 2030,
    "mean_us": 12.344873,
    "p50_us": 12.255251,
    "p99_us": 21.775166,
    "min_us": 1.941844,
    "max_us": 24.001244
  },
  "latency_cold": {
    "count": 2452,
    "mean_us": 9.272928,
    "p50_us": 9.080449,
    "p99_us": 18.818240,
    "min_us": 1.732869,
    "max_us": 20.033369
  },
  "dispatch_cct_us": 24.001244,
  "combine_cct_us": 18.266505,
  "roundtrip_step_us": 43.067749,
  "e2e_step_us": 58.848999
}
