{
  "scenario": 4,
  "scheme": "ub_rg",
  "mode": "roundtrip",
  "batch": 256,
  "zipf_s": 0.900000,
  "topk": 8,
  "ep_size": 512,
  "seed": 11,
  "start_skew_us": 4.000000,
  "tau_g_ns": 143.360000,
  "grain_bytes": 7168,
  "total_tokens": 2097152,
  "max_egress_load": 11372,
  "konig_us": 3078.082560,
  "rtt_us": 0.800000,
  "barrier_us": 1.600000,
  "cct_us": 3267.690666,
  "step_us": 6425.228166,
  "gemv_us": 3155.937500,
  "e2e_us": 6423.628166,
  "throughput_GBs": 2339.587817,
  "latency_all": {
    "count": 2097152,
    "mean_us": 148.436000,
    "p50_us": 11.106403,
    "p99_us": 894.702196,
    "min_us": 1.064100,
    "max_us": 1634.004493
  },
  "latency_hot": {
    "count": 1162092,
    "mean_us": 253.166216,
    "p50_us": 47.422441,
    "p99_us": 894.975662,
    "min_us": 1.220559,
    "max_us": 1634.004493
  },
  "latency_cold": {
    "count": 305038,
    "mean_us": 10.398904,
    "p50_us": 9.363436,
    "p99_us": 20.799189,
    "min_us": 1.176083,
    "max_us": 42.216557
  },
  "dispatch_cct_us": 1633.686173,
  "combine_cct_us": 1634.004493,
  "roundtrip_step_us": 3269.290666,
  "e2e_step_us": 6425.228166
}
