{
  "scenario": 1,
  "scheme": "ub_rg_pop",
  "mode": "roundtrip",
  "batch": 256,
  "zipf_s": 0.900000,
  "topk": 8,
  "ep_size": 64,
  "seed": 12,
  "tau_g_ns": 143.360000,
  "grain_bytes": 7168,
  "total_tokens": 262144,
  "max_egress_load": 1723,
  "konig_us": 489.431040,
  "rtt_us": 0.900000,
  "barrier_us": 0.800000,
  "cct_us": 496.838068,
  "step_us": 497.638068,
  "throughput_GBs": 3775.933383,
  "latency_all": {
    "count": 262144,
    "mean_us": 43.079446,
    "p50_us": 16.284879,
    "p99_us": 207.891216,
    "min_us": 1.444184,
    "max_us": 248.472053
  },
  "latency_hot": {
    "count": 96914,
    "mean_us": 83.765927,
    "p50_us": 74.282732,
    "p99_us": 235.110411,
    "min_us": 1.462317,
    "max_us": 248.472053
  },
  "latency_cold": {
    "count": 55242,
    "mean_us": 9.931388,
    "p50_us": 9.558999,
    "p99_us": 21.725762,
    "min_us": 1.444257,
    "max_us": 24.788063
  },
  "dispatch_cct_us": 248.366014,
  "combine_cct_us": 248.472053,
  "roundtrip_step_us": 497.638068
}
