{
  "scenario": 1,
  "scheme": "packet_spray",
  "mode": "roundtrip",
  "batch": 64,
  "zipf_s": 0.700000,
  "topk": 8,
  "ep_size": 64,
  "seed": 84,
  "start_skew_us": 4.000000,
  "tau_g_ns": 143.360000,
  "grain_bytes": 7168,
  "total_tokens": 65536,
  "max_egress_load": 363,
  "konig_us": 99.205120,
  "rtt_us": 0.000000,
  "barrier_us": 4.000000,
  "cct_us": 122.823240,
  "step_us": 229.557615,
  "gemv_us": 102.734375,
  "e2e_us": 225.557615,
  "throughput_GBs": 2046.379717,
  "latency_all": {
    "count": 65536,
    "mean_us": 24.348212,
    "p50_us": 19.826284,
    "p99_us": 54.849491,
    "min_us": 1.988865,
    "max_us": 63.959670
  },
  "latency_hot": {
    "count": 19456,
    "mean_us": 26.745803,
    "p50_us": 25.747411,
    "p99_us": 54.028545,
    "min_us": 1.988865,
    "max_us": 63.959670
  },
  "latency_cold": {
    "count": 17630,
    "mean_us": 23.445712,
    "p50_us": 15.781602,
    "p99_us": 56.426451,
    "min_us": 1.988865,
    "max_us": 58.863571
  },
  "dispatch_cct_us": 63.959670,
  "combine_cct_us": 58.863571,
  "roundtrip_step_us": 126.823240,
  "e2e_step_us": 229.557615
}
