{
  "scenario": 1,
  "scheme": "ub_rg",
  "mode": "roundtrip",
  "batch": 64,
  "zipf_s": 0.700000,
  "topk": 8,
  "ep_size": 128,
  "seed": 21,
  "start_skew_us": 4.000000,
  "tau_g_ns": 143.360000,
  "grain_bytes": 7168,
  "total_tokens": 131072,
  "max_egress_load": 579,
  "konig_us": 161.423360,
  "rtt_us": 0.600000,
  "barrier_us": 0.800000,
  "cct_us": 174.556561,
  "step_us": 346.059686,
  "gemv_us": 170.703125,
  "e2e_us": 345.259686,
  "throughput_GBs": 2714.919226,
  "latency_all": {
    "count": 131072,
    "mean_us": 13.744332,
    "p50_us": 8.922634,
    "p99_us": 70.478515,
    "min_us": 1.188562,
    "max_us": 87.650772
  },
  "latency_hot": {
    "count": 45256,
    "mean_us": 24.763328,
    "p50_us": 20.588876,
    "p99_us": 78.403679,
    "min_us": 1.700567,
    "max_us": 87.650772
  },
  "latency_cold": {
    "count": 32190,
    "mean_us": 6.002865,
    "p50_us": 5.941856,
    "p99_us": 10.564105,
    "min_us": 1.240464,
    "max_us": 13.088917
  },
  "dispatch_cct_us": 86.905789,
  "combine_cct_us": 87.650772,
  "roundtrip_step_us": 175.356561,
  "e2e_step_us": 346.059686
}
