{
  "scenario": 1,
  "scheme": "ub_rg",
  "mode": "roundtrip",
  "batch": 64,
  "zipf_s": 0.000000,
  "topk": 8,
  "ep_size": 32,
  "seed": 41,
  "start_skew_us": 4.000000,
  "tau_g_ns": 143.360000,
  "grain_bytes": 7168,
  "total_tokens": 32768,
  "max_egress_load": 82,
  "konig_us": 23.080960,
  "rtt_us": 0.600000,
  "barrier_us": 0.800000,
  "cct_us": 31.661020,
  "step_us": 53.906333,
  "gemv_us": 21.445312,
  "e2e_us": 53.106333,
  "throughput_GBs": 4357.206501,
  "latency_all": {
    "count": 32768,
    "mean_us": 7.840222,
    "p50_us": 7.759192,
    "p99_us": 14.297481,
    "min_us": 1.319618,
    "max_us": 15.894650
  },
  "latency_hot": {
    "count": 3120,
    "mean_us": 7.868844,
    "p50_us": 7.762148,
    "p99_us": 14.680199,
    "min_us": 1.712581,
    "max_us": 15.767425
  },
  "latency_cold": {
    "count": 16450,
    "mean_us": 7.625663,
    "p50_us": 7.525879,
    "p99_us": 14.209482,
    "min_us": 1.319618,
    "max_us": 15.766371
  },
  "dispatch_cct_us": 15.766371,
  "combine_cct_us": 15.894650,
  "roundtrip_step_us": 32.461020,
  "e2e_step_us": 53.906333
}
