{
  "scenario": 1,
  "scheme": "ub_rg_pop",
  "mode": "roundtrip",
  "batch": 128,
  "zipf_s": 0.900000,
  "topk": 8,
  "ep_size": 128,
  "seed": 11,
  "start_skew_us": 4.000000,
  "tau_g_ns": 143.360000,
  "grain_bytes": 7168,
  "total_tokens": 262144,
  "max_egress_load": 1580,
  "konig_us": 447.713280,
  "rtt_us": 0.900000,
  "barrier_us": 0.800000,
  "cct_us": 488.669907,
  "step_us": 971.540219,
  "gemv_us": 482.070312,
  "e2e_us": 970.740219,
  "throughput_GBs": 1934.092027,
  "latency_all": {
    "count": 262144,
    "mean_us": 43.378423,
    "p50_us": 21.648541,
    "p99_us": 195.828295,
    "min_us": 1.465133,
    "max_us": 244.758951
  },
  "latency_hot": {
    "count": 115940,
    "mean_us": 71.876302,
    "p50_us": 57.107311,
    "p99_us": 225.459893,
    "min_us": 2.095408,
    "max_us": 244.758951
  },
  "latency_cold": {
    "count": 47294,
    "mean_us": 16.275185,
    "p50_us": 16.194186,
    "p99_us": 28.303698,
    "min_us": 1.465133,
    "max_us": 33.130126
  },
  "dispatch_cct_us": 243.910956,
  "combine_cct_us": 244.758951,
  "roundtrip_step_us": 489.469907,
  "e2e_step_us": 971.540219
}
