{
  "scenario": 1,
  "scheme": "packet_spray",
  "mode": "roundtrip",
  "batch": 64,
  "zipf_s": 0.700000,
  "topk": 8,
  "ep_size": 32,
  "seed": 83,
  "start_skew_us": 4.000000,
  "tau_g_ns": 143.360000,
  "grain_bytes": 7168,
  "total_tokens": 32768,
  "max_egress_load": 216,
  "konig_us": 59.637760,
  "rtt_us": 0.000000,
  "barrier_us": 4.000000,
  "cct_us": 90.364052,
  "step_us": 156.746865,
  "gemv_us": 62.382812,
  "e2e_us": 152.746865,
  "throughput_GBs": 1498.473504,
  "latency_all": {
    "count": 32768,
    "mean_us": 24.389882,
    "p50_us": 23.292338,
    "p99_us": 41.925837,
    "min_us": 0.536720,
    "max_us": 45.571015
  },
  "latency_hot": {
    "count": 7804,
    "mean_us": 24.710301,
    "p50_us": 24.754663,
    "p99_us": 41.814503,
    "min_us": 0.536720,
    "max_us": 45.571015
  },
  "latency_cold": {
    "count": 9876,
    "mean_us": 24.628526,
    "p50_us": 22.616180,
    "p99_us": 43.072717,
    "min_us": 0.536720,
    "max_us": 44.793037
  },
  "dispatch_cct_us": 45.571015,
  "combine_cct_us": 44.793037,
  "roundtrip_step_us": 94.364052,
  "e2e_step_us": 156.746865
}
