{
  "scenario": 1,
  "scheme": "ub_rg_pop",
  "mode": "roundtrip",
  "batch": 512,
  "zipf_s": 0.000000,
  "topk": 8,
  "ep_size": 64,
  "seed": 40,
  "start_skew_us": 4.000000,
  "tau_g_ns": 143.360000,
  "grain_bytes": 7168,
  "total_tokens": 524288,
  "max_egress_load": 574,
  "konig_us": 163.430400,
  "rtt_us": 0.900000,
  "barrier_us": 0.800000,
  "cct_us": 173.326157,
  "step_us": 341.235532,
  "gemv_us": 167.109375,
  "e2e_us": 340.435532,
  "throughput_GBs": 11013.203599,
  "latency_all": {
    "count": 524288,
    "mean_us": 40.587702,
    "p50_us": 32.983644,
    "p99_us": 68.042456,
    "min_us": 1.503878,
    "max_us": 87.128216
  },
  "latency_hot": {
    "count": 48748,
    "mean_us": 40.501761,
    "p50_us": 40.368155,
    "p99_us": 78.802217,
    "min_us": 2.230043,
    "max_us": 84.160835
  },
  "latency_cold": {
    "count": 261906,
    "mean_us": 40.665573,
    "p50_us": 31.844999,
    "p99_us": 78.345973,
    "min_us": 1.609994,
    "max_us": 87.128216
  },
  "dispatch_cct_us": 87.128216,
  "combine_cct_us": 86.197941,
  "roundtrip_step_us": 174.126157,
  "e2e_step_us": 341.235532
}
