{
  "scenario": 4,
  "scheme": "ub_rg",
  "mode": "roundtrip",
  "batch": 128,
  "zipf_s": 0.300000,
  "topk": 8,
  "ep_size": 256,
  "seed": 86,
  "start_skew_us": 4.000000,
  "tau_g_ns": 143.360000,
  "grain_bytes": 7168,
  "total_tokens": 524288,
  "max_egress_load": 476,
  "konig_us": 132.608000,
  "rtt_us": 0.800000,
  "barrier_us": 1.600000,
  "cct_us": 143.911535,
  "step_us": 285.784972,
  "gemv_us": 140.273438,
  "e2e_us": 284.184972,
  "throughput_GBs": 13150.083966,
  "latency_all": {
    "count": 524288,
    "mean_us": 15.039769,
    "p50_us": 12.566013,
    "p99_us": 23.822832,
    "min_us": 1.085498,
    "max_us": 72.795114
  },
  "latency_hot": {
    "count": 97292,
    "mean_us": 23.166011,
    "p50_us": 22.110872,
    "p99_us": 59.526001,
    "min_us": 1.459052,
    "max_us": 72.795114
  },
  "latency_cold": {
    "count": 205000,
    "mean_us": 11.796898,
    "p50_us": 11.520203,
    "p99_us": 21.634989,
    "min_us": 1.230442,
    "max_us": 31.378655
  },
  "dispatch_cct_us": 72.795114,
  "combine_cct_us": 71.116421,
  "roundtrip_step_us": 145.511535,
  "e2e_step_us": 285.784972
}
