{
  "scenario": 1,
  "scheme": "packet_spray",
  "mode": "roundtrip",
  "batch": 128,
  "zipf_s": 0.300000,
  "topk": 8,
  "ep_size": 64,
  "seed": 69,
  "start_skew_us": 4.000000,
  "tau_g_ns": 143.360000,
  "grain_bytes": 7168,
  "total_tokens": 131072,
  "max_egress_load": 318,
  "konig_us": 89.026560,
  "rtt_us": 0.000000,
  "barrier_us": 4.000000,
  "cct_us": 147.188224,
  "step_us": 245.797599,
  "gemv_us": 94.609375,
  "e2e_us": 241.797599,
  "throughput_GBs": 3822.348551,
  "latency_all": {
    "count": 131072,
    "mean_us": 39.631029,
    "p50_us": 39.195655,
    "p99_us": 65.127929,
    "min_us": 6.378234,
    "max_us": 76.899335
  },
  "latency_hot": {
    "count": 21414,
    "mean_us": 38.669592,
    "p50_us": 39.609849,
    "p99_us": 69.689227,
    "min_us": 8.357369,
    "max_us": 76.899335
  },
  "latency_cold": {
    "count": 52480,
    "mean_us": 41.212961,
    "p50_us": 39.391104,
    "p99_us": 66.131449,
    "min_us": 6.378234,
    "max_us": 70.288889
  },
  "dispatch_cct_us": 76.899335,
  "combine_cct_us": 70.288889,
  "roundtrip_step_us": 151.188224,
  "e2e_step_us": 245.797599
}
