{
  "scenario": 1,
  "scheme": "ub_rg",
  "mode": "roundtrip",
  "batch": 64,
  "zipf_s": 0.000000,
  "topk": 8,
  "ep_size": 32,
  "seed": 35,
  "tau_g_ns": 143.360000,
  "grain_bytes": 7168,
  "total_tokens": 32768,
  "max_egress_load": 88,
  "konig_us": 25.231360,
  "rtt_us": 0.600000,
  "barrier_us": 0.800000,
  "cct_us": 27.673148,
  "step_us": 28.473148,
  "throughput_GBs": 8249.211661,
  "latency_all": {
    "count": 32768,
    "mean_us": 6.019368,
    "p50_us": 5.923934,
    "p99_us": 11.673073,
    "min_us": 1.143430,
    "max_us": 13.955723
  },
  "latency_hot": {
    "count": 2996,
    "mean_us": 5.897158,
    "p50_us": 5.785339,
    "p99_us": 11.510261,
    "min_us": 1.145083,
    "max_us": 12.533308
  },
  "latency_cold": {
    "count": 16618,
    "mean_us": 6.095081,
    "p50_us": 6.012920,
    "p99_us": 11.841476,
    "min_us": 1.145604,
    "max_us": 13.955723
  },
  "dispatch_cct_us": 13.955723,
  "combine_cct_us": 13.717425,
  "roundtrip_step_us": 28.473148
}
