{
  "scenario": 2,
  "scheme": "ub_rg",
  "mode": "roundtrip",
  "batch": 256,
  "zipf_s": 0.700000,
  "topk": 8,
  "ep_size": 1024,
  "seed": 49,
  "tau_g_ns": 143.360000,
  "grain_bytes": 7168,
  "total_tokens": 4194304,
  "max_egress_load": 9657,
  "konig_us": 2759.823360,
  "rtt_us": 1.100000,
  "barrier_us": 2.400000,
  "cct_us": 2772.885103,
  "step_us": 2775.285103,
  "throughput_GBs": 10833.038754,
  "latency_all": {
    "count": 4194304,
    "mean_us": 89.938344,
    "p50_us": 14.529370,
    "p99_us": 832.966263,
    "min_us": 2.043370,
    "max_us": 1386.538375
  },
  "latency_hot": {
    "count": 1822510,
    "mean_us": 182.888781,
    "p50_us": 26.040070,
    "p99_us": 833.111600,
    "min_us": 2.043373,
    "max_us": 1386.538375
  },
  "latency_cold": {
    "count": 894502,
    "mean_us": 13.166868,
    "p50_us": 7.964992,
    "p99_us": 22.026619,
    "min_us": 2.043422,
    "max_us": 43.974487
  },
  "dispatch_cct_us": 1386.538375,
  "combine_cct_us": 1386.346727,
  "roundtrip_step_us": 2775.285103
}
