{
  "scenario": 1,
  "scheme": "ub_rg",
  "mode": "roundtrip",
  "batch": 16,
  "zipf_s": 0.000000,
  "topk": 8,
  "ep_size": 64,
  "seed": 18,
  "tau_g_ns": 143.360000,
  "grain_bytes": 7168,
  "total_tokens": 16384,
  "max_egress_load": 29,
  "konig_us": 8.028160,
  "rtt_us": 0.600000,
  "barrier_us": 0.800000,
  "cct_us": 11.262252,
  "step_us": 12.062252,
  "throughput_GBs": 9736.201470,
  "latency_all": {
    "count": 16384,
    "mean_us": 2.650641,
    "p50_us": 2.599313,
    "p99_us": 4.568583,
    "min_us": 1.143605,
    "max_us": 6.082588
  },
  "latency_hot": {
    "count": 1578,
    "mean_us": 2.698386,
    "p50_us": 2.642322,
    "p99_us": 4.717883,
    "min_us": 1.146113,
    "max_us": 5.168339
  },
  "latency_cold": {
    "count": 8316,
    "mean_us": 2.661377,
    "p50_us": 2.612826,
    "p99_us": 4.519468,
    "min_us": 1.143818,
    "max_us": 5.462088
  },
  "dispatch_cct_us": 6.082588,
  "combine_cct_us": 5.179663,
  "roundtrip_step_us": 12.062252
}
