{
  "scenario": 1,
  "scheme": "packet_spray",
  "mode": "roundtrip",
  "batch": 16,
  "zipf_s": 0.700000,
  "topk": 8,
  "ep_size": 32,
  "seed": 6,
  "tau_g_ns": 143.360000,
  "grain_bytes": 7168,
  "total_tokens": 8192,
  "max_egress_load": 57,
  "konig_us": 15.769600,
  "rtt_us": 0.000000,
  "barrier_us": 4.000000,
  "cct_us": 21.143840,
  "step_us": 25.143840,
  "throughput_GBs": 2335.373435,
  "latency_all": {
    "count": 8192,
    "mean_us": 4.465575,
    "p50_us": 3.977360,
    "p99_us": 9.568400,
    "min_us": 0.536720,
    "max_us": 10.571920
  },
  "latency_hot": {
    "count": 2000,
    "mean_us": 4.746486,
    "p50_us": 4.694160,
    "p99_us": 9.425040,
    "min_us": 0.536720,
    "max_us": 10.571920
  },
  "latency_cold": {
    "count": 2446,
    "mean_us": 4.447236,
    "p50_us": 3.547280,
    "p99_us": 9.855120,
    "min_us": 0.536720,
    "max_us": 10.571920
  },
  "dispatch_cct_us": 10.571920,
  "combine_cct_us": 10.571920,
  "roundtrip_step_us": 25.143840
}
