{
  "scenario": 1,
  "scheme": "ub_rg_pop",
  "mode": "roundtrip",
  "batch": 128,
  "zipf_s": 0.900000,
  "topk": 8,
  "ep_size": 32,
  "seed": 11,
  "start_skew_us": 4.000000,
  "tau_g_ns": 143.360000,
  "grain_bytes": 7168,
  "total_tokens": 65536,
  "max_egress_load": 473,
  "konig_us": 134.615040,
  "rtt_us": 0.900000,
  "barrier_us": 0.800000,
  "cct_us": 164.202996,
  "step_us": 310.432684,
  "gemv_us": 145.429688,
  "e2e_us": 309.632684,
  "throughput_GBs": 1513.249321,
  "latency_all": {
    "count": 65536,
    "mean_us": 23.998324,
    "p50_us": 19.856289,
    "p99_us": 72.403556,
    "min_us": 1.465133,
    "max_us": 83.030928
  },
  "latency_hot": {
    "count": 18232,
    "mean_us": 36.573137,
    "p50_us": 35.391896,
    "p99_us": 77.769777,
    "min_us": 1.465133,
    "max_us": 83.030928
  },
  "latency_cold": {
    "count": 16652,
    "mean_us": 13.895525,
    "p50_us": 13.609990,
    "p99_us": 25.268814,
    "min_us": 1.760918,
    "max_us": 28.333537
  },
  "dispatch_cct_us": 83.030928,
  "combine_cct_us": 81.172069,
  "roundtrip_step_us": 165.002996,
  "e2e_step_us": 310.432684
}
