{
  "scenario": 1,
  "scheme": "packet_spray",
  "mode": "roundtrip",
  "batch": 128,
  "zipf_s": 0.900000,
  "topk": 8,
  "ep_size": 32,
  "seed": 10,
  "start_skew_us": 4.000000,
  "tau_g_ns": 143.360000,
  "grain_bytes": 7168,
  "total_tokens": 65536,
  "max_egress_load": 514,
  "konig_us": 140.062720,
  "rtt_us": 0.000000,
  "barrier_us": 4.000000,
  "cct_us": 176.225390,
  "step_us": 324.873827,
  "gemv_us": 144.648438,
  "e2e_us": 320.873827,
  "throughput_GBs": 1445.983051,
  "latency_all": {
    "count": 65536,
    "mean_us": 38.816225,
    "p50_us": 34.146508,
    "p99_us": 81.067997,
    "min_us": 2.215831,
    "max_us": 90.283153
  },
  "latency_hot": {
    "count": 18250,
    "mean_us": 42.286104,
    "p50_us": 42.400913,
    "p99_us": 82.685073,
    "min_us": 2.936797,
    "max_us": 90.283153
  },
  "latency_cold": {
    "count": 16798,
    "mean_us": 37.377979,
    "p50_us": 27.624432,
    "p99_us": 83.075037,
    "min_us": 2.215831,
    "max_us": 85.942237
  },
  "dispatch_cct_us": 90.283153,
  "combine_cct_us": 85.942237,
  "roundtrip_step_us": 180.225390,
  "e2e_step_us": 324.873827
}
