{
  "scenario": 1,
  "scheme": "ub_rg",
  "mode": "roundtrip",
  "batch": 128,
  "zipf_s": 0.300000,
  "topk": 8,
  "ep_size": 64,
  "seed": 30,
  "start_skew_us": 4.000000,
  "tau_g_ns": 143.360000,
  "grain_bytes": 7168,
  "total_tokens": 131072,
  "max_egress_load": 312,
  "konig_us": 87.592960,
  "rtt_us": 0.600000,
  "barrier_us": 0.800000,
  "cct_us": 97.506059,
  "step_us": 191.470122,
  "gemv_us": 93.164062,
  "e2e_us": 190.670122,
  "throughput_GBs": 4906.896638,
  "latency_all": {
    "count": 131072,
    "mean_us": 13.655501,
    "p50_us": 12.734787,
    "p99_us": 36.294626,
    "min_us": 1.190594,
    "max_us": 48.809589
  },
  "latency_hot": {
    "count": 21720,
    "mean_us": 20.127491,
    "p50_us": 19.657115,
    "p99_us": 44.476510,
    "min_us": 1.272204,
    "max_us": 48.809589
  },
  "latency_cold": {
    "count": 52394,
    "mean_us": 11.049061,
    "p50_us": 10.910021,
    "p99_us": 20.724952,
    "min_us": 1.190594,
    "max_us": 24.258033
  },
  "dispatch_cct_us": 48.696470,
  "combine_cct_us": 48.809589,
  "roundtrip_step_us": 98.306059,
  "e2e_step_us": 191.470122
}
