{
  "scenario": 4,
  "scheme": "ub_rg",
  "mode": "roundtrip",
  "batch": 64,
  "zipf_s": 0.900000,
  "topk": 8,
  "ep_size": 128,
  "seed": 56,
  "start_skew_us": 4.000000,
  "tau_g_ns": 143.360000,
  "grain_bytes": 7168,
  "total_tokens": 131072,
  "max_egress_load": 821,
  "konig_us": 226.365440,
  "rtt_us": 0.800000,
  "barrier_us": 1.600000,
  "cct_us": 264.509022,
  "step_us": 502.788710,
  "gemv_us": 236.679688,
  "e2e_us": 501.188710,
  "throughput_GBs": 1868.626081,
  "latency_all": {
    "count": 131072,
    "mean_us": 29.459186,
    "p50_us": 22.008677,
    "p99_us": 109.022343,
    "min_us": 1.023645,
    "max_us": 137.384045
  },
  "latency_hot": {
    "count": 57720,
    "mean_us": 43.319716,
    "p50_us": 36.382267,
    "p99_us": 116.252771,
    "min_us": 2.904819,
    "max_us": 137.384045
  },
  "latency_cold": {
    "count": 23934,
    "mean_us": 16.120400,
    "p50_us": 16.263722,
    "p99_us": 25.083462,
    "min_us": 1.532292,
    "max_us": 31.909948
  },
  "dispatch_cct_us": 137.384045,
  "combine_cct_us": 127.124977,
  "roundtrip_step_us": 266.109022,
  "e2e_step_us": 502.788710
}
