{
  "scenario": 3,
  "scheme": "packet_spray",
  "mode": "roundtrip",
  "batch": 256,
  "zipf_s": 0.000000,
  "topk": 8,
  "ep_size": 1024,
  "seed": 22,
  "tau_g_ns": 143.360000,
  "grain_bytes": 7168,
  "total_tokens": 4194304,
  "max_egress_load": 315,
  "konig_us": 88.453120,
  "rtt_us": 0.000000,
  "barrier_us": 8.000000,
  "cct_us": 165.190560,
  "step_us": 173.190560,
  "throughput_GBs": 173593.590043,
  "latency_all": {
    "count": 4194304,
    "mean_us": 48.624786,
    "p50_us": 44.748240,
    "p99_us": 77.290960,
    "min_us": 0.880080,
    "max_us": 83.742160
  },
  "latency_hot": {
    "count": 417244,
    "mean_us": 39.716542,
    "p50_us": 56.790480,
    "p99_us": 76.287440,
    "min_us": 0.880080,
    "max_us": 82.165200
  },
  "latency_cold": {
    "count": 2097758,
    "mean_us": 53.432840,
    "p50_us": 42.024400,
    "p99_us": 76.287440,
    "min_us": 0.880080,
    "max_us": 83.742160
  },
  "dispatch_cct_us": 83.742160,
  "combine_cct_us": 81.448400,
  "roundtrip_step_us": 173.190560
}
