{
  "scenario": 4,
  "scheme": "ub_rg_pop",
  "mode": "roundtrip",
  "batch": 64,
  "zipf_s": 0.700000,
  "topk": 8,
  "ep_size": 256,
  "seed": 65,
  "start_skew_us": 4.000000,
  "tau_g_ns": 143.360000,
  "grain_bytes": 7168,
  "total_tokens": 262144,
  "max_egress_load": 1020,
  "konig_us": 276.111360,
  "rtt_us": 1.200000,
  "barrier_us": 1.600000,
  "cct_us": 300.113753,
  "step_us": 584.760628,
  "gemv_us": 283.046875,
  "e2e_us": 583.160628,
  "throughput_GBs": 3213.363046,
  "latency_all": {
    "count": 262144,
    "mean_us": 17.472842,
    "p50_us": 8.395703,
    "p99_us": 98.386256,
    "min_us": 1.424123,
    "max_us": 150.197376
  },
  "latency_hot": {
    "count": 101014,
    "mean_us": 31.727452,
    "p50_us": 23.213988,
    "p99_us": 124.686586,
    "min_us": 1.731672,
    "max_us": 150.197376
  },
  "latency_cold": {
    "count": 61502,
    "mean_us": 6.722864,
    "p50_us": 6.659502,
    "p99_us": 11.422556,
    "min_us": 1.424123,
    "max_us": 24.115667
  },
  "dispatch_cct_us": 150.197376,
  "combine_cct_us": 149.916377,
  "roundtrip_step_us": 301.713753,
  "e2e_step_us": 584.760628
}
