{
  "scenario": 4,
  "scheme": "ub_rg",
  "mode": "roundtrip",
  "batch": 128,
  "zipf_s": 0.300000,
  "topk": 8,
  "ep_size": 512,
  "seed": 29,
  "start_skew_us": 4.000000,
  "tau_g_ns": 143.360000,
  "grain_bytes": 7168,
  "total_tokens": 1048576,
  "max_egress_load": 629,
  "konig_us": 171.315200,
  "rtt_us": 0.800000,
  "barrier_us": 1.600000,
  "cct_us": 206.644118,
  "step_us": 384.962868,
  "gemv_us": 176.718750,
  "e2e_us": 383.362868,
  "throughput_GBs": 19524.461706,
  "latency_all": {
    "count": 1048576,
    "mean_us": 25.194418,
    "p50_us": 19.472317,
    "p99_us": 41.670529,
    "min_us": 1.347004,
    "max_us": 107.048924
  },
  "latency_hot": {
    "count": 201578,
    "mean_us": 34.024879,
    "p50_us": 32.638057,
    "p99_us": 77.261170,
    "min_us": 2.893133,
    "max_us": 107.048924
  },
  "latency_cold": {
    "count": 407020,
    "mean_us": 21.649746,
    "p50_us": 22.842069,
    "p99_us": 35.144509,
    "min_us": 1.577437,
    "max_us": 47.699722
  },
  "dispatch_cct_us": 107.048924,
  "combine_cct_us": 99.595194,
  "roundtrip_step_us": 208.244118,
  "e2e_step_us": 384.962868
}
