{
  "scenario": 4,
  "scheme": "packet_spray",
  "mode": "roundtrip",
  "batch": 128,
  "zipf_s": 0.700000,
  "topk": 8,
  "ep_size": 256,
  "seed": 49,
  "start_skew_us": 4.000000,
  "tau_g_ns": 143.360000,
  "grain_bytes": 7168,
  "total_tokens": 524288,
  "max_egress_load": 2012,
  "konig_us": 544.194560,
  "rtt_us": 0.000000,
  "barrier_us": 6.000000,
  "cct_us": 600.125623,
  "step_us": 1163.352185,
  "gemv_us": 557.226562,
  "e2e_us": 1157.352185,
  "throughput_GBs": 3230.402996,
  "latency_all": {
    "count": 524288,
    "mean_us": 99.889236,
    "p50_us": 38.112468,
    "p99_us": 185.691683,
    "min_us": 0.823440,
    "max_us": 313.651860
  },
  "latency_hot": {
    "count": 201344,
    "mean_us": 110.776023,
    "p50_us": 87.429780,
    "p99_us": 268.636820,
    "min_us": 1.295505,
    "max_us": 302.039700
  },
  "latency_cold": {
    "count": 121626,
    "mean_us": 92.882454,
    "p50_us": 40.741852,
    "p99_us": 278.672020,
    "min_us": 0.823440,
    "max_us": 313.651860
  },
  "dispatch_cct_us": 286.473763,
  "combine_cct_us": 313.651860,
  "roundtrip_step_us": 606.125623,
  "e2e_step_us": 1163.352185
}
