{
  "scenario": 1,
  "scheme": "ub_rg_pop",
  "mode": "roundtrip",
  "batch": 16,
  "zipf_s": 0.000000,
  "topk": 8,
  "ep_size": 64,
  "seed": 27,
  "start_skew_us": 4.000000,
  "tau_g_ns": 143.360000,
  "grain_bytes": 7168,
  "total_tokens": 16384,
  "max_egress_load": 30,
  "konig_us": 8.314880,
  "rtt_us": 0.900000,
  "barrier_us": 0.800000,
  "cct_us": 18.455052,
  "step_us": 25.661302,
  "gemv_us": 6.406250,
  "e2e_us": 24.861302,
  "throughput_GBs": 4576.560915,
  "latency_all": {
    "count": 16384,
    "mean_us": 4.796148,
    "p50_us": 4.739683,
    "p99_us": 7.927427,
    "min_us": 1.587125,
    "max_us": 9.455248
  },
  "latency_hot": {
    "count": 1540,
    "mean_us": 4.795125,
    "p50_us": 4.800837,
    "p99_us": 7.768333,
    "min_us": 1.694167,
    "max_us": 8.493800
  },
  "latency_cold": {
    "count": 8178,
    "mean_us": 4.767021,
    "p50_us": 4.700837,
    "p99_us": 7.816865,
    "min_us": 1.587125,
    "max_us": 8.999804
  },
  "dispatch_cct_us": 9.455248,
  "combine_cct_us": 8.999804,
  "roundtrip_step_us": 19.255052,
  "e2e_step_us": 25.661302
}
