{
  "scenario": 1,
  "scheme": "packet_spray",
  "mode": "roundtrip",
  "batch": 512,
  "zipf_s": 0.300000,
  "topk": 8,
  "ep_size": 32,
  "seed": 30,
  "start_skew_us": 4.000000,
  "tau_g_ns": 143.360000,
  "grain_bytes": 7168,
  "total_tokens": 262144,
  "max_egress_load": 1012,
  "konig_us": 277.114880,
  "rtt_us": 0.000000,
  "barrier_us": 4.000000,
  "cct_us": 420.803930,
  "step_us": 712.577368,
  "gemv_us": 287.773438,
  "e2e_us": 708.577368,
  "throughput_GBs": 2636.974281,
  "latency_all": {
    "count": 262144,
    "mean_us": 105.885294,
    "p50_us": 102.215415,
    "p99_us": 175.209374,
    "min_us": 1.457054,
    "max_us": 215.923614
  },
  "latency_hot": {
    "count": 39182,
    "mean_us": 99.998785,
    "p50_us": 101.947836,
    "p99_us": 194.132894,
    "min_us": 1.457054,
    "max_us": 215.923614
  },
  "latency_cold": {
    "count": 108744,
    "mean_us": 112.707837,
    "p50_us": 108.833694,
    "p99_us": 193.984956,
    "min_us": 1.457054,
    "max_us": 204.880316
  },
  "dispatch_cct_us": 215.923614,
  "combine_cct_us": 204.880316,
  "roundtrip_step_us": 424.803930,
  "e2e_step_us": 712.577368
}
