{
  "scenario": 1,
  "scheme": "islip",
  "mode": "roundtrip",
  "batch": 256,
  "zipf_s": 0.700000,
  "topk": 8,
  "ep_size": 32,
  "seed": 1,
  "start_skew_us": 0.000000,
  "tau_g_ns": 143.360000,
  "grain_bytes": 7168,
  "total_tokens": 131072,
  "max_egress_load": 823,
  "konig_us": 233.246720,
  "rtt_us": 0.600000,
  "barrier_us": 0.800000,
  "cct_us": 238.076470,
  "step_us": 489.931157,
  "gemv_us": 251.054688,
  "e2e_us": 489.131157,
  "throughput_GBs": 1917.665537,
  "latency_all": {
    "count": 131072,
    "mean_us": 26.348597,
    "p50_us": 19.646699,
    "p99_us": 104.631322,
    "min_us": 1.143376,
    "max_us": 119.054009
  },
  "latency_hot": {
    "count": 31384,
    "mean_us": 49.541998,
    "p50_us": 48.051682,
    "p99_us": 113.621631,
    "min_us": 1.144056,
    "max_us": 119.054009
  },
  "latency_cold": {
    "count": 39730,
    "mean_us": 12.571559,
    "p50_us": 12.314090,
    "p99_us": 27.388398,
    "min_us": 1.143376,
    "max_us": 31.308784
  },
  "dispatch_cct_us": 119.054009,
  "combine_cct_us": 119.022461,
  "roundtrip_step_us": 238.876470,
  "e2e_step_us": 489.931157
}
