{
  "scenario": 1,
  "scheme": "ub_rg",
  "mode": "roundtrip",
  "batch": 128,
  "zipf_s": 0.700000,
  "topk": 8,
  "ep_size": 64,
  "seed": 92,
  "start_skew_us": 4.000000,
  "tau_g_ns": 143.360000,
  "grain_bytes": 7168,
  "total_tokens": 131072,
  "max_egress_load": 693,
  "konig_us": 194.969600,
  "rtt_us": 0.600000,
  "barrier_us": 0.800000,
  "cct_us": 230.691013,
  "step_us": 439.811326,
  "gemv_us": 208.320312,
  "e2e_us": 439.011326,
  "throughput_GBs": 2136.198048,
  "latency_all": {
    "count": 131072,
    "mean_us": 27.022811,
    "p50_us": 21.514705,
    "p99_us": 97.115592,
    "min_us": 1.170596,
    "max_us": 117.087196
  },
  "latency_hot": {
    "count": 39202,
    "mean_us": 44.215586,
    "p50_us": 40.719108,
    "p99_us": 105.812571,
    "min_us": 1.644477,
    "max_us": 117.087196
  },
  "latency_cold": {
    "count": 35130,
    "mean_us": 16.526849,
    "p50_us": 16.453643,
    "p99_us": 29.491077,
    "min_us": 1.475497,
    "max_us": 34.380610
  },
  "dispatch_cct_us": 117.087196,
  "combine_cct_us": 113.603817,
  "roundtrip_step_us": 231.491013,
  "e2e_step_us": 439.811326
}
