{
  "scenario": 1,
  "scheme": "ub_rg",
  "mode": "roundtrip",
  "batch": 128,
  "zipf_s": 0.900000,
  "topk": 8,
  "ep_size": 128,
  "seed": 87,
  "start_skew_us": 4.000000,
  "tau_g_ns": 143.360000,
  "grain_bytes": 7168,
  "total_tokens": 262144,
  "max_egress_load": 1547,
  "konig_us": 440.545280,
  "rtt_us": 0.600000,
  "barrier_us": 0.800000,
  "cct_us": 451.197573,
  "step_us": 928.794448,
  "gemv_us": 476.796875,
  "e2e_us": 927.994448,
  "throughput_GBs": 2023.104462,
  "latency_all": {
    "count": 262144,
    "mean_us": 34.093093,
    "p50_us": 11.568634,
    "p99_us": 186.024631,
    "min_us": 1.246001,
    "max_us": 225.609625
  },
  "latency_hot": {
    "count": 115788,
    "mean_us": 62.280451,
    "p50_us": 47.207844,
    "p99_us": 211.769239,
    "min_us": 1.400282,
    "max_us": 225.609625
  },
  "latency_cold": {
    "count": 47502,
    "mean_us": 7.162631,
    "p50_us": 6.996411,
    "p99_us": 13.411494,
    "min_us": 1.246001,
    "max_us": 17.051005
  },
  "dispatch_cct_us": 225.587948,
  "combine_cct_us": 225.609625,
  "roundtrip_step_us": 451.997573,
  "e2e_step_us": 928.794448
}
