{
  "scenario": 4,
  "scheme": "packet_spray",
  "mode": "roundtrip",
  "batch": 256,
  "zipf_s": 0.300000,
  "topk": 8,
  "ep_size": 512,
  "seed": 51,
  "start_skew_us": 4.000000,
  "tau_g_ns": 143.360000,
  "grain_bytes": 7168,
  "total_tokens": 2097152,
  "max_egress_load": 1244,
  "konig_us": 344.350720,
  "rtt_us": 0.000000,
  "barrier_us": 6.000000,
  "cct_us": 445.044815,
  "step_us": 812.880753,
  "gemv_us": 361.835938,
  "e2e_us": 806.880753,
  "throughput_GBs": 18492.731545,
  "latency_all": {
    "count": 2097152,
    "mean_us": 88.919317,
    "p50_us": 54.688405,
    "p99_us": 110.832173,
    "min_us": 0.193360,
    "max_us": 226.666976
  },
  "latency_hot": {
    "count": 403698,
    "mean_us": 90.440586,
    "p50_us": 83.757110,
    "p99_us": 178.093679,
    "min_us": 3.226360,
    "max_us": 218.377839
  },
  "latency_cold": {
    "count": 812802,
    "mean_us": 90.932356,
    "p50_us": 57.097839,
    "p99_us": 76.558763,
    "min_us": 0.193360,
    "max_us": 226.666976
  },
  "dispatch_cct_us": 218.377839,
  "combine_cct_us": 226.666976,
  "roundtrip_step_us": 451.044815,
  "e2e_step_us": 812.880753
}
