{
  "scenario": 1,
  "scheme": "ub_rg",
  "mode": "roundtrip",
  "batch": 512,
  "zipf_s": 0.700000,
  "topk": 8,
  "ep_size": 64,
  "seed": 50,
  "start_skew_us": 4.000000,
  "tau_g_ns": 143.360000,
  "grain_bytes": 7168,
  "total_tokens": 524288,
  "max_egress_load": 2732,
  "konig_us": 774.287360,
  "rtt_us": 0.600000,
  "barrier_us": 0.800000,
  "cct_us": 802.478502,
  "step_us": 1637.223815,
  "gemv_us": 833.945312,
  "e2e_us": 1636.423815,
  "throughput_GBs": 2295.407842,
  "latency_all": {
    "count": 524288,
    "mean_us": 72.801814,
    "p50_us": 40.108878,
    "p99_us": 144.694701,
    "min_us": 1.153153,
    "max_us": 403.232873
  },
  "latency_hot": {
    "count": 156734,
    "mean_us": 139.648238,
    "p50_us": 126.364895,
    "p99_us": 377.558061,
    "min_us": 1.856356,
    "max_us": 403.232873
  },
  "latency_cold": {
    "count": 140364,
    "mean_us": 30.041685,
    "p50_us": 29.487899,
    "p99_us": 59.379651,
    "min_us": 1.153153,
    "max_us": 67.757571
  },
  "dispatch_cct_us": 403.232873,
  "combine_cct_us": 399.245630,
  "roundtrip_step_us": 803.278502,
  "e2e_step_us": 1637.223815
}
