{
  "scenario": 1,
  "scheme": "ub_rg_pop",
  "mode": "roundtrip",
  "batch": 64,
  "zipf_s": 0.300000,
  "topk": 8,
  "ep_size": 64,
  "seed": 54,
  "start_skew_us": 4.000000,
  "tau_g_ns": 143.360000,
  "grain_bytes": 7168,
  "total_tokens": 65536,
  "max_egress_load": 157,
  "konig_us": 43.438080,
  "rtt_us": 0.900000,
  "barrier_us": 0.800000,
  "cct_us": 76.018001,
  "step_us": 122.325814,
  "gemv_us": 45.507812,
  "e2e_us": 121.525814,
  "throughput_GBs": 3840.252798,
  "latency_all": {
    "count": 65536,
    "mean_us": 15.660956,
    "p50_us": 15.288069,
    "p99_us": 30.677133,
    "min_us": 1.446766,
    "max_us": 40.599825
  },
  "latency_hot": {
    "count": 10588,
    "mean_us": 18.483569,
    "p50_us": 18.022874,
    "p99_us": 37.044595,
    "min_us": 2.117382,
    "max_us": 40.599825
  },
  "latency_cold": {
    "count": 26402,
    "mean_us": 14.368870,
    "p50_us": 14.129414,
    "p99_us": 26.465475,
    "min_us": 1.903052,
    "max_us": 32.068851
  },
  "dispatch_cct_us": 35.418176,
  "combine_cct_us": 40.599825,
  "roundtrip_step_us": 76.818001,
  "e2e_step_us": 122.325814
}
