{
  "scenario": 1,
  "scheme": "ub_rg_pop",
  "mode": "roundtrip",
  "batch": 16,
  "zipf_s": 0.700000,
  "topk": 8,
  "ep_size": 32,
  "seed": 53,
  "start_skew_us": 4.000000,
  "tau_g_ns": 143.360000,
  "grain_bytes": 7168,
  "total_tokens": 8192,
  "max_egress_load": 53,
  "konig_us": 14.622720,
  "rtt_us": 0.900000,
  "barrier_us": 0.800000,
  "cct_us": 45.809864,
  "step_us": 61.805176,
  "gemv_us": 15.195312,
  "e2e_us": 61.005176,
  "throughput_GBs": 950.086376,
  "latency_all": {
    "count": 8192,
    "mean_us": 12.132088,
    "p50_us": 12.199393,
    "p99_us": 22.149915,
    "min_us": 1.456569,
    "max_us": 26.779873
  },
  "latency_hot": {
    "count": 1924,
    "mean_us": 13.011014,
    "p50_us": 12.448202,
    "p99_us": 23.791348,
    "min_us": 2.038800,
    "max_us": 26.779873
  },
  "latency_cold": {
    "count": 2490,
    "mean_us": 11.316240,
    "p50_us": 11.403437,
    "p99_us": 20.976439,
    "min_us": 1.738350,
    "max_us": 21.702511
  },
  "dispatch_cct_us": 26.779873,
  "combine_cct_us": 19.029991,
  "roundtrip_step_us": 46.609864,
  "e2e_step_us": 61.805176
}
