{
  "scenario": 1,
  "scheme": "packet_spray",
  "mode": "roundtrip",
  "batch": 16,
  "zipf_s": 0.700000,
  "topk": 8,
  "ep_size": 32,
  "seed": 62,
  "tau_g_ns": 143.360000,
  "grain_bytes": 7168,
  "total_tokens": 8192,
  "max_egress_load": 57,
  "konig_us": 15.339520,
  "rtt_us": 0.000000,
  "barrier_us": 4.000000,
  "cct_us": 20.427040,
  "step_us": 24.427040,
  "throughput_GBs": 2403.903870,
  "latency_all": {
    "count": 8192,
    "mean_us": 4.308268,
    "p50_us": 3.834000,
    "p99_us": 9.281680,
    "min_us": 0.536720,
    "max_us": 10.285200
  },
  "latency_hot": {
    "count": 1922,
    "mean_us": 4.608979,
    "p50_us": 4.550800,
    "p99_us": 9.138320,
    "min_us": 0.536720,
    "max_us": 10.141840
  },
  "latency_cold": {
    "count": 2532,
    "mean_us": 4.255983,
    "p50_us": 3.403920,
    "p99_us": 9.711760,
    "min_us": 0.536720,
    "max_us": 10.285200
  },
  "dispatch_cct_us": 10.141840,
  "combine_cct_us": 10.285200,
  "roundtrip_step_us": 24.427040
}
