{
  "scenario": 4,
  "scheme": "ub_rg_pop",
  "mode": "roundtrip",
  "batch": 512,
  "zipf_s": 0.300000,
  "topk": 8,
  "ep_size": 128,
  "seed": 24,
  "start_skew_us": 4.000000,
  "tau_g_ns": 143.360000,
  "grain_bytes": 7168,
  "total_tokens": 1048576,
  "max_egress_load": 1653,
  "konig_us": 449.433600,
  "rtt_us": 1.200000,
  "barrier_us": 1.600000,
  "cct_us": 503.587797,
  "step_us": 968.195610,
  "gemv_us": 463.007812,
  "e2e_us": 966.595610,
  "throughput_GBs": 7763.093214,
  "latency_all": {
    "count": 1048576,
    "mean_us": 54.183208,
    "p50_us": 30.495180,
    "p99_us": 105.449967,
    "min_us": 1.791149,
    "max_us": 256.508301
  },
  "latency_hot": {
    "count": 182120,
    "mean_us": 84.495183,
    "p50_us": 80.903648,
    "p99_us": 208.066385,
    "min_us": 2.231865,
    "max_us": 256.508301
  },
  "latency_cold": {
    "count": 414520,
    "mean_us": 42.467633,
    "p50_us": 42.760948,
    "p99_us": 73.354923,
    "min_us": 1.791149,
    "max_us": 105.182554
  },
  "dispatch_cct_us": 256.508301,
  "combine_cct_us": 247.079496,
  "roundtrip_step_us": 505.187797,
  "e2e_step_us": 968.195610
}
