{
  "scenario": 1,
  "scheme": "islip",
  "mode": "roundtrip",
  "batch": 16,
  "zipf_s": 0.300000,
  "topk": 8,
  "ep_size": 32,
  "seed": 79,
  "start_skew_us": 4.000000,
  "tau_g_ns": 143.360000,
  "grain_bytes": 7168,
  "total_tokens": 8192,
  "max_egress_load": 38,
  "konig_us": 9.891840,
  "rtt_us": 0.600000,
  "barrier_us": 0.800000,
  "cct_us": 37.904295,
  "step_us": 48.352733,
  "gemv_us": 9.648438,
  "e2e_us": 47.552733,
  "throughput_GBs": 1214.414420,
  "latency_all": {
    "count": 8192,
    "mean_us": 8.857107,
    "p50_us": 8.446801,
    "p99_us": 18.070731,
    "min_us": 1.169750,
    "max_us": 20.307838
  },
  "latency_hot": {
    "count": 1228,
    "mean_us": 8.492322,
    "p50_us": 7.726625,
    "p99_us": 19.133904,
    "min_us": 1.282592,
    "max_us": 20.296337
  },
  "latency_cold": {
    "count": 3392,
    "mean_us": 8.295607,
    "p50_us": 8.142280,
    "p99_us": 17.784587,
    "min_us": 1.169750,
    "max_us": 19.109153
  },
  "dispatch_cct_us": 20.307838,
  "combine_cct_us": 17.596457,
  "roundtrip_step_us": 38.704295,
  "e2e_step_us": 48.352733
}
