{
  "scenario": 4,
  "scheme": "packet_spray",
  "mode": "roundtrip",
  "batch": 256,
  "zipf_s": 0.000000,
  "topk": 8,
  "ep_size": 128,
  "seed": 45,
  "start_skew_us": 4.000000,
  "tau_g_ns": 143.360000,
  "grain_bytes": 7168,
  "total_tokens": 524288,
  "max_egress_load": 317,
  "konig_us": 89.169920,
  "rtt_us": 0.000000,
  "barrier_us": 6.000000,
  "cct_us": 191.230646,
  "step_us": 281.488459,
  "gemv_us": 84.257812,
  "e2e_us": 275.488459,
  "throughput_GBs": 13350.800949,
  "latency_all": {
    "count": 524288,
    "mean_us": 59.417702,
    "p50_us": 61.894763,
    "p99_us": 81.893214,
    "min_us": 1.626960,
    "max_us": 95.942494
  },
  "latency_hot": {
    "count": 48590,
    "mean_us": 50.861498,
    "p50_us": 50.638149,
    "p99_us": 86.337374,
    "min_us": 1.626960,
    "max_us": 94.365534
  },
  "latency_cold": {
    "count": 261988,
    "mean_us": 63.881608,
    "p50_us": 63.244728,
    "p99_us": 87.340894,
    "min_us": 3.014825,
    "max_us": 95.942494
  },
  "dispatch_cct_us": 95.942494,
  "combine_cct_us": 95.288153,
  "roundtrip_step_us": 197.230646,
  "e2e_step_us": 281.488459
}
