{
  "scenario": 4,
  "scheme": "packet_spray",
  "mode": "roundtrip",
  "batch": 16,
  "zipf_s": 0.900000,
  "topk": 8,
  "ep_size": 256,
  "seed": 56,
  "start_skew_us": 4.000000,
  "tau_g_ns": 143.360000,
  "grain_bytes": 7168,
  "total_tokens": 65536,
  "max_egress_load": 360,
  "konig_us": 100.782080,
  "rtt_us": 0.000000,
  "barrier_us": 6.000000,
  "cct_us": 113.652437,
  "step_us": 226.566499,
  "gemv_us": 106.914062,
  "e2e_us": 220.566499,
  "throughput_GBs": 2073.395886,
  "latency_all": {
    "count": 65536,
    "mean_us": 18.603404,
    "p50_us": 12.842518,
    "p99_us": 51.122670,
    "min_us": 0.242559,
    "max_us": 57.573870
  },
  "latency_hot": {
    "count": 33212,
    "mean_us": 20.708691,
    "p50_us": 16.489240,
    "p99_us": 51.124406,
    "min_us": 0.448215,
    "max_us": 56.283630
  },
  "latency_cold": {
    "count": 10620,
    "mean_us": 16.238443,
    "p50_us": 6.504316,
    "p99_us": 51.409390,
    "min_us": 0.376851,
    "max_us": 57.573870
  },
  "dispatch_cct_us": 56.078567,
  "combine_cct_us": 57.573870,
  "roundtrip_step_us": 119.652437,
  "e2e_step_us": 226.566499
}
