{
  "scenario": 1,
  "scheme": "packet_spray",
  "mode": "roundtrip",
  "batch": 16,
  "zipf_s": 0.000000,
  "topk": 8,
  "ep_size": 32,
  "seed": 92,
  "start_skew_us": 4.000000,
  "tau_g_ns": 143.360000,
  "grain_bytes": 7168,
  "total_tokens": 8192,
  "max_egress_load": 28,
  "konig_us": 7.024640,
  "rtt_us": 0.000000,
  "barrier_us": 4.000000,
  "cct_us": 43.299035,
  "step_us": 53.119348,
  "gemv_us": 5.820312,
  "e2e_us": 49.119348,
  "throughput_GBs": 1105.440084,
  "latency_all": {
    "count": 8192,
    "mean_us": 16.655413,
    "p50_us": 17.129408,
    "p99_us": 21.550932,
    "min_us": 2.543760,
    "max_us": 22.534472
  },
  "latency_hot": {
    "count": 750,
    "mean_us": 15.903388,
    "p50_us": 15.882396,
    "p99_us": 21.530952,
    "min_us": 8.136705,
    "max_us": 22.247752
  },
  "latency_cold": {
    "count": 4148,
    "mean_us": 17.387897,
    "p50_us": 17.827611,
    "p99_us": 21.550932,
    "min_us": 8.724466,
    "max_us": 22.534472
  },
  "dispatch_cct_us": 22.534472,
  "combine_cct_us": 20.764563,
  "roundtrip_step_us": 47.299035,
  "e2e_step_us": 53.119348
}
