{
  "scenario": 4,
  "scheme": "ub_rg_pop",
  "mode": "roundtrip",
  "batch": 512,
  "zipf_s": 0.300000,
  "topk": 8,
  "ep_size": 128,
  "seed": 19,
  "start_skew_us": 4.000000,
  "tau_g_ns": 143.360000,
  "grain_bytes": 7168,
  "total_tokens": 1048576,
  "max_egress_load": 1572,
  "konig_us": 439.971840,
  "rtt_us": 1.200000,
  "barrier_us": 1.600000,
  "cct_us": 458.824590,
  "step_us": 928.002715,
  "gemv_us": 467.578125,
  "e2e_us": 926.402715,
  "throughput_GBs": 8099.321963,
  "latency_all": {
    "count": 1048576,
    "mean_us": 45.788088,
    "p50_us": 20.748778,
    "p99_us": 94.973097,
    "min_us": 1.571636,
    "max_us": 229.765827
  },
  "latency_hot": {
    "count": 181644,
    "mean_us": 76.041696,
    "p50_us": 72.413935,
    "p99_us": 201.993883,
    "min_us": 2.323559,
    "max_us": 229.765827
  },
  "latency_cold": {
    "count": 414526,
    "mean_us": 33.911384,
    "p50_us": 32.996498,
    "p99_us": 62.958110,
    "min_us": 1.781637,
    "max_us": 92.403246
  },
  "dispatch_cct_us": 229.765827,
  "combine_cct_us": 229.058763,
  "roundtrip_step_us": 460.424590,
  "e2e_step_us": 928.002715
}
