{
  "scenario": 4,
  "scheme": "ub_rg_pop",
  "mode": "roundtrip",
  "batch": 128,
  "zipf_s": 0.700000,
  "topk": 8,
  "ep_size": 128,
  "seed": 64,
  "start_skew_us": 4.000000,
  "tau_g_ns": 143.360000,
  "grain_bytes": 7168,
  "total_tokens": 262144,
  "max_egress_load": 1201,
  "konig_us": 332.021760,
  "rtt_us": 1.200000,
  "barrier_us": 1.600000,
  "cct_us": 373.229413,
  "step_us": 723.188788,
  "gemv_us": 348.359375,
  "e2e_us": 721.588788,
  "throughput_GBs": 2598.281696,
  "latency_all": {
    "count": 262144,
    "mean_us": 33.329423,
    "p50_us": 20.912743,
    "p99_us": 138.203904,
    "min_us": 1.426498,
    "max_us": 190.800569
  },
  "latency_hot": {
    "count": 90688,
    "mean_us": 56.298624,
    "p50_us": 47.757300,
    "p99_us": 165.081472,
    "min_us": 1.813421,
    "max_us": 190.800569
  },
  "latency_cold": {
    "count": 64368,
    "mean_us": 17.714093,
    "p50_us": 17.622852,
    "p99_us": 29.654267,
    "min_us": 1.814172,
    "max_us": 34.315947
  },
  "dispatch_cct_us": 190.800569,
  "combine_cct_us": 182.428844,
  "roundtrip_step_us": 374.829413,
  "e2e_step_us": 723.188788
}
