{
  "scenario": 1,
  "scheme": "islip",
  "mode": "roundtrip",
  "batch": 16,
  "zipf_s": 0.000000,
  "topk": 8,
  "ep_size": 128,
  "seed": 84,
  "start_skew_us": 4.000000,
  "tau_g_ns": 143.360000,
  "grain_bytes": 7168,
  "total_tokens": 32768,
  "max_egress_load": 31,
  "konig_us": 8.744960,
  "rtt_us": 0.600000,
  "barrier_us": 0.800000,
  "cct_us": 51.697494,
  "step_us": 58.981869,
  "gemv_us": 6.484375,
  "e2e_us": 58.181869,
  "throughput_GBs": 3982.258083,
  "latency_all": {
    "count": 32768,
    "mean_us": 11.630981,
    "p50_us": 11.357293,
    "p99_us": 21.341042,
    "min_us": 1.162025,
    "max_us": 29.394952
  },
  "latency_hot": {
    "count": 3118,
    "mean_us": 11.686935,
    "p50_us": 11.997555,
    "p99_us": 19.231314,
    "min_us": 1.291791,
    "max_us": 20.865375
  },
  "latency_cold": {
    "count": 16242,
    "mean_us": 11.665868,
    "p50_us": 11.453742,
    "p99_us": 21.143643,
    "min_us": 1.162025,
    "max_us": 24.487620
  },
  "dispatch_cct_us": 22.302542,
  "combine_cct_us": 29.394952,
  "roundtrip_step_us": 52.497494,
  "e2e_step_us": 58.981869
}
