{
  "scenario": 1,
  "scheme": "packet_spray",
  "mode": "roundtrip",
  "batch": 16,
  "zipf_s": 0.000000,
  "topk": 8,
  "ep_size": 64,
  "seed": 95,
  "tau_g_ns": 143.360000,
  "grain_bytes": 7168,
  "total_tokens": 16384,
  "max_egress_load": 31,
  "konig_us": 8.171520,
  "rtt_us": 0.000000,
  "barrier_us": 4.000000,
  "cct_us": 12.685600,
  "step_us": 16.685600,
  "throughput_GBs": 7038.435058,
  "latency_all": {
    "count": 16384,
    "mean_us": 2.980796,
    "p50_us": 2.973840,
    "p99_us": 5.267600,
    "min_us": 0.536720,
    "max_us": 6.701200
  },
  "latency_hot": {
    "count": 1536,
    "mean_us": 2.449680,
    "p50_us": 2.400400,
    "p99_us": 4.980880,
    "min_us": 0.536720,
    "max_us": 5.841040
  },
  "latency_cold": {
    "count": 8298,
    "mean_us": 3.264568,
    "p50_us": 3.260560,
    "p99_us": 5.410960,
    "min_us": 0.536720,
    "max_us": 6.701200
  },
  "dispatch_cct_us": 6.701200,
  "combine_cct_us": 5.984400,
  "roundtrip_step_us": 16.685600
}
