{
  "scenario": 1,
  "scheme": "packet_spray",
  "mode": "roundtrip",
  "batch": 128,
  "zipf_s": 0.700000,
  "topk": 8,
  "ep_size": 32,
  "seed": 76,
  "start_skew_us": 4.000000,
  "tau_g_ns": 143.360000,
  "grain_bytes": 7168,
  "total_tokens": 65536,
  "max_egress_load": 419,
  "konig_us": 118.128640,
  "rtt_us": 0.000000,
  "barrier_us": 4.000000,
  "cct_us": 159.909829,
  "step_us": 290.237954,
  "gemv_us": 126.328125,
  "e2e_us": 286.237954,
  "throughput_GBs": 1618.541066,
  "latency_all": {
    "count": 65536,
    "mean_us": 37.611359,
    "p50_us": 35.349919,
    "p99_us": 73.093670,
    "min_us": 1.557030,
    "max_us": 83.662239
  },
  "latency_hot": {
    "count": 15756,
    "mean_us": 39.748195,
    "p50_us": 40.367519,
    "p99_us": 78.644639,
    "min_us": 1.557030,
    "max_us": 83.662239
  },
  "latency_cold": {
    "count": 19880,
    "mean_us": 37.522387,
    "p50_us": 33.239590,
    "p99_us": 73.093670,
    "min_us": 5.332679,
    "max_us": 76.247590
  },
  "dispatch_cct_us": 83.662239,
  "combine_cct_us": 76.247590,
  "roundtrip_step_us": 163.909829,
  "e2e_step_us": 290.237954
}
