{
  "scenario": 4,
  "scheme": "ub_rg_pop",
  "mode": "roundtrip",
  "batch": 128,
  "zipf_s": 0.900000,
  "topk": 8,
  "ep_size": 128,
  "seed": 80,
  "start_skew_us": 4.000000,
  "tau_g_ns": 143.360000,
  "grain_bytes": 7168,
  "total_tokens": 262144,
  "max_egress_load": 1634,
  "konig_us": 454.164480,
  "rtt_us": 1.200000,
  "barrier_us": 1.600000,
  "cct_us": 474.581975,
  "step_us": 955.400725,
  "gemv_us": 479.218750,
  "e2e_us": 953.800725,
  "throughput_GBs": 1966.764461,
  "latency_all": {
    "count": 262144,
    "mean_us": 34.640754,
    "p50_us": 12.150990,
    "p99_us": 187.662100,
    "min_us": 1.505772,
    "max_us": 237.498907
  },
  "latency_hot": {
    "count": 115936,
    "mean_us": 62.677882,
    "p50_us": 47.564324,
    "p99_us": 212.933579,
    "min_us": 1.879228,
    "max_us": 237.498907
  },
  "latency_cold": {
    "count": 47360,
    "mean_us": 7.774701,
    "p50_us": 7.620973,
    "p99_us": 13.866416,
    "min_us": 1.735615,
    "max_us": 20.146759
  },
  "dispatch_cct_us": 237.498907,
  "combine_cct_us": 237.083068,
  "roundtrip_step_us": 476.181975,
  "e2e_step_us": 955.400725
}
