{
  "scenario": 1,
  "scheme": "packet_spray",
  "mode": "roundtrip",
  "batch": 512,
  "zipf_s": 0.900000,
  "topk": 8,
  "ep_size": 32,
  "seed": 48,
  "start_skew_us": 4.000000,
  "tau_g_ns": 143.360000,
  "grain_bytes": 7168,
  "total_tokens": 262144,
  "max_egress_load": 1889,
  "konig_us": 534.446080,
  "rtt_us": 0.000000,
  "barrier_us": 4.000000,
  "cct_us": 674.478023,
  "step_us": 1252.931148,
  "gemv_us": 574.453125,
  "e2e_us": 1248.931148,
  "throughput_GBs": 1499.721828,
  "latency_all": {
    "count": 262144,
    "mean_us": 148.007904,
    "p50_us": 117.220243,
    "p99_us": 296.494871,
    "min_us": 3.526833,
    "max_us": 341.939991
  },
  "latency_hot": {
    "count": 72592,
    "mean_us": 160.589140,
    "p50_us": 161.366193,
    "p99_us": 318.572311,
    "min_us": 3.526833,
    "max_us": 341.939991
  },
  "latency_cold": {
    "count": 66812,
    "mean_us": 142.863669,
    "p50_us": 104.822551,
    "p99_us": 322.072753,
    "min_us": 4.470551,
    "max_us": 332.538033
  },
  "dispatch_cct_us": 341.939991,
  "combine_cct_us": 332.538033,
  "roundtrip_step_us": 678.478023,
  "e2e_step_us": 1252.931148
}
