{
  "scenario": 1,
  "scheme": "packet_spray",
  "mode": "roundtrip",
  "batch": 128,
  "zipf_s": 0.700000,
  "topk": 8,
  "ep_size": 128,
  "seed": 73,
  "start_skew_us": 4.000000,
  "tau_g_ns": 143.360000,
  "grain_bytes": 7168,
  "total_tokens": 262144,
  "max_egress_load": 1160,
  "konig_us": 323.420160,
  "rtt_us": 0.000000,
  "barrier_us": 4.000000,
  "cct_us": 361.871676,
  "step_us": 708.176363,
  "gemv_us": 342.304688,
  "e2e_us": 704.176363,
  "throughput_GBs": 2653.361916,
  "latency_all": {
    "count": 262144,
    "mean_us": 63.619597,
    "p50_us": 35.267728,
    "p99_us": 160.622089,
    "min_us": 1.617748,
    "max_us": 185.766707
  },
  "latency_hot": {
    "count": 90086,
    "mean_us": 71.744100,
    "p50_us": 62.420489,
    "p99_us": 161.768969,
    "min_us": 1.635849,
    "max_us": 185.766707
  },
  "latency_cold": {
    "count": 65050,
    "mean_us": 59.435833,
    "p50_us": 28.444169,
    "p99_us": 170.944009,
    "min_us": 1.617748,
    "max_us": 176.104969
  },
  "dispatch_cct_us": 185.766707,
  "combine_cct_us": 176.104969,
  "roundtrip_step_us": 365.871676,
  "e2e_step_us": 708.176363
}
