{
  "scenario": 1,
  "scheme": "packet_spray",
  "mode": "roundtrip",
  "batch": 64,
  "zipf_s": 0.300000,
  "topk": 8,
  "ep_size": 32,
  "seed": 50,
  "start_skew_us": 4.000000,
  "tau_g_ns": 143.360000,
  "grain_bytes": 7168,
  "total_tokens": 32768,
  "max_egress_load": 130,
  "konig_us": 35.409920,
  "rtt_us": 0.000000,
  "barrier_us": 4.000000,
  "cct_us": 59.511382,
  "step_us": 99.800445,
  "gemv_us": 36.289062,
  "e2e_us": 95.800445,
  "throughput_GBs": 2353.506789,
  "latency_all": {
    "count": 32768,
    "mean_us": 16.000291,
    "p50_us": 15.705010,
    "p99_us": 27.603890,
    "min_us": 1.642254,
    "max_us": 30.041010
  },
  "latency_hot": {
    "count": 4910,
    "mean_us": 15.135011,
    "p50_us": 15.418290,
    "p99_us": 26.889892,
    "min_us": 1.785614,
    "max_us": 29.470372
  },
  "latency_cold": {
    "count": 13552,
    "mean_us": 16.866681,
    "p50_us": 15.991730,
    "p99_us": 28.320690,
    "min_us": 1.642254,
    "max_us": 30.041010
  },
  "dispatch_cct_us": 29.470372,
  "combine_cct_us": 30.041010,
  "roundtrip_step_us": 63.511382,
  "e2e_step_us": 99.800445
}
