{
  "scenario": 4,
  "scheme": "ub_rg_pop",
  "mode": "roundtrip",
  "batch": 64,
  "zipf_s": 0.900000,
  "topk": 8,
  "ep_size": 256,
  "seed": 37,
  "start_skew_us": 4.000000,
  "tau_g_ns": 143.360000,
  "grain_bytes": 7168,
  "total_tokens": 262144,
  "max_egress_load": 1533,
  "konig_us": 419.614720,
  "rtt_us": 1.200000,
  "barrier_us": 1.600000,
  "cct_us": 473.616219,
  "step_us": 910.802156,
  "gemv_us": 435.585938,
  "e2e_us": 909.202156,
  "throughput_GBs": 2063.069548,
  "latency_all": {
    "count": 262144,
    "mean_us": 37.029606,
    "p50_us": 19.229587,
    "p99_us": 175.881573,
    "min_us": 1.781085,
    "max_us": 237.834188
  },
  "latency_hot": {
    "count": 132700,
    "mean_us": 56.190430,
    "p50_us": 39.262743,
    "p99_us": 203.104666,
    "min_us": 3.962905,
    "max_us": 237.834188
  },
  "latency_cold": {
    "count": 42178,
    "mean_us": 14.980571,
    "p50_us": 14.905256,
    "p99_us": 25.157962,
    "min_us": 2.370344,
    "max_us": 30.736625
  },
  "dispatch_cct_us": 235.782031,
  "combine_cct_us": 237.834188,
  "roundtrip_step_us": 475.216219,
  "e2e_step_us": 910.802156
}
