{
  "scenario": 1,
  "scheme": "islip",
  "mode": "roundtrip",
  "batch": 256,
  "zipf_s": 0.300000,
  "topk": 8,
  "ep_size": 32,
  "seed": 3,
  "start_skew_us": 4.000000,
  "tau_g_ns": 143.360000,
  "grain_bytes": 7168,
  "total_tokens": 131072,
  "max_egress_load": 494,
  "konig_us": 137.482240,
  "rtt_us": 0.600000,
  "barrier_us": 0.800000,
  "cct_us": 149.912606,
  "step_us": 296.025106,
  "gemv_us": 145.312500,
  "e2e_us": 295.225106,
  "throughput_GBs": 3173.798696,
  "latency_all": {
    "count": 131072,
    "mean_us": 22.593244,
    "p50_us": 21.376654,
    "p99_us": 59.683687,
    "min_us": 1.210358,
    "max_us": 75.713954
  },
  "latency_hot": {
    "count": 19772,
    "mean_us": 33.109834,
    "p50_us": 32.808365,
    "p99_us": 68.714928,
    "min_us": 1.362783,
    "max_us": 75.713954
  },
  "latency_cold": {
    "count": 54282,
    "mean_us": 18.355035,
    "p50_us": 18.226061,
    "p99_us": 35.962346,
    "min_us": 1.210358,
    "max_us": 41.047917
  },
  "dispatch_cct_us": 75.713954,
  "combine_cct_us": 74.198652,
  "roundtrip_step_us": 150.712606,
  "e2e_step_us": 296.025106
}
