{
  "scenario": 1,
  "scheme": "ub_rg_pop",
  "mode": "roundtrip",
  "batch": 16,
  "zipf_s": 0.900000,
  "topk": 8,
  "ep_size": 32,
  "seed": 90,
  "tau_g_ns": 143.360000,
  "grain_bytes": 7168,
  "total_tokens": 8192,
  "max_egress_load": 61,
  "konig_us": 17.059840,
  "rtt_us": 0.900000,
  "barrier_us": 0.800000,
  "cct_us": 20.233930,
  "step_us": 21.033930,
  "throughput_GBs": 2791.692036,
  "latency_all": {
    "count": 8192,
    "mean_us": 3.460369,
    "p50_us": 2.914108,
    "p99_us": 9.062864,
    "min_us": 1.445280,
    "max_us": 10.117528
  },
  "latency_hot": {
    "count": 2230,
    "mean_us": 5.059320,
    "p50_us": 4.947074,
    "p99_us": 9.656576,
    "min_us": 1.445775,
    "max_us": 10.117528
  },
  "latency_cold": {
    "count": 2112,
    "mean_us": 2.288711,
    "p50_us": 2.223481,
    "p99_us": 3.509972,
    "min_us": 1.445690,
    "max_us": 3.850338
  },
  "dispatch_cct_us": 10.116402,
  "combine_cct_us": 10.117528,
  "roundtrip_step_us": 21.033930
}
