{
  "scenario": 1,
  "scheme": "packet_spray",
  "mode": "roundtrip",
  "batch": 512,
  "zipf_s": 0.000000,
  "topk": 8,
  "ep_size": 64,
  "seed": 40,
  "start_skew_us": 4.000000,
  "tau_g_ns": 143.360000,
  "grain_bytes": 7168,
  "total_tokens": 524288,
  "max_egress_load": 576,
  "konig_us": 159.272960,
  "rtt_us": 0.000000,
  "barrier_us": 4.000000,
  "cct_us": 305.353237,
  "step_us": 476.462612,
  "gemv_us": 167.109375,
  "e2e_us": 472.462612,
  "throughput_GBs": 7887.494826,
  "latency_all": {
    "count": 524288,
    "mean_us": 92.682774,
    "p50_us": 101.086829,
    "p99_us": 136.210029,
    "min_us": 3.171949,
    "max_us": 155.276909
  },
  "latency_hot": {
    "count": 48748,
    "mean_us": 75.821004,
    "p50_us": 76.042292,
    "p99_us": 145.363044,
    "min_us": 3.171949,
    "max_us": 154.538084
  },
  "latency_cold": {
    "count": 261906,
    "mean_us": 101.789111,
    "p50_us": 100.953977,
    "p99_us": 146.675309,
    "min_us": 3.171949,
    "max_us": 155.254884
  },
  "dispatch_cct_us": 155.276909,
  "combine_cct_us": 150.076328,
  "roundtrip_step_us": 309.353237,
  "e2e_step_us": 476.462612
}
