{
  "scenario": 1,
  "scheme": "packet_spray",
  "mode": "roundtrip",
  "batch": 64,
  "zipf_s": 0.700000,
  "topk": 8,
  "ep_size": 64,
  "seed": 18,
  "start_skew_us": 4.000000,
  "tau_g_ns": 143.360000,
  "grain_bytes": 7168,
  "total_tokens": 65536,
  "max_egress_load": 361,
  "konig_us": 100.352000,
  "rtt_us": 0.000000,
  "barrier_us": 4.000000,
  "cct_us": 122.457798,
  "step_us": 232.395298,
  "gemv_us": 105.937500,
  "e2e_us": 228.395298,
  "throughput_GBs": 2021.392226,
  "latency_all": {
    "count": 65536,
    "mean_us": 25.360927,
    "p50_us": 20.430586,
    "p99_us": 57.471384,
    "min_us": 1.334573,
    "max_us": 61.772184
  },
  "latency_hot": {
    "count": 19350,
    "mean_us": 27.613063,
    "p50_us": 26.279213,
    "p99_us": 54.521133,
    "min_us": 1.334573,
    "max_us": 60.685613
  },
  "latency_cold": {
    "count": 17842,
    "mean_us": 24.532145,
    "p50_us": 16.081504,
    "p99_us": 59.191704,
    "min_us": 1.334573,
    "max_us": 61.772184
  },
  "dispatch_cct_us": 60.685613,
  "combine_cct_us": 61.772184,
  "roundtrip_step_us": 126.457798,
  "e2e_step_us": 232.395298
}
