{
  "scenario": 4,
  "scheme": "packet_spray",
  "mode": "roundtrip",
  "batch": 64,
  "zipf_s": 0.700000,
  "topk": 8,
  "ep_size": 512,
  "seed": 56,
  "start_skew_us": 4.000000,
  "tau_g_ns": 143.360000,
  "grain_bytes": 7168,
  "total_tokens": 524288,
  "max_egress_load": 1561,
  "konig_us": 433.664000,
  "rtt_us": 0.000000,
  "barrier_us": 6.000000,
  "cct_us": 466.494134,
  "step_us": 929.798822,
  "gemv_us": 457.304688,
  "e2e_us": 923.798822,
  "throughput_GBs": 4041.838188,
  "latency_all": {
    "count": 524288,
    "mean_us": 67.150350,
    "p50_us": 15.252363,
    "p99_us": 134.667107,
    "min_us": 0.239478,
    "max_us": 242.651630
  },
  "latency_hot": {
    "count": 217992,
    "mean_us": 75.002336,
    "p50_us": 48.432298,
    "p99_us": 209.105390,
    "min_us": 0.279084,
    "max_us": 237.490670
  },
  "latency_cold": {
    "count": 115102,
    "mean_us": 61.519166,
    "p50_us": 16.094352,
    "p99_us": 214.553070,
    "min_us": 0.239478,
    "max_us": 242.651630
  },
  "dispatch_cct_us": 223.842504,
  "combine_cct_us": 242.651630,
  "roundtrip_step_us": 472.494134,
  "e2e_step_us": 929.798822
}
