{
  "scenario": 1,
  "scheme": "ub_rg",
  "mode": "roundtrip",
  "batch": 128,
  "zipf_s": 0.900000,
  "topk": 8,
  "ep_size": 32,
  "seed": 56,
  "start_skew_us": 4.000000,
  "tau_g_ns": 143.360000,
  "grain_bytes": 7168,
  "total_tokens": 65536,
  "max_egress_load": 473,
  "konig_us": 134.615040,
  "rtt_us": 0.600000,
  "barrier_us": 0.800000,
  "cct_us": 162.227494,
  "step_us": 308.379056,
  "gemv_us": 145.351562,
  "e2e_us": 307.579056,
  "throughput_GBs": 1523.326692,
  "latency_all": {
    "count": 65536,
    "mean_us": 25.091499,
    "p50_us": 21.603283,
    "p99_us": 70.102847,
    "min_us": 1.147326,
    "max_us": 91.528868
  },
  "latency_hot": {
    "count": 18252,
    "mean_us": 38.400434,
    "p50_us": 37.957126,
    "p99_us": 78.541772,
    "min_us": 1.663901,
    "max_us": 91.528868
  },
  "latency_cold": {
    "count": 16820,
    "mean_us": 15.430316,
    "p50_us": 15.230923,
    "p99_us": 31.163253,
    "min_us": 1.596279,
    "max_us": 38.863701
  },
  "dispatch_cct_us": 91.528868,
  "combine_cct_us": 70.698626,
  "roundtrip_step_us": 163.027494,
  "e2e_step_us": 308.379056
}
