{
  "scenario": 1,
  "scheme": "islip",
  "mode": "roundtrip",
  "batch": 64,
  "zipf_s": 0.700000,
  "topk": 8,
  "ep_size": 32,
  "seed": 41,
  "start_skew_us": 4.000000,
  "tau_g_ns": 143.360000,
  "grain_bytes": 7168,
  "total_tokens": 32768,
  "max_egress_load": 214,
  "konig_us": 59.637760,
  "rtt_us": 0.600000,
  "barrier_us": 0.800000,
  "cct_us": 67.537891,
  "step_us": 131.306641,
  "gemv_us": 62.968750,
  "e2e_us": 130.506641,
  "throughput_GBs": 1788.797750,
  "latency_all": {
    "count": 32768,
    "mean_us": 9.444144,
    "p50_us": 7.873876,
    "p99_us": 28.398990,
    "min_us": 1.203878,
    "max_us": 34.995547
  },
  "latency_hot": {
    "count": 7846,
    "mean_us": 15.059624,
    "p50_us": 14.704917,
    "p99_us": 31.349322,
    "min_us": 1.350763,
    "max_us": 34.995547
  },
  "latency_cold": {
    "count": 9774,
    "mean_us": 5.675746,
    "p50_us": 5.528932,
    "p99_us": 10.895683,
    "min_us": 1.248204,
    "max_us": 12.916549
  },
  "dispatch_cct_us": 34.995547,
  "combine_cct_us": 32.542344,
  "roundtrip_step_us": 68.337891,
  "e2e_step_us": 131.306641
}
