{
  "scenario": 4,
  "scheme": "ub_rg_pop",
  "mode": "roundtrip",
  "batch": 256,
  "zipf_s": 0.900000,
  "topk": 8,
  "ep_size": 128,
  "seed": 62,
  "start_skew_us": 4.000000,
  "tau_g_ns": 143.360000,
  "grain_bytes": 7168,
  "total_tokens": 524288,
  "max_egress_load": 3233,
  "konig_us": 901.734400,
  "rtt_us": 1.200000,
  "barrier_us": 1.600000,
  "cct_us": 935.297475,
  "step_us": 1892.170912,
  "gemv_us": 955.273438,
  "e2e_us": 1890.570912,
  "throughput_GBs": 1986.129456,
  "latency_all": {
    "count": 524288,
    "mean_us": 65.251641,
    "p50_us": 21.043026,
    "p99_us": 150.457320,
    "min_us": 1.586721,
    "max_us": 468.129153
  },
  "latency_hot": {
    "count": 231586,
    "mean_us": 121.640314,
    "p50_us": 78.884150,
    "p99_us": 406.125548,
    "min_us": 1.730482,
    "max_us": 468.129153
  },
  "latency_cold": {
    "count": 95106,
    "mean_us": 11.581150,
    "p50_us": 11.275422,
    "p99_us": 22.529731,
    "min_us": 1.607795,
    "max_us": 34.527815
  },
  "dispatch_cct_us": 467.168322,
  "combine_cct_us": 468.129153,
  "roundtrip_step_us": 936.897475,
  "e2e_step_us": 1892.170912
}
