{
  "scenario": 1,
  "scheme": "islip",
  "mode": "roundtrip",
  "batch": 64,
  "zipf_s": 0.300000,
  "topk": 8,
  "ep_size": 32,
  "seed": 92,
  "start_skew_us": 4.000000,
  "tau_g_ns": 143.360000,
  "grain_bytes": 7168,
  "total_tokens": 32768,
  "max_egress_load": 125,
  "konig_us": 34.836480,
  "rtt_us": 0.600000,
  "barrier_us": 0.800000,
  "cct_us": 44.825195,
  "step_us": 82.461133,
  "gemv_us": 36.835938,
  "e2e_us": 81.661133,
  "throughput_GBs": 2848.384643,
  "latency_all": {
    "count": 32768,
    "mean_us": 8.227365,
    "p50_us": 7.847150,
    "p99_us": 18.443051,
    "min_us": 1.151942,
    "max_us": 22.590025
  },
  "latency_hot": {
    "count": 4928,
    "mean_us": 11.247777,
    "p50_us": 11.134524,
    "p99_us": 20.944544,
    "min_us": 1.361224,
    "max_us": 22.590025
  },
  "latency_cold": {
    "count": 13504,
    "mean_us": 7.073840,
    "p50_us": 6.970318,
    "p99_us": 12.906022,
    "min_us": 1.151942,
    "max_us": 15.128260
  },
  "dispatch_cct_us": 22.590025,
  "combine_cct_us": 22.235170,
  "roundtrip_step_us": 45.625195,
  "e2e_step_us": 82.461133
}
