{
  "scenario": 1,
  "scheme": "ub_rg_pop",
  "mode": "roundtrip",
  "batch": 256,
  "zipf_s": 0.700000,
  "topk": 8,
  "ep_size": 64,
  "seed": 7,
  "start_skew_us": 4.000000,
  "tau_g_ns": 143.360000,
  "grain_bytes": 7168,
  "total_tokens": 262144,
  "max_egress_load": 1365,
  "konig_us": 387.502080,
  "rtt_us": 0.900000,
  "barrier_us": 0.800000,
  "cct_us": 397.008382,
  "step_us": 815.933382,
  "gemv_us": 418.125000,
  "e2e_us": 815.133382,
  "throughput_GBs": 2302.943148,
  "latency_all": {
    "count": 262144,
    "mean_us": 35.266200,
    "p50_us": 17.876704,
    "p99_us": 159.581341,
    "min_us": 1.485123,
    "max_us": 199.523214
  },
  "latency_hot": {
    "count": 78492,
    "mean_us": 68.769441,
    "p50_us": 62.440827,
    "p99_us": 187.433383,
    "min_us": 1.771305,
    "max_us": 199.523214
  },
  "latency_cold": {
    "count": 70716,
    "mean_us": 13.997996,
    "p50_us": 13.703789,
    "p99_us": 28.020548,
    "min_us": 1.485123,
    "max_us": 33.889411
  },
  "dispatch_cct_us": 199.523214,
  "combine_cct_us": 197.485168,
  "roundtrip_step_us": 397.808382,
  "e2e_step_us": 815.933382
}
