{
  "scenario": 4,
  "scheme": "ub_rg",
  "mode": "roundtrip",
  "batch": 16,
  "zipf_s": 0.700000,
  "topk": 8,
  "ep_size": 128,
  "seed": 46,
  "start_skew_us": 4.000000,
  "tau_g_ns": 143.360000,
  "grain_bytes": 7168,
  "total_tokens": 32768,
  "max_egress_load": 155,
  "konig_us": 42.147840,
  "rtt_us": 0.800000,
  "barrier_us": 1.600000,
  "cct_us": 70.964084,
  "step_us": 115.962521,
  "gemv_us": 43.398438,
  "e2e_us": 114.362521,
  "throughput_GBs": 2025.490831,
  "latency_all": {
    "count": 32768,
    "mean_us": 16.660304,
    "p50_us": 16.374293,
    "p99_us": 31.491878,
    "min_us": 1.435480,
    "max_us": 41.339607
  },
  "latency_hot": {
    "count": 11306,
    "mean_us": 18.943922,
    "p50_us": 18.539121,
    "p99_us": 35.143030,
    "min_us": 1.500552,
    "max_us": 41.339607
  },
  "latency_cold": {
    "count": 8028,
    "mean_us": 14.759742,
    "p50_us": 14.557864,
    "p99_us": 24.308472,
    "min_us": 1.435480,
    "max_us": 25.432354
  },
  "dispatch_cct_us": 41.339607,
  "combine_cct_us": 29.624477,
  "roundtrip_step_us": 72.564084,
  "e2e_step_us": 115.962521
}
