{
  "scenario": 4,
  "scheme": "packet_spray",
  "mode": "roundtrip",
  "batch": 512,
  "zipf_s": 0.700000,
  "topk": 8,
  "ep_size": 512,
  "seed": 51,
  "start_skew_us": 4.000000,
  "tau_g_ns": 143.360000,
  "grain_bytes": 7168,
  "total_tokens": 4194304,
  "max_egress_load": 13206,
  "konig_us": 3573.104640,
  "rtt_us": 0.000000,
  "barrier_us": 6.000000,
  "cct_us": 3718.787458,
  "step_us": 7386.389020,
  "gemv_us": 3661.601562,
  "e2e_us": 7380.389020,
  "throughput_GBs": 4070.293480,
  "latency_all": {
    "count": 4194304,
    "mean_us": 540.919517,
    "p50_us": 105.612410,
    "p99_us": 1141.446562,
    "min_us": 0.336720,
    "max_us": 1944.406496
  },
  "latency_hot": {
    "count": 1742270,
    "mean_us": 601.676246,
    "p50_us": 133.339042,
    "p99_us": 1153.515119,
    "min_us": 2.202946,
    "max_us": 1904.122336
  },
  "latency_cold": {
    "count": 925756,
    "mean_us": 497.765611,
    "p50_us": 91.832423,
    "p99_us": 119.433122,
    "min_us": 1.362680,
    "max_us": 1944.406496
  },
  "dispatch_cct_us": 1774.380962,
  "combine_cct_us": 1944.406496,
  "roundtrip_step_us": 3724.787458,
  "e2e_step_us": 7386.389020
}
