{
  "scenario": 1,
  "scheme": "ub_rg",
  "mode": "roundtrip",
  "batch": 16,
  "zipf_s": 0.000000,
  "topk": 8,
  "ep_size": 64,
  "seed": 29,
  "start_skew_us": 4.000000,
  "tau_g_ns": 143.360000,
  "grain_bytes": 7168,
  "total_tokens": 16384,
  "max_egress_load": 31,
  "konig_us": 8.314880,
  "rtt_us": 0.600000,
  "barrier_us": 0.800000,
  "cct_us": 17.810437,
  "step_us": 24.313562,
  "gemv_us": 5.703125,
  "e2e_us": 23.513562,
  "throughput_GBs": 4830.246997,
  "latency_all": {
    "count": 16384,
    "mean_us": 4.616198,
    "p50_us": 4.591057,
    "p99_us": 7.844817,
    "min_us": 1.155581,
    "max_us": 9.058435
  },
  "latency_hot": {
    "count": 1480,
    "mean_us": 4.681610,
    "p50_us": 4.739482,
    "p99_us": 7.876063,
    "min_us": 1.236933,
    "max_us": 9.058435
  },
  "latency_cold": {
    "count": 8236,
    "mean_us": 4.662405,
    "p50_us": 4.654080,
    "p99_us": 7.788106,
    "min_us": 1.241021,
    "max_us": 8.723132
  },
  "dispatch_cct_us": 8.752003,
  "combine_cct_us": 9.058435,
  "roundtrip_step_us": 18.610437,
  "e2e_step_us": 24.313562
}
