{
  "scenario": 1,
  "scheme": "ub_rg",
  "mode": "roundtrip",
  "batch": 256,
  "zipf_s": 0.000000,
  "topk": 8,
  "ep_size": 32,
  "seed": 15,
  "start_skew_us": 4.000000,
  "tau_g_ns": 143.360000,
  "grain_bytes": 7168,
  "total_tokens": 131072,
  "max_egress_load": 293,
  "konig_us": 83.435520,
  "rtt_us": 0.600000,
  "barrier_us": 0.800000,
  "cct_us": 110.715763,
  "step_us": 194.484513,
  "gemv_us": 82.968750,
  "e2e_us": 193.684513,
  "throughput_GBs": 4830.842732,
  "latency_all": {
    "count": 131072,
    "mean_us": 27.134785,
    "p50_us": 27.045201,
    "p99_us": 49.037236,
    "min_us": 1.151130,
    "max_us": 56.957463
  },
  "latency_hot": {
    "count": 12274,
    "mean_us": 27.009829,
    "p50_us": 26.942121,
    "p99_us": 47.796704,
    "min_us": 1.614606,
    "max_us": 55.532644
  },
  "latency_cold": {
    "count": 65698,
    "mean_us": 27.272623,
    "p50_us": 27.178936,
    "p99_us": 48.936880,
    "min_us": 1.458411,
    "max_us": 56.957463
  },
  "dispatch_cct_us": 56.957463,
  "combine_cct_us": 53.758300,
  "roundtrip_step_us": 111.515763,
  "e2e_step_us": 194.484513
}
