{
  "scenario": 1,
  "scheme": "packet_spray",
  "mode": "roundtrip",
  "batch": 64,
  "zipf_s": 0.300000,
  "topk": 8,
  "ep_size": 64,
  "seed": 49,
  "start_skew_us": 4.000000,
  "tau_g_ns": 143.360000,
  "grain_bytes": 7168,
  "total_tokens": 65536,
  "max_egress_load": 157,
  "konig_us": 44.011520,
  "rtt_us": 0.000000,
  "barrier_us": 4.000000,
  "cct_us": 68.120405,
  "step_us": 118.721967,
  "gemv_us": 46.601562,
  "e2e_us": 114.721967,
  "throughput_GBs": 3956.824998,
  "latency_all": {
    "count": 65536,
    "mean_us": 16.698059,
    "p50_us": 16.137892,
    "p99_us": 30.617252,
    "min_us": 0.537172,
    "max_us": 34.779313
  },
  "latency_hot": {
    "count": 10696,
    "mean_us": 16.427397,
    "p50_us": 16.711332,
    "p99_us": 30.335153,
    "min_us": 0.967252,
    "max_us": 34.779313
  },
  "latency_cold": {
    "count": 26758,
    "mean_us": 17.415411,
    "p50_us": 16.111398,
    "p99_us": 31.334052,
    "min_us": 0.537172,
    "max_us": 33.341092
  },
  "dispatch_cct_us": 34.779313,
  "combine_cct_us": 33.341092,
  "roundtrip_step_us": 72.120405,
  "e2e_step_us": 118.721967
}
