{
  "scenario": 1,
  "scheme": "ub_rg",
  "mode": "roundtrip",
  "batch": 64,
  "zipf_s": 0.700000,
  "topk": 8,
  "ep_size": 128,
  "seed": 60,
  "tau_g_ns": 143.360000,
  "grain_bytes": 7168,
  "total_tokens": 131072,
  "max_egress_load": 559,
  "konig_us": 159.129600,
  "rtt_us": 0.600000,
  "barrier_us": 0.800000,
  "cct_us": 162.568832,
  "step_us": 163.368832,
  "throughput_GBs": 5750.938440,
  "latency_all": {
    "count": 131072,
    "mean_us": 11.871688,
    "p50_us": 6.774758,
    "p99_us": 68.397957,
    "min_us": 1.143510,
    "max_us": 81.344051
  },
  "latency_hot": {
    "count": 45634,
    "mean_us": 23.040156,
    "p50_us": 18.934713,
    "p99_us": 76.023368,
    "min_us": 1.145065,
    "max_us": 81.344051
  },
  "latency_cold": {
    "count": 32022,
    "mean_us": 4.032593,
    "p50_us": 3.925440,
    "p99_us": 7.895995,
    "min_us": 1.143510,
    "max_us": 9.653304
  },
  "dispatch_cct_us": 81.224781,
  "combine_cct_us": 81.344051,
  "roundtrip_step_us": 163.368832
}
