{
  "scenario": 1,
  "scheme": "packet_spray",
  "mode": "roundtrip",
  "batch": 16,
  "zipf_s": 0.700000,
  "topk": 8,
  "ep_size": 128,
  "seed": 45,
  "tau_g_ns": 143.360000,
  "grain_bytes": 7168,
  "total_tokens": 32768,
  "max_egress_load": 151,
  "konig_us": 40.857600,
  "rtt_us": 0.000000,
  "barrier_us": 4.000000,
  "cct_us": 45.658400,
  "step_us": 49.658400,
  "throughput_GBs": 4729.935399,
  "latency_all": {
    "count": 32768,
    "mean_us": 7.651332,
    "p50_us": 5.410960,
    "p99_us": 20.750480,
    "min_us": 0.536720,
    "max_us": 23.474320
  },
  "latency_hot": {
    "count": 11088,
    "mean_us": 8.692272,
    "p50_us": 7.561360,
    "p99_us": 20.033680,
    "min_us": 0.536720,
    "max_us": 23.474320
  },
  "latency_cold": {
    "count": 8180,
    "mean_us": 7.146019,
    "p50_us": 3.547280,
    "p99_us": 21.180560,
    "min_us": 0.536720,
    "max_us": 22.184080
  },
  "dispatch_cct_us": 23.474320,
  "combine_cct_us": 22.184080,
  "roundtrip_step_us": 49.658400
}
