{
  "scenario": 4,
  "scheme": "ub_rg_pop",
  "mode": "roundtrip",
  "batch": 16,
  "zipf_s": 0.900000,
  "topk": 8,
  "ep_size": 128,
  "seed": 68,
  "start_skew_us": 4.000000,
  "tau_g_ns": 143.360000,
  "grain_bytes": 7168,
  "total_tokens": 32768,
  "max_egress_load": 203,
  "konig_us": 56.770560,
  "rtt_us": 1.200000,
  "barrier_us": 1.600000,
  "cct_us": 67.257877,
  "step_us": 128.975064,
  "gemv_us": 60.117188,
  "e2e_us": 127.375064,
  "throughput_GBs": 1821.135156,
  "latency_all": {
    "count": 32768,
    "mean_us": 7.907373,
    "p50_us": 6.157870,
    "p99_us": 28.579534,
    "min_us": 1.589875,
    "max_us": 34.035859
  },
  "latency_hot": {
    "count": 14474,
    "mean_us": 11.491441,
    "p50_us": 9.894945,
    "p99_us": 30.419942,
    "min_us": 2.054437,
    "max_us": 34.035859
  },
  "latency_cold": {
    "count": 6000,
    "mean_us": 4.443109,
    "p50_us": 4.487227,
    "p99_us": 6.904987,
    "min_us": 1.590955,
    "max_us": 8.239689
  },
  "dispatch_cct_us": 34.035859,
  "combine_cct_us": 33.222018,
  "roundtrip_step_us": 68.857877,
  "e2e_step_us": 128.975064
}
