{
  "scenario": 1,
  "scheme": "islip",
  "mode": "roundtrip",
  "batch": 64,
  "zipf_s": 0.300000,
  "topk": 8,
  "ep_size": 64,
  "seed": 29,
  "start_skew_us": 4.000000,
  "tau_g_ns": 143.360000,
  "grain_bytes": 7168,
  "total_tokens": 65536,
  "max_egress_load": 169,
  "konig_us": 45.301760,
  "rtt_us": 0.600000,
  "barrier_us": 0.800000,
  "cct_us": 72.345693,
  "step_us": 118.809755,
  "gemv_us": 45.664062,
  "e2e_us": 118.009755,
  "throughput_GBs": 3953.901326,
  "latency_all": {
    "count": 65536,
    "mean_us": 16.787037,
    "p50_us": 16.663971,
    "p99_us": 29.388616,
    "min_us": 1.181647,
    "max_us": 38.944743
  },
  "latency_hot": {
    "count": 10704,
    "mean_us": 19.668277,
    "p50_us": 19.644782,
    "p99_us": 32.757565,
    "min_us": 1.246467,
    "max_us": 38.944743
  },
  "latency_cold": {
    "count": 26434,
    "mean_us": 15.678155,
    "p50_us": 15.929277,
    "p99_us": 25.863963,
    "min_us": 1.181647,
    "max_us": 30.895416
  },
  "dispatch_cct_us": 38.944743,
  "combine_cct_us": 33.400949,
  "roundtrip_step_us": 73.145693,
  "e2e_step_us": 118.809755
}
