{
  "scenario": 1,
  "scheme": "ub_rg",
  "mode": "roundtrip",
  "batch": 256,
  "zipf_s": 0.300000,
  "topk": 8,
  "ep_size": 128,
  "seed": 5,
  "tau_g_ns": 143.360000,
  "grain_bytes": 7168,
  "total_tokens": 524288,
  "max_egress_load": 791,
  "konig_us": 219.484160,
  "rtt_us": 0.600000,
  "barrier_us": 0.800000,
  "cct_us": 229.182678,
  "step_us": 229.982678,
  "throughput_GBs": 16340.780158,
  "latency_all": {
    "count": 524288,
    "mean_us": 22.469220,
    "p50_us": 16.777798,
    "p99_us": 37.841043,
    "min_us": 1.143545,
    "max_us": 114.599359
  },
  "latency_hot": {
    "count": 91016,
    "mean_us": 37.495883,
    "p50_us": 35.839993,
    "p99_us": 99.095345,
    "min_us": 1.143728,
    "max_us": 114.599359
  },
  "latency_cold": {
    "count": 208010,
    "mean_us": 16.612126,
    "p50_us": 15.870927,
    "p99_us": 32.844852,
    "min_us": 1.143545,
    "max_us": 38.478082
  },
  "dispatch_cct_us": 114.599359,
  "combine_cct_us": 114.583319,
  "roundtrip_step_us": 229.982678
}
