{
  "scenario": 4,
  "scheme": "packet_spray",
  "mode": "roundtrip",
  "batch": 128,
  "zipf_s": 0.300000,
  "topk": 8,
  "ep_size": 256,
  "seed": 38,
  "start_skew_us": 4.000000,
  "tau_g_ns": 143.360000,
  "grain_bytes": 7168,
  "total_tokens": 524288,
  "max_egress_load": 482,
  "konig_us": 134.041600,
  "rtt_us": 0.000000,
  "barrier_us": 6.000000,
  "cct_us": 178.743771,
  "step_us": 326.110958,
  "gemv_us": 141.367188,
  "e2e_us": 320.110958,
  "throughput_GBs": 11523.980677,
  "latency_all": {
    "count": 524288,
    "mean_us": 36.264603,
    "p50_us": 26.086990,
    "p99_us": 51.733115,
    "min_us": 0.287883,
    "max_us": 91.475759
  },
  "latency_hot": {
    "count": 97396,
    "mean_us": 36.850261,
    "p50_us": 36.054664,
    "p99_us": 72.408879,
    "min_us": 0.331823,
    "max_us": 87.268012
  },
  "latency_cold": {
    "count": 204988,
    "mean_us": 37.339541,
    "p50_us": 29.974319,
    "p99_us": 81.727279,
    "min_us": 0.336854,
    "max_us": 91.475759
  },
  "dispatch_cct_us": 87.268012,
  "combine_cct_us": 91.475759,
  "roundtrip_step_us": 184.743771,
  "e2e_step_us": 326.110958
}
