{
  "scenario": 1,
  "scheme": "ub_rg",
  "mode": "roundtrip",
  "batch": 256,
  "zipf_s": 0.700000,
  "topk": 8,
  "ep_size": 128,
  "seed": 4,
  "tau_g_ns": 143.360000,
  "grain_bytes": 7168,
  "total_tokens": 524288,
  "max_egress_load": 2241,
  "konig_us": 637.808640,
  "rtt_us": 0.600000,
  "barrier_us": 0.800000,
  "cct_us": 644.759216,
  "step_us": 645.559216,
  "throughput_GBs": 5821.458810,
  "latency_all": {
    "count": 524288,
    "mean_us": 41.623613,
    "p50_us": 16.855493,
    "p99_us": 86.919578,
    "min_us": 1.143945,
    "max_us": 322.399864
  },
  "latency_hot": {
    "count": 179764,
    "mean_us": 86.476423,
    "p50_us": 68.953862,
    "p99_us": 301.521399,
    "min_us": 1.148282,
    "max_us": 322.399864
  },
  "latency_cold": {
    "count": 130096,
    "mean_us": 11.274935,
    "p50_us": 10.987582,
    "p99_us": 24.348984,
    "min_us": 1.143945,
    "max_us": 27.809960
  },
  "dispatch_cct_us": 322.399864,
  "combine_cct_us": 322.359352,
  "roundtrip_step_us": 645.559216
}
