{
  "scenario": 1,
  "scheme": "islip",
  "mode": "roundtrip",
  "batch": 256,
  "zipf_s": 0.000000,
  "topk": 8,
  "ep_size": 64,
  "seed": 44,
  "start_skew_us": 4.000000,
  "tau_g_ns": 143.360000,
  "grain_bytes": 7168,
  "total_tokens": 262144,
  "max_egress_load": 296,
  "konig_us": 84.582400,
  "rtt_us": 0.600000,
  "barrier_us": 0.800000,
  "cct_us": 120.570253,
  "step_us": 204.143691,
  "gemv_us": 82.773438,
  "e2e_us": 203.343691,
  "throughput_GBs": 9204.537178,
  "latency_all": {
    "count": 262144,
    "mean_us": 27.467943,
    "p50_us": 22.991955,
    "p99_us": 50.834998,
    "min_us": 1.153934,
    "max_us": 62.062751
  },
  "latency_hot": {
    "count": 24632,
    "mean_us": 26.767784,
    "p50_us": 26.670398,
    "p99_us": 51.692966,
    "min_us": 1.243056,
    "max_us": 59.441327
  },
  "latency_cold": {
    "count": 130902,
    "mean_us": 27.644292,
    "p50_us": 27.531948,
    "p99_us": 50.499480,
    "min_us": 1.153934,
    "max_us": 60.028072
  },
  "dispatch_cct_us": 62.062751,
  "combine_cct_us": 58.507502,
  "roundtrip_step_us": 121.370253,
  "e2e_step_us": 204.143691
}
