{
  "scenario": 4,
  "scheme": "ub_rg",
  "mode": "roundtrip",
  "batch": 64,
  "zipf_s": 0.000000,
  "topk": 8,
  "ep_size": 128,
  "seed": 39,
  "start_skew_us": 4.000000,
  "tau_g_ns": 143.360000,
  "grain_bytes": 7168,
  "total_tokens": 131072,
  "max_egress_load": 94,
  "konig_us": 26.091520,
  "rtt_us": 0.800000,
  "barrier_us": 1.600000,
  "cct_us": 68.152334,
  "step_us": 92.603897,
  "gemv_us": 22.851562,
  "e2e_us": 91.003897,
  "throughput_GBs": 10145.621602,
  "latency_all": {
    "count": 131072,
    "mean_us": 17.065974,
    "p50_us": 17.041046,
    "p99_us": 29.290486,
    "min_us": 1.061985,
    "max_us": 34.360000
  },
  "latency_hot": {
    "count": 12502,
    "mean_us": 17.073588,
    "p50_us": 17.160807,
    "p99_us": 29.152385,
    "min_us": 2.251735,
    "max_us": 32.353665
  },
  "latency_cold": {
    "count": 65142,
    "mean_us": 17.205536,
    "p50_us": 17.174866,
    "p99_us": 29.562427,
    "min_us": 1.410539,
    "max_us": 33.792334
  },
  "dispatch_cct_us": 34.360000,
  "combine_cct_us": 33.792334,
  "roundtrip_step_us": 69.752334,
  "e2e_step_us": 92.603897
}
