{
  "scenario": 4,
  "scheme": "packet_spray",
  "mode": "roundtrip",
  "batch": 512,
  "zipf_s": 0.900000,
  "topk": 8,
  "ep_size": 512,
  "seed": 72,
  "start_skew_us": 4.000000,
  "tau_g_ns": 143.360000,
  "grain_bytes": 7168,
  "total_tokens": 4194304,
  "max_egress_load": 22183,
  "konig_us": 6075.310080,
  "rtt_us": 0.000000,
  "barrier_us": 6.000000,
  "cct_us": 6259.379890,
  "step_us": 12576.278327,
  "gemv_us": 6310.898438,
  "e2e_us": 12570.278327,
  "throughput_GBs": 2390.593647,
  "latency_all": {
    "count": 4194304,
    "mean_us": 917.215096,
    "p50_us": 115.239600,
    "p99_us": 2320.972972,
    "min_us": 2.127501,
    "max_us": 3300.884997
  },
  "latency_hot": {
    "count": 2325068,
    "mean_us": 1013.036125,
    "p50_us": 158.960812,
    "p99_us": 2324.270252,
    "min_us": 2.127501,
    "max_us": 3268.485637
  },
  "latency_cold": {
    "count": 610762,
    "mean_us": 794.922213,
    "p50_us": 92.334134,
    "p99_us": 125.988012,
    "min_us": 3.690883,
    "max_us": 3300.884997
  },
  "dispatch_cct_us": 2958.494892,
  "combine_cct_us": 3300.884997,
  "roundtrip_step_us": 6265.379890,
  "e2e_step_us": 12576.278327
}
