{
  "scenario": 3,
  "scheme": "ub_rg_pop",
  "mode": "roundtrip",
  "batch": 16,
  "zipf_s": 0.900000,
  "topk": 8,
  "ep_size": 256,
  "seed": 28,
  "tau_g_ns": 143.360000,
  "grain_bytes": 7168,
  "total_tokens": 65536,
  "max_egress_load": 369,
  "konig_us": 103.505920,
  "rtt_us": 1.650000,
  "barrier_us": 2.400000,
  "cct_us": 110.998056,
  "step_us": 113.398056,
  "throughput_GBs": 4142.593501,
  "latency_all": {
    "count": 65536,
    "mean_us": 8.817198,
    "p50_us": 5.051901,
    "p99_us": 47.232236,
    "min_us": 2.593366,
    "max_us": 55.523196
  },
  "latency_hot": {
    "count": 33114,
    "mean_us": 13.647092,
    "p50_us": 9.514275,
    "p99_us": 50.128338,
    "min_us": 2.598606,
    "max_us": 55.523196
  },
  "latency_cold": {
    "count": 10536,
    "mean_us": 3.225112,
    "p50_us": 3.184493,
    "p99_us": 4.283143,
    "min_us": 2.593420,
    "max_us": 5.011887
  },
  "dispatch_cct_us": 55.474859,
  "combine_cct_us": 55.523196,
  "roundtrip_step_us": 113.398056
}
