{
  "scenario": 1,
  "scheme": "ub_rg_pop",
  "mode": "roundtrip",
  "batch": 256,
  "zipf_s": 0.900000,
  "topk": 8,
  "ep_size": 64,
  "seed": 65,
  "tau_g_ns": 143.360000,
  "grain_bytes": 7168,
  "total_tokens": 262144,
  "max_egress_load": 1712,
  "konig_us": 487.710720,
  "rtt_us": 0.900000,
  "barrier_us": 0.800000,
  "cct_us": 493.667789,
  "step_us": 494.467789,
  "throughput_GBs": 3800.142771,
  "latency_all": {
    "count": 262144,
    "mean_us": 42.876496,
    "p50_us": 16.237604,
    "p99_us": 207.907968,
    "min_us": 1.445050,
    "max_us": 246.853279
  },
  "latency_hot": {
    "count": 96454,
    "mean_us": 83.544973,
    "p50_us": 73.928826,
    "p99_us": 235.136172,
    "min_us": 1.447427,
    "max_us": 246.853279
  },
  "latency_cold": {
    "count": 56042,
    "mean_us": 10.035235,
    "p50_us": 9.670030,
    "p99_us": 22.022518,
    "min_us": 1.445050,
    "max_us": 27.029052
  },
  "dispatch_cct_us": 246.853279,
  "combine_cct_us": 246.814510,
  "roundtrip_step_us": 494.467789
}
