{
  "scenario": 4,
  "scheme": "packet_spray",
  "mode": "roundtrip",
  "batch": 512,
  "zipf_s": 0.700000,
  "topk": 8,
  "ep_size": 512,
  "seed": 23,
  "start_skew_us": 4.000000,
  "tau_g_ns": 143.360000,
  "grain_bytes": 7168,
  "total_tokens": 4194304,
  "max_egress_load": 12929,
  "konig_us": 3542.568960,
  "rtt_us": 0.000000,
  "barrier_us": 6.000000,
  "cct_us": 3713.066545,
  "step_us": 7400.863420,
  "gemv_us": 3681.796875,
  "e2e_us": 7394.863420,
  "throughput_GBs": 4062.332915,
  "latency_all": {
    "count": 4194304,
    "mean_us": 541.250247,
    "p50_us": 103.630599,
    "p99_us": 1160.396289,
    "min_us": 0.395174,
    "max_us": 1945.991820
  },
  "latency_hot": {
    "count": 1742506,
    "mean_us": 602.550123,
    "p50_us": 131.442439,
    "p99_us": 1156.217765,
    "min_us": 0.452090,
    "max_us": 1904.560780
  },
  "latency_cold": {
    "count": 925530,
    "mean_us": 497.175645,
    "p50_us": 90.111275,
    "p99_us": 117.418248,
    "min_us": 0.825254,
    "max_us": 1945.991820
  },
  "dispatch_cct_us": 1767.074725,
  "combine_cct_us": 1945.991820,
  "roundtrip_step_us": 3719.066545,
  "e2e_step_us": 7400.863420
}
