{
  "scenario": 1,
  "scheme": "ub_rg",
  "mode": "roundtrip",
  "batch": 16,
  "zipf_s": 0.700000,
  "topk": 8,
  "ep_size": 128,
  "seed": 29,
  "tau_g_ns": 143.360000,
  "grain_bytes": 7168,
  "total_tokens": 32768,
  "max_egress_load": 143,
  "konig_us": 39.710720,
  "rtt_us": 0.600000,
  "barrier_us": 0.800000,
  "cct_us": 43.296067,
  "step_us": 44.096067,
  "throughput_GBs": 5326.575328,
  "latency_all": {
    "count": 32768,
    "mean_us": 4.035059,
    "p50_us": 2.863953,
    "p99_us": 17.408898,
    "min_us": 1.143438,
    "max_us": 21.704233
  },
  "latency_hot": {
    "count": 11184,
    "mean_us": 6.841586,
    "p50_us": 5.911320,
    "p99_us": 19.324418,
    "min_us": 1.143674,
    "max_us": 21.704233
  },
  "latency_cold": {
    "count": 7894,
    "mean_us": 1.994843,
    "p50_us": 1.932575,
    "p99_us": 3.256519,
    "min_us": 1.143438,
    "max_us": 3.917255
  },
  "dispatch_cct_us": 21.591835,
  "combine_cct_us": 21.704233,
  "roundtrip_step_us": 44.096067
}
