{
  "scenario": 1,
  "scheme": "ub_rg",
  "mode": "roundtrip",
  "batch": 64,
  "zipf_s": 0.000000,
  "topk": 8,
  "ep_size": 128,
  "seed": 21,
  "tau_g_ns": 143.360000,
  "grain_bytes": 7168,
  "total_tokens": 131072,
  "max_egress_load": 93,
  "konig_us": 26.234880,
  "rtt_us": 0.600000,
  "barrier_us": 0.800000,
  "cct_us": 29.148649,
  "step_us": 29.948649,
  "throughput_GBs": 31371.167676,
  "latency_all": {
    "count": 131072,
    "mean_us": 6.491187,
    "p50_us": 6.416399,
    "p99_us": 12.361073,
    "min_us": 1.144196,
    "max_us": 14.715908
  },
  "latency_hot": {
    "count": 12372,
    "mean_us": 6.532133,
    "p50_us": 6.459832,
    "p99_us": 12.403608,
    "min_us": 1.150435,
    "max_us": 13.593732
  },
  "latency_cold": {
    "count": 65302,
    "mean_us": 6.472880,
    "p50_us": 6.390230,
    "p99_us": 12.318979,
    "min_us": 1.144196,
    "max_us": 14.529275
  },
  "dispatch_cct_us": 14.715908,
  "combine_cct_us": 14.432741,
  "roundtrip_step_us": 29.948649
}
