{
  "scenario": 4,
  "scheme": "ub_rg",
  "mode": "roundtrip",
  "batch": 128,
  "zipf_s": 0.700000,
  "topk": 8,
  "ep_size": 256,
  "seed": 54,
  "start_skew_us": 4.000000,
  "tau_g_ns": 143.360000,
  "grain_bytes": 7168,
  "total_tokens": 524288,
  "max_egress_load": 1974,
  "konig_us": 540.323840,
  "rtt_us": 0.800000,
  "barrier_us": 1.600000,
  "cct_us": 608.802073,
  "step_us": 1171.144260,
  "gemv_us": 560.742188,
  "e2e_us": 1169.544260,
  "throughput_GBs": 3208.909877,
  "latency_all": {
    "count": 524288,
    "mean_us": 41.314156,
    "p50_us": 24.252655,
    "p99_us": 70.340138,
    "min_us": 1.360967,
    "max_us": 305.400843
  },
  "latency_hot": {
    "count": 202840,
    "mean_us": 69.526097,
    "p50_us": 51.614898,
    "p99_us": 236.444153,
    "min_us": 1.659837,
    "max_us": 305.400843
  },
  "latency_cold": {
    "count": 121604,
    "mean_us": 19.945510,
    "p50_us": 20.000677,
    "p99_us": 31.622086,
    "min_us": 1.360967,
    "max_us": 41.140111
  },
  "dispatch_cct_us": 305.400843,
  "combine_cct_us": 303.401229,
  "roundtrip_step_us": 610.402073,
  "e2e_step_us": 1171.144260
}
