{
  "scenario": 1,
  "scheme": "ub_rg",
  "mode": "roundtrip",
  "batch": 256,
  "zipf_s": 0.900000,
  "topk": 8,
  "ep_size": 128,
  "seed": 59,
  "tau_g_ns": 143.360000,
  "grain_bytes": 7168,
  "total_tokens": 524288,
  "max_egress_load": 3115,
  "konig_us": 886.824960,
  "rtt_us": 0.600000,
  "barrier_us": 0.800000,
  "cct_us": 895.296071,
  "step_us": 896.096071,
  "throughput_GBs": 4193.854326,
  "latency_all": {
    "count": 524288,
    "mean_us": 62.622513,
    "p50_us": 18.313546,
    "p99_us": 147.568978,
    "min_us": 1.143413,
    "max_us": 447.665239
  },
  "latency_hot": {
    "count": 231578,
    "mean_us": 119.226167,
    "p50_us": 76.512849,
    "p99_us": 405.451798,
    "min_us": 1.146153,
    "max_us": 447.665239
  },
  "latency_cold": {
    "count": 95208,
    "mean_us": 8.858246,
    "p50_us": 8.524619,
    "p99_us": 19.359315,
    "min_us": 1.143413,
    "max_us": 23.066154
  },
  "dispatch_cct_us": 447.665239,
  "combine_cct_us": 447.630832,
  "roundtrip_step_us": 896.096071
}
