{
  "scenario": 1,
  "scheme": "ub_rg",
  "mode": "roundtrip",
  "batch": 128,
  "zipf_s": 0.900000,
  "topk": 8,
  "ep_size": 64,
  "seed": 41,
  "start_skew_us": 4.000000,
  "tau_g_ns": 143.360000,
  "grain_bytes": 7168,
  "total_tokens": 131072,
  "max_egress_load": 855,
  "konig_us": 242.995200,
  "rtt_us": 0.600000,
  "barrier_us": 0.800000,
  "cct_us": 271.822851,
  "step_us": 534.849414,
  "gemv_us": 262.226562,
  "e2e_us": 534.049414,
  "throughput_GBs": 1756.614239,
  "latency_all": {
    "count": 131072,
    "mean_us": 30.496762,
    "p50_us": 21.197091,
    "p99_us": 120.310261,
    "min_us": 1.165697,
    "max_us": 136.198911
  },
  "latency_hot": {
    "count": 48202,
    "mean_us": 51.353801,
    "p50_us": 46.571740,
    "p99_us": 127.994143,
    "min_us": 1.446551,
    "max_us": 136.198911
  },
  "latency_cold": {
    "count": 27318,
    "mean_us": 13.535330,
    "p50_us": 13.439834,
    "p99_us": 24.544475,
    "min_us": 1.165697,
    "max_us": 27.518017
  },
  "dispatch_cct_us": 135.623941,
  "combine_cct_us": 136.198911,
  "roundtrip_step_us": 272.622851,
  "e2e_step_us": 534.849414
}
