{
  "scenario": 4,
  "scheme": "ub_rg_pop",
  "mode": "roundtrip",
  "batch": 64,
  "zipf_s": 0.900000,
  "topk": 8,
  "ep_size": 512,
  "seed": 28,
  "start_skew_us": 4.000000,
  "tau_g_ns": 143.360000,
  "grain_bytes": 7168,
  "total_tokens": 524288,
  "max_egress_load": 2837,
  "konig_us": 768.409600,
  "rtt_us": 1.200000,
  "barrier_us": 1.600000,
  "cct_us": 819.729593,
  "step_us": 1609.532718,
  "gemv_us": 788.203125,
  "e2e_us": 1607.932718,
  "throughput_GBs": 2334.899032,
  "latency_all": {
    "count": 524288,
    "mean_us": 40.419121,
    "p50_us": 10.828024,
    "p99_us": 91.265290,
    "min_us": 1.495410,
    "max_us": 411.126620
  },
  "latency_hot": {
    "count": 290794,
    "mean_us": 66.487252,
    "p50_us": 23.669646,
    "p99_us": 329.497858,
    "min_us": 1.829447,
    "max_us": 411.126620
  },
  "latency_cold": {
    "count": 76260,
    "mean_us": 5.628817,
    "p50_us": 5.583813,
    "p99_us": 9.375567,
    "min_us": 1.495410,
    "max_us": 19.893247
  },
  "dispatch_cct_us": 411.126620,
  "combine_cct_us": 408.602973,
  "roundtrip_step_us": 821.329593,
  "e2e_step_us": 1609.532718
}
