{
  "scenario": 4,
  "scheme": "ub_rg",
  "mode": "roundtrip",
  "batch": 256,
  "zipf_s": 0.300000,
  "topk": 8,
  "ep_size": 512,
  "seed": 93,
  "start_skew_us": 4.000000,
  "tau_g_ns": 143.360000,
  "grain_bytes": 7168,
  "total_tokens": 2097152,
  "max_egress_load": 1300,
  "konig_us": 349.798400,
  "rtt_us": 0.800000,
  "barrier_us": 1.600000,
  "cct_us": 379.887584,
  "step_us": 737.659459,
  "gemv_us": 356.171875,
  "e2e_us": 736.059459,
  "throughput_GBs": 20378.489483,
  "latency_all": {
    "count": 2097152,
    "mean_us": 27.111620,
    "p50_us": 12.304766,
    "p99_us": 66.691023,
    "min_us": 1.101000,
    "max_us": 191.075367
  },
  "latency_hot": {
    "count": 402376,
    "mean_us": 44.604329,
    "p50_us": 42.876006,
    "p99_us": 125.575280,
    "min_us": 1.135357,
    "max_us": 191.075367
  },
  "latency_cold": {
    "count": 814132,
    "mean_us": 20.116698,
    "p50_us": 14.698585,
    "p99_us": 34.260635,
    "min_us": 1.176587,
    "max_us": 74.189707
  },
  "dispatch_cct_us": 191.075367,
  "combine_cct_us": 188.812218,
  "roundtrip_step_us": 381.487584,
  "e2e_step_us": 737.659459
}
