{
  "scenario": 4,
  "scheme": "packet_spray",
  "mode": "roundtrip",
  "batch": 512,
  "zipf_s": 0.000000,
  "topk": 8,
  "ep_size": 256,
  "seed": 86,
  "start_skew_us": 4.000000,
  "tau_g_ns": 143.360000,
  "grain_bytes": 7168,
  "total_tokens": 2097152,
  "max_egress_load": 634,
  "konig_us": 176.332800,
  "rtt_us": 0.000000,
  "barrier_us": 6.000000,
  "cct_us": 321.106247,
  "step_us": 494.254685,
  "gemv_us": 167.148438,
  "e2e_us": 488.254685,
  "throughput_GBs": 30414.249970,
  "latency_all": {
    "count": 2097152,
    "mean_us": 90.880144,
    "p50_us": 81.069424,
    "p99_us": 143.376977,
    "min_us": 0.424087,
    "max_us": 161.761754
  },
  "latency_hot": {
    "count": 203542,
    "mean_us": 74.561150,
    "p50_us": 75.245922,
    "p99_us": 144.568043,
    "min_us": 0.495624,
    "max_us": 156.907612
  },
  "latency_cold": {
    "count": 1049200,
    "mean_us": 99.814416,
    "p50_us": 87.431522,
    "p99_us": 140.257754,
    "min_us": 0.475040,
    "max_us": 161.165483
  },
  "dispatch_cct_us": 161.761754,
  "combine_cct_us": 159.344494,
  "roundtrip_step_us": 327.106247,
  "e2e_step_us": 494.254685
}
