{
  "scenario": 1,
  "scheme": "packet_spray",
  "mode": "roundtrip",
  "batch": 512,
  "zipf_s": 0.000000,
  "topk": 8,
  "ep_size": 32,
  "seed": 69,
  "start_skew_us": 4.000000,
  "tau_g_ns": 143.360000,
  "grain_bytes": 7168,
  "total_tokens": 262144,
  "max_egress_load": 588,
  "konig_us": 159.416320,
  "rtt_us": 0.000000,
  "barrier_us": 4.000000,
  "cct_us": 302.020148,
  "step_us": 469.574835,
  "gemv_us": 163.554688,
  "e2e_us": 465.574835,
  "throughput_GBs": 4001.594743,
  "latency_all": {
    "count": 262144,
    "mean_us": 90.969883,
    "p50_us": 91.263185,
    "p99_us": 145.122720,
    "min_us": 2.909600,
    "max_us": 154.727840
  },
  "latency_hot": {
    "count": 24120,
    "mean_us": 73.629666,
    "p50_us": 73.891988,
    "p99_us": 142.685600,
    "min_us": 2.909600,
    "max_us": 149.566880
  },
  "latency_cold": {
    "count": 131244,
    "mean_us": 100.255101,
    "p50_us": 100.843668,
    "p99_us": 144.855188,
    "min_us": 2.909600,
    "max_us": 154.727840
  },
  "dispatch_cct_us": 154.727840,
  "combine_cct_us": 147.292308,
  "roundtrip_step_us": 306.020148,
  "e2e_step_us": 469.574835
}
