{
  "scenario": 4,
  "scheme": "packet_spray",
  "mode": "roundtrip",
  "batch": 512,
  "zipf_s": 0.700000,
  "topk": 8,
  "ep_size": 256,
  "seed": 76,
  "start_skew_us": 4.000000,
  "tau_g_ns": 143.360000,
  "grain_bytes": 7168,
  "total_tokens": 2097152,
  "max_egress_load": 7947,
  "konig_us": 2170.757120,
  "rtt_us": 0.000000,
  "barrier_us": 6.000000,
  "cct_us": 2322.819435,
  "step_us": 4577.217872,
  "gemv_us": 2248.398438,
  "e2e_us": 4571.217872,
  "throughput_GBs": 3284.175225,
  "latency_all": {
    "count": 2097152,
    "mean_us": 358.328099,
    "p50_us": 85.189964,
    "p99_us": 615.693072,
    "min_us": 0.390988,
    "max_us": 1212.391003
  },
  "latency_hot": {
    "count": 810806,
    "mean_us": 403.944600,
    "p50_us": 146.762512,
    "p99_us": 624.141774,
    "min_us": 0.390988,
    "max_us": 1168.522843
  },
  "latency_cold": {
    "count": 484458,
    "mean_us": 330.541062,
    "p50_us": 85.909169,
    "p99_us": 118.511054,
    "min_us": 0.415791,
    "max_us": 1212.391003
  },
  "dispatch_cct_us": 1110.428432,
  "combine_cct_us": 1212.391003,
  "roundtrip_step_us": 2328.819435,
  "e2e_step_us": 4577.217872
}
