{
  "scenario": 1,
  "scheme": "ub_rg",
  "mode": "roundtrip",
  "batch": 128,
  "zipf_s": 0.700000,
  "topk": 8,
  "ep_size": 128,
  "seed": 29,
  "start_skew_us": 4.000000,
  "tau_g_ns": 143.360000,
  "grain_bytes": 7168,
  "total_tokens": 262144,
  "max_egress_load": 1141,
  "konig_us": 320.839680,
  "rtt_us": 0.600000,
  "barrier_us": 0.800000,
  "cct_us": 331.949394,
  "step_us": 675.522832,
  "gemv_us": 342.773438,
  "e2e_us": 674.722832,
  "throughput_GBs": 2781.620552,
  "latency_all": {
    "count": 262144,
    "mean_us": 23.746964,
    "p50_us": 10.983807,
    "p99_us": 124.601119,
    "min_us": 1.198006,
    "max_us": 166.419555
  },
  "latency_hot": {
    "count": 90116,
    "mean_us": 45.934022,
    "p50_us": 37.568829,
    "p99_us": 151.851238,
    "min_us": 1.198006,
    "max_us": 166.419555
  },
  "latency_cold": {
    "count": 64204,
    "mean_us": 8.545884,
    "p50_us": 8.404562,
    "p99_us": 15.651818,
    "min_us": 1.250378,
    "max_us": 18.799996
  },
  "dispatch_cct_us": 166.419555,
  "combine_cct_us": 165.529840,
  "roundtrip_step_us": 332.749394,
  "e2e_step_us": 675.522832
}
