{
  "scenario": 4,
  "scheme": "packet_spray",
  "mode": "roundtrip",
  "batch": 64,
  "zipf_s": 0.300000,
  "topk": 8,
  "ep_size": 512,
  "seed": 84,
  "start_skew_us": 4.000000,
  "tau_g_ns": 143.360000,
  "grain_bytes": 7168,
  "total_tokens": 524288,
  "max_egress_load": 283,
  "konig_us": 80.138240,
  "rtt_us": 0.000000,
  "barrier_us": 6.000000,
  "cct_us": 107.340360,
  "step_us": 199.434110,
  "gemv_us": 86.093750,
  "e2e_us": 193.434110,
  "throughput_GBs": 18843.799470,
  "latency_all": {
    "count": 524288,
    "mean_us": 20.049736,
    "p50_us": 14.471200,
    "p99_us": 28.740193,
    "min_us": 0.203575,
    "max_us": 55.422931
  },
  "latency_hot": {
    "count": 100282,
    "mean_us": 20.483085,
    "p50_us": 19.639927,
    "p99_us": 42.520531,
    "min_us": 0.203575,
    "max_us": 51.917430
  },
  "latency_cold": {
    "count": 203386,
    "mean_us": 20.528329,
    "p50_us": 16.475129,
    "p99_us": 47.968211,
    "min_us": 0.287435,
    "max_us": 55.422931
  },
  "dispatch_cct_us": 51.917430,
  "combine_cct_us": 55.422931,
  "roundtrip_step_us": 113.340360,
  "e2e_step_us": 199.434110
}
