{
  "scenario": 1,
  "scheme": "ub_rg",
  "mode": "roundtrip",
  "batch": 128,
  "zipf_s": 0.900000,
  "topk": 8,
  "ep_size": 64,
  "seed": 47,
  "start_skew_us": 4.000000,
  "tau_g_ns": 143.360000,
  "grain_bytes": 7168,
  "total_tokens": 131072,
  "max_egress_load": 873,
  "konig_us": 247.009280,
  "rtt_us": 0.600000,
  "barrier_us": 0.800000,
  "cct_us": 280.471923,
  "step_us": 546.740673,
  "gemv_us": 265.468750,
  "e2e_us": 545.940673,
  "throughput_GBs": 1718.409006,
  "latency_all": {
    "count": 131072,
    "mean_us": 33.004429,
    "p50_us": 24.041241,
    "p99_us": 122.440671,
    "min_us": 1.159955,
    "max_us": 141.320068
  },
  "latency_hot": {
    "count": 48826,
    "mean_us": 53.851032,
    "p50_us": 49.286129,
    "p99_us": 130.446528,
    "min_us": 2.259875,
    "max_us": 141.320068
  },
  "latency_cold": {
    "count": 27304,
    "mean_us": 15.992618,
    "p50_us": 15.817837,
    "p99_us": 26.923384,
    "min_us": 2.147601,
    "max_us": 30.917609
  },
  "dispatch_cct_us": 141.320068,
  "combine_cct_us": 139.151855,
  "roundtrip_step_us": 281.271923,
  "e2e_step_us": 546.740673
}
