{
  "scenario": 1,
  "scheme": "islip",
  "mode": "roundtrip",
  "batch": 128,
  "zipf_s": 0.700000,
  "topk": 8,
  "ep_size": 128,
  "seed": 56,
  "start_skew_us": 4.000000,
  "tau_g_ns": 143.360000,
  "grain_bytes": 7168,
  "total_tokens": 262144,
  "max_egress_load": 1116,
  "konig_us": 316.538880,
  "rtt_us": 0.600000,
  "barrier_us": 0.800000,
  "cct_us": 326.253989,
  "step_us": 668.069614,
  "gemv_us": 341.015625,
  "e2e_us": 667.269614,
  "throughput_GBs": 2812.653280,
  "latency_all": {
    "count": 262144,
    "mean_us": 23.290471,
    "p50_us": 10.477223,
    "p99_us": 123.983181,
    "min_us": 1.170110,
    "max_us": 164.325559
  },
  "latency_hot": {
    "count": 90192,
    "mean_us": 45.379219,
    "p50_us": 36.728423,
    "p99_us": 151.076198,
    "min_us": 1.188436,
    "max_us": 164.325559
  },
  "latency_cold": {
    "count": 64370,
    "mean_us": 8.087601,
    "p50_us": 7.889909,
    "p99_us": 15.495454,
    "min_us": 1.226318,
    "max_us": 19.144125
  },
  "dispatch_cct_us": 164.325559,
  "combine_cct_us": 161.928430,
  "roundtrip_step_us": 327.053989,
  "e2e_step_us": 668.069614
}
