{
  "scenario": 1,
  "scheme": "islip",
  "mode": "roundtrip",
  "batch": 64,
  "zipf_s": 0.000000,
  "topk": 8,
  "ep_size": 128,
  "seed": 51,
  "start_skew_us": 4.000000,
  "tau_g_ns": 143.360000,
  "grain_bytes": 7168,
  "total_tokens": 131072,
  "max_egress_load": 92,
  "konig_us": 25.948160,
  "rtt_us": 0.600000,
  "barrier_us": 0.800000,
  "cct_us": 67.402654,
  "step_us": 89.882342,
  "gemv_us": 21.679688,
  "e2e_us": 89.082342,
  "throughput_GBs": 10452.821748,
  "latency_all": {
    "count": 131072,
    "mean_us": 16.399706,
    "p50_us": 16.334546,
    "p99_us": 28.066116,
    "min_us": 1.153153,
    "max_us": 34.249292
  },
  "latency_hot": {
    "count": 12248,
    "mean_us": 16.573213,
    "p50_us": 16.271461,
    "p99_us": 28.959577,
    "min_us": 1.669275,
    "max_us": 33.203772
  },
  "latency_cold": {
    "count": 65498,
    "mean_us": 16.484313,
    "p50_us": 16.409589,
    "p99_us": 27.732558,
    "min_us": 1.153153,
    "max_us": 33.153362
  },
  "dispatch_cct_us": 33.153362,
  "combine_cct_us": 34.249292,
  "roundtrip_step_us": 68.202654,
  "e2e_step_us": 89.882342
}
