{
  "scenario": 1,
  "scheme": "ub_rg_pop",
  "mode": "roundtrip",
  "batch": 64,
  "zipf_s": 0.700000,
  "topk": 8,
  "ep_size": 64,
  "seed": 56,
  "start_skew_us": 4.000000,
  "tau_g_ns": 143.360000,
  "grain_bytes": 7168,
  "total_tokens": 65536,
  "max_egress_load": 345,
  "konig_us": 96.481280,
  "rtt_us": 0.900000,
  "barrier_us": 0.800000,
  "cct_us": 105.380185,
  "step_us": 208.680185,
  "gemv_us": 102.500000,
  "e2e_us": 207.880185,
  "throughput_GBs": 2251.109986,
  "latency_all": {
    "count": 65536,
    "mean_us": 11.735805,
    "p50_us": 8.903295,
    "p99_us": 44.106413,
    "min_us": 1.488436,
    "max_us": 53.591818
  },
  "latency_hot": {
    "count": 19608,
    "mean_us": 19.643808,
    "p50_us": 18.168187,
    "p99_us": 48.373630,
    "min_us": 1.488436,
    "max_us": 53.591818
  },
  "latency_cold": {
    "count": 17660,
    "mean_us": 6.500437,
    "p50_us": 6.434450,
    "p99_us": 11.337066,
    "min_us": 1.533884,
    "max_us": 13.240619
  },
  "dispatch_cct_us": 53.591818,
  "combine_cct_us": 51.788367,
  "roundtrip_step_us": 106.180185,
  "e2e_step_us": 208.680185
}
