{
  "scenario": 4,
  "scheme": "ub_rg",
  "mode": "roundtrip",
  "batch": 512,
  "zipf_s": 0.900000,
  "topk": 8,
  "ep_size": 128,
  "seed": 70,
  "start_skew_us": 4.000000,
  "tau_g_ns": 143.360000,
  "grain_bytes": 7168,
  "total_tokens": 1048576,
  "max_egress_load": 6548,
  "konig_us": 1818.378240,
  "rtt_us": 0.800000,
  "barrier_us": 1.600000,
  "cct_us": 1921.362786,
  "step_us": 3840.462786,
  "gemv_us": 1917.500000,
  "e2e_us": 3838.862786,
  "throughput_GBs": 1957.106002,
  "latency_all": {
    "count": 1048576,
    "mean_us": 134.235186,
    "p50_us": 27.502452,
    "p99_us": 463.851994,
    "min_us": 1.191818,
    "max_us": 962.081191
  },
  "latency_hot": {
    "count": 463284,
    "mean_us": 247.997788,
    "p50_us": 163.368591,
    "p99_us": 477.934191,
    "min_us": 1.776748,
    "max_us": 962.081191
  },
  "latency_cold": {
    "count": 190430,
    "mean_us": 26.145925,
    "p50_us": 25.619677,
    "p99_us": 48.640080,
    "min_us": 1.191818,
    "max_us": 67.352449
  },
  "dispatch_cct_us": 962.081191,
  "combine_cct_us": 959.281595,
  "roundtrip_step_us": 1922.962786,
  "e2e_step_us": 3840.462786
}
