{
  "scenario": 4,
  "scheme": "ub_rg",
  "mode": "roundtrip",
  "batch": 256,
  "zipf_s": 0.900000,
  "topk": 8,
  "ep_size": 128,
  "seed": 67,
  "start_skew_us": 4.000000,
  "tau_g_ns": 143.360000,
  "grain_bytes": 7168,
  "total_tokens": 524288,
  "max_egress_load": 3295,
  "konig_us": 913.776640,
  "rtt_us": 0.800000,
  "barrier_us": 1.600000,
  "cct_us": 970.024381,
  "step_us": 1933.733756,
  "gemv_us": 962.109375,
  "e2e_us": 1932.133756,
  "throughput_GBs": 1943.440441,
  "latency_all": {
    "count": 524288,
    "mean_us": 73.801961,
    "p50_us": 29.145681,
    "p99_us": 157.533188,
    "min_us": 1.390528,
    "max_us": 486.000929
  },
  "latency_hot": {
    "count": 231172,
    "mean_us": 130.006809,
    "p50_us": 87.415291,
    "p99_us": 416.892407,
    "min_us": 2.953517,
    "max_us": 486.000929
  },
  "latency_cold": {
    "count": 95798,
    "mean_us": 19.792425,
    "p50_us": 19.675351,
    "p99_us": 33.932863,
    "min_us": 1.390528,
    "max_us": 42.575393
  },
  "dispatch_cct_us": 486.000929,
  "combine_cct_us": 484.023452,
  "roundtrip_step_us": 971.624381,
  "e2e_step_us": 1933.733756
}
