{
  "scenario": 4,
  "scheme": "ub_rg_pop",
  "mode": "roundtrip",
  "batch": 128,
  "zipf_s": 0.700000,
  "topk": 8,
  "ep_size": 256,
  "seed": 45,
  "start_skew_us": 4.000000,
  "tau_g_ns": 143.360000,
  "grain_bytes": 7168,
  "total_tokens": 524288,
  "max_egress_load": 1981,
  "konig_us": 540.323840,
  "rtt_us": 1.200000,
  "barrier_us": 1.600000,
  "cct_us": 577.482731,
  "step_us": 1137.754606,
  "gemv_us": 558.671875,
  "e2e_us": 1136.154606,
  "throughput_GBs": 3303.081671,
  "latency_all": {
    "count": 524288,
    "mean_us": 30.474871,
    "p50_us": 13.156026,
    "p99_us": 59.383832,
    "min_us": 1.482081,
    "max_us": 289.283712
  },
  "latency_hot": {
    "count": 202288,
    "mean_us": 58.673486,
    "p50_us": 41.045820,
    "p99_us": 227.881668,
    "min_us": 1.857270,
    "max_us": 289.283712
  },
  "latency_cold": {
    "count": 121250,
    "mean_us": 9.225528,
    "p50_us": 9.104569,
    "p99_us": 16.548047,
    "min_us": 1.482081,
    "max_us": 26.584823
  },
  "dispatch_cct_us": 288.199019,
  "combine_cct_us": 289.283712,
  "roundtrip_step_us": 579.082731,
  "e2e_step_us": 1137.754606
}
