{
  "scenario": 2,
  "scheme": "packet_spray",
  "mode": "roundtrip",
  "batch": 16,
  "zipf_s": 0.000000,
  "topk": 8,
  "ep_size": 1024,
  "seed": 3,
  "tau_g_ns": 143.360000,
  "grain_bytes": 7168,
  "total_tokens": 262144,
  "max_egress_load": 35,
  "konig_us": 9.461760,
  "rtt_us": 0.000000,
  "barrier_us": 8.000000,
  "cct_us": 20.253600,
  "step_us": 28.253600,
  "throughput_GBs": 66506.505083,
  "latency_all": {
    "count": 262144,
    "mean_us": 4.809463,
    "p50_us": 4.177360,
    "p99_us": 6.614480,
    "min_us": 0.880080,
    "max_us": 12.205520
  },
  "latency_hot": {
    "count": 26006,
    "mean_us": 3.278188,
    "p50_us": 3.030480,
    "p99_us": 6.184400,
    "min_us": 0.880080,
    "max_us": 7.187920
  },
  "latency_cold": {
    "count": 130852,
    "mean_us": 5.609188,
    "p50_us": 5.467600,
    "p99_us": 9.911760,
    "min_us": 0.880080,
    "max_us": 12.205520
  },
  "dispatch_cct_us": 8.048080,
  "combine_cct_us": 12.205520,
  "roundtrip_step_us": 28.253600
}
