{
  "scenario": 1,
  "scheme": "ub_rg_pop",
  "mode": "roundtrip",
  "batch": 16,
  "zipf_s": 0.300000,
  "topk": 8,
  "ep_size": 32,
  "seed": 90,
  "start_skew_us": 4.000000,
  "tau_g_ns": 143.360000,
  "grain_bytes": 7168,
  "total_tokens": 8192,
  "max_egress_load": 37,
  "konig_us": 9.891840,
  "rtt_us": 0.900000,
  "barrier_us": 0.800000,
  "cct_us": 19.643273,
  "step_us": 29.622961,
  "gemv_us": 9.179688,
  "e2e_us": 28.822961,
  "throughput_GBs": 1982.254781,
  "latency_all": {
    "count": 8192,
    "mean_us": 5.121632,
    "p50_us": 5.159252,
    "p99_us": 8.384169,
    "min_us": 1.511668,
    "max_us": 10.082630
  },
  "latency_hot": {
    "count": 1218,
    "mean_us": 5.462361,
    "p50_us": 5.422384,
    "p99_us": 9.445400,
    "min_us": 1.876187,
    "max_us": 10.082630
  },
  "latency_cold": {
    "count": 3500,
    "mean_us": 5.067096,
    "p50_us": 5.225663,
    "p99_us": 7.779882,
    "min_us": 1.653291,
    "max_us": 8.300291
  },
  "dispatch_cct_us": 10.082630,
  "combine_cct_us": 9.560644,
  "roundtrip_step_us": 20.443273,
  "e2e_step_us": 29.622961
}
