{
  "scenario": 1,
  "scheme": "packet_spray",
  "mode": "roundtrip",
  "batch": 16,
  "zipf_s": 0.000000,
  "topk": 8,
  "ep_size": 64,
  "seed": 16,
  "start_skew_us": 4.000000,
  "tau_g_ns": 143.360000,
  "grain_bytes": 7168,
  "total_tokens": 16384,
  "max_egress_load": 30,
  "konig_us": 8.601600,
  "rtt_us": 0.000000,
  "barrier_us": 4.000000,
  "cct_us": 57.566544,
  "step_us": 67.425919,
  "gemv_us": 5.859375,
  "e2e_us": 63.425919,
  "throughput_GBs": 1741.771026,
  "latency_all": {
    "count": 16384,
    "mean_us": 20.180088,
    "p50_us": 20.205958,
    "p99_us": 25.965286,
    "min_us": 6.724766,
    "max_us": 31.150628
  },
  "latency_hot": {
    "count": 1480,
    "mean_us": 18.994957,
    "p50_us": 19.221368,
    "p99_us": 24.695596,
    "min_us": 7.964635,
    "max_us": 25.412396
  },
  "latency_cold": {
    "count": 8216,
    "mean_us": 20.938951,
    "p50_us": 20.820763,
    "p99_us": 29.717028,
    "min_us": 7.067573,
    "max_us": 31.150628
  },
  "dispatch_cct_us": 26.415916,
  "combine_cct_us": 31.150628,
  "roundtrip_step_us": 61.566544,
  "e2e_step_us": 67.425919
}
