{
  "scenario": 1,
  "scheme": "ub_rg_pop",
  "mode": "roundtrip",
  "batch": 256,
  "zipf_s": 0.000000,
  "topk": 8,
  "ep_size": 128,
  "seed": 65,
  "start_skew_us": 4.000000,
  "tau_g_ns": 143.360000,
  "grain_bytes": 7168,
  "total_tokens": 524288,
  "max_egress_load": 304,
  "konig_us": 86.732800,
  "rtt_us": 0.900000,
  "barrier_us": 0.800000,
  "cct_us": 96.999997,
  "step_us": 182.096872,
  "gemv_us": 84.296875,
  "e2e_us": 181.296872,
  "throughput_GBs": 20637.896449,
  "latency_all": {
    "count": 524288,
    "mean_us": 22.704889,
    "p50_us": 19.164016,
    "p99_us": 36.811032,
    "min_us": 1.460915,
    "max_us": 48.956531
  },
  "latency_hot": {
    "count": 49058,
    "mean_us": 22.718750,
    "p50_us": 22.591400,
    "p99_us": 43.094920,
    "min_us": 1.715753,
    "max_us": 48.010271
  },
  "latency_cold": {
    "count": 262390,
    "mean_us": 22.782062,
    "p50_us": 18.262898,
    "p99_us": 42.822821,
    "min_us": 1.535230,
    "max_us": 48.049037
  },
  "dispatch_cct_us": 48.043466,
  "combine_cct_us": 48.956531,
  "roundtrip_step_us": 97.799997,
  "e2e_step_us": 182.096872
}
