{
  "scenario": 4,
  "scheme": "ub_rg",
  "mode": "roundtrip",
  "batch": 512,
  "zipf_s": 0.000000,
  "topk": 8,
  "ep_size": 256,
  "seed": 19,
  "start_skew_us": 4.000000,
  "tau_g_ns": 143.360000,
  "grain_bytes": 7168,
  "total_tokens": 2097152,
  "max_egress_load": 623,
  "konig_us": 177.909760,
  "rtt_us": 0.800000,
  "barrier_us": 1.600000,
  "cct_us": 189.621268,
  "step_us": 358.252518,
  "gemv_us": 167.031250,
  "e2e_us": 356.652518,
  "throughput_GBs": 41960.306665,
  "latency_all": {
    "count": 2097152,
    "mean_us": 41.652413,
    "p50_us": 14.932198,
    "p99_us": 78.040365,
    "min_us": 1.165599,
    "max_us": 95.104240
  },
  "latency_hot": {
    "count": 203928,
    "mean_us": 41.644205,
    "p50_us": 40.707165,
    "p99_us": 79.804361,
    "min_us": 1.400438,
    "max_us": 94.514237
  },
  "latency_cold": {
    "count": 1050054,
    "mean_us": 41.639334,
    "p50_us": 21.377023,
    "p99_us": 74.911931,
    "min_us": 1.165599,
    "max_us": 94.517028
  },
  "dispatch_cct_us": 95.104240,
  "combine_cct_us": 94.517028,
  "roundtrip_step_us": 191.221268,
  "e2e_step_us": 358.252518
}
