{
  "scenario": 1,
  "scheme": "packet_spray",
  "mode": "roundtrip",
  "batch": 512,
  "zipf_s": 0.300000,
  "topk": 8,
  "ep_size": 64,
  "seed": 18,
  "start_skew_us": 4.000000,
  "tau_g_ns": 143.360000,
  "grain_bytes": 7168,
  "total_tokens": 524288,
  "max_egress_load": 1215,
  "konig_us": 342.343680,
  "rtt_us": 0.000000,
  "barrier_us": 4.000000,
  "cct_us": 502.156877,
  "step_us": 872.641252,
  "gemv_us": 366.484375,
  "e2e_us": 868.641252,
  "throughput_GBs": 4306.576585,
  "latency_all": {
    "count": 524288,
    "mean_us": 126.103930,
    "p50_us": 112.490840,
    "p99_us": 183.023960,
    "min_us": 3.737131,
    "max_us": 251.836760
  },
  "latency_hot": {
    "count": 86192,
    "mean_us": 122.453079,
    "p50_us": 124.880118,
    "p99_us": 230.619480,
    "min_us": 3.737131,
    "max_us": 251.836760
  },
  "latency_cold": {
    "count": 211596,
    "mean_us": 132.087231,
    "p50_us": 122.156278,
    "p99_us": 233.833718,
    "min_us": 3.737131,
    "max_us": 250.320118
  },
  "dispatch_cct_us": 251.836760,
  "combine_cct_us": 250.320118,
  "roundtrip_step_us": 506.156877,
  "e2e_step_us": 872.641252
}
