{
  "scenario": 1,
  "scheme": "ub_rg_pop",
  "mode": "roundtrip",
  "batch": 256,
  "zipf_s": 0.700000,
  "topk": 8,
  "ep_size": 64,
  "seed": 15,
  "start_skew_us": 4.000000,
  "tau_g_ns": 143.360000,
  "grain_bytes": 7168,
  "total_tokens": 262144,
  "max_egress_load": 1367,
  "konig_us": 387.502080,
  "rtt_us": 0.900000,
  "barrier_us": 0.800000,
  "cct_us": 417.945080,
  "step_us": 836.206017,
  "gemv_us": 417.460938,
  "e2e_us": 835.406017,
  "throughput_GBs": 2247.111542,
  "latency_all": {
    "count": 262144,
    "mean_us": 44.437577,
    "p50_us": 27.280703,
    "p99_us": 165.900081,
    "min_us": 1.451130,
    "max_us": 209.791031
  },
  "latency_hot": {
    "count": 78082,
    "mean_us": 77.994288,
    "p50_us": 71.547763,
    "p99_us": 196.756477,
    "min_us": 1.758400,
    "max_us": 209.791031
  },
  "latency_cold": {
    "count": 70022,
    "mean_us": 22.996925,
    "p50_us": 22.733444,
    "p99_us": 41.508210,
    "min_us": 1.451130,
    "max_us": 47.273024
  },
  "dispatch_cct_us": 208.154048,
  "combine_cct_us": 209.791031,
  "roundtrip_step_us": 418.745080,
  "e2e_step_us": 836.206017
}
