{
  "scenario": 4,
  "scheme": "ub_rg_pop",
  "mode": "roundtrip",
  "batch": 512,
  "zipf_s": 0.900000,
  "topk": 8,
  "ep_size": 512,
  "seed": 77,
  "start_skew_us": 4.000000,
  "tau_g_ns": 143.360000,
  "grain_bytes": 7168,
  "total_tokens": 4194304,
  "max_egress_load": 22456,
  "konig_us": 6108.712960,
  "rtt_us": 1.200000,
  "barrier_us": 1.600000,
  "cct_us": 6466.356838,
  "step_us": 12766.355275,
  "gemv_us": 6298.398438,
  "e2e_us": 12764.755275,
  "throughput_GBs": 2355.000345,
  "latency_all": {
    "count": 4194304,
    "mean_us": 301.853921,
    "p50_us": 33.093936,
    "p99_us": 2295.078848,
    "min_us": 1.513167,
    "max_us": 3235.816459
  },
  "latency_hot": {
    "count": 2322648,
    "mean_us": 511.185062,
    "p50_us": 69.174950,
    "p99_us": 2295.291591,
    "min_us": 2.730743,
    "max_us": 3235.816459
  },
  "latency_cold": {
    "count": 610966,
    "mean_us": 27.221771,
    "p50_us": 25.822922,
    "p99_us": 40.284782,
    "min_us": 1.853676,
    "max_us": 116.056768
  },
  "dispatch_cct_us": 3235.816459,
  "combine_cct_us": 3230.540378,
  "roundtrip_step_us": 6467.956838,
  "e2e_step_us": 12766.355275
}
