{
  "scenario": 1,
  "scheme": "ub_rg_pop",
  "mode": "roundtrip",
  "batch": 16,
  "zipf_s": 0.700000,
  "topk": 8,
  "ep_size": 128,
  "seed": 46,
  "start_skew_us": 4.000000,
  "tau_g_ns": 143.360000,
  "grain_bytes": 7168,
  "total_tokens": 32768,
  "max_egress_load": 155,
  "konig_us": 42.147840,
  "rtt_us": 0.900000,
  "barrier_us": 0.800000,
  "cct_us": 50.545031,
  "step_us": 94.743468,
  "gemv_us": 43.398438,
  "e2e_us": 93.943468,
  "throughput_GBs": 2479.126303,
  "latency_all": {
    "count": 32768,
    "mean_us": 6.304206,
    "p50_us": 5.478392,
    "p99_us": 19.797170,
    "min_us": 1.519508,
    "max_us": 26.102594
  },
  "latency_hot": {
    "count": 11306,
    "mean_us": 9.028503,
    "p50_us": 8.211108,
    "p99_us": 21.952585,
    "min_us": 1.528159,
    "max_us": 26.102594
  },
  "latency_cold": {
    "count": 8028,
    "mean_us": 4.263404,
    "p50_us": 4.194652,
    "p99_us": 6.821828,
    "min_us": 1.519508,
    "max_us": 8.070020
  },
  "dispatch_cct_us": 26.102594,
  "combine_cct_us": 24.442436,
  "roundtrip_step_us": 51.345031,
  "e2e_step_us": 94.743468
}
