{
  "scenario": 4,
  "scheme": "packet_spray",
  "mode": "roundtrip",
  "batch": 512,
  "zipf_s": 0.700000,
  "topk": 8,
  "ep_size": 128,
  "seed": 32,
  "start_skew_us": 4.000000,
  "tau_g_ns": 143.360000,
  "grain_bytes": 7168,
  "total_tokens": 1048576,
  "max_egress_load": 4919,
  "konig_us": 1335.828480,
  "rtt_us": 0.000000,
  "barrier_us": 6.000000,
  "cct_us": 1509.641818,
  "step_us": 2890.212130,
  "gemv_us": 1374.570312,
  "e2e_us": 2884.212130,
  "throughput_GBs": 2600.567858,
  "latency_all": {
    "count": 1048576,
    "mean_us": 257.354603,
    "p50_us": 100.417993,
    "p99_us": 348.287433,
    "min_us": 0.336720,
    "max_us": 779.443345
  },
  "latency_hot": {
    "count": 361486,
    "mean_us": 289.789191,
    "p50_us": 209.690740,
    "p99_us": 664.396233,
    "min_us": 3.539864,
    "max_us": 732.421265
  },
  "latency_cold": {
    "count": 257466,
    "mean_us": 240.725844,
    "p50_us": 110.225308,
    "p99_us": 681.671825,
    "min_us": 0.336720,
    "max_us": 779.443345
  },
  "dispatch_cct_us": 730.198473,
  "combine_cct_us": 779.443345,
  "roundtrip_step_us": 1515.641818,
  "e2e_step_us": 2890.212130
}
