{
  "scenario": 1,
  "scheme": "ub_rg_pop",
  "mode": "roundtrip",
  "batch": 256,
  "zipf_s": 0.900000,
  "topk": 8,
  "ep_size": 32,
  "seed": 49,
  "start_skew_us": 4.000000,
  "tau_g_ns": 143.360000,
  "grain_bytes": 7168,
  "total_tokens": 131072,
  "max_egress_load": 933,
  "konig_us": 265.932800,
  "rtt_us": 0.900000,
  "barrier_us": 0.800000,
  "cct_us": 276.318741,
  "step_us": 565.165616,
  "gemv_us": 288.046875,
  "e2e_us": 564.365616,
  "throughput_GBs": 1662.387219,
  "latency_all": {
    "count": 131072,
    "mean_us": 32.607216,
    "p50_us": 23.066832,
    "p99_us": 123.953576,
    "min_us": 1.595751,
    "max_us": 138.830773
  },
  "latency_hot": {
    "count": 36216,
    "mean_us": 59.096071,
    "p50_us": 57.493612,
    "p99_us": 132.497540,
    "min_us": 1.768923,
    "max_us": 138.830773
  },
  "latency_cold": {
    "count": 33846,
    "mean_us": 13.513631,
    "p50_us": 13.135954,
    "p99_us": 27.919869,
    "min_us": 1.615615,
    "max_us": 31.826194
  },
  "dispatch_cct_us": 138.830773,
  "combine_cct_us": 137.487968,
  "roundtrip_step_us": 277.118741,
  "e2e_step_us": 565.165616
}
