{
  "scenario": 1,
  "scheme": "packet_spray",
  "mode": "roundtrip",
  "batch": 64,
  "zipf_s": 0.700000,
  "topk": 8,
  "ep_size": 32,
  "seed": 56,
  "start_skew_us": 4.000000,
  "tau_g_ns": 143.360000,
  "grain_bytes": 7168,
  "total_tokens": 32768,
  "max_egress_load": 228,
  "konig_us": 61.501440,
  "rtt_us": 0.000000,
  "barrier_us": 4.000000,
  "cct_us": 98.520464,
  "step_us": 165.176714,
  "gemv_us": 62.656250,
  "e2e_us": 161.176714,
  "throughput_GBs": 1421.998403,
  "latency_all": {
    "count": 32768,
    "mean_us": 28.403594,
    "p50_us": 28.658177,
    "p99_us": 48.617457,
    "min_us": 2.255705,
    "max_us": 58.652657
  },
  "latency_hot": {
    "count": 7848,
    "mean_us": 27.939639,
    "p50_us": 28.371457,
    "p99_us": 53.204977,
    "min_us": 2.255705,
    "max_us": 58.652657
  },
  "latency_cold": {
    "count": 9918,
    "mean_us": 28.782461,
    "p50_us": 28.658177,
    "p99_us": 38.290848,
    "min_us": 8.691206,
    "max_us": 39.867808
  },
  "dispatch_cct_us": 58.652657,
  "combine_cct_us": 39.867808,
  "roundtrip_step_us": 102.520464,
  "e2e_step_us": 165.176714
}
