{
  "scenario": 1,
  "scheme": "ub_rg_pop",
  "mode": "roundtrip",
  "batch": 64,
  "zipf_s": 0.000000,
  "topk": 8,
  "ep_size": 128,
  "seed": 75,
  "start_skew_us": 4.000000,
  "tau_g_ns": 143.360000,
  "grain_bytes": 7168,
  "total_tokens": 131072,
  "max_egress_load": 88,
  "konig_us": 25.231360,
  "rtt_us": 0.900000,
  "barrier_us": 0.800000,
  "cct_us": 36.935964,
  "step_us": 60.235964,
  "gemv_us": 22.500000,
  "e2e_us": 59.435964,
  "throughput_GBs": 15597.394523,
  "latency_all": {
    "count": 131072,
    "mean_us": 8.878310,
    "p50_us": 8.806597,
    "p99_us": 15.502537,
    "min_us": 1.480015,
    "max_us": 19.307471
  },
  "latency_hot": {
    "count": 12468,
    "mean_us": 8.853015,
    "p50_us": 8.796175,
    "p99_us": 15.483318,
    "min_us": 1.506471,
    "max_us": 17.766563
  },
  "latency_cold": {
    "count": 65536,
    "mean_us": 8.969482,
    "p50_us": 8.898156,
    "p99_us": 15.640734,
    "min_us": 1.480015,
    "max_us": 19.307471
  },
  "dispatch_cct_us": 19.307471,
  "combine_cct_us": 17.628493,
  "roundtrip_step_us": 37.735964,
  "e2e_step_us": 60.235964
}
