{
  "scenario": 1,
  "scheme": "ub_rg",
  "mode": "roundtrip",
  "batch": 16,
  "zipf_s": 0.300000,
  "topk": 8,
  "ep_size": 64,
  "seed": 12,
  "start_skew_us": 4.000000,
  "tau_g_ns": 143.360000,
  "grain_bytes": 7168,
  "total_tokens": 16384,
  "max_egress_load": 44,
  "konig_us": 11.468800,
  "rtt_us": 0.600000,
  "barrier_us": 0.800000,
  "cct_us": 48.059856,
  "step_us": 60.070793,
  "gemv_us": 11.210938,
  "e2e_us": 59.270793,
  "throughput_GBs": 1955.035143,
  "latency_all": {
    "count": 16384,
    "mean_us": 10.958935,
    "p50_us": 10.710896,
    "p99_us": 21.243196,
    "min_us": 1.203643,
    "max_us": 24.078933
  },
  "latency_hot": {
    "count": 2682,
    "mean_us": 12.423974,
    "p50_us": 12.379271,
    "p99_us": 20.285139,
    "min_us": 1.793958,
    "max_us": 23.980923
  },
  "latency_cold": {
    "count": 6592,
    "mean_us": 10.847683,
    "p50_us": 10.634427,
    "p99_us": 19.361808,
    "min_us": 1.454258,
    "max_us": 23.031882
  },
  "dispatch_cct_us": 23.980923,
  "combine_cct_us": 24.078933,
  "roundtrip_step_us": 48.859856,
  "e2e_step_us": 60.070793
}
