{
  "scenario": 4,
  "scheme": "packet_spray",
  "mode": "roundtrip",
  "batch": 128,
  "zipf_s": 0.300000,
  "topk": 8,
  "ep_size": 256,
  "seed": 35,
  "start_skew_us": 4.000000,
  "tau_g_ns": 143.360000,
  "grain_bytes": 7168,
  "total_tokens": 524288,
  "max_egress_load": 501,
  "konig_us": 137.052160,
  "rtt_us": 0.000000,
  "barrier_us": 6.000000,
  "cct_us": 186.168196,
  "step_us": 334.355696,
  "gemv_us": 142.187500,
  "e2e_us": 328.355696,
  "throughput_GBs": 11239.815654,
  "latency_all": {
    "count": 524288,
    "mean_us": 37.303153,
    "p50_us": 26.468849,
    "p99_us": 51.628423,
    "min_us": 0.194970,
    "max_us": 95.817532
  },
  "latency_hot": {
    "count": 97582,
    "mean_us": 37.898540,
    "p50_us": 37.039932,
    "p99_us": 74.026812,
    "min_us": 0.194970,
    "max_us": 90.350663
  },
  "latency_cold": {
    "count": 204624,
    "mean_us": 38.388477,
    "p50_us": 30.663583,
    "p99_us": 83.488572,
    "min_us": 0.482843,
    "max_us": 95.817532
  },
  "dispatch_cct_us": 90.350663,
  "combine_cct_us": 95.817532,
  "roundtrip_step_us": 192.168196,
  "e2e_step_us": 334.355696
}
