{
  "scenario": 4,
  "scheme": "ub_rg_pop",
  "mode": "roundtrip",
  "batch": 256,
  "zipf_s": 0.000000,
  "topk": 8,
  "ep_size": 256,
  "seed": 77,
  "start_skew_us": 4.000000,
  "tau_g_ns": 143.360000,
  "grain_bytes": 7168,
  "total_tokens": 1048576,
  "max_egress_load": 326,
  "konig_us": 92.753920,
  "rtt_us": 1.200000,
  "barrier_us": 1.600000,
  "cct_us": 105.990457,
  "step_us": 192.629520,
  "gemv_us": 85.039062,
  "e2e_us": 191.029520,
  "throughput_GBs": 39018.904160,
  "latency_all": {
    "count": 1048576,
    "mean_us": 23.547209,
    "p50_us": 13.724520,
    "p99_us": 40.812719,
    "min_us": 1.464381,
    "max_us": 53.773589
  },
  "latency_hot": {
    "count": 102544,
    "mean_us": 23.523944,
    "p50_us": 23.392286,
    "p99_us": 44.612907,
    "min_us": 1.852164,
    "max_us": 53.773589
  },
  "latency_cold": {
    "count": 524350,
    "mean_us": 23.559541,
    "p50_us": 20.324083,
    "p99_us": 37.952500,
    "min_us": 1.464381,
    "max_us": 53.001623
  },
  "dispatch_cct_us": 53.773589,
  "combine_cct_us": 52.216868,
  "roundtrip_step_us": 107.590457,
  "e2e_step_us": 192.629520
}
