{
  "scenario": 4,
  "scheme": "ub_rg_pop",
  "mode": "roundtrip",
  "batch": 256,
  "zipf_s": 0.700000,
  "topk": 8,
  "ep_size": 256,
  "seed": 31,
  "start_skew_us": 4.000000,
  "tau_g_ns": 143.360000,
  "grain_bytes": 7168,
  "total_tokens": 1048576,
  "max_egress_load": 3953,
  "konig_us": 1082.798080,
  "rtt_us": 1.200000,
  "barrier_us": 1.600000,
  "cct_us": 1139.289184,
  "step_us": 2265.811059,
  "gemv_us": 1124.921875,
  "e2e_us": 2264.211059,
  "throughput_GBs": 3317.219562,
  "latency_all": {
    "count": 1048576,
    "mean_us": 56.439032,
    "p50_us": 13.836986,
    "p99_us": 196.788262,
    "min_us": 1.562811,
    "max_us": 569.867363
  },
  "latency_hot": {
    "count": 406034,
    "mean_us": 113.204211,
    "p50_us": 77.012117,
    "p99_us": 433.234028,
    "min_us": 1.794059,
    "max_us": 569.867363
  },
  "latency_cold": {
    "count": 242042,
    "mean_us": 13.833800,
    "p50_us": 12.090435,
    "p99_us": 26.111865,
    "min_us": 1.659180,
    "max_us": 46.308028
  },
  "dispatch_cct_us": 569.867363,
  "combine_cct_us": 569.421821,
  "roundtrip_step_us": 1140.889184,
  "e2e_step_us": 2265.811059
}
