{
  "scenario": 4,
  "scheme": "ub_rg_pop",
  "mode": "roundtrip",
  "batch": 64,
  "zipf_s": 0.000000,
  "topk": 8,
  "ep_size": 256,
  "seed": 18,
  "start_skew_us": 4.000000,
  "tau_g_ns": 143.360000,
  "grain_bytes": 7168,
  "total_tokens": 262144,
  "max_egress_load": 97,
  "konig_us": 27.525120,
  "rtt_us": 1.200000,
  "barrier_us": 1.600000,
  "cct_us": 74.012094,
  "step_us": 98.151156,
  "gemv_us": 22.539062,
  "e2e_us": 96.551156,
  "throughput_GBs": 19144.432522,
  "latency_all": {
    "count": 262144,
    "mean_us": 17.940202,
    "p50_us": 16.438780,
    "p99_us": 29.392369,
    "min_us": 1.662307,
    "max_us": 39.757272
  },
  "latency_hot": {
    "count": 25488,
    "mean_us": 18.106970,
    "p50_us": 18.062153,
    "p99_us": 28.858762,
    "min_us": 2.326146,
    "max_us": 37.684410
  },
  "latency_cold": {
    "count": 131582,
    "mean_us": 17.917623,
    "p50_us": 17.890320,
    "p99_us": 29.428587,
    "min_us": 2.132589,
    "max_us": 39.757272
  },
  "dispatch_cct_us": 39.757272,
  "combine_cct_us": 34.254822,
  "roundtrip_step_us": 75.612094,
  "e2e_step_us": 98.151156
}
