{
  "scenario": 1,
  "scheme": "ub_rg",
  "mode": "roundtrip",
  "batch": 256,
  "zipf_s": 0.000000,
  "topk": 8,
  "ep_size": 32,
  "seed": 67,
  "start_skew_us": 4.000000,
  "tau_g_ns": 143.360000,
  "grain_bytes": 7168,
  "total_tokens": 131072,
  "max_egress_load": 303,
  "konig_us": 85.729280,
  "rtt_us": 0.600000,
  "barrier_us": 0.800000,
  "cct_us": 94.622803,
  "step_us": 178.039990,
  "gemv_us": 82.617188,
  "e2e_us": 177.239990,
  "throughput_GBs": 5277.039689,
  "latency_all": {
    "count": 131072,
    "mean_us": 21.794106,
    "p50_us": 21.682785,
    "p99_us": 42.080920,
    "min_us": 1.267651,
    "max_us": 47.483491
  },
  "latency_hot": {
    "count": 12364,
    "mean_us": 21.439638,
    "p50_us": 21.324235,
    "p99_us": 41.844748,
    "min_us": 1.370752,
    "max_us": 46.500158
  },
  "latency_cold": {
    "count": 66046,
    "mean_us": 22.032228,
    "p50_us": 21.911018,
    "p99_us": 42.453540,
    "min_us": 1.267651,
    "max_us": 47.483491
  },
  "dispatch_cct_us": 47.139312,
  "combine_cct_us": 47.483491,
  "roundtrip_step_us": 95.422803,
  "e2e_step_us": 178.039990
}
