{
  "scenario": 1,
  "scheme": "packet_spray",
  "mode": "roundtrip",
  "batch": 256,
  "zipf_s": 0.900000,
  "topk": 8,
  "ep_size": 32,
  "seed": 82,
  "start_skew_us": 4.000000,
  "tau_g_ns": 143.360000,
  "grain_bytes": 7168,
  "total_tokens": 131072,
  "max_egress_load": 988,
  "konig_us": 273.960960,
  "rtt_us": 0.000000,
  "barrier_us": 4.000000,
  "cct_us": 342.830803,
  "step_us": 634.994865,
  "gemv_us": 288.164062,
  "e2e_us": 630.994865,
  "throughput_GBs": 1479.577469,
  "latency_all": {
    "count": 131072,
    "mean_us": 76.316361,
    "p50_us": 68.046403,
    "p99_us": 157.946000,
    "min_us": 0.536720,
    "max_us": 177.000003
  },
  "latency_hot": {
    "count": 36484,
    "mean_us": 82.118972,
    "p50_us": 82.812483,
    "p99_us": 164.240963,
    "min_us": 0.536720,
    "max_us": 177.000003
  },
  "latency_cold": {
    "count": 33276,
    "mean_us": 73.996775,
    "p50_us": 58.057238,
    "p99_us": 160.383120,
    "min_us": 6.544963,
    "max_us": 165.830800
  },
  "dispatch_cct_us": 177.000003,
  "combine_cct_us": 165.830800,
  "roundtrip_step_us": 346.830803,
  "e2e_step_us": 634.994865
}
