{
  "scenario": 1,
  "scheme": "ub_rg_pop",
  "mode": "roundtrip",
  "batch": 16,
  "zipf_s": 0.000000,
  "topk": 8,
  "ep_size": 32,
  "seed": 57,
  "start_skew_us": 4.000000,
  "tau_g_ns": 143.360000,
  "grain_bytes": 7168,
  "total_tokens": 8192,
  "max_egress_load": 28,
  "konig_us": 7.884800,
  "rtt_us": 0.900000,
  "barrier_us": 0.800000,
  "cct_us": 43.798323,
  "step_us": 50.340511,
  "gemv_us": 5.742188,
  "e2e_us": 49.540511,
  "throughput_GBs": 1166.461265,
  "latency_all": {
    "count": 8192,
    "mean_us": 10.384250,
    "p50_us": 9.719512,
    "p99_us": 22.847707,
    "min_us": 1.447326,
    "max_us": 25.522492
  },
  "latency_hot": {
    "count": 746,
    "mean_us": 7.862622,
    "p50_us": 8.741297,
    "p99_us": 17.101052,
    "min_us": 1.476777,
    "max_us": 18.020930
  },
  "latency_cold": {
    "count": 4240,
    "mean_us": 10.500408,
    "p50_us": 9.568438,
    "p99_us": 23.720804,
    "min_us": 1.447326,
    "max_us": 25.522492
  },
  "dispatch_cct_us": 18.275831,
  "combine_cct_us": 25.522492,
  "roundtrip_step_us": 44.598323,
  "e2e_step_us": 50.340511
}
