{
  "scenario": 1,
  "scheme": "packet_spray",
  "mode": "roundtrip",
  "batch": 16,
  "zipf_s": 0.300000,
  "topk": 8,
  "ep_size": 64,
  "seed": 5,
  "start_skew_us": 4.000000,
  "tau_g_ns": 143.360000,
  "grain_bytes": 7168,
  "total_tokens": 16384,
  "max_egress_load": 49,
  "konig_us": 12.185600,
  "rtt_us": 0.000000,
  "barrier_us": 4.000000,
  "cct_us": 49.175070,
  "step_us": 64.307883,
  "gemv_us": 11.132812,
  "e2e_us": 60.307883,
  "throughput_GBs": 1826.222651,
  "latency_all": {
    "count": 16384,
    "mean_us": 17.711051,
    "p50_us": 18.118610,
    "p99_us": 23.508650,
    "min_us": 0.536720,
    "max_us": 24.655530
  },
  "latency_hot": {
    "count": 2712,
    "mean_us": 16.851909,
    "p50_us": 16.931650,
    "p99_us": 22.799220,
    "min_us": 0.536720,
    "max_us": 24.519540
  },
  "latency_cold": {
    "count": 6652,
    "mean_us": 18.134433,
    "p50_us": 18.589364,
    "p99_us": 23.938730,
    "min_us": 0.536720,
    "max_us": 24.655530
  },
  "dispatch_cct_us": 24.519540,
  "combine_cct_us": 24.655530,
  "roundtrip_step_us": 53.175070,
  "e2e_step_us": 64.307883
}
