{
  "scenario": 1,
  "scheme": "ub_rg_pop",
  "mode": "roundtrip",
  "batch": 16,
  "zipf_s": 0.000000,
  "topk": 8,
  "ep_size": 64,
  "seed": 10,
  "tau_g_ns": 143.360000,
  "grain_bytes": 7168,
  "total_tokens": 16384,
  "max_egress_load": 29,
  "konig_us": 7.884800,
  "rtt_us": 0.900000,
  "barrier_us": 0.800000,
  "cct_us": 11.233743,
  "step_us": 12.033743,
  "throughput_GBs": 9759.266915,
  "latency_all": {
    "count": 16384,
    "mean_us": 2.949090,
    "p50_us": 2.901928,
    "p99_us": 4.813621,
    "min_us": 1.443424,
    "max_us": 5.682477
  },
  "latency_hot": {
    "count": 1582,
    "mean_us": 2.988923,
    "p50_us": 2.931819,
    "p99_us": 4.900909,
    "min_us": 1.448708,
    "max_us": 5.339699
  },
  "latency_cold": {
    "count": 8200,
    "mean_us": 2.951816,
    "p50_us": 2.901053,
    "p99_us": 4.799688,
    "min_us": 1.445990,
    "max_us": 5.682477
  },
  "dispatch_cct_us": 5.682477,
  "combine_cct_us": 5.551266,
  "roundtrip_step_us": 12.033743
}
