{
  "scenario": 1,
  "scheme": "ub_rg",
  "mode": "roundtrip",
  "batch": 256,
  "zipf_s": 0.000000,
  "topk": 8,
  "ep_size": 64,
  "seed": 58,
  "tau_g_ns": 143.360000,
  "grain_bytes": 7168,
  "total_tokens": 262144,
  "max_egress_load": 305,
  "konig_us": 86.159360,
  "rtt_us": 0.600000,
  "barrier_us": 0.800000,
  "cct_us": 90.462907,
  "step_us": 91.262907,
  "throughput_GBs": 20589.396645,
  "latency_all": {
    "count": 262144,
    "mean_us": 19.995521,
    "p50_us": 15.510607,
    "p99_us": 39.439491,
    "min_us": 1.143406,
    "max_us": 45.673485
  },
  "latency_hot": {
    "count": 24470,
    "mean_us": 19.929329,
    "p50_us": 19.788656,
    "p99_us": 40.151492,
    "min_us": 1.148190,
    "max_us": 43.643557
  },
  "latency_cold": {
    "count": 131226,
    "mean_us": 20.016568,
    "p50_us": 19.881796,
    "p99_us": 39.869501,
    "min_us": 1.144590,
    "max_us": 44.212836
  },
  "dispatch_cct_us": 45.673485,
  "combine_cct_us": 44.789422,
  "roundtrip_step_us": 91.262907
}
