{
  "scenario": 1,
  "scheme": "packet_spray",
  "mode": "roundtrip",
  "batch": 128,
  "zipf_s": 0.900000,
  "topk": 8,
  "ep_size": 32,
  "seed": 80,
  "start_skew_us": 4.000000,
  "tau_g_ns": 143.360000,
  "grain_bytes": 7168,
  "total_tokens": 65536,
  "max_egress_load": 496,
  "konig_us": 137.195520,
  "rtt_us": 0.000000,
  "barrier_us": 4.000000,
  "cct_us": 184.177091,
  "step_us": 332.044278,
  "gemv_us": 143.867188,
  "e2e_us": 328.044278,
  "throughput_GBs": 1414.757244,
  "latency_all": {
    "count": 65536,
    "mean_us": 43.579978,
    "p50_us": 39.741430,
    "p99_us": 83.196846,
    "min_us": 3.646655,
    "max_us": 95.819284
  },
  "latency_hot": {
    "count": 18148,
    "mean_us": 45.055989,
    "p50_us": 45.069844,
    "p99_us": 83.851375,
    "min_us": 3.856495,
    "max_us": 95.819284
  },
  "latency_cold": {
    "count": 16616,
    "mean_us": 43.187396,
    "p50_us": 36.874230,
    "p99_us": 85.490606,
    "min_us": 3.646655,
    "max_us": 88.357806
  },
  "dispatch_cct_us": 95.819284,
  "combine_cct_us": 88.357806,
  "roundtrip_step_us": 188.177091,
  "e2e_step_us": 332.044278
}
