{
  "scenario": 4,
  "scheme": "packet_spray",
  "mode": "roundtrip",
  "batch": 512,
  "zipf_s": 0.300000,
  "topk": 8,
  "ep_size": 256,
  "seed": 38,
  "start_skew_us": 4.000000,
  "tau_g_ns": 143.360000,
  "grain_bytes": 7168,
  "total_tokens": 2097152,
  "max_egress_load": 2113,
  "konig_us": 566.558720,
  "rtt_us": 0.000000,
  "barrier_us": 6.000000,
  "cct_us": 721.648091,
  "step_us": 1302.062153,
  "gemv_us": 574.414062,
  "e2e_us": 1296.062153,
  "throughput_GBs": 11545.059885,
  "latency_all": {
    "count": 2097152,
    "mean_us": 139.456199,
    "p50_us": 81.109951,
    "p99_us": 190.437897,
    "min_us": 0.194475,
    "max_us": 366.440239
  },
  "latency_hot": {
    "count": 390064,
    "mean_us": 141.489003,
    "p50_us": 137.679843,
    "p99_us": 296.284883,
    "min_us": 0.675183,
    "max_us": 355.207852
  },
  "latency_cold": {
    "count": 820208,
    "mean_us": 143.820538,
    "p50_us": 86.414271,
    "p99_us": 124.575310,
    "min_us": 0.194475,
    "max_us": 366.440239
  },
  "dispatch_cct_us": 355.207852,
  "combine_cct_us": 366.440239,
  "roundtrip_step_us": 727.648091,
  "e2e_step_us": 1302.062153
}
