{
  "scenario": 4,
  "scheme": "packet_spray",
  "mode": "roundtrip",
  "batch": 16,
  "zipf_s": 0.000000,
  "topk": 8,
  "ep_size": 256,
  "seed": 23,
  "start_skew_us": 4.000000,
  "tau_g_ns": 143.360000,
  "grain_bytes": 7168,
  "total_tokens": 65536,
  "max_egress_load": 30,
  "konig_us": 8.601600,
  "rtt_us": 0.000000,
  "barrier_us": 6.000000,
  "cct_us": 55.757037,
  "step_us": 68.163287,
  "gemv_us": 6.406250,
  "e2e_us": 62.163287,
  "throughput_GBs": 6891.716509,
  "latency_all": {
    "count": 65536,
    "mean_us": 18.421519,
    "p50_us": 18.491068,
    "p99_us": 26.029052,
    "min_us": 0.480080,
    "max_us": 28.322812
  },
  "latency_hot": {
    "count": 6340,
    "mean_us": 16.144225,
    "p50_us": 16.360512,
    "p99_us": 24.136945,
    "min_us": 3.686239,
    "max_us": 25.585594
  },
  "latency_cold": {
    "count": 32994,
    "mean_us": 19.227726,
    "p50_us": 19.143553,
    "p99_us": 26.459132,
    "min_us": 0.480080,
    "max_us": 28.322812
  },
  "dispatch_cct_us": 27.434225,
  "combine_cct_us": 28.322812,
  "roundtrip_step_us": 61.757037,
  "e2e_step_us": 68.163287
}
