{
  "scenario": 1,
  "scheme": "ub_rg",
  "mode": "roundtrip",
  "batch": 256,
  "zipf_s": 0.900000,
  "topk": 8,
  "ep_size": 32,
  "seed": 57,
  "start_skew_us": 4.000000,
  "tau_g_ns": 143.360000,
  "grain_bytes": 7168,
  "total_tokens": 131072,
  "max_egress_load": 939,
  "konig_us": 266.792960,
  "rtt_us": 0.600000,
  "barrier_us": 0.800000,
  "cct_us": 287.982652,
  "step_us": 576.829527,
  "gemv_us": 288.046875,
  "e2e_us": 576.029527,
  "throughput_GBs": 1628.772544,
  "latency_all": {
    "count": 131072,
    "mean_us": 37.448891,
    "p50_us": 28.763471,
    "p99_us": 127.598488,
    "min_us": 1.147326,
    "max_us": 145.473940
  },
  "latency_hot": {
    "count": 36230,
    "mean_us": 62.328048,
    "p50_us": 60.442902,
    "p99_us": 136.293577,
    "min_us": 1.173645,
    "max_us": 145.473940
  },
  "latency_cold": {
    "count": 33622,
    "mean_us": 18.830610,
    "p50_us": 18.392707,
    "p99_us": 37.056389,
    "min_us": 1.147326,
    "max_us": 41.158133
  },
  "dispatch_cct_us": 145.473940,
  "combine_cct_us": 142.508712,
  "roundtrip_step_us": 288.782652,
  "e2e_step_us": 576.829527
}
