{
  "scenario": 1,
  "scheme": "ub_rg_pop",
  "mode": "roundtrip",
  "batch": 16,
  "zipf_s": 0.900000,
  "topk": 8,
  "ep_size": 32,
  "seed": 52,
  "start_skew_us": 4.000000,
  "tau_g_ns": 143.360000,
  "grain_bytes": 7168,
  "total_tokens": 8192,
  "max_egress_load": 59,
  "konig_us": 16.629760,
  "rtt_us": 0.900000,
  "barrier_us": 0.800000,
  "cct_us": 26.158119,
  "step_us": 44.614369,
  "gemv_us": 17.656250,
  "e2e_us": 43.814369,
  "throughput_GBs": 1316.173632,
  "latency_all": {
    "count": 8192,
    "mean_us": 5.377339,
    "p50_us": 5.124517,
    "p99_us": 11.309388,
    "min_us": 1.614734,
    "max_us": 13.519730
  },
  "latency_hot": {
    "count": 2218,
    "mean_us": 6.744390,
    "p50_us": 6.688553,
    "p99_us": 12.246476,
    "min_us": 1.614734,
    "max_us": 13.519730
  },
  "latency_cold": {
    "count": 2028,
    "mean_us": 4.303020,
    "p50_us": 4.449094,
    "p99_us": 6.674163,
    "min_us": 1.645717,
    "max_us": 7.297340
  },
  "dispatch_cct_us": 13.519730,
  "combine_cct_us": 12.638389,
  "roundtrip_step_us": 26.958119,
  "e2e_step_us": 44.614369
}
