{
  "scenario": 1,
  "scheme": "ub_rg",
  "mode": "roundtrip",
  "batch": 64,
  "zipf_s": 0.700000,
  "topk": 8,
  "ep_size": 128,
  "seed": 96,
  "start_skew_us": 4.000000,
  "tau_g_ns": 143.360000,
  "grain_bytes": 7168,
  "total_tokens": 131072,
  "max_egress_load": 556,
  "konig_us": 157.839360,
  "rtt_us": 0.600000,
  "barrier_us": 0.800000,
  "cct_us": 194.583969,
  "step_us": 365.618344,
  "gemv_us": 170.234375,
  "e2e_us": 364.818344,
  "throughput_GBs": 2569.685332,
  "latency_all": {
    "count": 131072,
    "mean_us": 22.787722,
    "p50_us": 19.096994,
    "p99_us": 77.968697,
    "min_us": 1.153906,
    "max_us": 105.610816
  },
  "latency_hot": {
    "count": 44762,
    "mean_us": 33.741879,
    "p50_us": 29.964629,
    "p99_us": 85.828134,
    "min_us": 1.578581,
    "max_us": 105.610816
  },
  "latency_cold": {
    "count": 32756,
    "mean_us": 15.215107,
    "p50_us": 15.342284,
    "p99_us": 26.576582,
    "min_us": 1.153906,
    "max_us": 35.018163
  },
  "dispatch_cct_us": 105.610816,
  "combine_cct_us": 88.973153,
  "roundtrip_step_us": 195.383969,
  "e2e_step_us": 365.618344
}
