{
  "scenario": 4,
  "scheme": "ub_rg",
  "mode": "roundtrip",
  "batch": 128,
  "zipf_s": 0.000000,
  "topk": 8,
  "ep_size": 512,
  "seed": 31,
  "start_skew_us": 4.000000,
  "tau_g_ns": 143.360000,
  "grain_bytes": 7168,
  "total_tokens": 1048576,
  "max_egress_load": 179,
  "konig_us": 50.606080,
  "rtt_us": 0.800000,
  "barrier_us": 1.600000,
  "cct_us": 64.709155,
  "step_us": 109.551343,
  "gemv_us": 43.242188,
  "e2e_us": 107.951343,
  "throughput_GBs": 68608.860389,
  "latency_all": {
    "count": 1048576,
    "mean_us": 14.621513,
    "p50_us": 10.671569,
    "p99_us": 25.142931,
    "min_us": 1.157729,
    "max_us": 34.742688
  },
  "latency_hot": {
    "count": 105092,
    "mean_us": 14.805865,
    "p50_us": 14.731861,
    "p99_us": 27.612673,
    "min_us": 1.305506,
    "max_us": 34.243639
  },
  "latency_cold": {
    "count": 523204,
    "mean_us": 14.576540,
    "p50_us": 14.035422,
    "p99_us": 23.505729,
    "min_us": 1.157729,
    "max_us": 34.742688
  },
  "dispatch_cct_us": 34.742688,
  "combine_cct_us": 29.966467,
  "roundtrip_step_us": 66.309155,
  "e2e_step_us": 109.551343
}
