{
  "scenario": 1,
  "scheme": "ub_rg",
  "mode": "roundtrip",
  "batch": 16,
  "zipf_s": 0.300000,
  "topk": 8,
  "ep_size": 128,
  "seed": 79,
  "start_skew_us": 4.000000,
  "tau_g_ns": 143.360000,
  "grain_bytes": 7168,
  "total_tokens": 32768,
  "max_egress_load": 55,
  "konig_us": 14.479360,
  "rtt_us": 0.600000,
  "barrier_us": 0.800000,
  "cct_us": 52.183001,
  "step_us": 67.358001,
  "gemv_us": 14.375000,
  "e2e_us": 66.558001,
  "throughput_GBs": 3487.054530,
  "latency_all": {
    "count": 32768,
    "mean_us": 13.131696,
    "p50_us": 13.004635,
    "p99_us": 22.714875,
    "min_us": 1.150807,
    "max_us": 26.562343
  },
  "latency_hot": {
    "count": 5590,
    "mean_us": 14.565847,
    "p50_us": 14.286010,
    "p99_us": 23.147422,
    "min_us": 1.297042,
    "max_us": 25.620658
  },
  "latency_cold": {
    "count": 12942,
    "mean_us": 12.306166,
    "p50_us": 12.214699,
    "p99_us": 21.708879,
    "min_us": 1.150807,
    "max_us": 26.142834
  },
  "dispatch_cct_us": 25.620658,
  "combine_cct_us": 26.562343,
  "roundtrip_step_us": 52.983001,
  "e2e_step_us": 67.358001
}
