{
  "scenario": 1,
  "scheme": "ub_rg",
  "mode": "roundtrip",
  "batch": 256,
  "zipf_s": 0.900000,
  "topk": 8,
  "ep_size": 64,
  "seed": 13,
  "tau_g_ns": 143.360000,
  "grain_bytes": 7168,
  "total_tokens": 262144,
  "max_egress_load": 1705,
  "konig_us": 487.137280,
  "rtt_us": 0.600000,
  "barrier_us": 0.800000,
  "cct_us": 491.183833,
  "step_us": 491.983833,
  "throughput_GBs": 3819.329148,
  "latency_all": {
    "count": 262144,
    "mean_us": 42.878233,
    "p50_us": 15.942394,
    "p99_us": 208.019957,
    "min_us": 1.144184,
    "max_us": 245.606185
  },
  "latency_hot": {
    "count": 96970,
    "mean_us": 83.676693,
    "p50_us": 73.997867,
    "p99_us": 235.170253,
    "min_us": 1.144344,
    "max_us": 245.606185
  },
  "latency_cold": {
    "count": 55158,
    "mean_us": 9.573602,
    "p50_us": 9.233885,
    "p99_us": 21.129429,
    "min_us": 1.144296,
    "max_us": 26.279514
  },
  "dispatch_cct_us": 245.577648,
  "combine_cct_us": 245.606185,
  "roundtrip_step_us": 491.983833
}
