{
  "scenario": 4,
  "scheme": "ub_rg",
  "mode": "roundtrip",
  "batch": 16,
  "zipf_s": 0.900000,
  "topk": 8,
  "ep_size": 128,
  "seed": 86,
  "start_skew_us": 4.000000,
  "tau_g_ns": 143.360000,
  "grain_bytes": 7168,
  "total_tokens": 32768,
  "max_egress_load": 197,
  "konig_us": 55.050240,
  "rtt_us": 0.800000,
  "barrier_us": 1.600000,
  "cct_us": 64.141161,
  "step_us": 124.022411,
  "gemv_us": 58.281250,
  "e2e_us": 122.422411,
  "throughput_GBs": 1893.859526,
  "latency_all": {
    "count": 32768,
    "mean_us": 7.321035,
    "p50_us": 5.719485,
    "p99_us": 27.014191,
    "min_us": 1.171098,
    "max_us": 33.041190
  },
  "latency_hot": {
    "count": 14356,
    "mean_us": 10.639903,
    "p50_us": 9.162497,
    "p99_us": 28.805499,
    "min_us": 1.171098,
    "max_us": 33.041190
  },
  "latency_cold": {
    "count": 5910,
    "mean_us": 3.882972,
    "p50_us": 3.720627,
    "p99_us": 6.522879,
    "min_us": 1.419731,
    "max_us": 11.075313
  },
  "dispatch_cct_us": 33.041190,
  "combine_cct_us": 31.099971,
  "roundtrip_step_us": 65.741161,
  "e2e_step_us": 124.022411
}
