{
  "scenario": 4,
  "scheme": "packet_spray",
  "mode": "roundtrip",
  "batch": 128,
  "zipf_s": 0.900000,
  "topk": 8,
  "ep_size": 512,
  "seed": 67,
  "start_skew_us": 4.000000,
  "tau_g_ns": 143.360000,
  "grain_bytes": 7168,
  "total_tokens": 1048576,
  "max_egress_load": 5512,
  "konig_us": 1512.017920,
  "rtt_us": 0.000000,
  "barrier_us": 6.000000,
  "cct_us": 1569.461202,
  "step_us": 3148.859639,
  "gemv_us": 1573.398438,
  "e2e_us": 3142.859639,
  "throughput_GBs": 2386.957067,
  "latency_all": {
    "count": 1048576,
    "mean_us": 227.598300,
    "p50_us": 26.800526,
    "p99_us": 323.270139,
    "min_us": 0.363783,
    "max_us": 822.280916
  },
  "latency_hot": {
    "count": 580578,
    "mean_us": 251.703320,
    "p50_us": 61.776126,
    "p99_us": 485.697019,
    "min_us": 0.420595,
    "max_us": 813.392596
  },
  "latency_cold": {
    "count": 153174,
    "mean_us": 196.911050,
    "p50_us": 27.486168,
    "p99_us": 724.222676,
    "min_us": 0.363783,
    "max_us": 822.280916
  },
  "dispatch_cct_us": 747.180286,
  "combine_cct_us": 822.280916,
  "roundtrip_step_us": 1575.461202,
  "e2e_step_us": 3148.859639
}
