{
  "scenario": 1,
  "scheme": "ub_rg",
  "mode": "roundtrip",
  "batch": 16,
  "zipf_s": 0.300000,
  "topk": 8,
  "ep_size": 32,
  "seed": 91,
  "start_skew_us": 4.000000,
  "tau_g_ns": 143.360000,
  "grain_bytes": 7168,
  "total_tokens": 8192,
  "max_egress_load": 34,
  "konig_us": 9.605120,
  "rtt_us": 0.600000,
  "barrier_us": 0.800000,
  "cct_us": 18.313925,
  "step_us": 27.981113,
  "gemv_us": 8.867188,
  "e2e_us": 27.181113,
  "throughput_GBs": 2098.567575,
  "latency_all": {
    "count": 8192,
    "mean_us": 4.689491,
    "p50_us": 4.639618,
    "p99_us": 7.986793,
    "min_us": 1.192244,
    "max_us": 9.511997
  },
  "latency_hot": {
    "count": 1248,
    "mean_us": 4.989744,
    "p50_us": 4.946966,
    "p99_us": 8.679969,
    "min_us": 1.192244,
    "max_us": 9.511997
  },
  "latency_cold": {
    "count": 3374,
    "mean_us": 4.357489,
    "p50_us": 4.262221,
    "p99_us": 7.265307,
    "min_us": 1.498388,
    "max_us": 7.761784
  },
  "dispatch_cct_us": 9.511997,
  "combine_cct_us": 8.801928,
  "roundtrip_step_us": 19.113925,
  "e2e_step_us": 27.981113
}
