{
  "scenario": 4,
  "scheme": "ub_rg",
  "mode": "roundtrip",
  "batch": 128,
  "zipf_s": 0.300000,
  "topk": 8,
  "ep_size": 512,
  "seed": 15,
  "start_skew_us": 4.000000,
  "tau_g_ns": 143.360000,
  "grain_bytes": 7168,
  "total_tokens": 1048576,
  "max_egress_load": 631,
  "konig_us": 170.885120,
  "rtt_us": 0.800000,
  "barrier_us": 1.600000,
  "cct_us": 186.229347,
  "step_us": 363.063722,
  "gemv_us": 175.234375,
  "e2e_us": 361.463722,
  "throughput_GBs": 20702.131093,
  "latency_all": {
    "count": 1048576,
    "mean_us": 15.980033,
    "p50_us": 10.369025,
    "p99_us": 31.369411,
    "min_us": 1.028028,
    "max_us": 93.228302
  },
  "latency_hot": {
    "count": 202132,
    "mean_us": 25.023278,
    "p50_us": 23.444401,
    "p99_us": 66.910021,
    "min_us": 1.423723,
    "max_us": 93.228302
  },
  "latency_cold": {
    "count": 406438,
    "mean_us": 12.253128,
    "p50_us": 13.211639,
    "p99_us": 23.174578,
    "min_us": 1.028028,
    "max_us": 41.379663
  },
  "dispatch_cct_us": 93.228302,
  "combine_cct_us": 93.001045,
  "roundtrip_step_us": 187.829347,
  "e2e_step_us": 363.063722
}
