{
  "scenario": 4,
  "scheme": "ub_rg_pop",
  "mode": "roundtrip",
  "batch": 256,
  "zipf_s": 0.300000,
  "topk": 8,
  "ep_size": 512,
  "seed": 68,
  "start_skew_us": 4.000000,
  "tau_g_ns": 143.360000,
  "grain_bytes": 7168,
  "total_tokens": 2097152,
  "max_egress_load": 1306,
  "konig_us": 352.378880,
  "rtt_us": 1.200000,
  "barrier_us": 1.600000,
  "cct_us": 382.859234,
  "step_us": 744.302984,
  "gemv_us": 359.843750,
  "e2e_us": 742.702984,
  "throughput_GBs": 20196.594472,
  "latency_all": {
    "count": 2097152,
    "mean_us": 27.510851,
    "p50_us": 12.764305,
    "p99_us": 67.004810,
    "min_us": 1.462417,
    "max_us": 191.624665
  },
  "latency_hot": {
    "count": 403436,
    "mean_us": 45.091987,
    "p50_us": 43.335727,
    "p99_us": 123.429049,
    "min_us": 1.707659,
    "max_us": 191.624665
  },
  "latency_cold": {
    "count": 814128,
    "mean_us": 20.516703,
    "p50_us": 15.151346,
    "p99_us": 34.781764,
    "min_us": 1.462417,
    "max_us": 63.520939
  },
  "dispatch_cct_us": 191.624665,
  "combine_cct_us": 191.234569,
  "roundtrip_step_us": 384.459234,
  "e2e_step_us": 744.302984
}
