{
  "scenario": 3,
  "scheme": "ub_rg",
  "mode": "roundtrip",
  "batch": 16,
  "zipf_s": 0.700000,
  "topk": 8,
  "ep_size": 256,
  "seed": 6,
  "tau_g_ns": 143.360000,
  "grain_bytes": 7168,
  "total_tokens": 65536,
  "max_egress_load": 255,
  "konig_us": 69.099520,
  "rtt_us": 1.100000,
  "barrier_us": 2.400000,
  "cct_us": 77.198620,
  "step_us": 79.598620,
  "throughput_GBs": 5901.635580,
  "latency_all": {
    "count": 65536,
    "mean_us": 5.598466,
    "p50_us": 3.775467,
    "p99_us": 28.715871,
    "min_us": 2.043361,
    "max_us": 38.609455
  },
  "latency_hot": {
    "count": 25440,
    "mean_us": 9.118935,
    "p50_us": 6.844377,
    "p99_us": 32.294169,
    "min_us": 2.043757,
    "max_us": 38.609455
  },
  "latency_cold": {
    "count": 15074,
    "mean_us": 3.061892,
    "p50_us": 2.932000,
    "p99_us": 5.289608,
    "min_us": 2.043585,
    "max_us": 7.938346
  },
  "dispatch_cct_us": 38.609455,
  "combine_cct_us": 38.589165,
  "roundtrip_step_us": 79.598620
}
