{
  "scenario": 1,
  "scheme": "islip",
  "mode": "roundtrip",
  "batch": 512,
  "zipf_s": 0.700000,
  "topk": 8,
  "ep_size": 128,
  "seed": 40,
  "start_skew_us": 4.000000,
  "tau_g_ns": 143.360000,
  "grain_bytes": 7168,
  "total_tokens": 1048576,
  "max_egress_load": 4417,
  "konig_us": 1259.130880,
  "rtt_us": 0.600000,
  "barrier_us": 0.800000,
  "cct_us": 1293.331634,
  "step_us": 2658.233196,
  "gemv_us": 1364.101562,
  "e2e_us": 2657.433196,
  "throughput_GBs": 2827.514448,
  "latency_all": {
    "count": 1048576,
    "mean_us": 90.160631,
    "p50_us": 26.588033,
    "p99_us": 287.622087,
    "min_us": 1.162107,
    "max_us": 648.436963
  },
  "latency_hot": {
    "count": 361468,
    "mean_us": 179.591365,
    "p50_us": 131.284739,
    "p99_us": 600.290765,
    "min_us": 1.162107,
    "max_us": 648.436963
  },
  "latency_cold": {
    "count": 257176,
    "mean_us": 28.784177,
    "p50_us": 24.277045,
    "p99_us": 54.340929,
    "min_us": 1.245833,
    "max_us": 67.347788
  },
  "dispatch_cct_us": 648.436963,
  "combine_cct_us": 644.894671,
  "roundtrip_step_us": 1294.131634,
  "e2e_step_us": 2658.233196
}
