{
  "scenario": 1,
  "scheme": "islip",
  "mode": "roundtrip",
  "batch": 16,
  "zipf_s": 0.700000,
  "topk": 8,
  "ep_size": 32,
  "seed": 87,
  "start_skew_us": 4.000000,
  "tau_g_ns": 143.360000,
  "grain_bytes": 7168,
  "total_tokens": 8192,
  "max_egress_load": 54,
  "konig_us": 15.052800,
  "rtt_us": 0.600000,
  "barrier_us": 0.800000,
  "cct_us": 23.281956,
  "step_us": 39.785081,
  "gemv_us": 15.703125,
  "e2e_us": 38.985081,
  "throughput_GBs": 1475.936559,
  "latency_all": {
    "count": 8192,
    "mean_us": 4.975899,
    "p50_us": 4.790094,
    "p99_us": 10.537234,
    "min_us": 1.238937,
    "max_us": 11.664788
  },
  "latency_hot": {
    "count": 2010,
    "mean_us": 6.564771,
    "p50_us": 6.445702,
    "p99_us": 11.167691,
    "min_us": 1.250212,
    "max_us": 11.664788
  },
  "latency_cold": {
    "count": 2390,
    "mean_us": 4.097070,
    "p50_us": 4.107900,
    "p99_us": 6.755935,
    "min_us": 1.349556,
    "max_us": 8.014245
  },
  "dispatch_cct_us": 11.617168,
  "combine_cct_us": 11.664788,
  "roundtrip_step_us": 24.081956,
  "e2e_step_us": 39.785081
}
