{
  "scenario": 2,
  "scheme": "ub_rg_pop",
  "mode": "roundtrip",
  "batch": 64,
  "zipf_s": 0.900000,
  "topk": 8,
  "ep_size": 1024,
  "seed": 74,
  "tau_g_ns": 143.360000,
  "grain_bytes": 7168,
  "total_tokens": 1048576,
  "max_egress_load": 4669,
  "konig_us": 1324.646400,
  "rtt_us": 1.650000,
  "barrier_us": 2.400000,
  "cct_us": 1343.768867,
  "step_us": 1346.168867,
  "throughput_GBs": 5583.395182,
  "latency_all": {
    "count": 1048576,
    "mean_us": 60.236238,
    "p50_us": 6.113253,
    "p99_us": 259.822242,
    "min_us": 2.593417,
    "max_us": 671.965386
  },
  "latency_hot": {
    "count": 617796,
    "mean_us": 97.557546,
    "p50_us": 24.452898,
    "p99_us": 259.822242,
    "min_us": 2.593821,
    "max_us": 671.965386
  },
  "latency_cold": {
    "count": 140310,
    "mean_us": 4.417789,
    "p50_us": 4.341779,
    "p99_us": 7.082359,
    "min_us": 2.593417,
    "max_us": 9.222933
  },
  "dispatch_cct_us": 671.803481,
  "combine_cct_us": 671.965386,
  "roundtrip_step_us": 1346.168867
}
