{
  "scenario": 4,
  "scheme": "ub_rg",
  "mode": "roundtrip",
  "batch": 64,
  "zipf_s": 0.000000,
  "topk": 8,
  "ep_size": 128,
  "seed": 21,
  "start_skew_us": 4.000000,
  "tau_g_ns": 143.360000,
  "grain_bytes": 7168,
  "total_tokens": 131072,
  "max_egress_load": 96,
  "konig_us": 26.664960,
  "rtt_us": 0.800000,
  "barrier_us": 1.600000,
  "cct_us": 67.643557,
  "step_us": 91.040432,
  "gemv_us": 21.796875,
  "e2e_us": 89.440432,
  "throughput_GBs": 10319.855384,
  "latency_all": {
    "count": 131072,
    "mean_us": 17.211309,
    "p50_us": 17.168299,
    "p99_us": 28.631662,
    "min_us": 1.175131,
    "max_us": 36.226708
  },
  "latency_hot": {
    "count": 12372,
    "mean_us": 16.415405,
    "p50_us": 16.172540,
    "p99_us": 28.271286,
    "min_us": 2.656984,
    "max_us": 34.480189
  },
  "latency_cold": {
    "count": 65302,
    "mean_us": 17.286115,
    "p50_us": 17.245881,
    "p99_us": 28.592443,
    "min_us": 2.375372,
    "max_us": 36.226708
  },
  "dispatch_cct_us": 36.226708,
  "combine_cct_us": 31.416849,
  "roundtrip_step_us": 69.243557,
  "e2e_step_us": 91.040432
}
