{
  "scenario": 1,
  "scheme": "islip",
  "mode": "roundtrip",
  "batch": 256,
  "zipf_s": 0.900000,
  "topk": 8,
  "ep_size": 64,
  "seed": 80,
  "start_skew_us": 4.000000,
  "tau_g_ns": 143.360000,
  "grain_bytes": 7168,
  "total_tokens": 262144,
  "max_egress_load": 1707,
  "konig_us": 486.277120,
  "rtt_us": 0.600000,
  "barrier_us": 0.800000,
  "cct_us": 511.407909,
  "step_us": 1038.614159,
  "gemv_us": 526.406250,
  "e2e_us": 1037.814159,
  "throughput_GBs": 1809.187921,
  "latency_all": {
    "count": 262144,
    "mean_us": 52.247981,
    "p50_us": 26.162295,
    "p99_us": 214.543288,
    "min_us": 1.170807,
    "max_us": 257.277901
  },
  "latency_hot": {
    "count": 96590,
    "mean_us": 93.321663,
    "p50_us": 83.936728,
    "p99_us": 241.907683,
    "min_us": 1.246515,
    "max_us": 257.277901
  },
  "latency_cold": {
    "count": 54954,
    "mean_us": 19.030049,
    "p50_us": 18.726883,
    "p99_us": 35.394780,
    "min_us": 1.170807,
    "max_us": 43.539976
  },
  "dispatch_cct_us": 257.277901,
  "combine_cct_us": 254.130008,
  "roundtrip_step_us": 512.207909,
  "e2e_step_us": 1038.614159
}
