{
  "scenario": 1,
  "scheme": "packet_spray",
  "mode": "roundtrip",
  "batch": 16,
  "zipf_s": 0.900000,
  "topk": 8,
  "ep_size": 128,
  "seed": 55,
  "start_skew_us": 4.000000,
  "tau_g_ns": 143.360000,
  "grain_bytes": 7168,
  "total_tokens": 32768,
  "max_egress_load": 209,
  "konig_us": 57.774080,
  "rtt_us": 0.000000,
  "barrier_us": 4.000000,
  "cct_us": 98.553659,
  "step_us": 162.944284,
  "gemv_us": 60.390625,
  "e2e_us": 158.944284,
  "throughput_GBs": 1441.480598,
  "latency_all": {
    "count": 32768,
    "mean_us": 27.492853,
    "p50_us": 25.656034,
    "p99_us": 46.806105,
    "min_us": 0.536720,
    "max_us": 49.883874
  },
  "latency_hot": {
    "count": 14462,
    "mean_us": 29.437839,
    "p50_us": 27.949794,
    "p99_us": 46.089305,
    "min_us": 5.133200,
    "max_us": 49.883874
  },
  "latency_cold": {
    "count": 6202,
    "mean_us": 25.452642,
    "p50_us": 22.640772,
    "p99_us": 47.522905,
    "min_us": 0.823440,
    "max_us": 48.669785
  },
  "dispatch_cct_us": 49.883874,
  "combine_cct_us": 48.669785,
  "roundtrip_step_us": 102.553659,
  "e2e_step_us": 162.944284
}
