{
  "scenario": 3,
  "scheme": "ub_rg_pop",
  "mode": "roundtrip",
  "batch": 16,
  "zipf_s": 0.000000,
  "topk": 8,
  "ep_size": 1024,
  "seed": 75,
  "tau_g_ns": 143.360000,
  "grain_bytes": 7168,
  "total_tokens": 262144,
  "max_egress_load": 33,
  "konig_us": 9.318400,
  "rtt_us": 1.650000,
  "barrier_us": 2.400000,
  "cct_us": 15.007983,
  "step_us": 17.407983,
  "throughput_GBs": 107941.753231,
  "latency_all": {
    "count": 262144,
    "mean_us": 4.255642,
    "p50_us": 3.931528,
    "p99_us": 6.403541,
    "min_us": 2.593380,
    "max_us": 7.682475
  },
  "latency_hot": {
    "count": 26384,
    "mean_us": 4.269595,
    "p50_us": 4.231069,
    "p99_us": 6.386510,
    "min_us": 2.594089,
    "max_us": 7.485643
  },
  "latency_cold": {
    "count": 131002,
    "mean_us": 4.256865,
    "p50_us": 4.219856,
    "p99_us": 6.361385,
    "min_us": 2.593380,
    "max_us": 7.678306
  },
  "dispatch_cct_us": 7.682475,
  "combine_cct_us": 7.325508,
  "roundtrip_step_us": 17.407983
}
