{
  "scenario": 1,
  "scheme": "islip",
  "mode": "roundtrip",
  "batch": 64,
  "zipf_s": 0.300000,
  "topk": 8,
  "ep_size": 128,
  "seed": 57,
  "start_skew_us": 4.000000,
  "tau_g_ns": 143.360000,
  "grain_bytes": 7168,
  "total_tokens": 131072,
  "max_egress_load": 223,
  "konig_us": 57.917440,
  "rtt_us": 0.600000,
  "barrier_us": 0.800000,
  "cct_us": 88.855553,
  "step_us": 146.100866,
  "gemv_us": 56.445312,
  "e2e_us": 145.300866,
  "throughput_GBs": 6430.653847,
  "latency_all": {
    "count": 131072,
    "mean_us": 17.069042,
    "p50_us": 16.724391,
    "p99_us": 31.864474,
    "min_us": 1.147326,
    "max_us": 48.491654
  },
  "latency_hot": {
    "count": 22538,
    "mean_us": 20.623073,
    "p50_us": 20.438740,
    "p99_us": 37.135105,
    "min_us": 1.289500,
    "max_us": 48.491654
  },
  "latency_cold": {
    "count": 52220,
    "mean_us": 15.469106,
    "p50_us": 15.379140,
    "p99_us": 26.081664,
    "min_us": 1.147326,
    "max_us": 30.926498
  },
  "dispatch_cct_us": 48.491654,
  "combine_cct_us": 40.363900,
  "roundtrip_step_us": 89.655553,
  "e2e_step_us": 146.100866
}
