{
  "scenario": 4,
  "scheme": "packet_spray",
  "mode": "roundtrip",
  "batch": 128,
  "zipf_s": 0.300000,
  "topk": 8,
  "ep_size": 256,
  "seed": 85,
  "start_skew_us": 4.000000,
  "tau_g_ns": 143.360000,
  "grain_bytes": 7168,
  "total_tokens": 524288,
  "max_egress_load": 510,
  "konig_us": 138.772480,
  "rtt_us": 0.000000,
  "barrier_us": 6.000000,
  "cct_us": 196.610679,
  "step_us": 345.618491,
  "gemv_us": 143.007812,
  "e2e_us": 339.618491,
  "throughput_GBs": 10873.539700,
  "latency_all": {
    "count": 524288,
    "mean_us": 45.906655,
    "p50_us": 37.425215,
    "p99_us": 61.370548,
    "min_us": 0.855205,
    "max_us": 99.305320
  },
  "latency_hot": {
    "count": 96748,
    "mean_us": 46.104521,
    "p50_us": 45.887668,
    "p99_us": 80.657034,
    "min_us": 2.824362,
    "max_us": 97.305359
  },
  "latency_cold": {
    "count": 205456,
    "mean_us": 47.105974,
    "p50_us": 41.300148,
    "p99_us": 89.413480,
    "min_us": 0.855205,
    "max_us": 99.305320
  },
  "dispatch_cct_us": 97.305359,
  "combine_cct_us": 99.305320,
  "roundtrip_step_us": 202.610679,
  "e2e_step_us": 345.618491
}
