{
  "scenario": 1,
  "scheme": "islip",
  "mode": "roundtrip",
  "batch": 16,
  "zipf_s": 0.300000,
  "topk": 8,
  "ep_size": 32,
  "seed": 65,
  "start_skew_us": 4.000000,
  "tau_g_ns": 143.360000,
  "grain_bytes": 7168,
  "total_tokens": 8192,
  "max_egress_load": 37,
  "konig_us": 9.891840,
  "rtt_us": 0.600000,
  "barrier_us": 0.800000,
  "cct_us": 19.380599,
  "step_us": 29.829036,
  "gemv_us": 9.648438,
  "e2e_us": 29.029036,
  "throughput_GBs": 1968.560284,
  "latency_all": {
    "count": 8192,
    "mean_us": 4.445792,
    "p50_us": 4.377010,
    "p99_us": 8.092384,
    "min_us": 1.191744,
    "max_us": 9.887091
  },
  "latency_hot": {
    "count": 1252,
    "mean_us": 5.290927,
    "p50_us": 5.222018,
    "p99_us": 8.978386,
    "min_us": 1.278474,
    "max_us": 9.887091
  },
  "latency_cold": {
    "count": 3448,
    "mean_us": 4.101256,
    "p50_us": 4.012097,
    "p99_us": 7.093467,
    "min_us": 1.210199,
    "max_us": 7.664892
  },
  "dispatch_cct_us": 9.887091,
  "combine_cct_us": 9.493508,
  "roundtrip_step_us": 20.180599,
  "e2e_step_us": 29.829036
}
