{
  "scenario": 4,
  "scheme": "packet_spray",
  "mode": "roundtrip",
  "batch": 16,
  "zipf_s": 0.300000,
  "topk": 8,
  "ep_size": 256,
  "seed": 30,
  "start_skew_us": 4.000000,
  "tau_g_ns": 143.360000,
  "grain_bytes": 7168,
  "total_tokens": 65536,
  "max_egress_load": 67,
  "konig_us": 17.920000,
  "rtt_us": 0.000000,
  "barrier_us": 6.000000,
  "cct_us": 56.409942,
  "step_us": 80.261505,
  "gemv_us": 17.851562,
  "e2e_us": 74.261505,
  "throughput_GBs": 5852.893617,
  "latency_all": {
    "count": 65536,
    "mean_us": 18.136441,
    "p50_us": 18.586705,
    "p99_us": 25.160564,
    "min_us": 0.193360,
    "max_us": 29.797614
  },
  "latency_hot": {
    "count": 12226,
    "mean_us": 17.631824,
    "p50_us": 18.285158,
    "p99_us": 26.787054,
    "min_us": 2.272592,
    "max_us": 29.797614
  },
  "latency_cold": {
    "count": 25566,
    "mean_us": 18.489526,
    "p50_us": 18.801849,
    "p99_us": 25.035368,
    "min_us": 0.193360,
    "max_us": 26.612328
  },
  "dispatch_cct_us": 29.797614,
  "combine_cct_us": 26.612328,
  "roundtrip_step_us": 62.409942,
  "e2e_step_us": 80.261505
}
