{
  "scenario": 4,
  "scheme": "ub_rg",
  "mode": "roundtrip",
  "batch": 512,
  "zipf_s": 0.900000,
  "topk": 8,
  "ep_size": 256,
  "seed": 38,
  "start_skew_us": 4.000000,
  "tau_g_ns": 143.360000,
  "grain_bytes": 7168,
  "total_tokens": 2097152,
  "max_egress_load": 12227,
  "konig_us": 3350.609920,
  "rtt_us": 0.800000,
  "barrier_us": 1.600000,
  "cct_us": 3532.048467,
  "step_us": 7016.343780,
  "gemv_us": 3482.695312,
  "e2e_us": 7014.743780,
  "throughput_GBs": 2142.481328,
  "latency_all": {
    "count": 2097152,
    "mean_us": 199.479236,
    "p50_us": 25.114400,
    "p99_us": 1043.790985,
    "min_us": 1.260708,
    "max_us": 1766.482965
  },
  "latency_hot": {
    "count": 1062008,
    "mean_us": 351.995552,
    "p50_us": 96.948487,
    "p99_us": 1043.894294,
    "min_us": 4.653294,
    "max_us": 1766.482965
  },
  "latency_cold": {
    "count": 336110,
    "mean_us": 26.641954,
    "p50_us": 25.182049,
    "p99_us": 48.085219,
    "min_us": 1.344072,
    "max_us": 87.486792
  },
  "dispatch_cct_us": 1766.482965,
  "combine_cct_us": 1765.565502,
  "roundtrip_step_us": 3533.648467,
  "e2e_step_us": 7016.343780
}
