{
  "scenario": 4,
  "scheme": "ub_rg_pop",
  "mode": "roundtrip",
  "batch": 128,
  "zipf_s": 0.700000,
  "topk": 8,
  "ep_size": 512,
  "seed": 36,
  "start_skew_us": 4.000000,
  "tau_g_ns": 143.360000,
  "grain_bytes": 7168,
  "total_tokens": 1048576,
  "max_egress_load": 3289,
  "konig_us": 890.695680,
  "rtt_us": 1.200000,
  "barrier_us": 1.600000,
  "cct_us": 951.727297,
  "step_us": 1866.803860,
  "gemv_us": 913.476562,
  "e2e_us": 1865.203860,
  "throughput_GBs": 4026.235927,
  "latency_all": {
    "count": 1048576,
    "mean_us": 38.472368,
    "p50_us": 10.259286,
    "p99_us": 134.376342,
    "min_us": 1.533296,
    "max_us": 476.142706
  },
  "latency_hot": {
    "count": 435576,
    "mean_us": 74.663278,
    "p50_us": 42.208053,
    "p99_us": 197.171857,
    "min_us": 1.873227,
    "max_us": 476.142706
  },
  "latency_cold": {
    "count": 231280,
    "mean_us": 9.120809,
    "p50_us": 8.428303,
    "p99_us": 16.820800,
    "min_us": 1.533296,
    "max_us": 44.368559
  },
  "dispatch_cct_us": 475.584591,
  "combine_cct_us": 476.142706,
  "roundtrip_step_us": 953.327297,
  "e2e_step_us": 1866.803860
}
