{
  "scenario": 1,
  "scheme": "ub_rg_pop",
  "mode": "roundtrip",
  "batch": 16,
  "zipf_s": 0.900000,
  "topk": 8,
  "ep_size": 128,
  "seed": 23,
  "tau_g_ns": 143.360000,
  "grain_bytes": 7168,
  "total_tokens": 32768,
  "max_egress_load": 206,
  "konig_us": 56.913920,
  "rtt_us": 0.900000,
  "barrier_us": 0.800000,
  "cct_us": 61.805835,
  "step_us": 62.605835,
  "throughput_GBs": 3751.743310,
  "latency_all": {
    "count": 32768,
    "mean_us": 5.634361,
    "p50_us": 3.508762,
    "p99_us": 25.909797,
    "min_us": 1.443815,
    "max_us": 30.956670
  },
  "latency_hot": {
    "count": 14446,
    "mean_us": 9.191162,
    "p50_us": 7.449211,
    "p99_us": 27.646763,
    "min_us": 1.473284,
    "max_us": 30.956670
  },
  "latency_cold": {
    "count": 5838,
    "mean_us": 2.111112,
    "p50_us": 2.063333,
    "p99_us": 3.118689,
    "min_us": 1.444284,
    "max_us": 3.808118
  },
  "dispatch_cct_us": 30.956670,
  "combine_cct_us": 30.849166,
  "roundtrip_step_us": 62.605835
}
