{
  "scenario": 1,
  "scheme": "islip",
  "mode": "roundtrip",
  "batch": 64,
  "zipf_s": 0.000000,
  "topk": 8,
  "ep_size": 128,
  "seed": 6,
  "start_skew_us": 4.000000,
  "tau_g_ns": 143.360000,
  "grain_bytes": 7168,
  "total_tokens": 131072,
  "max_egress_load": 88,
  "konig_us": 25.231360,
  "rtt_us": 0.600000,
  "barrier_us": 0.800000,
  "cct_us": 35.140286,
  "step_us": 57.854348,
  "gemv_us": 21.914062,
  "e2e_us": 57.054348,
  "throughput_GBs": 16239.472446,
  "latency_all": {
    "count": 131072,
    "mean_us": 8.093233,
    "p50_us": 7.973659,
    "p99_us": 14.713670,
    "min_us": 1.175436,
    "max_us": 17.788602
  },
  "latency_hot": {
    "count": 12356,
    "mean_us": 8.084628,
    "p50_us": 7.997700,
    "p99_us": 14.489282,
    "min_us": 1.252587,
    "max_us": 16.900051
  },
  "latency_cold": {
    "count": 65450,
    "mean_us": 8.047213,
    "p50_us": 7.924497,
    "p99_us": 14.680424,
    "min_us": 1.175436,
    "max_us": 17.343695
  },
  "dispatch_cct_us": 17.788602,
  "combine_cct_us": 17.351684,
  "roundtrip_step_us": 35.940286,
  "e2e_step_us": 57.854348
}
