{
  "scenario": 1,
  "scheme": "ub_rg",
  "mode": "roundtrip",
  "batch": 512,
  "zipf_s": 0.000000,
  "topk": 8,
  "ep_size": 64,
  "seed": 26,
  "start_skew_us": 4.000000,
  "tau_g_ns": 143.360000,
  "grain_bytes": 7168,
  "total_tokens": 524288,
  "max_egress_load": 578,
  "konig_us": 164.577280,
  "rtt_us": 0.600000,
  "barrier_us": 0.800000,
  "cct_us": 173.401706,
  "step_us": 338.068893,
  "gemv_us": 163.867188,
  "e2e_us": 337.268893,
  "throughput_GBs": 11116.362557,
  "latency_all": {
    "count": 524288,
    "mean_us": 40.188451,
    "p50_us": 32.610886,
    "p99_us": 67.620235,
    "min_us": 1.403331,
    "max_us": 87.176492
  },
  "latency_hot": {
    "count": 48950,
    "mean_us": 39.880288,
    "p50_us": 39.748542,
    "p99_us": 78.138533,
    "min_us": 1.568001,
    "max_us": 84.034965
  },
  "latency_cold": {
    "count": 261840,
    "mean_us": 40.115883,
    "p50_us": 31.312882,
    "p99_us": 77.980283,
    "min_us": 1.405188,
    "max_us": 86.177728
  },
  "dispatch_cct_us": 87.176492,
  "combine_cct_us": 86.225214,
  "roundtrip_step_us": 174.201706,
  "e2e_step_us": 338.068893
}
