{
  "scenario": 1,
  "scheme": "ub_rg",
  "mode": "roundtrip",
  "batch": 512,
  "zipf_s": 0.900000,
  "topk": 8,
  "ep_size": 64,
  "seed": 23,
  "start_skew_us": 4.000000,
  "tau_g_ns": 143.360000,
  "grain_bytes": 7168,
  "total_tokens": 524288,
  "max_egress_load": 3421,
  "konig_us": 973.271040,
  "rtt_us": 0.600000,
  "barrier_us": 0.800000,
  "cct_us": 986.104724,
  "step_us": 2039.209411,
  "gemv_us": 1052.304688,
  "e2e_us": 2038.409411,
  "throughput_GBs": 1842.918321,
  "latency_all": {
    "count": 524288,
    "mean_us": 85.856359,
    "p50_us": 33.675942,
    "p99_us": 193.898739,
    "min_us": 1.232172,
    "max_us": 493.243635
  },
  "latency_hot": {
    "count": 193532,
    "mean_us": 167.493785,
    "p50_us": 148.302778,
    "p99_us": 468.238561,
    "min_us": 1.485739,
    "max_us": 493.243635
  },
  "latency_cold": {
    "count": 110902,
    "mean_us": 19.553422,
    "p50_us": 18.973074,
    "p99_us": 42.550661,
    "min_us": 1.232172,
    "max_us": 50.662098
  },
  "dispatch_cct_us": 493.243635,
  "combine_cct_us": 492.861088,
  "roundtrip_step_us": 986.904724,
  "e2e_step_us": 2039.209411
}
