{
  "scenario": 1,
  "scheme": "ub_rg",
  "mode": "roundtrip",
  "batch": 16,
  "zipf_s": 0.900000,
  "topk": 8,
  "ep_size": 128,
  "seed": 3,
  "start_skew_us": 4.000000,
  "tau_g_ns": 143.360000,
  "grain_bytes": 7168,
  "total_tokens": 32768,
  "max_egress_load": 207,
  "konig_us": 57.774080,
  "rtt_us": 0.600000,
  "barrier_us": 0.800000,
  "cct_us": 66.729116,
  "step_us": 128.583803,
  "gemv_us": 61.054688,
  "e2e_us": 127.783803,
  "throughput_GBs": 1826.676599,
  "latency_all": {
    "count": 32768,
    "mean_us": 7.522057,
    "p50_us": 5.685747,
    "p99_us": 28.448261,
    "min_us": 1.187281,
    "max_us": 33.756155
  },
  "latency_hot": {
    "count": 14624,
    "mean_us": 11.166187,
    "p50_us": 9.402830,
    "p99_us": 30.147822,
    "min_us": 1.354189,
    "max_us": 33.756155
  },
  "latency_cold": {
    "count": 5876,
    "mean_us": 3.796525,
    "p50_us": 3.718729,
    "p99_us": 6.256545,
    "min_us": 1.187281,
    "max_us": 7.044190
  },
  "dispatch_cct_us": 33.756155,
  "combine_cct_us": 32.972961,
  "roundtrip_step_us": 67.529116,
  "e2e_step_us": 128.583803
}
