{
  "scenario": 1,
  "scheme": "ub_rg_pop",
  "mode": "roundtrip",
  "batch": 256,
  "zipf_s": 0.900000,
  "topk": 8,
  "ep_size": 64,
  "seed": 10,
  "start_skew_us": 4.000000,
  "tau_g_ns": 143.360000,
  "grain_bytes": 7168,
  "total_tokens": 262144,
  "max_egress_load": 1705,
  "konig_us": 485.130240,
  "rtt_us": 0.900000,
  "barrier_us": 0.800000,
  "cct_us": 517.611136,
  "step_us": 1043.020511,
  "gemv_us": 524.609375,
  "e2e_us": 1042.220511,
  "throughput_GBs": 1801.544813,
  "latency_all": {
    "count": 262144,
    "mean_us": 52.526527,
    "p50_us": 26.371138,
    "p99_us": 217.397899,
    "min_us": 1.491992,
    "max_us": 263.107782
  },
  "latency_hot": {
    "count": 96582,
    "mean_us": 93.421433,
    "p50_us": 83.769812,
    "p99_us": 243.301444,
    "min_us": 2.039637,
    "max_us": 263.107782
  },
  "latency_cold": {
    "count": 54816,
    "mean_us": 19.171699,
    "p50_us": 18.979229,
    "p99_us": 34.747196,
    "min_us": 1.765869,
    "max_us": 41.464894
  },
  "dispatch_cct_us": 263.107782,
  "combine_cct_us": 254.503354,
  "roundtrip_step_us": 518.411136,
  "e2e_step_us": 1043.020511
}
