{
  "scenario": 2,
  "scheme": "ub_rg",
  "mode": "roundtrip",
  "batch": 16,
  "zipf_s": 0.700000,
  "topk": 8,
  "ep_size": 1024,
  "seed": 57,
  "tau_g_ns": 143.360000,
  "grain_bytes": 7168,
  "total_tokens": 262144,
  "max_egress_load": 616,
  "konig_us": 173.322240,
  "rtt_us": 1.100000,
  "barrier_us": 2.400000,
  "cct_us": 180.562821,
  "step_us": 182.962821,
  "throughput_GBs": 10270.109396,
  "latency_all": {
    "count": 262144,
    "mean_us": 7.682923,
    "p50_us": 3.455371,
    "p99_us": 54.948432,
    "min_us": 2.043375,
    "max_us": 90.298285
  },
  "latency_hot": {
    "count": 113248,
    "mean_us": 13.391246,
    "p50_us": 7.468331,
    "p99_us": 76.918402,
    "min_us": 2.043434,
    "max_us": 90.298285
  },
  "latency_cold": {
    "count": 56166,
    "mean_us": 3.041540,
    "p50_us": 2.934445,
    "p99_us": 5.020651,
    "min_us": 2.043375,
    "max_us": 7.352731
  },
  "dispatch_cct_us": 90.264536,
  "combine_cct_us": 90.298285,
  "roundtrip_step_us": 182.962821
}
