{
  "scenario": 4,
  "scheme": "ub_rg",
  "mode": "roundtrip",
  "batch": 512,
  "zipf_s": 0.300000,
  "topk": 8,
  "ep_size": 128,
  "seed": 72,
  "start_skew_us": 4.000000,
  "tau_g_ns": 143.360000,
  "grain_bytes": 7168,
  "total_tokens": 1048576,
  "max_egress_load": 1531,
  "konig_us": 430.653440,
  "rtt_us": 0.800000,
  "barrier_us": 1.600000,
  "cct_us": 473.064827,
  "step_us": 934.977327,
  "gemv_us": 460.312500,
  "e2e_us": 933.377327,
  "throughput_GBs": 8038.903782,
  "latency_all": {
    "count": 1048576,
    "mean_us": 55.027857,
    "p50_us": 29.569570,
    "p99_us": 104.563745,
    "min_us": 1.051133,
    "max_us": 238.582015
  },
  "latency_hot": {
    "count": 182204,
    "mean_us": 85.025143,
    "p50_us": 81.681680,
    "p99_us": 210.843496,
    "min_us": 2.492634,
    "max_us": 238.582015
  },
  "latency_cold": {
    "count": 414636,
    "mean_us": 43.248810,
    "p50_us": 41.825533,
    "p99_us": 72.268342,
    "min_us": 1.343037,
    "max_us": 97.886467
  },
  "dispatch_cct_us": 234.482811,
  "combine_cct_us": 238.582015,
  "roundtrip_step_us": 474.664827,
  "e2e_step_us": 934.977327
}
