{
  "scenario": 4,
  "scheme": "packet_spray",
  "mode": "roundtrip",
  "batch": 512,
  "zipf_s": 0.900000,
  "topk": 8,
  "ep_size": 256,
  "seed": 45,
  "start_skew_us": 4.000000,
  "tau_g_ns": 143.360000,
  "grain_bytes": 7168,
  "total_tokens": 2097152,
  "max_egress_load": 12198,
  "konig_us": 3345.305600,
  "rtt_us": 0.000000,
  "barrier_us": 6.000000,
  "cct_us": 3490.044908,
  "step_us": 6976.083970,
  "gemv_us": 3480.039062,
  "e2e_us": 6970.083970,
  "throughput_GBs": 2154.845842,
  "latency_all": {
    "count": 2097152,
    "mean_us": 536.267955,
    "p50_us": 90.845164,
    "p99_us": 1086.729303,
    "min_us": 0.334157,
    "max_us": 1835.776293
  },
  "latency_hot": {
    "count": 1064466,
    "mean_us": 602.482985,
    "p50_us": 157.606472,
    "p99_us": 1079.131223,
    "min_us": 0.334157,
    "max_us": 1800.653093
  },
  "latency_cold": {
    "count": 337390,
    "mean_us": 466.207498,
    "p50_us": 85.825346,
    "p99_us": 1552.210213,
    "min_us": 0.625906,
    "max_us": 1835.776293
  },
  "dispatch_cct_us": 1654.268615,
  "combine_cct_us": 1835.776293,
  "roundtrip_step_us": 3496.044908,
  "e2e_step_us": 6976.083970
}
