{
  "scenario": 4,
  "scheme": "ub_rg_pop",
  "mode": "roundtrip",
  "batch": 512,
  "zipf_s": 0.900000,
  "topk": 8,
  "ep_size": 256,
  "seed": 85,
  "start_skew_us": 4.000000,
  "tau_g_ns": 143.360000,
  "grain_bytes": 7168,
  "total_tokens": 2097152,
  "max_egress_load": 12184,
  "konig_us": 3339.141120,
  "rtt_us": 1.200000,
  "barrier_us": 1.600000,
  "cct_us": 3516.498186,
  "step_us": 6989.309124,
  "gemv_us": 3471.210938,
  "e2e_us": 6987.709124,
  "throughput_GBs": 2150.768448,
  "latency_all": {
    "count": 2097152,
    "mean_us": 197.360919,
    "p50_us": 21.986450,
    "p99_us": 1039.089484,
    "min_us": 1.569251,
    "max_us": 1758.633379
  },
  "latency_hot": {
    "count": 1062870,
    "mean_us": 349.482999,
    "p50_us": 93.862627,
    "p99_us": 1039.072093,
    "min_us": 3.892437,
    "max_us": 1758.633379
  },
  "latency_cold": {
    "count": 339284,
    "mean_us": 25.404872,
    "p50_us": 22.273093,
    "p99_us": 45.090337,
    "min_us": 2.801488,
    "max_us": 68.177494
  },
  "dispatch_cct_us": 1758.633379,
  "combine_cct_us": 1757.864808,
  "roundtrip_step_us": 3518.098186,
  "e2e_step_us": 6989.309124
}
