{
  "scenario": 1,
  "scheme": "ub_rg_pop",
  "mode": "roundtrip",
  "batch": 16,
  "zipf_s": 0.700000,
  "topk": 8,
  "ep_size": 64,
  "seed": 81,
  "start_skew_us": 4.000000,
  "tau_g_ns": 143.360000,
  "grain_bytes": 7168,
  "total_tokens": 16384,
  "max_egress_load": 89,
  "konig_us": 24.084480,
  "rtt_us": 0.900000,
  "barrier_us": 0.800000,
  "cct_us": 35.799201,
  "step_us": 61.208576,
  "gemv_us": 24.609375,
  "e2e_us": 60.408576,
  "throughput_GBs": 1918.693744,
  "latency_all": {
    "count": 16384,
    "mean_us": 5.837212,
    "p50_us": 5.356437,
    "p99_us": 14.709856,
    "min_us": 1.481101,
    "max_us": 18.042867
  },
  "latency_hot": {
    "count": 4814,
    "mean_us": 8.363313,
    "p50_us": 7.980059,
    "p99_us": 16.076343,
    "min_us": 1.938490,
    "max_us": 18.042867
  },
  "latency_cold": {
    "count": 4466,
    "mean_us": 4.321888,
    "p50_us": 4.270752,
    "p99_us": 7.034973,
    "min_us": 1.695444,
    "max_us": 7.965675
  },
  "dispatch_cct_us": 17.756334,
  "combine_cct_us": 18.042867,
  "roundtrip_step_us": 36.599201,
  "e2e_step_us": 61.208576
}
