{
  "scenario": 4,
  "scheme": "ub_rg",
  "mode": "roundtrip",
  "batch": 128,
  "zipf_s": 0.300000,
  "topk": 8,
  "ep_size": 128,
  "seed": 6,
  "start_skew_us": 4.000000,
  "tau_g_ns": 143.360000,
  "grain_bytes": 7168,
  "total_tokens": 262144,
  "max_egress_load": 429,
  "konig_us": 115.834880,
  "rtt_us": 0.800000,
  "barrier_us": 1.600000,
  "cct_us": 129.932789,
  "step_us": 249.774976,
  "gemv_us": 118.242188,
  "e2e_us": 248.174976,
  "throughput_GBs": 7522.964143,
  "latency_all": {
    "count": 262144,
    "mean_us": 14.558860,
    "p50_us": 11.205913,
    "p99_us": 38.114237,
    "min_us": 1.219270,
    "max_us": 66.131435
  },
  "latency_hot": {
    "count": 45408,
    "mean_us": 22.045603,
    "p50_us": 21.193540,
    "p99_us": 53.172094,
    "min_us": 1.516434,
    "max_us": 66.131435
  },
  "latency_cold": {
    "count": 103958,
    "mean_us": 11.593503,
    "p50_us": 11.457385,
    "p99_us": 21.381029,
    "min_us": 1.219270,
    "max_us": 31.409674
  },
  "dispatch_cct_us": 66.131435,
  "combine_cct_us": 63.801354,
  "roundtrip_step_us": 131.532789,
  "e2e_step_us": 249.774976
}
