{
  "scenario": 1,
  "scheme": "packet_spray",
  "mode": "roundtrip",
  "batch": 16,
  "zipf_s": 0.300000,
  "topk": 8,
  "ep_size": 32,
  "seed": 82,
  "start_skew_us": 4.000000,
  "tau_g_ns": 143.360000,
  "grain_bytes": 7168,
  "total_tokens": 8192,
  "max_egress_load": 39,
  "konig_us": 10.035200,
  "rtt_us": 0.000000,
  "barrier_us": 4.000000,
  "cct_us": 36.596180,
  "step_us": 50.244617,
  "gemv_us": 9.648438,
  "e2e_us": 46.244617,
  "throughput_GBs": 1168.687499,
  "latency_all": {
    "count": 8192,
    "mean_us": 11.904460,
    "p50_us": 12.157818,
    "p99_us": 17.151428,
    "min_us": 0.536720,
    "max_us": 19.588548
  },
  "latency_hot": {
    "count": 1240,
    "mean_us": 10.538270,
    "p50_us": 10.562023,
    "p99_us": 18.585028,
    "min_us": 0.536720,
    "max_us": 19.588548
  },
  "latency_cold": {
    "count": 3334,
    "mean_us": 12.543832,
    "p50_us": 13.142503,
    "p99_us": 16.434628,
    "min_us": 2.629959,
    "max_us": 17.294788
  },
  "dispatch_cct_us": 19.588548,
  "combine_cct_us": 17.007631,
  "roundtrip_step_us": 40.596180,
  "e2e_step_us": 50.244617
}
