{
  "scenario": 1,
  "scheme": "packet_spray",
  "mode": "roundtrip",
  "batch": 64,
  "zipf_s": 0.000000,
  "topk": 8,
  "ep_size": 64,
  "seed": 32,
  "start_skew_us": 4.000000,
  "tau_g_ns": 143.360000,
  "grain_bytes": 7168,
  "total_tokens": 65536,
  "max_egress_load": 90,
  "konig_us": 23.224320,
  "rtt_us": 0.000000,
  "barrier_us": 4.000000,
  "cct_us": 46.639867,
  "step_us": 72.085179,
  "gemv_us": 21.445312,
  "e2e_us": 68.085179,
  "throughput_GBs": 6516.763264,
  "latency_all": {
    "count": 65536,
    "mean_us": 13.577708,
    "p50_us": 13.748173,
    "p99_us": 20.916173,
    "min_us": 1.475244,
    "max_us": 24.290094
  },
  "latency_hot": {
    "count": 6068,
    "mean_us": 11.419054,
    "p50_us": 11.311053,
    "p99_us": 20.649128,
    "min_us": 1.486296,
    "max_us": 22.226088
  },
  "latency_cold": {
    "count": 32866,
    "mean_us": 14.732863,
    "p50_us": 14.887877,
    "p99_us": 21.059533,
    "min_us": 1.475244,
    "max_us": 24.290094
  },
  "dispatch_cct_us": 24.290094,
  "combine_cct_us": 22.349773,
  "roundtrip_step_us": 50.639867,
  "e2e_step_us": 72.085179
}
