{
  "scenario": 4,
  "scheme": "ub_rg",
  "mode": "roundtrip",
  "batch": 64,
  "zipf_s": 0.700000,
  "topk": 8,
  "ep_size": 512,
  "seed": 9,
  "start_skew_us": 4.000000,
  "tau_g_ns": 143.360000,
  "grain_bytes": 7168,
  "total_tokens": 524288,
  "max_egress_load": 1576,
  "konig_us": 434.524160,
  "rtt_us": 0.800000,
  "barrier_us": 1.600000,
  "cct_us": 459.984609,
  "step_us": 916.272109,
  "gemv_us": 454.687500,
  "e2e_us": 914.672109,
  "throughput_GBs": 4101.506907,
  "latency_all": {
    "count": 524288,
    "mean_us": 21.025052,
    "p50_us": 9.102271,
    "p99_us": 37.850454,
    "min_us": 1.125509,
    "max_us": 230.445990
  },
  "latency_hot": {
    "count": 217294,
    "mean_us": 39.140858,
    "p50_us": 22.984540,
    "p99_us": 176.154347,
    "min_us": 1.299488,
    "max_us": 230.445990
  },
  "latency_cold": {
    "count": 115844,
    "mean_us": 6.236356,
    "p50_us": 6.169402,
    "p99_us": 10.887569,
    "min_us": 1.150502,
    "max_us": 24.858224
  },
  "dispatch_cct_us": 229.538619,
  "combine_cct_us": 230.445990,
  "roundtrip_step_us": 461.584609,
  "e2e_step_us": 916.272109
}
