{
  "scenario": 1,
  "scheme": "islip",
  "mode": "roundtrip",
  "batch": 128,
  "zipf_s": 0.900000,
  "topk": 8,
  "ep_size": 32,
  "seed": 1,
  "start_skew_us": 2.000000,
  "tau_g_ns": 143.360000,
  "grain_bytes": 7168,
  "total_tokens": 65536,
  "max_egress_load": 468,
  "konig_us": 133.468160,
  "rtt_us": 0.600000,
  "barrier_us": 0.800000,
  "cct_us": 148.338002,
  "step_us": 293.708314,
  "gemv_us": 144.570312,
  "e2e_us": 292.908314,
  "throughput_GBs": 1599.416923,
  "latency_all": {
    "count": 65536,
    "mean_us": 19.535541,
    "p50_us": 14.910761,
    "p99_us": 65.795785,
    "min_us": 1.145582,
    "max_us": 75.990140
  },
  "latency_hot": {
    "count": 18172,
    "mean_us": 32.765362,
    "p50_us": 31.909642,
    "p99_us": 70.050627,
    "min_us": 1.187950,
    "max_us": 75.990140
  },
  "latency_cold": {
    "count": 16630,
    "mean_us": 9.665805,
    "p50_us": 9.551534,
    "p99_us": 18.121285,
    "min_us": 1.145582,
    "max_us": 20.989787
  },
  "dispatch_cct_us": 75.990140,
  "combine_cct_us": 72.347861,
  "roundtrip_step_us": 149.138002,
  "e2e_step_us": 293.708314
}
