{
  "scenario": 4,
  "scheme": "ub_rg",
  "mode": "roundtrip",
  "batch": 512,
  "zipf_s": 0.300000,
  "topk": 8,
  "ep_size": 512,
  "seed": 82,
  "start_skew_us": 4.000000,
  "tau_g_ns": 143.360000,
  "grain_bytes": 7168,
  "total_tokens": 4194304,
  "max_egress_load": 2425,
  "konig_us": 673.361920,
  "rtt_us": 0.800000,
  "barrier_us": 1.600000,
  "cct_us": 717.495788,
  "step_us": 1429.056725,
  "gemv_us": 709.960938,
  "e2e_us": 1427.456725,
  "throughput_GBs": 21038.192912,
  "latency_all": {
    "count": 4194304,
    "mean_us": 56.834437,
    "p50_us": 28.959024,
    "p99_us": 167.004893,
    "min_us": 1.390899,
    "max_us": 361.633859
  },
  "latency_hot": {
    "count": 806960,
    "mean_us": 92.252493,
    "p50_us": 52.351943,
    "p99_us": 167.003044,
    "min_us": 2.169962,
    "max_us": 361.633859
  },
  "latency_cold": {
    "count": 1628388,
    "mean_us": 42.931357,
    "p50_us": 23.558402,
    "p99_us": 72.757105,
    "min_us": 1.390899,
    "max_us": 141.967126
  },
  "dispatch_cct_us": 361.633859,
  "combine_cct_us": 355.861929,
  "roundtrip_step_us": 719.095788,
  "e2e_step_us": 1429.056725
}
