{
  "scenario": 3,
  "scheme": "ub_rg_pop",
  "mode": "roundtrip",
  "batch": 16,
  "zipf_s": 0.900000,
  "topk": 8,
  "ep_size": 256,
  "seed": 11,
  "tau_g_ns": 143.360000,
  "grain_bytes": 7168,
  "total_tokens": 65536,
  "max_egress_load": 365,
  "konig_us": 103.075840,
  "rtt_us": 1.650000,
  "barrier_us": 2.400000,
  "cct_us": 109.723472,
  "step_us": 112.123472,
  "throughput_GBs": 4189.685158,
  "latency_all": {
    "count": 65536,
    "mean_us": 8.891318,
    "p50_us": 5.070292,
    "p99_us": 47.390503,
    "min_us": 2.593382,
    "max_us": 54.874305
  },
  "latency_hot": {
    "count": 33388,
    "mean_us": 13.712178,
    "p50_us": 9.540235,
    "p99_us": 50.299763,
    "min_us": 2.593684,
    "max_us": 54.874305
  },
  "latency_cold": {
    "count": 10514,
    "mean_us": 3.229505,
    "p50_us": 3.188747,
    "p99_us": 4.267688,
    "min_us": 2.593584,
    "max_us": 4.908477
  },
  "dispatch_cct_us": 54.874305,
  "combine_cct_us": 54.849167,
  "roundtrip_step_us": 112.123472
}
