{
  "scenario": 4,
  "scheme": "ub_rg",
  "mode": "roundtrip",
  "batch": 16,
  "zipf_s": 0.000000,
  "topk": 8,
  "ep_size": 512,
  "seed": 93,
  "start_skew_us": 4.000000,
  "tau_g_ns": 143.360000,
  "grain_bytes": 7168,
  "total_tokens": 131072,
  "max_egress_load": 32,
  "konig_us": 9.175040,
  "rtt_us": 0.800000,
  "barrier_us": 1.600000,
  "cct_us": 19.013216,
  "step_us": 26.863216,
  "gemv_us": 6.250000,
  "e2e_us": 25.263216,
  "throughput_GBs": 34974.371489,
  "latency_all": {
    "count": 131072,
    "mean_us": 5.047029,
    "p50_us": 5.071110,
    "p99_us": 8.225263,
    "min_us": 1.033136,
    "max_us": 9.742626
  },
  "latency_hot": {
    "count": 12962,
    "mean_us": 5.102882,
    "p50_us": 5.157495,
    "p99_us": 8.198234,
    "min_us": 1.202953,
    "max_us": 9.266757
  },
  "latency_cold": {
    "count": 65480,
    "mean_us": 5.050038,
    "p50_us": 5.067056,
    "p99_us": 8.211650,
    "min_us": 1.089315,
    "max_us": 9.702095
  },
  "dispatch_cct_us": 9.742626,
  "combine_cct_us": 9.270590,
  "roundtrip_step_us": 20.613216,
  "e2e_step_us": 26.863216
}
