{
  "scenario": 4,
  "scheme": "ub_rg",
  "mode": "roundtrip",
  "batch": 512,
  "zipf_s": 0.000000,
  "topk": 8,
  "ep_size": 512,
  "seed": 89,
  "start_skew_us": 4.000000,
  "tau_g_ns": 143.360000,
  "grain_bytes": 7168,
  "total_tokens": 4194304,
  "max_egress_load": 633,
  "konig_us": 180.346880,
  "rtt_us": 0.800000,
  "barrier_us": 1.600000,
  "cct_us": 195.352463,
  "step_us": 364.686838,
  "gemv_us": 167.734375,
  "e2e_us": 363.086838,
  "throughput_GBs": 82439.967441,
  "latency_all": {
    "count": 4194304,
    "mean_us": 42.820683,
    "p50_us": 21.552106,
    "p99_us": 83.438978,
    "min_us": 1.126972,
    "max_us": 100.926446
  },
  "latency_hot": {
    "count": 419736,
    "mean_us": 42.968231,
    "p50_us": 42.880367,
    "p99_us": 79.832050,
    "min_us": 1.397028,
    "max_us": 97.453429
  },
  "latency_cold": {
    "count": 2097190,
    "mean_us": 42.845026,
    "p50_us": 17.059019,
    "p99_us": 80.316638,
    "min_us": 1.126972,
    "max_us": 100.926446
  },
  "dispatch_cct_us": 100.926446,
  "combine_cct_us": 94.426018,
  "roundtrip_step_us": 196.952463,
  "e2e_step_us": 364.686838
}
