{
  "scenario": 4,
  "scheme": "packet_spray",
  "mode": "roundtrip",
  "batch": 512,
  "zipf_s": 0.900000,
  "topk": 8,
  "ep_size": 512,
  "seed": 25,
  "start_skew_us": 4.000000,
  "tau_g_ns": 143.360000,
  "grain_bytes": 7168,
  "total_tokens": 4194304,
  "max_egress_load": 22034,
  "konig_us": 6048.358400,
  "rtt_us": 0.000000,
  "barrier_us": 6.000000,
  "cct_us": 6240.513360,
  "step_us": 12545.068047,
  "gemv_us": 6298.554688,
  "e2e_us": 12539.068047,
  "throughput_GBs": 2396.541092,
  "latency_all": {
    "count": 4194304,
    "mean_us": 908.678596,
    "p50_us": 111.615002,
    "p99_us": 2302.872602,
    "min_us": 1.370708,
    "max_us": 3279.331638
  },
  "latency_hot": {
    "count": 2324714,
    "mean_us": 1003.935115,
    "p50_us": 155.549706,
    "p99_us": 2300.005402,
    "min_us": 1.370708,
    "max_us": 3247.649078
  },
  "latency_cold": {
    "count": 609094,
    "mean_us": 789.440578,
    "p50_us": 88.794555,
    "p99_us": 124.736309,
    "min_us": 1.725436,
    "max_us": 3279.331638
  },
  "dispatch_cct_us": 2961.181722,
  "combine_cct_us": 3279.331638,
  "roundtrip_step_us": 6246.513360,
  "e2e_step_us": 12545.068047
}
