{
  "scenario": 4,
  "scheme": "ub_rg_pop",
  "mode": "roundtrip",
  "batch": 512,
  "zipf_s": 0.900000,
  "topk": 8,
  "ep_size": 128,
  "seed": 67,
  "start_skew_us": 4.000000,
  "tau_g_ns": 143.360000,
  "grain_bytes": 7168,
  "total_tokens": 1048576,
  "max_egress_load": 6524,
  "konig_us": 1813.217280,
  "rtt_us": 1.200000,
  "barrier_us": 1.600000,
  "cct_us": 1877.814907,
  "step_us": 3792.969594,
  "gemv_us": 1913.554688,
  "e2e_us": 3791.369594,
  "throughput_GBs": 1981.611658,
  "latency_all": {
    "count": 1048576,
    "mean_us": 125.793598,
    "p50_us": 20.777031,
    "p99_us": 456.705165,
    "min_us": 1.447187,
    "max_us": 939.397917
  },
  "latency_hot": {
    "count": 462960,
    "mean_us": 238.953242,
    "p50_us": 156.659415,
    "p99_us": 471.578247,
    "min_us": 2.117799,
    "max_us": 939.397917
  },
  "latency_cold": {
    "count": 190790,
    "mean_us": 18.479033,
    "p50_us": 17.890948,
    "p99_us": 39.248153,
    "min_us": 1.567838,
    "max_us": 58.741945
  },
  "dispatch_cct_us": 939.397917,
  "combine_cct_us": 938.416990,
  "roundtrip_step_us": 1879.414907,
  "e2e_step_us": 3792.969594
}
