{
  "scenario": 1,
  "scheme": "packet_spray",
  "mode": "roundtrip",
  "batch": 128,
  "zipf_s": 0.700000,
  "topk": 8,
  "ep_size": 64,
  "seed": 5,
  "start_skew_us": 4.000000,
  "tau_g_ns": 143.360000,
  "grain_bytes": 7168,
  "total_tokens": 131072,
  "max_egress_load": 688,
  "konig_us": 194.682880,
  "rtt_us": 0.000000,
  "barrier_us": 4.000000,
  "cct_us": 250.325075,
  "step_us": 463.465700,
  "gemv_us": 209.140625,
  "e2e_us": 459.465700,
  "throughput_GBs": 2027.170717,
  "latency_all": {
    "count": 131072,
    "mean_us": 55.745626,
    "p50_us": 46.453620,
    "p99_us": 118.008023,
    "min_us": 0.536720,
    "max_us": 125.892823
  },
  "latency_hot": {
    "count": 39246,
    "mean_us": 59.890519,
    "p50_us": 57.940183,
    "p99_us": 112.273623,
    "min_us": 0.536720,
    "max_us": 124.432252
  },
  "latency_cold": {
    "count": 35274,
    "mean_us": 54.198028,
    "p50_us": 39.160023,
    "p99_us": 121.735383,
    "min_us": 0.536720,
    "max_us": 125.892823
  },
  "dispatch_cct_us": 124.432252,
  "combine_cct_us": 125.892823,
  "roundtrip_step_us": 254.325075,
  "e2e_step_us": 463.465700
}
