{
  "scenario": 1,
  "scheme": "ub_rg",
  "mode": "roundtrip",
  "batch": 128,
  "zipf_s": 0.300000,
  "topk": 8,
  "ep_size": 32,
  "seed": 24,
  "start_skew_us": 4.000000,
  "tau_g_ns": 143.360000,
  "grain_bytes": 7168,
  "total_tokens": 65536,
  "max_egress_load": 251,
  "konig_us": 70.103040,
  "rtt_us": 0.600000,
  "barrier_us": 0.800000,
  "cct_us": 80.669817,
  "step_us": 155.571379,
  "gemv_us": 74.101562,
  "e2e_us": 154.771379,
  "throughput_GBs": 3019.591718,
  "latency_all": {
    "count": 65536,
    "mean_us": 13.042745,
    "p50_us": 12.409095,
    "p99_us": 32.546766,
    "min_us": 1.394086,
    "max_us": 41.055871
  },
  "latency_hot": {
    "count": 9826,
    "mean_us": 18.472103,
    "p50_us": 18.153884,
    "p99_us": 37.875555,
    "min_us": 1.660639,
    "max_us": 41.055871
  },
  "latency_cold": {
    "count": 27510,
    "mean_us": 10.997754,
    "p50_us": 10.872173,
    "p99_us": 20.912856,
    "min_us": 1.477197,
    "max_us": 23.653597
  },
  "dispatch_cct_us": 39.613945,
  "combine_cct_us": 41.055871,
  "roundtrip_step_us": 81.469817,
  "e2e_step_us": 155.571379
}
