{
  "scenario": 1,
  "scheme": "ub_rg",
  "mode": "roundtrip",
  "batch": 16,
  "zipf_s": 0.300000,
  "topk": 8,
  "ep_size": 32,
  "seed": 67,
  "tau_g_ns": 143.360000,
  "grain_bytes": 7168,
  "total_tokens": 8192,
  "max_egress_load": 34,
  "konig_us": 9.605120,
  "rtt_us": 0.600000,
  "barrier_us": 0.800000,
  "cct_us": 12.275309,
  "step_us": 13.075309,
  "throughput_GBs": 4490.926961,
  "latency_all": {
    "count": 8192,
    "mean_us": 2.627752,
    "p50_us": 2.494158,
    "p99_us": 5.249190,
    "min_us": 1.144175,
    "max_us": 6.187982
  },
  "latency_hot": {
    "count": 1268,
    "mean_us": 3.301157,
    "p50_us": 3.230979,
    "p99_us": 5.747615,
    "min_us": 1.156536,
    "max_us": 6.187982
  },
  "latency_cold": {
    "count": 3434,
    "mean_us": 2.366895,
    "p50_us": 2.314707,
    "p99_us": 3.960926,
    "min_us": 1.145796,
    "max_us": 4.717215
  },
  "dispatch_cct_us": 6.187982,
  "combine_cct_us": 6.087327,
  "roundtrip_step_us": 13.075309
}
