{
  "scenario": 1,
  "scheme": "packet_spray",
  "mode": "roundtrip",
  "batch": 256,
  "zipf_s": 0.700000,
  "topk": 8,
  "ep_size": 128,
  "seed": 27,
  "start_skew_us": 4.000000,
  "tau_g_ns": 143.360000,
  "grain_bytes": 7168,
  "total_tokens": 524288,
  "max_egress_load": 2266,
  "konig_us": 637.952000,
  "rtt_us": 0.000000,
  "barrier_us": 4.000000,
  "cct_us": 725.468988,
  "step_us": 1411.968988,
  "gemv_us": 682.500000,
  "e2e_us": 1407.968988,
  "throughput_GBs": 2661.599805,
  "latency_all": {
    "count": 524288,
    "mean_us": 135.400633,
    "p50_us": 60.964250,
    "p99_us": 251.357097,
    "min_us": 6.476303,
    "max_us": 364.611497
  },
  "latency_hot": {
    "count": 180148,
    "mean_us": 151.454565,
    "p50_us": 132.427256,
    "p99_us": 330.550776,
    "min_us": 8.994296,
    "max_us": 364.611497
  },
  "latency_cold": {
    "count": 129092,
    "mean_us": 127.142375,
    "p50_us": 64.128937,
    "p99_us": 350.105492,
    "min_us": 8.196623,
    "max_us": 360.857492
  },
  "dispatch_cct_us": 364.611497,
  "combine_cct_us": 360.857492,
  "roundtrip_step_us": 729.468988,
  "e2e_step_us": 1411.968988
}
