{
  "scenario": 4,
  "scheme": "ub_rg",
  "mode": "roundtrip",
  "batch": 256,
  "zipf_s": 0.900000,
  "topk": 8,
  "ep_size": 256,
  "seed": 30,
  "start_skew_us": 4.000000,
  "tau_g_ns": 143.360000,
  "grain_bytes": 7168,
  "total_tokens": 1048576,
  "max_egress_load": 6111,
  "konig_us": 1673.584640,
  "rtt_us": 0.800000,
  "barrier_us": 1.600000,
  "cct_us": 1760.304484,
  "step_us": 3500.068547,
  "gemv_us": 1738.164062,
  "e2e_us": 3498.468547,
  "throughput_GBs": 2147.441591,
  "latency_all": {
    "count": 1048576,
    "mean_us": 96.726384,
    "p50_us": 13.249062,
    "p99_us": 379.251940,
    "min_us": 1.115191,
    "max_us": 880.363741
  },
  "latency_hot": {
    "count": 531028,
    "mean_us": 172.606194,
    "p50_us": 79.047305,
    "p99_us": 379.251940,
    "min_us": 1.392618,
    "max_us": 880.363741
  },
  "latency_cold": {
    "count": 169248,
    "mean_us": 10.678118,
    "p50_us": 10.441033,
    "p99_us": 20.571692,
    "min_us": 1.190065,
    "max_us": 33.947707
  },
  "dispatch_cct_us": 879.940743,
  "combine_cct_us": 880.363741,
  "roundtrip_step_us": 1761.904484,
  "e2e_step_us": 3500.068547
}
