{
  "scenario": 1,
  "scheme": "ub_rg_pop",
  "mode": "roundtrip",
  "batch": 64,
  "zipf_s": 0.700000,
  "topk": 8,
  "ep_size": 128,
  "seed": 62,
  "start_skew_us": 4.000000,
  "tau_g_ns": 143.360000,
  "grain_bytes": 7168,
  "total_tokens": 131072,
  "max_egress_load": 558,
  "konig_us": 157.982720,
  "rtt_us": 0.900000,
  "barrier_us": 0.800000,
  "cct_us": 196.745497,
  "step_us": 367.350184,
  "gemv_us": 169.804688,
  "e2e_us": 366.550184,
  "throughput_GBs": 2557.570776,
  "latency_all": {
    "count": 131072,
    "mean_us": 22.064812,
    "p50_us": 18.040402,
    "p99_us": 80.985158,
    "min_us": 1.542388,
    "max_us": 98.396683
  },
  "latency_hot": {
    "count": 44808,
    "mean_us": 33.203608,
    "p50_us": 28.940165,
    "p99_us": 89.889147,
    "min_us": 2.908873,
    "max_us": 98.396683
  },
  "latency_cold": {
    "count": 32362,
    "mean_us": 14.013830,
    "p50_us": 14.045344,
    "p99_us": 25.125003,
    "min_us": 1.542388,
    "max_us": 32.625295
  },
  "dispatch_cct_us": 98.396683,
  "combine_cct_us": 98.348814,
  "roundtrip_step_us": 197.545497,
  "e2e_step_us": 367.350184
}
