{
  "scenario": 1,
  "scheme": "ub_rg_pop",
  "mode": "roundtrip",
  "batch": 128,
  "zipf_s": 0.300000,
  "topk": 8,
  "ep_size": 32,
  "seed": 57,
  "start_skew_us": 4.000000,
  "tau_g_ns": 143.360000,
  "grain_bytes": 7168,
  "total_tokens": 65536,
  "max_egress_load": 238,
  "konig_us": 66.662400,
  "rtt_us": 0.900000,
  "barrier_us": 0.800000,
  "cct_us": 77.781335,
  "step_us": 149.323522,
  "gemv_us": 70.742188,
  "e2e_us": 148.523522,
  "throughput_GBs": 3145.934685,
  "latency_all": {
    "count": 65536,
    "mean_us": 13.392925,
    "p50_us": 12.798639,
    "p99_us": 31.636772,
    "min_us": 1.562469,
    "max_us": 39.185549
  },
  "latency_hot": {
    "count": 9604,
    "mean_us": 17.990284,
    "p50_us": 17.713105,
    "p99_us": 36.716687,
    "min_us": 1.632065,
    "max_us": 39.185549
  },
  "latency_cold": {
    "count": 27364,
    "mean_us": 11.442664,
    "p50_us": 11.320674,
    "p99_us": 21.089836,
    "min_us": 1.568109,
    "max_us": 23.498651
  },
  "dispatch_cct_us": 38.595785,
  "combine_cct_us": 39.185549,
  "roundtrip_step_us": 78.581335,
  "e2e_step_us": 149.323522
}
