{
  "scenario": 1,
  "scheme": "ub_rg",
  "mode": "roundtrip",
  "batch": 16,
  "zipf_s": 0.900000,
  "topk": 8,
  "ep_size": 32,
  "seed": 52,
  "tau_g_ns": 143.360000,
  "grain_bytes": 7168,
  "total_tokens": 8192,
  "max_egress_load": 59,
  "konig_us": 16.629760,
  "rtt_us": 0.600000,
  "barrier_us": 0.800000,
  "cct_us": 19.349588,
  "step_us": 20.149588,
  "throughput_GBs": 2914.216258,
  "latency_all": {
    "count": 8192,
    "mean_us": 3.191252,
    "p50_us": 2.625836,
    "p99_us": 8.579993,
    "min_us": 1.146045,
    "max_us": 9.815070
  },
  "latency_hot": {
    "count": 2218,
    "mean_us": 4.760222,
    "p50_us": 4.656435,
    "p99_us": 9.098504,
    "min_us": 1.148832,
    "max_us": 9.815070
  },
  "latency_cold": {
    "count": 2028,
    "mean_us": 1.961855,
    "p50_us": 1.891672,
    "p99_us": 3.300675,
    "min_us": 1.147305,
    "max_us": 3.795400
  },
  "dispatch_cct_us": 9.534518,
  "combine_cct_us": 9.815070,
  "roundtrip_step_us": 20.149588
}
