{
  "scenario": 3,
  "scheme": "ub_rg_pop",
  "mode": "roundtrip",
  "batch": 64,
  "zipf_s": 0.700000,
  "topk": 8,
  "ep_size": 1024,
  "seed": 69,
  "tau_g_ns": 143.360000,
  "grain_bytes": 7168,
  "total_tokens": 1048576,
  "max_egress_load": 2449,
  "konig_us": 691.998720,
  "rtt_us": 1.650000,
  "barrier_us": 2.400000,
  "cct_us": 707.245094,
  "step_us": 709.645094,
  "throughput_GBs": 10591.481335,
  "latency_all": {
    "count": 1048576,
    "mean_us": 25.446631,
    "p50_us": 6.215900,
    "p99_us": 88.960238,
    "min_us": 2.593468,
    "max_us": 353.628952
  },
  "latency_hot": {
    "count": 455016,
    "mean_us": 48.913264,
    "p50_us": 24.162121,
    "p99_us": 104.667732,
    "min_us": 2.593738,
    "max_us": 353.628952
  },
  "latency_cold": {
    "count": 224428,
    "mean_us": 5.415519,
    "p50_us": 5.096462,
    "p99_us": 9.359498,
    "min_us": 2.593468,
    "max_us": 12.670604
  },
  "dispatch_cct_us": 353.616142,
  "combine_cct_us": 353.628952,
  "roundtrip_step_us": 709.645094
}
