{
  "scenario": 1,
  "scheme": "ub_rg",
  "mode": "roundtrip",
  "batch": 512,
  "zipf_s": 0.700000,
  "topk": 8,
  "ep_size": 64,
  "seed": 9,
  "start_skew_us": 4.000000,
  "tau_g_ns": 143.360000,
  "grain_bytes": 7168,
  "total_tokens": 524288,
  "max_egress_load": 2691,
  "konig_us": 767.406080,
  "rtt_us": 0.600000,
  "barrier_us": 0.800000,
  "cct_us": 780.158138,
  "step_us": 1612.559700,
  "gemv_us": 831.601562,
  "e2e_us": 1611.759700,
  "throughput_GBs": 2330.516125,
  "latency_all": {
    "count": 524288,
    "mean_us": 66.031879,
    "p50_us": 32.712034,
    "p99_us": 135.645309,
    "min_us": 1.183499,
    "max_us": 390.161470
  },
  "latency_hot": {
    "count": 155754,
    "mean_us": 132.920208,
    "p50_us": 119.557465,
    "p99_us": 371.302917,
    "min_us": 1.183499,
    "max_us": 390.161470
  },
  "latency_cold": {
    "count": 140944,
    "mean_us": 23.742827,
    "p50_us": 23.258988,
    "p99_us": 50.370771,
    "min_us": 1.197982,
    "max_us": 57.712472
  },
  "dispatch_cct_us": 390.161470,
  "combine_cct_us": 389.996668,
  "roundtrip_step_us": 780.958138,
  "e2e_step_us": 1612.559700
}
