{
  "scenario": 4,
  "scheme": "ub_rg_pop",
  "mode": "roundtrip",
  "batch": 512,
  "zipf_s": 0.000000,
  "topk": 8,
  "ep_size": 256,
  "seed": 18,
  "start_skew_us": 4.000000,
  "tau_g_ns": 143.360000,
  "grain_bytes": 7168,
  "total_tokens": 2097152,
  "max_egress_load": 627,
  "konig_us": 178.483200,
  "rtt_us": 1.200000,
  "barrier_us": 1.600000,
  "cct_us": 221.455483,
  "step_us": 388.953921,
  "gemv_us": 165.898438,
  "e2e_us": 387.353921,
  "throughput_GBs": 38648.242704,
  "latency_all": {
    "count": 2097152,
    "mean_us": 50.534458,
    "p50_us": 23.129955,
    "p99_us": 87.446254,
    "min_us": 1.662307,
    "max_us": 111.707460
  },
  "latency_hot": {
    "count": 205010,
    "mean_us": 50.712871,
    "p50_us": 49.612475,
    "p99_us": 89.688013,
    "min_us": 2.810885,
    "max_us": 107.790445
  },
  "latency_cold": {
    "count": 1048250,
    "mean_us": 50.486964,
    "p50_us": 29.628164,
    "p99_us": 83.604317,
    "min_us": 2.584613,
    "max_us": 109.748023
  },
  "dispatch_cct_us": 111.707460,
  "combine_cct_us": 109.748023,
  "roundtrip_step_us": 223.055483,
  "e2e_step_us": 388.953921
}
