{
  "scenario": 1,
  "scheme": "ub_rg",
  "mode": "roundtrip",
  "batch": 128,
  "zipf_s": 0.300000,
  "topk": 8,
  "ep_size": 32,
  "seed": 53,
  "start_skew_us": 4.000000,
  "tau_g_ns": 143.360000,
  "grain_bytes": 7168,
  "total_tokens": 65536,
  "max_egress_load": 252,
  "konig_us": 69.959680,
  "rtt_us": 0.600000,
  "barrier_us": 0.800000,
  "cct_us": 77.285074,
  "step_us": 151.678824,
  "gemv_us": 73.593750,
  "e2e_us": 150.878824,
  "throughput_GBs": 3097.083924,
  "latency_all": {
    "count": 65536,
    "mean_us": 13.035620,
    "p50_us": 12.437132,
    "p99_us": 30.979427,
    "min_us": 1.358041,
    "max_us": 39.800826
  },
  "latency_hot": {
    "count": 9720,
    "mean_us": 17.629366,
    "p50_us": 17.426514,
    "p99_us": 35.858142,
    "min_us": 1.358041,
    "max_us": 39.800826
  },
  "latency_cold": {
    "count": 27412,
    "mean_us": 11.106406,
    "p50_us": 10.947872,
    "p99_us": 21.309857,
    "min_us": 1.520171,
    "max_us": 24.994081
  },
  "dispatch_cct_us": 39.800826,
  "combine_cct_us": 37.484248,
  "roundtrip_step_us": 78.085074,
  "e2e_step_us": 151.678824
}
