{
  "scenario": 4,
  "scheme": "packet_spray",
  "mode": "roundtrip",
  "batch": 64,
  "zipf_s": 0.900000,
  "topk": 8,
  "ep_size": 128,
  "seed": 6,
  "start_skew_us": 4.000000,
  "tau_g_ns": 143.360000,
  "grain_bytes": 7168,
  "total_tokens": 131072,
  "max_egress_load": 789,
  "konig_us": 222.924800,
  "rtt_us": 0.000000,
  "barrier_us": 6.000000,
  "cct_us": 273.860419,
  "step_us": 519.196356,
  "gemv_us": 239.335938,
  "e2e_us": 513.196356,
  "throughput_GBs": 1809.573747,
  "latency_all": {
    "count": 131072,
    "mean_us": 52.831080,
    "p50_us": 41.127585,
    "p99_us": 122.345634,
    "min_us": 1.299827,
    "max_us": 138.038945
  },
  "latency_hot": {
    "count": 57846,
    "mean_us": 58.623445,
    "p50_us": 52.242594,
    "p99_us": 125.212834,
    "min_us": 5.737314,
    "max_us": 138.038945
  },
  "latency_cold": {
    "count": 23724,
    "mean_us": 47.796085,
    "p50_us": 30.322534,
    "p99_us": 121.628834,
    "min_us": 1.299827,
    "max_us": 135.821474
  },
  "dispatch_cct_us": 138.038945,
  "combine_cct_us": 135.821474,
  "roundtrip_step_us": 279.860419,
  "e2e_step_us": 519.196356
}
