{
  "scenario": 1,
  "scheme": "packet_spray",
  "mode": "roundtrip",
  "batch": 256,
  "zipf_s": 0.900000,
  "topk": 8,
  "ep_size": 32,
  "seed": 91,
  "tau_g_ns": 143.360000,
  "grain_bytes": 7168,
  "total_tokens": 131072,
  "max_egress_load": 949,
  "konig_us": 267.653120,
  "rtt_us": 0.000000,
  "barrier_us": 4.000000,
  "cct_us": 333.955360,
  "step_us": 337.955360,
  "throughput_GBs": 2780.024249,
  "latency_all": {
    "count": 131072,
    "mean_us": 72.118097,
    "p50_us": 62.754960,
    "p99_us": 155.508880,
    "min_us": 0.536720,
    "max_us": 168.411280
  },
  "latency_hot": {
    "count": 36370,
    "mean_us": 78.270162,
    "p50_us": 78.667920,
    "p99_us": 157.085840,
    "min_us": 0.536720,
    "max_us": 168.411280
  },
  "latency_cold": {
    "count": 33712,
    "mean_us": 69.566686,
    "p50_us": 50.426000,
    "p99_us": 159.666320,
    "min_us": 0.536720,
    "max_us": 165.544080
  },
  "dispatch_cct_us": 168.411280,
  "combine_cct_us": 165.544080,
  "roundtrip_step_us": 337.955360
}
