{
  "scenario": 1,
  "scheme": "ub_rg_pop",
  "mode": "roundtrip",
  "batch": 256,
  "zipf_s": 0.300000,
  "topk": 8,
  "ep_size": 64,
  "seed": 19,
  "start_skew_us": 4.000000,
  "tau_g_ns": 143.360000,
  "grain_bytes": 7168,
  "total_tokens": 262144,
  "max_egress_load": 621,
  "konig_us": 173.752320,
  "rtt_us": 0.900000,
  "barrier_us": 0.800000,
  "cct_us": 193.000925,
  "step_us": 378.254050,
  "gemv_us": 184.453125,
  "e2e_us": 377.454050,
  "throughput_GBs": 4967.688224,
  "latency_all": {
    "count": 262144,
    "mean_us": 32.379482,
    "p50_us": 26.362106,
    "p99_us": 71.808505,
    "min_us": 1.446648,
    "max_us": 102.462344
  },
  "latency_hot": {
    "count": 43050,
    "mean_us": 43.395705,
    "p50_us": 42.827032,
    "p99_us": 87.897915,
    "min_us": 1.446648,
    "max_us": 102.462344
  },
  "latency_cold": {
    "count": 105110,
    "mean_us": 26.900692,
    "p50_us": 26.709832,
    "p99_us": 47.944052,
    "min_us": 2.524649,
    "max_us": 56.316341
  },
  "dispatch_cct_us": 102.462344,
  "combine_cct_us": 90.538582,
  "roundtrip_step_us": 193.800925,
  "e2e_step_us": 378.254050
}
