{
  "scenario": 4,
  "scheme": "packet_spray",
  "mode": "roundtrip",
  "batch": 128,
  "zipf_s": 0.900000,
  "topk": 8,
  "ep_size": 128,
  "seed": 33,
  "start_skew_us": 4.000000,
  "tau_g_ns": 143.360000,
  "grain_bytes": 7168,
  "total_tokens": 262144,
  "max_egress_load": 1681,
  "konig_us": 461.762560,
  "rtt_us": 0.000000,
  "barrier_us": 6.000000,
  "cct_us": 506.319838,
  "step_us": 993.413588,
  "gemv_us": 481.093750,
  "e2e_us": 987.413588,
  "throughput_GBs": 1891.506433,
  "latency_all": {
    "count": 262144,
    "mean_us": 83.444251,
    "p50_us": 43.920856,
    "p99_us": 222.486383,
    "min_us": 0.390185,
    "max_us": 262.340463
  },
  "latency_hot": {
    "count": 116322,
    "mean_us": 95.061960,
    "p50_us": 80.357726,
    "p99_us": 226.632815,
    "min_us": 0.390185,
    "max_us": 251.301743
  },
  "latency_cold": {
    "count": 47456,
    "mean_us": 73.237593,
    "p50_us": 27.511488,
    "p99_us": 233.381743,
    "min_us": 0.471490,
    "max_us": 262.340463
  },
  "dispatch_cct_us": 243.979375,
  "combine_cct_us": 262.340463,
  "roundtrip_step_us": 512.319838,
  "e2e_step_us": 993.413588
}
