{
  "scenario": 4,
  "scheme": "packet_spray",
  "mode": "roundtrip",
  "batch": 512,
  "zipf_s": 0.900000,
  "topk": 8,
  "ep_size": 128,
  "seed": 19,
  "start_skew_us": 4.000000,
  "tau_g_ns": 143.360000,
  "grain_bytes": 7168,
  "total_tokens": 1048576,
  "max_egress_load": 6620,
  "konig_us": 1826.693120,
  "rtt_us": 0.000000,
  "barrier_us": 6.000000,
  "cct_us": 1987.101965,
  "step_us": 3906.031652,
  "gemv_us": 1912.929688,
  "e2e_us": 3900.031652,
  "throughput_GBs": 1924.252909,
  "latency_all": {
    "count": 1048576,
    "mean_us": 328.440311,
    "p50_us": 94.409353,
    "p99_us": 516.510104,
    "min_us": 0.278486,
    "max_us": 1043.141252
  },
  "latency_hot": {
    "count": 462716,
    "mean_us": 373.885754,
    "p50_us": 219.553171,
    "p99_us": 782.537353,
    "min_us": 0.352719,
    "max_us": 1001.996932
  },
  "latency_cold": {
    "count": 188868,
    "mean_us": 290.716382,
    "p50_us": 110.154372,
    "p99_us": 925.012612,
    "min_us": 1.091975,
    "max_us": 1043.141252
  },
  "dispatch_cct_us": 943.960713,
  "combine_cct_us": 1043.141252,
  "roundtrip_step_us": 1993.101965,
  "e2e_step_us": 3906.031652
}
