{
  "scenario": 4,
  "scheme": "ub_rg_pop",
  "mode": "roundtrip",
  "batch": 16,
  "zipf_s": 0.900000,
  "topk": 8,
  "ep_size": 128,
  "seed": 81,
  "start_skew_us": 4.000000,
  "tau_g_ns": 143.360000,
  "grain_bytes": 7168,
  "total_tokens": 32768,
  "max_egress_load": 199,
  "konig_us": 55.623680,
  "rtt_us": 1.200000,
  "barrier_us": 1.600000,
  "cct_us": 92.558799,
  "step_us": 153.143174,
  "gemv_us": 58.984375,
  "e2e_us": 151.543174,
  "throughput_GBs": 1533.734861,
  "latency_all": {
    "count": 32768,
    "mean_us": 15.926717,
    "p50_us": 14.882561,
    "p99_us": 36.820761,
    "min_us": 1.512003,
    "max_us": 53.763066
  },
  "latency_hot": {
    "count": 14372,
    "mean_us": 19.806138,
    "p50_us": 18.530463,
    "p99_us": 39.780524,
    "min_us": 2.176596,
    "max_us": 53.763066
  },
  "latency_cold": {
    "count": 6062,
    "mean_us": 12.412916,
    "p50_us": 12.309759,
    "p99_us": 22.454384,
    "min_us": 1.753657,
    "max_us": 30.656103
  },
  "dispatch_cct_us": 53.763066,
  "combine_cct_us": 38.795732,
  "roundtrip_step_us": 94.158799,
  "e2e_step_us": 153.143174
}
