{
  "scenario": 4,
  "scheme": "ub_rg_pop",
  "mode": "roundtrip",
  "batch": 64,
  "zipf_s": 0.300000,
  "topk": 8,
  "ep_size": 128,
  "seed": 36,
  "start_skew_us": 4.000000,
  "tau_g_ns": 143.360000,
  "grain_bytes": 7168,
  "total_tokens": 131072,
  "max_egress_load": 218,
  "konig_us": 59.351040,
  "rtt_us": 1.200000,
  "barrier_us": 1.600000,
  "cct_us": 98.193017,
  "step_us": 160.847705,
  "gemv_us": 61.054688,
  "e2e_us": 159.247705,
  "throughput_GBs": 5841.078665,
  "latency_all": {
    "count": 131072,
    "mean_us": 17.107722,
    "p50_us": 16.662513,
    "p99_us": 34.580581,
    "min_us": 1.536600,
    "max_us": 50.759040
  },
  "latency_hot": {
    "count": 22904,
    "mean_us": 21.778262,
    "p50_us": 21.380076,
    "p99_us": 41.437730,
    "min_us": 1.950602,
    "max_us": 50.759040
  },
  "latency_cold": {
    "count": 51934,
    "mean_us": 15.348728,
    "p50_us": 15.326484,
    "p99_us": 27.145021,
    "min_us": 1.780738,
    "max_us": 34.577451
  },
  "dispatch_cct_us": 50.759040,
  "combine_cct_us": 47.433977,
  "roundtrip_step_us": 99.793017,
  "e2e_step_us": 160.847705
}
