{
  "scenario": 2,
  "scheme": "ub_rg_pop",
  "mode": "roundtrip",
  "batch": 64,
  "zipf_s": 0.000000,
  "topk": 8,
  "ep_size": 256,
  "seed": 64,
  "tau_g_ns": 143.360000,
  "grain_bytes": 7168,
  "total_tokens": 262144,
  "max_egress_load": 93,
  "konig_us": 26.234880,
  "rtt_us": 1.650000,
  "barrier_us": 2.400000,
  "cct_us": 34.535965,
  "step_us": 36.935965,
  "throughput_GBs": 50873.130969,
  "latency_all": {
    "count": 262144,
    "mean_us": 8.282941,
    "p50_us": 7.120384,
    "p99_us": 14.757047,
    "min_us": 2.593427,
    "max_us": 18.133002
  },
  "latency_hot": {
    "count": 26092,
    "mean_us": 8.389537,
    "p50_us": 8.335478,
    "p99_us": 14.923804,
    "min_us": 2.598400,
    "max_us": 18.133002
  },
  "latency_cold": {
    "count": 130456,
    "mean_us": 8.256786,
    "p50_us": 8.209150,
    "p99_us": 14.524975,
    "min_us": 2.593427,
    "max_us": 17.523969
  },
  "dispatch_cct_us": 18.133002,
  "combine_cct_us": 16.402963,
  "roundtrip_step_us": 36.935965
}
