{
  "scenario": 4,
  "scheme": "ub_rg_pop",
  "mode": "roundtrip",
  "batch": 512,
  "zipf_s": 0.900000,
  "topk": 8,
  "ep_size": 512,
  "seed": 40,
  "start_skew_us": 4.000000,
  "tau_g_ns": 143.360000,
  "grain_bytes": 7168,
  "total_tokens": 4194304,
  "max_egress_load": 22218,
  "konig_us": 6078.033920,
  "rtt_us": 1.200000,
  "barrier_us": 1.600000,
  "cct_us": 6378.384074,
  "step_us": 12685.843449,
  "gemv_us": 6305.859375,
  "e2e_us": 12684.243449,
  "throughput_GBs": 2369.946562,
  "latency_all": {
    "count": 4194304,
    "mean_us": 292.819380,
    "p50_us": 21.549033,
    "p99_us": 2287.005689,
    "min_us": 1.490177,
    "max_us": 3190.726215
  },
  "latency_hot": {
    "count": 2325618,
    "mean_us": 502.528188,
    "p50_us": 57.680019,
    "p99_us": 2287.187375,
    "min_us": 1.593890,
    "max_us": 3190.726215
  },
  "latency_cold": {
    "count": 611984,
    "mean_us": 17.018042,
    "p50_us": 14.567836,
    "p99_us": 28.029349,
    "min_us": 1.490177,
    "max_us": 78.526926
  },
  "dispatch_cct_us": 3187.657859,
  "combine_cct_us": 3190.726215,
  "roundtrip_step_us": 6379.984074,
  "e2e_step_us": 12685.843449
}
