{
  "scenario": 1,
  "scheme": "ub_rg",
  "mode": "roundtrip",
  "batch": 64,
  "zipf_s": 0.700000,
  "topk": 8,
  "ep_size": 128,
  "seed": 76,
  "start_skew_us": 4.000000,
  "tau_g_ns": 143.360000,
  "grain_bytes": 7168,
  "total_tokens": 131072,
  "max_egress_load": 603,
  "konig_us": 165.580800,
  "rtt_us": 0.600000,
  "barrier_us": 0.800000,
  "cct_us": 195.871572,
  "step_us": 368.898134,
  "gemv_us": 172.226562,
  "e2e_us": 368.098134,
  "throughput_GBs": 2546.838839,
  "latency_all": {
    "count": 131072,
    "mean_us": 22.705594,
    "p50_us": 19.162388,
    "p99_us": 76.832039,
    "min_us": 1.143413,
    "max_us": 104.439794
  },
  "latency_hot": {
    "count": 45300,
    "mean_us": 33.214979,
    "p50_us": 29.630431,
    "p99_us": 85.820620,
    "min_us": 1.872761,
    "max_us": 104.439794
  },
  "latency_cold": {
    "count": 32372,
    "mean_us": 15.322371,
    "p50_us": 15.389374,
    "p99_us": 25.033732,
    "min_us": 1.143413,
    "max_us": 29.009723
  },
  "dispatch_cct_us": 104.439794,
  "combine_cct_us": 91.431777,
  "roundtrip_step_us": 196.671572,
  "e2e_step_us": 368.898134
}
