{
  "scenario": 4,
  "scheme": "ub_rg",
  "mode": "roundtrip",
  "batch": 16,
  "zipf_s": 0.700000,
  "topk": 8,
  "ep_size": 128,
  "seed": 43,
  "start_skew_us": 4.000000,
  "tau_g_ns": 143.360000,
  "grain_bytes": 7168,
  "total_tokens": 32768,
  "max_egress_load": 150,
  "konig_us": 41.574400,
  "rtt_us": 0.800000,
  "barrier_us": 1.600000,
  "cct_us": 51.854629,
  "step_us": 97.009317,
  "gemv_us": 43.554688,
  "e2e_us": 95.409317,
  "throughput_GBs": 2421.221304,
  "latency_all": {
    "count": 32768,
    "mean_us": 6.266200,
    "p50_us": 5.393715,
    "p99_us": 20.714304,
    "min_us": 1.145455,
    "max_us": 26.390510
  },
  "latency_hot": {
    "count": 11246,
    "mean_us": 9.241642,
    "p50_us": 8.290255,
    "p99_us": 22.925984,
    "min_us": 1.442685,
    "max_us": 26.390510
  },
  "latency_cold": {
    "count": 7982,
    "mean_us": 4.086008,
    "p50_us": 3.941049,
    "p99_us": 6.881515,
    "min_us": 1.349002,
    "max_us": 8.144745
  },
  "dispatch_cct_us": 26.390510,
  "combine_cct_us": 25.464119,
  "roundtrip_step_us": 53.454629,
  "e2e_step_us": 97.009317
}
