{
  "scenario": 1,
  "scheme": "packet_spray",
  "mode": "roundtrip",
  "batch": 256,
  "zipf_s": 0.700000,
  "topk": 8,
  "ep_size": 128,
  "seed": 44,
  "start_skew_us": 4.000000,
  "tau_g_ns": 143.360000,
  "grain_bytes": 7168,
  "total_tokens": 524288,
  "max_egress_load": 2247,
  "konig_us": 636.805120,
  "rtt_us": 0.000000,
  "barrier_us": 4.000000,
  "cct_us": 709.070344,
  "step_us": 1398.929719,
  "gemv_us": 685.859375,
  "e2e_us": 1394.929719,
  "throughput_GBs": 2686.408282,
  "latency_all": {
    "count": 524288,
    "mean_us": 126.204668,
    "p50_us": 52.349089,
    "p99_us": 244.236722,
    "min_us": 1.350743,
    "max_us": 357.921202
  },
  "latency_hot": {
    "count": 180754,
    "mean_us": 142.668472,
    "p50_us": 123.923543,
    "p99_us": 322.477143,
    "min_us": 1.350743,
    "max_us": 357.921202
  },
  "latency_cold": {
    "count": 128418,
    "mean_us": 117.644171,
    "p50_us": 55.144882,
    "p99_us": 340.827223,
    "min_us": 2.560045,
    "max_us": 351.149143
  },
  "dispatch_cct_us": 357.921202,
  "combine_cct_us": 351.149143,
  "roundtrip_step_us": 713.070344,
  "e2e_step_us": 1398.929719
}
