{
  "scenario": 4,
  "scheme": "ub_rg",
  "mode": "roundtrip",
  "batch": 16,
  "zipf_s": 0.000000,
  "topk": 8,
  "ep_size": 512,
  "seed": 65,
  "start_skew_us": 4.000000,
  "tau_g_ns": 143.360000,
  "grain_bytes": 7168,
  "total_tokens": 131072,
  "max_egress_load": 32,
  "konig_us": 8.888320,
  "rtt_us": 0.800000,
  "barrier_us": 1.600000,
  "cct_us": 57.412576,
  "step_us": 65.418826,
  "gemv_us": 6.406250,
  "e2e_us": 63.818826,
  "throughput_GBs": 14361.677627,
  "latency_all": {
    "count": 131072,
    "mean_us": 14.580989,
    "p50_us": 14.423788,
    "p99_us": 24.885502,
    "min_us": 1.182930,
    "max_us": 30.263385
  },
  "latency_hot": {
    "count": 13154,
    "mean_us": 14.434322,
    "p50_us": 14.335994,
    "p99_us": 25.286211,
    "min_us": 1.540207,
    "max_us": 30.263385
  },
  "latency_cold": {
    "count": 65304,
    "mean_us": 14.824181,
    "p50_us": 14.568256,
    "p99_us": 25.379207,
    "min_us": 1.391968,
    "max_us": 28.660923
  },
  "dispatch_cct_us": 27.149191,
  "combine_cct_us": 30.263385,
  "roundtrip_step_us": 59.012576,
  "e2e_step_us": 65.418826
}
