{
  "scenario": 1,
  "scheme": "ub_rg",
  "mode": "roundtrip",
  "batch": 128,
  "zipf_s": 0.000000,
  "topk": 8,
  "ep_size": 128,
  "seed": 89,
  "start_skew_us": 4.000000,
  "tau_g_ns": 143.360000,
  "grain_bytes": 7168,
  "total_tokens": 262144,
  "max_egress_load": 166,
  "konig_us": 46.735360,
  "rtt_us": 0.600000,
  "barrier_us": 0.800000,
  "cct_us": 57.428042,
  "step_us": 101.743667,
  "gemv_us": 43.515625,
  "e2e_us": 100.943667,
  "throughput_GBs": 18468.453584,
  "latency_all": {
    "count": 262144,
    "mean_us": 13.259849,
    "p50_us": 10.968605,
    "p99_us": 24.140138,
    "min_us": 1.190319,
    "max_us": 29.188783
  },
  "latency_hot": {
    "count": 24804,
    "mean_us": 13.599102,
    "p50_us": 13.498468,
    "p99_us": 24.456364,
    "min_us": 1.477759,
    "max_us": 27.504110
  },
  "latency_cold": {
    "count": 131370,
    "mean_us": 13.231104,
    "p50_us": 13.134752,
    "p99_us": 24.269682,
    "min_us": 1.190319,
    "max_us": 27.911938
  },
  "dispatch_cct_us": 29.188783,
  "combine_cct_us": 28.239259,
  "roundtrip_step_us": 58.228042,
  "e2e_step_us": 101.743667
}
