{
  "scenario": 1,
  "scheme": "packet_spray",
  "mode": "roundtrip",
  "batch": 16,
  "zipf_s": 0.700000,
  "topk": 8,
  "ep_size": 64,
  "seed": 25,
  "start_skew_us": 4.000000,
  "tau_g_ns": 143.360000,
  "grain_bytes": 7168,
  "total_tokens": 16384,
  "max_egress_load": 93,
  "konig_us": 25.374720,
  "rtt_us": 0.000000,
  "barrier_us": 4.000000,
  "cct_us": 35.451429,
  "step_us": 65.467054,
  "gemv_us": 26.015625,
  "e2e_us": 61.467054,
  "throughput_GBs": 1793.887221,
  "latency_all": {
    "count": 16384,
    "mean_us": 7.895474,
    "p50_us": 7.090047,
    "p99_us": 15.463471,
    "min_us": 0.739657,
    "max_us": 19.271159
  },
  "latency_hot": {
    "count": 4896,
    "mean_us": 8.755612,
    "p50_us": 8.662519,
    "p99_us": 17.264119,
    "min_us": 1.193392,
    "max_us": 19.271159
  },
  "latency_cold": {
    "count": 4408,
    "mean_us": 7.419845,
    "p50_us": 6.218834,
    "p99_us": 15.320111,
    "min_us": 0.739657,
    "max_us": 16.180271
  },
  "dispatch_cct_us": 19.271159,
  "combine_cct_us": 16.180271,
  "roundtrip_step_us": 39.451429,
  "e2e_step_us": 65.467054
}
