{
  "scenario": 1,
  "scheme": "packet_spray",
  "mode": "roundtrip",
  "batch": 64,
  "zipf_s": 0.900000,
  "topk": 8,
  "ep_size": 128,
  "seed": 69,
  "start_skew_us": 4.000000,
  "tau_g_ns": 143.360000,
  "grain_bytes": 7168,
  "total_tokens": 131072,
  "max_egress_load": 807,
  "konig_us": 225.792000,
  "rtt_us": 0.000000,
  "barrier_us": 4.000000,
  "cct_us": 248.303973,
  "step_us": 492.030535,
  "gemv_us": 239.726562,
  "e2e_us": 488.030535,
  "throughput_GBs": 1909.483311,
  "latency_all": {
    "count": 131072,
    "mean_us": 43.924384,
    "p50_us": 32.030868,
    "p99_us": 116.039828,
    "min_us": 0.847623,
    "max_us": 125.812945
  },
  "latency_hot": {
    "count": 58044,
    "mean_us": 49.807035,
    "p50_us": 42.600836,
    "p99_us": 113.889428,
    "min_us": 1.797050,
    "max_us": 125.812945
  },
  "latency_cold": {
    "count": 23792,
    "mean_us": 38.774211,
    "p50_us": 15.314868,
    "p99_us": 118.763668,
    "min_us": 0.847623,
    "max_us": 122.491028
  },
  "dispatch_cct_us": 125.812945,
  "combine_cct_us": 122.491028,
  "roundtrip_step_us": 252.303973,
  "e2e_step_us": 492.030535
}
