{
  "scenario": 1,
  "scheme": "packet_spray",
  "mode": "roundtrip",
  "batch": 16,
  "zipf_s": 0.000000,
  "topk": 8,
  "ep_size": 128,
  "seed": 7,
  "tau_g_ns": 143.360000,
  "grain_bytes": 7168,
  "total_tokens": 32768,
  "max_egress_load": 33,
  "konig_us": 9.031680,
  "rtt_us": 0.000000,
  "barrier_us": 4.000000,
  "cct_us": 12.542240,
  "step_us": 16.542240,
  "throughput_GBs": 14198.864483,
  "latency_all": {
    "count": 32768,
    "mean_us": 2.998270,
    "p50_us": 2.973840,
    "p99_us": 5.267600,
    "min_us": 0.536720,
    "max_us": 6.414480
  },
  "latency_hot": {
    "count": 3050,
    "mean_us": 2.473114,
    "p50_us": 2.400400,
    "p99_us": 5.124240,
    "min_us": 0.536720,
    "max_us": 5.697680
  },
  "latency_cold": {
    "count": 16456,
    "mean_us": 3.289161,
    "p50_us": 3.260560,
    "p99_us": 5.267600,
    "min_us": 0.536720,
    "max_us": 6.127760
  },
  "dispatch_cct_us": 6.414480,
  "combine_cct_us": 6.127760,
  "roundtrip_step_us": 16.542240
}
