{
  "scenario": 4,
  "scheme": "packet_spray",
  "mode": "roundtrip",
  "batch": 64,
  "zipf_s": 0.000000,
  "topk": 8,
  "ep_size": 512,
  "seed": 19,
  "start_skew_us": 4.000000,
  "tau_g_ns": 143.360000,
  "grain_bytes": 7168,
  "total_tokens": 524288,
  "max_egress_load": 101,
  "konig_us": 28.385280,
  "rtt_us": 0.000000,
  "barrier_us": 6.000000,
  "cct_us": 83.925718,
  "step_us": 113.441343,
  "gemv_us": 23.515625,
  "e2e_us": 107.441343,
  "throughput_GBs": 33128.101922,
  "latency_all": {
    "count": 524288,
    "mean_us": 28.718352,
    "p50_us": 27.638753,
    "p99_us": 35.373080,
    "min_us": 1.231305,
    "max_us": 42.179336
  },
  "latency_hot": {
    "count": 51872,
    "mean_us": 25.497773,
    "p50_us": 26.046822,
    "p99_us": 36.060291,
    "min_us": 1.231305,
    "max_us": 40.742862
  },
  "latency_cold": {
    "count": 262500,
    "mean_us": 30.008771,
    "p50_us": 29.449727,
    "p99_us": 37.302222,
    "min_us": 1.483600,
    "max_us": 42.179336
  },
  "dispatch_cct_us": 41.746382,
  "combine_cct_us": 42.179336,
  "roundtrip_step_us": 89.925718,
  "e2e_step_us": 113.441343
}
