{
  "scenario": 1,
  "scheme": "packet_spray",
  "mode": "roundtrip",
  "batch": 64,
  "zipf_s": 0.000000,
  "topk": 8,
  "ep_size": 32,
  "seed": 55,
  "tau_g_ns": 143.360000,
  "grain_bytes": 7168,
  "total_tokens": 32768,
  "max_egress_load": 82,
  "konig_us": 21.790720,
  "rtt_us": 0.000000,
  "barrier_us": 4.000000,
  "cct_us": 39.924000,
  "step_us": 43.924000,
  "throughput_GBs": 5347.441581,
  "latency_all": {
    "count": 32768,
    "mean_us": 11.135744,
    "p50_us": 11.288720,
    "p99_us": 18.313360,
    "min_us": 0.536720,
    "max_us": 20.607120
  },
  "latency_hot": {
    "count": 3112,
    "mean_us": 9.080736,
    "p50_us": 8.994960,
    "p99_us": 17.883280,
    "min_us": 0.536720,
    "max_us": 19.460240
  },
  "latency_cold": {
    "count": 16478,
    "mean_us": 12.320515,
    "p50_us": 12.435600,
    "p99_us": 18.456720,
    "min_us": 0.536720,
    "max_us": 20.463760
  },
  "dispatch_cct_us": 20.607120,
  "combine_cct_us": 19.316880,
  "roundtrip_step_us": 43.924000
}
