{
  "scenario": 1,
  "scheme": "ub_rg_pop",
  "mode": "roundtrip",
  "batch": 64,
  "zipf_s": 0.300000,
  "topk": 8,
  "ep_size": 64,
  "seed": 82,
  "start_skew_us": 4.000000,
  "tau_g_ns": 143.360000,
  "grain_bytes": 7168,
  "total_tokens": 65536,
  "max_egress_load": 165,
  "konig_us": 45.445120,
  "rtt_us": 0.900000,
  "barrier_us": 0.800000,
  "cct_us": 73.144959,
  "step_us": 121.288709,
  "gemv_us": 47.343750,
  "e2e_us": 120.488709,
  "throughput_GBs": 3873.089676,
  "latency_all": {
    "count": 65536,
    "mean_us": 15.192173,
    "p50_us": 14.941957,
    "p99_us": 28.533932,
    "min_us": 1.490899,
    "max_us": 38.163557
  },
  "latency_hot": {
    "count": 10656,
    "mean_us": 18.069046,
    "p50_us": 17.919633,
    "p99_us": 31.333464,
    "min_us": 1.821172,
    "max_us": 38.163557
  },
  "latency_cold": {
    "count": 26390,
    "mean_us": 13.212425,
    "p50_us": 13.061905,
    "p99_us": 23.498186,
    "min_us": 1.490899,
    "max_us": 27.446393
  },
  "dispatch_cct_us": 38.163557,
  "combine_cct_us": 34.981403,
  "roundtrip_step_us": 73.944959,
  "e2e_step_us": 121.288709
}
