{
  "scenario": 1,
  "scheme": "packet_spray",
  "mode": "roundtrip",
  "batch": 256,
  "zipf_s": 0.900000,
  "topk": 8,
  "ep_size": 64,
  "seed": 65,
  "start_skew_us": 4.000000,
  "tau_g_ns": 143.360000,
  "grain_bytes": 7168,
  "total_tokens": 262144,
  "max_egress_load": 1782,
  "konig_us": 497.745920,
  "rtt_us": 0.000000,
  "barrier_us": 4.000000,
  "cct_us": 579.941290,
  "step_us": 1112.027228,
  "gemv_us": 528.085938,
  "e2e_us": 1108.027228,
  "throughput_GBs": 1689.750166,
  "latency_all": {
    "count": 262144,
    "mean_us": 115.486254,
    "p50_us": 77.009105,
    "p99_us": 259.076305,
    "min_us": 9.056985,
    "max_us": 295.203545
  },
  "latency_hot": {
    "count": 96454,
    "mean_us": 129.188938,
    "p50_us": 121.880785,
    "p99_us": 265.384665,
    "min_us": 9.056985,
    "max_us": 295.203545
  },
  "latency_cold": {
    "count": 56042,
    "mean_us": 107.126269,
    "p50_us": 61.022910,
    "p99_us": 277.283025,
    "min_us": 9.056985,
    "max_us": 284.737745
  },
  "dispatch_cct_us": 295.203545,
  "combine_cct_us": 284.737745,
  "roundtrip_step_us": 583.941290,
  "e2e_step_us": 1112.027228
}
