{
  "scenario": 1,
  "scheme": "ub_rg",
  "mode": "roundtrip",
  "batch": 128,
  "zipf_s": 0.700000,
  "topk": 8,
  "ep_size": 32,
  "seed": 78,
  "start_skew_us": 4.000000,
  "tau_g_ns": 143.360000,
  "grain_bytes": 7168,
  "total_tokens": 65536,
  "max_egress_load": 410,
  "konig_us": 116.121600,
  "rtt_us": 0.600000,
  "barrier_us": 0.800000,
  "cct_us": 124.153147,
  "step_us": 249.718772,
  "gemv_us": 124.765625,
  "e2e_us": 248.918772,
  "throughput_GBs": 1881.164334,
  "latency_all": {
    "count": 65536,
    "mean_us": 15.765786,
    "p50_us": 12.680855,
    "p99_us": 53.825231,
    "min_us": 1.247307,
    "max_us": 63.871828
  },
  "latency_hot": {
    "count": 15596,
    "mean_us": 26.708036,
    "p50_us": 25.999051,
    "p99_us": 58.302580,
    "min_us": 1.495840,
    "max_us": 63.871828
  },
  "latency_cold": {
    "count": 20100,
    "mean_us": 9.261628,
    "p50_us": 9.076847,
    "p99_us": 17.664233,
    "min_us": 1.247307,
    "max_us": 19.716904
  },
  "dispatch_cct_us": 63.871828,
  "combine_cct_us": 60.281320,
  "roundtrip_step_us": 124.953147,
  "e2e_step_us": 249.718772
}
