{
  "scenario": 1,
  "scheme": "ub_rg_pop",
  "mode": "roundtrip",
  "batch": 128,
  "zipf_s": 0.900000,
  "topk": 8,
  "ep_size": 128,
  "seed": 20,
  "start_skew_us": 4.000000,
  "tau_g_ns": 143.360000,
  "grain_bytes": 7168,
  "total_tokens": 262144,
  "max_egress_load": 1549,
  "konig_us": 441.405440,
  "rtt_us": 0.900000,
  "barrier_us": 0.800000,
  "cct_us": 450.531231,
  "step_us": 929.299981,
  "gemv_us": 477.968750,
  "e2e_us": 928.499981,
  "throughput_GBs": 2022.003907,
  "latency_all": {
    "count": 262144,
    "mean_us": 34.588686,
    "p50_us": 12.060747,
    "p99_us": 187.253842,
    "min_us": 1.503721,
    "max_us": 225.908746
  },
  "latency_hot": {
    "count": 116134,
    "mean_us": 62.589486,
    "p50_us": 47.829009,
    "p99_us": 212.050449,
    "min_us": 1.875835,
    "max_us": 225.908746
  },
  "latency_cold": {
    "count": 47784,
    "mean_us": 7.662692,
    "p50_us": 7.521697,
    "p99_us": 13.765960,
    "min_us": 1.503721,
    "max_us": 16.507567
  },
  "dispatch_cct_us": 225.908746,
  "combine_cct_us": 224.622485,
  "roundtrip_step_us": 451.331231,
  "e2e_step_us": 929.299981
}
