{
  "scenario": 4,
  "scheme": "ub_rg_pop",
  "mode": "dispatch",
  "batch": 256,
  "zipf_s": 0.000000,
  "topk": 8,
  "ep_size": 512,
  "seed": 1,
  "start_skew_us": 0.000000,
  "tau_g_ns": 143.360000,
  "grain_bytes": 7168,
  "total_tokens": 1048576,
  "max_egress_load": 341,
  "konig_us": 48.885760,
  "rtt_us": 1.200000,
  "barrier_us": 0.800000,
  "cct_us": 57.857041,
  "step_us": 58.657041,
  "gemv_us": 0.000000,
  "e2e_us": 0.000000,
  "throughput_GBs": 129909.733376,
  "latency_all": {
    "count": 1048576,
    "mean_us": 24.295374,
    "p50_us": 10.818897,
    "p99_us": 43.219021,
    "min_us": 1.395623,
    "max_us": 57.857041
  },
  "latency_hot": {
    "count": 105085,
    "mean_us": 24.334673,
    "p50_us": 24.280992,
    "p99_us": 45.898814,
    "min_us": 1.782410,
    "max_us": 53.379535
  },
  "latency_cold": {
    "count": 523343,
    "mean_us": 24.258347,
    "p50_us": 13.718576,
    "p99_us": 40.867334,
    "min_us": 1.395623,
    "max_us": 57.857041
  }
}
