{
  "scenario": 1,
  "scheme": "islip",
  "mode": "roundtrip",
  "batch": 16,
  "zipf_s": 0.900000,
  "topk": 8,
  "ep_size": 128,
  "seed": 88,
  "start_skew_us": 4.000000,
  "tau_g_ns": 143.360000,
  "grain_bytes": 7168,
  "total_tokens": 32768,
  "max_egress_load": 203,
  "konig_us": 56.483840,
  "rtt_us": 0.600000,
  "barrier_us": 0.800000,
  "cct_us": 87.841981,
  "step_us": 148.056044,
  "gemv_us": 59.414062,
  "e2e_us": 147.256044,
  "throughput_GBs": 1586.433206,
  "latency_all": {
    "count": 32768,
    "mean_us": 15.103941,
    "p50_us": 14.135117,
    "p99_us": 37.287681,
    "min_us": 1.149930,
    "max_us": 44.921870
  },
  "latency_hot": {
    "count": 14440,
    "mean_us": 18.697754,
    "p50_us": 17.368970,
    "p99_us": 39.509072,
    "min_us": 1.219937,
    "max_us": 44.921870
  },
  "latency_cold": {
    "count": 5806,
    "mean_us": 11.815880,
    "p50_us": 11.891462,
    "p99_us": 22.573977,
    "min_us": 1.149930,
    "max_us": 24.589004
  },
  "dispatch_cct_us": 44.921870,
  "combine_cct_us": 42.920111,
  "roundtrip_step_us": 88.641981,
  "e2e_step_us": 148.056044
}
