{
  "scenario": 4,
  "scheme": "packet_spray",
  "mode": "roundtrip",
  "batch": 512,
  "zipf_s": 0.900000,
  "topk": 8,
  "ep_size": 256,
  "seed": 7,
  "start_skew_us": 4.000000,
  "tau_g_ns": 143.360000,
  "grain_bytes": 7168,
  "total_tokens": 2097152,
  "max_egress_load": 12235,
  "konig_us": 3349.606400,
  "rtt_us": 0.000000,
  "barrier_us": 6.000000,
  "cct_us": 3525.474498,
  "step_us": 7009.599498,
  "gemv_us": 3478.125000,
  "e2e_us": 7003.599498,
  "throughput_GBs": 2144.542715,
  "latency_all": {
    "count": 2097152,
    "mean_us": 545.278803,
    "p50_us": 104.977940,
    "p99_us": 1085.611282,
    "min_us": 0.910160,
    "max_us": 1847.643056
  },
  "latency_hot": {
    "count": 1063958,
    "mean_us": 612.192456,
    "p50_us": 172.787220,
    "p99_us": 1088.857620,
    "min_us": 3.212706,
    "max_us": 1811.372976
  },
  "latency_cold": {
    "count": 337236,
    "mean_us": 473.115431,
    "p50_us": 98.570150,
    "p99_us": 1557.625776,
    "min_us": 2.588342,
    "max_us": 1847.643056
  },
  "dispatch_cct_us": 1677.831442,
  "combine_cct_us": 1847.643056,
  "roundtrip_step_us": 3531.474498,
  "e2e_step_us": 7009.599498
}
