{
  "scenario": 1,
  "scheme": "ub_rg_pop",
  "mode": "roundtrip",
  "batch": 64,
  "zipf_s": 0.000000,
  "topk": 8,
  "ep_size": 64,
  "seed": 44,
  "start_skew_us": 4.000000,
  "tau_g_ns": 143.360000,
  "grain_bytes": 7168,
  "total_tokens": 65536,
  "max_egress_load": 89,
  "konig_us": 25.231360,
  "rtt_us": 0.900000,
  "barrier_us": 0.800000,
  "cct_us": 63.399779,
  "step_us": 86.074779,
  "gemv_us": 21.875000,
  "e2e_us": 85.274779,
  "throughput_GBs": 5457.603861,
  "latency_all": {
    "count": 65536,
    "mean_us": 14.330775,
    "p50_us": 14.070905,
    "p99_us": 26.863495,
    "min_us": 1.519667,
    "max_us": 33.300337
  },
  "latency_hot": {
    "count": 6226,
    "mean_us": 13.776009,
    "p50_us": 13.152377,
    "p99_us": 27.141751,
    "min_us": 1.790186,
    "max_us": 33.220042
  },
  "latency_cold": {
    "count": 32578,
    "mean_us": 14.491400,
    "p50_us": 14.345426,
    "p99_us": 26.141251,
    "min_us": 1.519667,
    "max_us": 33.300337
  },
  "dispatch_cct_us": 33.300337,
  "combine_cct_us": 30.099442,
  "roundtrip_step_us": 64.199779,
  "e2e_step_us": 86.074779
}
