{
  "scenario": 1,
  "scheme": "ub_rg",
  "mode": "roundtrip",
  "batch": 256,
  "zipf_s": 0.900000,
  "topk": 8,
  "ep_size": 64,
  "seed": 89,
  "start_skew_us": 4.000000,
  "tau_g_ns": 143.360000,
  "grain_bytes": 7168,
  "total_tokens": 262144,
  "max_egress_load": 1712,
  "konig_us": 487.280640,
  "rtt_us": 0.600000,
  "barrier_us": 0.800000,
  "cct_us": 498.448456,
  "step_us": 1026.396894,
  "gemv_us": 527.148438,
  "e2e_us": 1025.596894,
  "throughput_GBs": 1830.722797,
  "latency_all": {
    "count": 262144,
    "mean_us": 44.829890,
    "p50_us": 18.114945,
    "p99_us": 208.988387,
    "min_us": 1.196034,
    "max_us": 249.905456
  },
  "latency_hot": {
    "count": 96338,
    "mean_us": 85.704065,
    "p50_us": 75.917228,
    "p99_us": 237.003069,
    "min_us": 1.278110,
    "max_us": 249.905456
  },
  "latency_cold": {
    "count": 55640,
    "mean_us": 11.675485,
    "p50_us": 11.329099,
    "p99_us": 23.914888,
    "min_us": 1.196034,
    "max_us": 28.137303
  },
  "dispatch_cct_us": 248.543001,
  "combine_cct_us": 249.905456,
  "roundtrip_step_us": 499.248456,
  "e2e_step_us": 1026.396894
}
