{
  "scenario": 1,
  "scheme": "packet_spray",
  "mode": "roundtrip",
  "batch": 256,
  "zipf_s": 0.900000,
  "topk": 8,
  "ep_size": 32,
  "seed": 18,
  "start_skew_us": 4.000000,
  "tau_g_ns": 143.360000,
  "grain_bytes": 7168,
  "total_tokens": 131072,
  "max_egress_load": 958,
  "konig_us": 269.660160,
  "rtt_us": 0.000000,
  "barrier_us": 4.000000,
  "cct_us": 349.686859,
  "step_us": 641.968109,
  "gemv_us": 288.281250,
  "e2e_us": 637.968109,
  "throughput_GBs": 1463.505871,
  "latency_all": {
    "count": 131072,
    "mean_us": 81.677433,
    "p50_us": 74.205384,
    "p99_us": 162.945224,
    "min_us": 3.688579,
    "max_us": 176.419715
  },
  "latency_hot": {
    "count": 36332,
    "mean_us": 85.563425,
    "p50_us": 86.246275,
    "p99_us": 163.087235,
    "min_us": 3.688579,
    "max_us": 176.419715
  },
  "latency_cold": {
    "count": 33706,
    "mean_us": 80.794235,
    "p50_us": 66.710448,
    "p99_us": 167.532744,
    "min_us": 3.688579,
    "max_us": 173.267144
  },
  "dispatch_cct_us": 176.419715,
  "combine_cct_us": 173.267144,
  "roundtrip_step_us": 353.686859,
  "e2e_step_us": 641.968109
}
