{
  "scenario": 4,
  "scheme": "ub_rg",
  "mode": "roundtrip",
  "batch": 64,
  "zipf_s": 0.700000,
  "topk": 8,
  "ep_size": 512,
  "seed": 27,
  "start_skew_us": 4.000000,
  "tau_g_ns": 143.360000,
  "grain_bytes": 7168,
  "total_tokens": 524288,
  "max_egress_load": 1593,
  "konig_us": 436.101120,
  "rtt_us": 0.800000,
  "barrier_us": 1.600000,
  "cct_us": 465.610815,
  "step_us": 920.023315,
  "gemv_us": 452.812500,
  "e2e_us": 918.423315,
  "throughput_GBs": 4084.783857,
  "latency_all": {
    "count": 524288,
    "mean_us": 20.984205,
    "p50_us": 9.144439,
    "p99_us": 37.841753,
    "min_us": 1.151663,
    "max_us": 233.441350
  },
  "latency_hot": {
    "count": 217580,
    "mean_us": 39.159334,
    "p50_us": 23.034208,
    "p99_us": 175.298363,
    "min_us": 1.208128,
    "max_us": 233.441350
  },
  "latency_cold": {
    "count": 115604,
    "mean_us": 6.182590,
    "p50_us": 6.111038,
    "p99_us": 10.846095,
    "min_us": 1.164230,
    "max_us": 23.344950
  },
  "dispatch_cct_us": 233.441350,
  "combine_cct_us": 232.169465,
  "roundtrip_step_us": 467.210815,
  "e2e_step_us": 920.023315
}
