{
  "scenario": 1,
  "scheme": "packet_spray",
  "mode": "roundtrip",
  "batch": 256,
  "zipf_s": 0.000000,
  "topk": 8,
  "ep_size": 128,
  "seed": 42,
  "start_skew_us": 4.000000,
  "tau_g_ns": 143.360000,
  "grain_bytes": 7168,
  "total_tokens": 524288,
  "max_egress_load": 321,
  "konig_us": 84.869120,
  "rtt_us": 0.000000,
  "barrier_us": 4.000000,
  "cct_us": 160.870767,
  "step_us": 249.167642,
  "gemv_us": 84.296875,
  "e2e_us": 245.167642,
  "throughput_GBs": 15082.602037,
  "latency_all": {
    "count": 524288,
    "mean_us": 47.077211,
    "p50_us": 51.509148,
    "p99_us": 69.732961,
    "min_us": 1.368175,
    "max_us": 83.925601
  },
  "latency_hot": {
    "count": 48872,
    "mean_us": 38.638874,
    "p50_us": 38.505010,
    "p99_us": 74.177121,
    "min_us": 1.654895,
    "max_us": 78.757456
  },
  "latency_cold": {
    "count": 262594,
    "mean_us": 51.661130,
    "p50_us": 51.283726,
    "p99_us": 75.306908,
    "min_us": 1.368175,
    "max_us": 83.925601
  },
  "dispatch_cct_us": 83.925601,
  "combine_cct_us": 76.945166,
  "roundtrip_step_us": 164.870767,
  "e2e_step_us": 249.167642
}
