{
  "scenario": 1,
  "scheme": "islip",
  "mode": "roundtrip",
  "batch": 128,
  "zipf_s": 0.000000,
  "topk": 8,
  "ep_size": 64,
  "seed": 56,
  "start_skew_us": 4.000000,
  "tau_g_ns": 143.360000,
  "grain_bytes": 7168,
  "total_tokens": 131072,
  "max_egress_load": 167,
  "konig_us": 46.735360,
  "rtt_us": 0.600000,
  "barrier_us": 0.800000,
  "cct_us": 57.012521,
  "step_us": 100.429708,
  "gemv_us": 42.617188,
  "e2e_us": 99.629708,
  "throughput_GBs": 9355.041551,
  "latency_all": {
    "count": 131072,
    "mean_us": 12.617707,
    "p50_us": 12.479392,
    "p99_us": 24.084002,
    "min_us": 1.170110,
    "max_us": 28.990865
  },
  "latency_hot": {
    "count": 12010,
    "mean_us": 11.921738,
    "p50_us": 11.822512,
    "p99_us": 22.605881,
    "min_us": 1.188436,
    "max_us": 25.546724
  },
  "latency_cold": {
    "count": 65740,
    "mean_us": 12.623448,
    "p50_us": 12.486926,
    "p99_us": 24.066293,
    "min_us": 1.170110,
    "max_us": 27.456476
  },
  "dispatch_cct_us": 28.021656,
  "combine_cct_us": 28.990865,
  "roundtrip_step_us": 57.812521,
  "e2e_step_us": 100.429708
}
