{
  "scenario": 1,
  "scheme": "ub_rg_pop",
  "mode": "roundtrip",
  "batch": 16,
  "zipf_s": 0.000000,
  "topk": 8,
  "ep_size": 64,
  "seed": 92,
  "start_skew_us": 4.000000,
  "tau_g_ns": 143.360000,
  "grain_bytes": 7168,
  "total_tokens": 16384,
  "max_egress_load": 30,
  "konig_us": 8.028160,
  "rtt_us": 0.900000,
  "barrier_us": 0.800000,
  "cct_us": 18.378155,
  "step_us": 25.037530,
  "gemv_us": 5.859375,
  "e2e_us": 24.237530,
  "throughput_GBs": 4690.579010,
  "latency_all": {
    "count": 16384,
    "mean_us": 4.962090,
    "p50_us": 5.012017,
    "p99_us": 8.062803,
    "min_us": 1.451942,
    "max_us": 9.430008
  },
  "latency_hot": {
    "count": 1566,
    "mean_us": 5.186868,
    "p50_us": 5.321476,
    "p99_us": 8.177609,
    "min_us": 1.454306,
    "max_us": 8.534117
  },
  "latency_cold": {
    "count": 8220,
    "mean_us": 4.985372,
    "p50_us": 5.047956,
    "p99_us": 8.024180,
    "min_us": 1.536376,
    "max_us": 8.948147
  },
  "dispatch_cct_us": 8.948147,
  "combine_cct_us": 9.430008,
  "roundtrip_step_us": 19.178155,
  "e2e_step_us": 25.037530
}
