{
  "scenario": 1,
  "scheme": "islip",
  "mode": "roundtrip",
  "batch": 16,
  "zipf_s": 0.900000,
  "topk": 8,
  "ep_size": 64,
  "seed": 37,
  "start_skew_us": 4.000000,
  "tau_g_ns": 143.360000,
  "grain_bytes": 7168,
  "total_tokens": 16384,
  "max_egress_load": 112,
  "konig_us": 31.682560,
  "rtt_us": 0.600000,
  "barrier_us": 0.800000,
  "cct_us": 62.662819,
  "step_us": 97.251882,
  "gemv_us": 33.789062,
  "e2e_us": 96.451882,
  "throughput_GBs": 1207.591154,
  "latency_all": {
    "count": 16384,
    "mean_us": 12.374717,
    "p50_us": 11.654061,
    "p99_us": 26.930592,
    "min_us": 1.145835,
    "max_us": 33.661267
  },
  "latency_hot": {
    "count": 6040,
    "mean_us": 15.488859,
    "p50_us": 14.848954,
    "p99_us": 28.167841,
    "min_us": 1.635093,
    "max_us": 33.661267
  },
  "latency_cold": {
    "count": 3348,
    "mean_us": 9.843493,
    "p50_us": 9.594162,
    "p99_us": 21.866885,
    "min_us": 1.145835,
    "max_us": 23.877630
  },
  "dispatch_cct_us": 33.661267,
  "combine_cct_us": 29.001552,
  "roundtrip_step_us": 63.462819,
  "e2e_step_us": 97.251882
}
