{
  "scenario": 4,
  "scheme": "packet_spray",
  "mode": "roundtrip",
  "batch": 256,
  "zipf_s": 0.300000,
  "topk": 8,
  "ep_size": 128,
  "seed": 78,
  "start_skew_us": 4.000000,
  "tau_g_ns": 143.360000,
  "grain_bytes": 7168,
  "total_tokens": 524288,
  "max_egress_load": 818,
  "konig_us": 225.505280,
  "rtt_us": 0.000000,
  "barrier_us": 6.000000,
  "cct_us": 306.478930,
  "step_us": 548.299242,
  "gemv_us": 235.820312,
  "e2e_us": 542.299242,
  "throughput_GBs": 6854.097352,
  "latency_all": {
    "count": 524288,
    "mean_us": 64.092607,
    "p50_us": 50.288147,
    "p99_us": 95.016467,
    "min_us": 0.666623,
    "max_us": 158.132543
  },
  "latency_hot": {
    "count": 91340,
    "mean_us": 64.214687,
    "p50_us": 64.501548,
    "p99_us": 126.125587,
    "min_us": 0.666623,
    "max_us": 148.346387
  },
  "latency_cold": {
    "count": 207282,
    "mean_us": 66.553333,
    "p50_us": 56.799797,
    "p99_us": 137.632063,
    "min_us": 0.840571,
    "max_us": 158.132543
  },
  "dispatch_cct_us": 148.346387,
  "combine_cct_us": 158.132543,
  "roundtrip_step_us": 312.478930,
  "e2e_step_us": 548.299242
}
