{
  "scenario": 2,
  "scheme": "ub_rg",
  "mode": "roundtrip",
  "batch": 16,
  "zipf_s": 0.900000,
  "topk": 8,
  "ep_size": 1024,
  "seed": 39,
  "tau_g_ns": 143.360000,
  "grain_bytes": 7168,
  "total_tokens": 262144,
  "max_egress_load": 1206,
  "konig_us": 339.333120,
  "rtt_us": 1.100000,
  "barrier_us": 2.400000,
  "cct_us": 349.849424,
  "step_us": 352.249424,
  "throughput_GBs": 5334.425173,
  "latency_all": {
    "count": 262144,
    "mean_us": 16.590970,
    "p50_us": 3.780548,
    "p99_us": 132.649723,
    "min_us": 2.043360,
    "max_us": 174.970218
  },
  "latency_hot": {
    "count": 154538,
    "mean_us": 25.941638,
    "p50_us": 11.332919,
    "p99_us": 154.649859,
    "min_us": 2.043463,
    "max_us": 174.970218
  },
  "latency_cold": {
    "count": 35298,
    "mean_us": 2.854964,
    "p50_us": 2.704002,
    "p99_us": 4.948373,
    "min_us": 2.043360,
    "max_us": 6.968331
  },
  "dispatch_cct_us": 174.970218,
  "combine_cct_us": 174.879206,
  "roundtrip_step_us": 352.249424
}
