{
  "scenario": 1,
  "scheme": "packet_spray",
  "mode": "roundtrip",
  "batch": 16,
  "zipf_s": 0.300000,
  "topk": 8,
  "ep_size": 128,
  "seed": 74,
  "tau_g_ns": 143.360000,
  "grain_bytes": 7168,
  "total_tokens": 32768,
  "max_egress_load": 57,
  "konig_us": 14.479360,
  "rtt_us": 0.000000,
  "barrier_us": 4.000000,
  "cct_us": 19.853600,
  "step_us": 23.853600,
  "throughput_GBs": 9846.774659,
  "latency_all": {
    "count": 32768,
    "mean_us": 3.747371,
    "p50_us": 3.547280,
    "p99_us": 7.991440,
    "min_us": 0.536720,
    "max_us": 10.141840
  },
  "latency_hot": {
    "count": 5634,
    "mean_us": 3.829852,
    "p50_us": 3.834000,
    "p99_us": 7.561360,
    "min_us": 0.536720,
    "max_us": 10.141840
  },
  "latency_cold": {
    "count": 13110,
    "mean_us": 3.891672,
    "p50_us": 3.547280,
    "p99_us": 8.278160,
    "min_us": 0.536720,
    "max_us": 9.711760
  },
  "dispatch_cct_us": 10.141840,
  "combine_cct_us": 9.711760,
  "roundtrip_step_us": 23.853600
}
