{
  "scenario": 1,
  "scheme": "packet_spray",
  "mode": "roundtrip",
  "batch": 256,
  "zipf_s": 0.300000,
  "topk": 8,
  "ep_size": 32,
  "seed": 11,
  "start_skew_us": 4.000000,
  "tau_g_ns": 143.360000,
  "grain_bytes": 7168,
  "total_tokens": 131072,
  "max_egress_load": 502,
  "konig_us": 141.352960,
  "rtt_us": 0.000000,
  "barrier_us": 4.000000,
  "cct_us": 216.310589,
  "step_us": 371.326214,
  "gemv_us": 151.015625,
  "e2e_us": 367.326214,
  "throughput_GBs": 2530.185212,
  "latency_all": {
    "count": 131072,
    "mean_us": 55.191350,
    "p50_us": 54.936689,
    "p99_us": 99.259233,
    "min_us": 2.921313,
    "max_us": 108.879837
  },
  "latency_hot": {
    "count": 19932,
    "mean_us": 52.696918,
    "p50_us": 53.670753,
    "p99_us": 102.245489,
    "min_us": 2.921313,
    "max_us": 108.879837
  },
  "latency_cold": {
    "count": 54424,
    "mean_us": 58.611063,
    "p50_us": 56.226929,
    "p99_us": 101.552993,
    "min_us": 2.936797,
    "max_us": 107.430753
  },
  "dispatch_cct_us": 108.879837,
  "combine_cct_us": 107.430753,
  "roundtrip_step_us": 220.310589,
  "e2e_step_us": 371.326214
}
