{
  "scenario": 1,
  "scheme": "islip",
  "mode": "roundtrip",
  "batch": 512,
  "zipf_s": 0.700000,
  "topk": 8,
  "ep_size": 32,
  "seed": 67,
  "start_skew_us": 4.000000,
  "tau_g_ns": 143.360000,
  "grain_bytes": 7168,
  "total_tokens": 262144,
  "max_egress_load": 1631,
  "konig_us": 464.343040,
  "rtt_us": 0.600000,
  "barrier_us": 0.800000,
  "cct_us": 485.389955,
  "step_us": 988.416517,
  "gemv_us": 502.226562,
  "e2e_us": 987.616517,
  "throughput_GBs": 1901.069194,
  "latency_all": {
    "count": 262144,
    "mean_us": 57.886228,
    "p50_us": 36.173505,
    "p99_us": 204.004548,
    "min_us": 1.158902,
    "max_us": 247.180347
  },
  "latency_hot": {
    "count": 62504,
    "mean_us": 102.636150,
    "p50_us": 99.590046,
    "p99_us": 231.643333,
    "min_us": 1.473834,
    "max_us": 247.180347
  },
  "latency_cold": {
    "count": 79704,
    "mean_us": 31.266533,
    "p50_us": 30.725963,
    "p99_us": 64.195886,
    "min_us": 1.158902,
    "max_us": 75.709127
  },
  "dispatch_cct_us": 247.180347,
  "combine_cct_us": 238.209607,
  "roundtrip_step_us": 486.189955,
  "e2e_step_us": 988.416517
}
