{
  "scenario": 1,
  "scheme": "ub_rg",
  "mode": "roundtrip",
  "batch": 64,
  "zipf_s": 0.900000,
  "topk": 8,
  "ep_size": 128,
  "seed": 57,
  "start_skew_us": 4.000000,
  "tau_g_ns": 143.360000,
  "grain_bytes": 7168,
  "total_tokens": 131072,
  "max_egress_load": 776,
  "konig_us": 220.774400,
  "rtt_us": 0.600000,
  "barrier_us": 0.800000,
  "cct_us": 250.141264,
  "step_us": 489.652202,
  "gemv_us": 238.710938,
  "e2e_us": 488.852202,
  "throughput_GBs": 1918.758035,
  "latency_all": {
    "count": 131072,
    "mean_us": 27.283027,
    "p50_us": 20.023084,
    "p99_us": 108.287118,
    "min_us": 1.153901,
    "max_us": 130.501460
  },
  "latency_hot": {
    "count": 57714,
    "mean_us": 40.996152,
    "p50_us": 34.466873,
    "p99_us": 114.990551,
    "min_us": 1.397565,
    "max_us": 130.501460
  },
  "latency_cold": {
    "count": 24154,
    "mean_us": 13.888199,
    "p50_us": 13.798388,
    "p99_us": 23.789016,
    "min_us": 1.153901,
    "max_us": 27.913504
  },
  "dispatch_cct_us": 130.501460,
  "combine_cct_us": 119.639804,
  "roundtrip_step_us": 250.941264,
  "e2e_step_us": 489.652202
}
