{
  "scenario": 1,
  "scheme": "packet_spray",
  "mode": "roundtrip",
  "batch": 128,
  "zipf_s": 0.700000,
  "topk": 8,
  "ep_size": 64,
  "seed": 24,
  "start_skew_us": 4.000000,
  "tau_g_ns": 143.360000,
  "grain_bytes": 7168,
  "total_tokens": 131072,
  "max_egress_load": 717,
  "konig_us": 198.410240,
  "rtt_us": 0.000000,
  "barrier_us": 4.000000,
  "cct_us": 238.889897,
  "step_us": 451.249272,
  "gemv_us": 208.359375,
  "e2e_us": 447.249272,
  "throughput_GBs": 2082.051219,
  "latency_all": {
    "count": 131072,
    "mean_us": 47.539792,
    "p50_us": 37.907959,
    "p99_us": 110.018039,
    "min_us": 1.854898,
    "max_us": 120.700338
  },
  "latency_hot": {
    "count": 38888,
    "mean_us": 52.582513,
    "p50_us": 50.233805,
    "p99_us": 106.794418,
    "min_us": 1.854898,
    "max_us": 120.700338
  },
  "latency_cold": {
    "count": 35402,
    "mean_us": 45.608905,
    "p50_us": 29.016525,
    "p99_us": 113.315319,
    "min_us": 1.854898,
    "max_us": 118.189559
  },
  "dispatch_cct_us": 120.700338,
  "combine_cct_us": 118.189559,
  "roundtrip_step_us": 242.889897,
  "e2e_step_us": 451.249272
}
