{
  "scenario": 1,
  "scheme": "ub_rg",
  "mode": "roundtrip",
  "batch": 512,
  "zipf_s": 0.700000,
  "topk": 8,
  "ep_size": 128,
  "seed": 35,
  "start_skew_us": 4.000000,
  "tau_g_ns": 143.360000,
  "grain_bytes": 7168,
  "total_tokens": 1048576,
  "max_egress_load": 4430,
  "konig_us": 1263.861760,
  "rtt_us": 0.600000,
  "barrier_us": 0.800000,
  "cct_us": 1298.794773,
  "step_us": 2670.219773,
  "gemv_us": 1370.625000,
  "e2e_us": 2669.419773,
  "throughput_GBs": 2814.821778,
  "latency_all": {
    "count": 1048576,
    "mean_us": 92.132088,
    "p50_us": 28.335589,
    "p99_us": 287.239656,
    "min_us": 1.157169,
    "max_us": 651.379835
  },
  "latency_hot": {
    "count": 360936,
    "mean_us": 182.670836,
    "p50_us": 132.840698,
    "p99_us": 604.129086,
    "min_us": 3.298214,
    "max_us": 651.379835
  },
  "latency_cold": {
    "count": 257326,
    "mean_us": 30.523450,
    "p50_us": 26.006659,
    "p99_us": 55.851360,
    "min_us": 3.212414,
    "max_us": 71.881269
  },
  "dispatch_cct_us": 651.379835,
  "combine_cct_us": 647.414938,
  "roundtrip_step_us": 1299.594773,
  "e2e_step_us": 2670.219773
}
