{
  "scenario": 1,
  "scheme": "ub_rg",
  "mode": "roundtrip",
  "batch": 256,
  "zipf_s": 0.900000,
  "topk": 8,
  "ep_size": 64,
  "seed": 72,
  "tau_g_ns": 143.360000,
  "grain_bytes": 7168,
  "total_tokens": 262144,
  "max_egress_load": 1711,
  "konig_us": 486.850560,
  "rtt_us": 0.600000,
  "barrier_us": 0.800000,
  "cct_us": 492.739660,
  "step_us": 493.539660,
  "throughput_GBs": 3807.289149,
  "latency_all": {
    "count": 262144,
    "mean_us": 42.735813,
    "p50_us": 15.966554,
    "p99_us": 206.731014,
    "min_us": 1.144226,
    "max_us": 246.400701
  },
  "latency_hot": {
    "count": 96820,
    "mean_us": 83.371149,
    "p50_us": 73.883420,
    "p99_us": 233.963020,
    "min_us": 1.153929,
    "max_us": 246.400701
  },
  "latency_cold": {
    "count": 55116,
    "mean_us": 9.602125,
    "p50_us": 9.244841,
    "p99_us": 21.574985,
    "min_us": 1.144226,
    "max_us": 24.712262
  },
  "dispatch_cct_us": 246.338959,
  "combine_cct_us": 246.400701,
  "roundtrip_step_us": 493.539660
}
