{
  "scenario": 1,
  "scheme": "packet_spray",
  "mode": "roundtrip",
  "batch": 256,
  "zipf_s": 0.300000,
  "topk": 8,
  "ep_size": 32,
  "seed": 33,
  "start_skew_us": 4.000000,
  "tau_g_ns": 143.360000,
  "grain_bytes": 7168,
  "total_tokens": 131072,
  "max_egress_load": 514,
  "konig_us": 141.352960,
  "rtt_us": 0.000000,
  "barrier_us": 4.000000,
  "cct_us": 220.856613,
  "step_us": 372.278488,
  "gemv_us": 147.421875,
  "e2e_us": 368.278488,
  "throughput_GBs": 2523.713098,
  "latency_all": {
    "count": 131072,
    "mean_us": 57.958866,
    "p50_us": 58.528250,
    "p99_us": 99.815930,
    "min_us": 4.194810,
    "max_us": 114.302763
  },
  "latency_hot": {
    "count": 19810,
    "mean_us": 55.090910,
    "p50_us": 56.306732,
    "p99_us": 105.765932,
    "min_us": 4.194810,
    "max_us": 114.302763
  },
  "latency_cold": {
    "count": 54344,
    "mean_us": 61.295785,
    "p50_us": 59.961850,
    "p99_us": 101.106170,
    "min_us": 5.052927,
    "max_us": 106.553850
  },
  "dispatch_cct_us": 114.302763,
  "combine_cct_us": 106.553850,
  "roundtrip_step_us": 224.856613,
  "e2e_step_us": 372.278488
}
