{
  "scenario": 4,
  "scheme": "ub_rg",
  "mode": "roundtrip",
  "batch": 128,
  "zipf_s": 0.300000,
  "topk": 8,
  "ep_size": 512,
  "seed": 95,
  "start_skew_us": 4.000000,
  "tau_g_ns": 143.360000,
  "grain_bytes": 7168,
  "total_tokens": 1048576,
  "max_egress_load": 587,
  "konig_us": 162.426880,
  "rtt_us": 0.800000,
  "barrier_us": 1.600000,
  "cct_us": 196.470001,
  "step_us": 368.577814,
  "gemv_us": 170.507812,
  "e2e_us": 366.977814,
  "throughput_GBs": 20392.417783,
  "latency_all": {
    "count": 1048576,
    "mean_us": 26.001865,
    "p50_us": 19.503778,
    "p99_us": 41.865884,
    "min_us": 1.112579,
    "max_us": 101.220356
  },
  "latency_hot": {
    "count": 201422,
    "mean_us": 34.598092,
    "p50_us": 33.270130,
    "p99_us": 76.377521,
    "min_us": 1.348415,
    "max_us": 101.220356
  },
  "latency_cold": {
    "count": 406788,
    "mean_us": 22.465504,
    "p50_us": 22.992313,
    "p99_us": 35.603303,
    "min_us": 1.574960,
    "max_us": 51.913587
  },
  "dispatch_cct_us": 101.220356,
  "combine_cct_us": 95.249645,
  "roundtrip_step_us": 198.070001,
  "e2e_step_us": 368.577814
}
