{
  "scenario": 1,
  "scheme": "ub_rg_pop",
  "mode": "roundtrip",
  "batch": 16,
  "zipf_s": 0.000000,
  "topk": 8,
  "ep_size": 64,
  "seed": 60,
  "tau_g_ns": 143.360000,
  "grain_bytes": 7168,
  "total_tokens": 16384,
  "max_egress_load": 28,
  "konig_us": 7.741440,
  "rtt_us": 0.900000,
  "barrier_us": 0.800000,
  "cct_us": 11.304475,
  "step_us": 12.104475,
  "throughput_GBs": 9702.239171,
  "latency_all": {
    "count": 16384,
    "mean_us": 2.956119,
    "p50_us": 2.907593,
    "p99_us": 4.856879,
    "min_us": 1.443879,
    "max_us": 5.749521
  },
  "latency_hot": {
    "count": 1522,
    "mean_us": 2.920315,
    "p50_us": 2.883568,
    "p99_us": 4.690637,
    "min_us": 1.445532,
    "max_us": 5.255423
  },
  "latency_cold": {
    "count": 8214,
    "mean_us": 2.969272,
    "p50_us": 2.911879,
    "p99_us": 4.902175,
    "min_us": 1.443879,
    "max_us": 5.578494
  },
  "dispatch_cct_us": 5.749521,
  "combine_cct_us": 5.554954,
  "roundtrip_step_us": 12.104475
}
