{
  "scenario": 1,
  "scheme": "packet_spray",
  "mode": "roundtrip",
  "batch": 16,
  "zipf_s": 0.700000,
  "topk": 8,
  "ep_size": 64,
  "seed": 7,
  "start_skew_us": 4.000000,
  "tau_g_ns": 143.360000,
  "grain_bytes": 7168,
  "total_tokens": 16384,
  "max_egress_load": 88,
  "konig_us": 24.227840,
  "rtt_us": 0.000000,
  "barrier_us": 4.000000,
  "cct_us": 32.465187,
  "step_us": 61.504250,
  "gemv_us": 25.039062,
  "e2e_us": 57.504250,
  "throughput_GBs": 1909.469867,
  "latency_all": {
    "count": 16384,
    "mean_us": 7.416557,
    "p50_us": 6.757116,
    "p99_us": 14.360287,
    "min_us": 0.862363,
    "max_us": 17.410184
  },
  "latency_hot": {
    "count": 4890,
    "mean_us": 7.884581,
    "p50_us": 7.743643,
    "p99_us": 15.546504,
    "min_us": 0.862363,
    "max_us": 17.410184
  },
  "latency_cold": {
    "count": 4422,
    "mean_us": 7.223005,
    "p50_us": 6.268730,
    "p99_us": 14.194843,
    "min_us": 1.347283,
    "max_us": 15.055003
  },
  "dispatch_cct_us": 17.410184,
  "combine_cct_us": 15.055003,
  "roundtrip_step_us": 36.465187,
  "e2e_step_us": 61.504250
}
