{
  "scenario": 4,
  "scheme": "ub_rg_pop",
  "mode": "roundtrip",
  "batch": 512,
  "zipf_s": 0.900000,
  "topk": 8,
  "ep_size": 512,
  "seed": 39,
  "start_skew_us": 4.000000,
  "tau_g_ns": 143.360000,
  "grain_bytes": 7168,
  "total_tokens": 4194304,
  "max_egress_load": 22548,
  "konig_us": 6128.066560,
  "rtt_us": 1.200000,
  "barrier_us": 1.600000,
  "cct_us": 6506.026944,
  "step_us": 12819.345694,
  "gemv_us": 6311.718750,
  "e2e_us": 12817.745694,
  "throughput_GBs": 2345.265647,
  "latency_all": {
    "count": 4194304,
    "mean_us": 304.789172,
    "p50_us": 33.643948,
    "p99_us": 2301.343376,
    "min_us": 1.810539,
    "max_us": 3253.497660
  },
  "latency_hot": {
    "count": 2324010,
    "mean_us": 514.422553,
    "p50_us": 69.752166,
    "p99_us": 2301.562594,
    "min_us": 4.340545,
    "max_us": 3253.497660
  },
  "latency_cold": {
    "count": 610454,
    "mean_us": 29.537533,
    "p50_us": 26.398684,
    "p99_us": 40.895224,
    "min_us": 3.530827,
    "max_us": 88.462250
  },
  "dispatch_cct_us": 3253.497660,
  "combine_cct_us": 3252.529284,
  "roundtrip_step_us": 6507.626944,
  "e2e_step_us": 12819.345694
}
