{
  "scenario": 4,
  "scheme": "ub_rg",
  "mode": "roundtrip",
  "batch": 512,
  "zipf_s": 0.000000,
  "topk": 8,
  "ep_size": 128,
  "seed": 18,
  "start_skew_us": 4.000000,
  "tau_g_ns": 143.360000,
  "grain_bytes": 7168,
  "total_tokens": 1048576,
  "max_egress_load": 642,
  "konig_us": 181.207040,
  "rtt_us": 0.800000,
  "barrier_us": 1.600000,
  "cct_us": 214.405434,
  "step_us": 381.981996,
  "gemv_us": 165.976562,
  "e2e_us": 380.381996,
  "throughput_GBs": 19676.824682,
  "latency_all": {
    "count": 1048576,
    "mean_us": 49.559164,
    "p50_us": 28.128789,
    "p99_us": 82.229999,
    "min_us": 1.436510,
    "max_us": 109.834918
  },
  "latency_hot": {
    "count": 98578,
    "mean_us": 50.039042,
    "p50_us": 49.861604,
    "p99_us": 90.695072,
    "min_us": 2.256752,
    "max_us": 106.368435
  },
  "latency_cold": {
    "count": 524352,
    "mean_us": 49.253031,
    "p50_us": 41.282836,
    "p99_us": 76.593534,
    "min_us": 1.436510,
    "max_us": 105.153324
  },
  "dispatch_cct_us": 109.834918,
  "combine_cct_us": 104.570516,
  "roundtrip_step_us": 216.005434,
  "e2e_step_us": 381.981996
}
