{
  "scenario": 1,
  "scheme": "ub_rg",
  "mode": "roundtrip",
  "batch": 256,
  "zipf_s": 0.700000,
  "topk": 8,
  "ep_size": 128,
  "seed": 59,
  "start_skew_us": 4.000000,
  "tau_g_ns": 143.360000,
  "grain_bytes": 7168,
  "total_tokens": 524288,
  "max_egress_load": 2250,
  "konig_us": 636.661760,
  "rtt_us": 0.600000,
  "barrier_us": 0.800000,
  "cct_us": 651.794315,
  "step_us": 1337.047440,
  "gemv_us": 684.453125,
  "e2e_us": 1336.247440,
  "throughput_GBs": 2810.742738,
  "latency_all": {
    "count": 524288,
    "mean_us": 43.701802,
    "p50_us": 18.984093,
    "p99_us": 89.670898,
    "min_us": 1.258854,
    "max_us": 326.233481
  },
  "latency_hot": {
    "count": 180230,
    "mean_us": 88.315146,
    "p50_us": 71.046925,
    "p99_us": 301.041825,
    "min_us": 1.339018,
    "max_us": 326.233481
  },
  "latency_cold": {
    "count": 129048,
    "mean_us": 13.289989,
    "p50_us": 13.010848,
    "p99_us": 26.336727,
    "min_us": 1.287597,
    "max_us": 31.320210
  },
  "dispatch_cct_us": 326.233481,
  "combine_cct_us": 325.560835,
  "roundtrip_step_us": 652.594315,
  "e2e_step_us": 1337.047440
}
