{
  "scenario": 4,
  "scheme": "ub_rg_pop",
  "mode": "roundtrip",
  "batch": 16,
  "zipf_s": 0.000000,
  "topk": 8,
  "ep_size": 512,
  "seed": 88,
  "start_skew_us": 4.000000,
  "tau_g_ns": 143.360000,
  "grain_bytes": 7168,
  "total_tokens": 131072,
  "max_egress_load": 31,
  "konig_us": 8.744960,
  "rtt_us": 1.200000,
  "barrier_us": 1.600000,
  "cct_us": 20.245895,
  "step_us": 28.134957,
  "gemv_us": 6.289062,
  "e2e_us": 26.534957,
  "throughput_GBs": 33393.478729,
  "latency_all": {
    "count": 131072,
    "mean_us": 5.367663,
    "p50_us": 5.344326,
    "p99_us": 8.650532,
    "min_us": 1.491379,
    "max_us": 10.527413
  },
  "latency_hot": {
    "count": 12746,
    "mean_us": 5.325266,
    "p50_us": 5.310018,
    "p99_us": 8.555987,
    "min_us": 1.800194,
    "max_us": 9.743815
  },
  "latency_cold": {
    "count": 65670,
    "mean_us": 5.352487,
    "p50_us": 5.330675,
    "p99_us": 8.625826,
    "min_us": 1.491379,
    "max_us": 10.112037
  },
  "dispatch_cct_us": 10.527413,
  "combine_cct_us": 9.718481,
  "roundtrip_step_us": 21.845895,
  "e2e_step_us": 28.134957
}
