{
  "scenario": 1,
  "scheme": "ub_rg_pop",
  "mode": "roundtrip",
  "batch": 64,
  "zipf_s": 0.000000,
  "topk": 8,
  "ep_size": 128,
  "seed": 69,
  "start_skew_us": 4.000000,
  "tau_g_ns": 143.360000,
  "grain_bytes": 7168,
  "total_tokens": 131072,
  "max_egress_load": 91,
  "konig_us": 25.374720,
  "rtt_us": 0.900000,
  "barrier_us": 0.800000,
  "cct_us": 35.304330,
  "step_us": 59.580893,
  "gemv_us": 23.476562,
  "e2e_us": 58.780893,
  "throughput_GBs": 15768.882505,
  "latency_all": {
    "count": 131072,
    "mean_us": 8.835674,
    "p50_us": 8.766911,
    "p99_us": 15.341758,
    "min_us": 1.464329,
    "max_us": 18.181054
  },
  "latency_hot": {
    "count": 12182,
    "mean_us": 8.457285,
    "p50_us": 8.397221,
    "p99_us": 15.063770,
    "min_us": 1.464329,
    "max_us": 17.068232
  },
  "latency_cold": {
    "count": 65248,
    "mean_us": 8.810318,
    "p50_us": 8.744013,
    "p99_us": 15.304258,
    "min_us": 1.618848,
    "max_us": 18.181054
  },
  "dispatch_cct_us": 18.181054,
  "combine_cct_us": 17.123277,
  "roundtrip_step_us": 36.104330,
  "e2e_step_us": 59.580893
}
