{
  "scenario": 4,
  "scheme": "ub_rg",
  "mode": "roundtrip",
  "batch": 16,
  "zipf_s": 0.900000,
  "topk": 8,
  "ep_size": 256,
  "seed": 29,
  "start_skew_us": 4.000000,
  "tau_g_ns": 143.360000,
  "grain_bytes": 7168,
  "total_tokens": 65536,
  "max_egress_load": 387,
  "konig_us": 105.226240,
  "rtt_us": 0.800000,
  "barrier_us": 1.600000,
  "cct_us": 137.964527,
  "step_us": 247.767652,
  "gemv_us": 108.203125,
  "e2e_us": 246.167652,
  "throughput_GBs": 1895.978122,
  "latency_all": {
    "count": 65536,
    "mean_us": 17.913404,
    "p50_us": 15.727372,
    "p99_us": 54.287704,
    "min_us": 1.309744,
    "max_us": 73.098876
  },
  "latency_hot": {
    "count": 33142,
    "mean_us": 22.412350,
    "p50_us": 19.605419,
    "p99_us": 57.497424,
    "min_us": 1.760654,
    "max_us": 73.098876
  },
  "latency_cold": {
    "count": 10378,
    "mean_us": 12.504864,
    "p50_us": 12.231054,
    "p99_us": 21.482611,
    "min_us": 1.309744,
    "max_us": 23.776506
  },
  "dispatch_cct_us": 73.098876,
  "combine_cct_us": 64.865652,
  "roundtrip_step_us": 139.564527,
  "e2e_step_us": 247.767652
}
