{
  "scenario": 2,
  "scheme": "packet_spray",
  "mode": "roundtrip",
  "batch": 256,
  "zipf_s": 0.300000,
  "topk": 8,
  "ep_size": 256,
  "seed": 91,
  "tau_g_ns": 143.360000,
  "grain_bytes": 7168,
  "total_tokens": 1048576,
  "max_egress_load": 963,
  "konig_us": 269.373440,
  "rtt_us": 0.000000,
  "barrier_us": 8.000000,
  "cct_us": 342.813600,
  "step_us": 350.813600,
  "throughput_GBs": 21425.032462,
  "latency_all": {
    "count": 1048576,
    "mean_us": 79.322230,
    "p50_us": 45.465040,
    "p99_us": 88.042960,
    "min_us": 0.880080,
    "max_us": 172.912080
  },
  "latency_hot": {
    "count": 193942,
    "mean_us": 76.313712,
    "p50_us": 72.560080,
    "p99_us": 138.362320,
    "min_us": 0.880080,
    "max_us": 172.912080
  },
  "latency_cold": {
    "count": 410068,
    "mean_us": 82.150579,
    "p50_us": 52.489680,
    "p99_us": 69.262800,
    "min_us": 0.880080,
    "max_us": 169.901520
  },
  "dispatch_cct_us": 172.912080,
  "combine_cct_us": 169.901520,
  "roundtrip_step_us": 350.813600
}
