{
  "scenario": 1,
  "scheme": "packet_spray",
  "mode": "roundtrip",
  "batch": 16,
  "zipf_s": 0.900000,
  "topk": 8,
  "ep_size": 128,
  "seed": 92,
  "tau_g_ns": 143.360000,
  "grain_bytes": 7168,
  "total_tokens": 32768,
  "max_egress_load": 209,
  "konig_us": 57.630720,
  "rtt_us": 0.000000,
  "barrier_us": 4.000000,
  "cct_us": 62.574880,
  "step_us": 66.574880,
  "throughput_GBs": 3528.072811,
  "latency_all": {
    "count": 32768,
    "mean_us": 10.610735,
    "p50_us": 7.561360,
    "p99_us": 28.778640,
    "min_us": 0.536720,
    "max_us": 31.932560
  },
  "latency_hot": {
    "count": 14486,
    "mean_us": 12.042424,
    "p50_us": 10.141840,
    "p99_us": 28.205200,
    "min_us": 0.536720,
    "max_us": 31.932560
  },
  "latency_cold": {
    "count": 5908,
    "mean_us": 9.312910,
    "p50_us": 3.547280,
    "p99_us": 29.495440,
    "min_us": 0.536720,
    "max_us": 30.642320
  },
  "dispatch_cct_us": 31.932560,
  "combine_cct_us": 30.642320,
  "roundtrip_step_us": 66.574880
}
