{
  "scenario": 4,
  "scheme": "ub_rg",
  "mode": "roundtrip",
  "batch": 512,
  "zipf_s": 0.700000,
  "topk": 8,
  "ep_size": 512,
  "seed": 89,
  "start_skew_us": 4.000000,
  "tau_g_ns": 143.360000,
  "grain_bytes": 7168,
  "total_tokens": 4194304,
  "max_egress_load": 13153,
  "konig_us": 3576.258560,
  "rtt_us": 0.800000,
  "barrier_us": 1.600000,
  "cct_us": 3802.071338,
  "step_us": 7488.827588,
  "gemv_us": 3685.156250,
  "e2e_us": 7487.227588,
  "throughput_GBs": 4014.616537,
  "latency_all": {
    "count": 4194304,
    "mean_us": 148.463774,
    "p50_us": 30.119094,
    "p99_us": 1117.163672,
    "min_us": 1.042336,
    "max_us": 1902.867662
  },
  "latency_hot": {
    "count": 1741594,
    "mean_us": 294.226614,
    "p50_us": 60.590839,
    "p99_us": 1117.104165,
    "min_us": 1.268070,
    "max_us": 1902.867662
  },
  "latency_cold": {
    "count": 925446,
    "mean_us": 32.015401,
    "p50_us": 23.656913,
    "p99_us": 49.382863,
    "min_us": 1.431789,
    "max_us": 115.297609
  },
  "dispatch_cct_us": 1899.203676,
  "combine_cct_us": 1902.867662,
  "roundtrip_step_us": 3803.671338,
  "e2e_step_us": 7488.827588
}
