{
  "scenario": 1,
  "scheme": "islip",
  "mode": "roundtrip",
  "batch": 16,
  "zipf_s": 0.300000,
  "topk": 8,
  "ep_size": 128,
  "seed": 47,
  "start_skew_us": 4.000000,
  "tau_g_ns": 143.360000,
  "grain_bytes": 7168,
  "total_tokens": 32768,
  "max_egress_load": 56,
  "konig_us": 15.196160,
  "rtt_us": 0.600000,
  "barrier_us": 0.800000,
  "cct_us": 56.912250,
  "step_us": 73.220062,
  "gemv_us": 15.507812,
  "e2e_us": 72.420062,
  "throughput_GBs": 3207.877957,
  "latency_all": {
    "count": 32768,
    "mean_us": 13.902638,
    "p50_us": 13.798212,
    "p99_us": 23.894032,
    "min_us": 1.144081,
    "max_us": 30.384951
  },
  "latency_hot": {
    "count": 5960,
    "mean_us": 14.899991,
    "p50_us": 15.136827,
    "p99_us": 24.332948,
    "min_us": 1.447974,
    "max_us": 30.384951
  },
  "latency_cold": {
    "count": 12722,
    "mean_us": 13.283140,
    "p50_us": 13.274055,
    "p99_us": 23.217106,
    "min_us": 1.144081,
    "max_us": 26.169545
  },
  "dispatch_cct_us": 30.384951,
  "combine_cct_us": 26.527299,
  "roundtrip_step_us": 57.712250,
  "e2e_step_us": 73.220062
}
