{
  "scenario": 1,
  "scheme": "islip",
  "mode": "roundtrip",
  "batch": 16,
  "zipf_s": 0.900000,
  "topk": 8,
  "ep_size": 128,
  "seed": 39,
  "start_skew_us": 4.000000,
  "tau_g_ns": 143.360000,
  "grain_bytes": 7168,
  "total_tokens": 32768,
  "max_egress_load": 194,
  "konig_us": 55.336960,
  "rtt_us": 0.600000,
  "barrier_us": 0.800000,
  "cct_us": 63.895792,
  "step_us": 124.578605,
  "gemv_us": 59.882812,
  "e2e_us": 123.778605,
  "throughput_GBs": 1885.404194,
  "latency_all": {
    "count": 32768,
    "mean_us": 7.425432,
    "p50_us": 5.443377,
    "p99_us": 28.132653,
    "min_us": 1.178375,
    "max_us": 32.274244
  },
  "latency_hot": {
    "count": 14604,
    "mean_us": 11.088569,
    "p50_us": 9.242404,
    "p99_us": 29.916058,
    "min_us": 1.336202,
    "max_us": 32.274244
  },
  "latency_cold": {
    "count": 5876,
    "mean_us": 3.798196,
    "p50_us": 3.823783,
    "p99_us": 6.097003,
    "min_us": 1.193593,
    "max_us": 6.940615
  },
  "dispatch_cct_us": 32.274244,
  "combine_cct_us": 31.621548,
  "roundtrip_step_us": 64.695792,
  "e2e_step_us": 124.578605
}
