{
  "scenario": 1,
  "scheme": "packet_spray",
  "mode": "roundtrip",
  "batch": 256,
  "zipf_s": 0.700000,
  "topk": 8,
  "ep_size": 128,
  "seed": 20,
  "tau_g_ns": 143.360000,
  "grain_bytes": 7168,
  "total_tokens": 524288,
  "max_egress_load": 2226,
  "konig_us": 630.784000,
  "rtt_us": 0.000000,
  "barrier_us": 4.000000,
  "cct_us": 699.093280,
  "step_us": 703.093280,
  "throughput_GBs": 5345.089323,
  "latency_all": {
    "count": 524288,
    "mean_us": 123.320198,
    "p50_us": 49.565840,
    "p99_us": 240.378000,
    "min_us": 0.536720,
    "max_us": 351.051920
  },
  "latency_hot": {
    "count": 180624,
    "mean_us": 139.605358,
    "p50_us": 120.815760,
    "p99_us": 318.222480,
    "min_us": 0.536720,
    "max_us": 351.051920
  },
  "latency_cold": {
    "count": 129590,
    "mean_us": 114.934774,
    "p50_us": 52.433040,
    "p99_us": 336.859280,
    "min_us": 0.536720,
    "max_us": 348.041360
  },
  "dispatch_cct_us": 351.051920,
  "combine_cct_us": 348.041360,
  "roundtrip_step_us": 703.093280
}
