{
  "scenario": 1,
  "scheme": "packet_spray",
  "mode": "roundtrip",
  "batch": 16,
  "zipf_s": 0.700000,
  "topk": 8,
  "ep_size": 128,
  "seed": 18,
  "start_skew_us": 4.000000,
  "tau_g_ns": 143.360000,
  "grain_bytes": 7168,
  "total_tokens": 32768,
  "max_egress_load": 152,
  "konig_us": 42.004480,
  "rtt_us": 0.000000,
  "barrier_us": 4.000000,
  "cct_us": 83.662233,
  "step_us": 131.724733,
  "gemv_us": 44.062500,
  "e2e_us": 127.724733,
  "throughput_GBs": 1783.120138,
  "latency_all": {
    "count": 32768,
    "mean_us": 22.928601,
    "p50_us": 21.855142,
    "p99_us": 38.152691,
    "min_us": 1.941204,
    "max_us": 46.754291
  },
  "latency_hot": {
    "count": 11256,
    "mean_us": 25.087462,
    "p50_us": 24.900133,
    "p99_us": 42.740211,
    "min_us": 5.093063,
    "max_us": 46.754291
  },
  "latency_cold": {
    "count": 8154,
    "mean_us": 21.303704,
    "p50_us": 19.869658,
    "p99_us": 35.904422,
    "min_us": 1.941204,
    "max_us": 36.907942
  },
  "dispatch_cct_us": 46.754291,
  "combine_cct_us": 36.907942,
  "roundtrip_step_us": 87.662233,
  "e2e_step_us": 131.724733
}
