{
  "scenario": 4,
  "scheme": "ub_rg",
  "mode": "roundtrip",
  "batch": 128,
  "zipf_s": 0.700000,
  "topk": 8,
  "ep_size": 512,
  "seed": 61,
  "start_skew_us": 4.000000,
  "tau_g_ns": 143.360000,
  "grain_bytes": 7168,
  "total_tokens": 1048576,
  "max_egress_load": 3310,
  "konig_us": 897.433600,
  "rtt_us": 0.800000,
  "barrier_us": 1.600000,
  "cct_us": 979.233826,
  "step_us": 1902.630701,
  "gemv_us": 921.796875,
  "e2e_us": 1901.030701,
  "throughput_GBs": 3950.421259,
  "latency_all": {
    "count": 1048576,
    "mean_us": 48.826466,
    "p50_us": 18.791335,
    "p99_us": 144.210816,
    "min_us": 1.152050,
    "max_us": 490.154878
  },
  "latency_hot": {
    "count": 436142,
    "mean_us": 84.958178,
    "p50_us": 51.101159,
    "p99_us": 206.184684,
    "min_us": 3.558480,
    "max_us": 490.154878
  },
  "latency_cold": {
    "count": 230882,
    "mean_us": 19.329960,
    "p50_us": 18.444795,
    "p99_us": 28.918469,
    "min_us": 1.152050,
    "max_us": 45.989596
  },
  "dispatch_cct_us": 489.078948,
  "combine_cct_us": 490.154878,
  "roundtrip_step_us": 980.833826,
  "e2e_step_us": 1902.630701
}
