{
  "scenario": 4,
  "scheme": "packet_spray",
  "mode": "roundtrip",
  "batch": 64,
  "zipf_s": 0.300000,
  "topk": 8,
  "ep_size": 128,
  "seed": 39,
  "start_skew_us": 4.000000,
  "tau_g_ns": 143.360000,
  "grain_bytes": 7168,
  "total_tokens": 131072,
  "max_egress_load": 232,
  "konig_us": 60.354560,
  "rtt_us": 0.000000,
  "barrier_us": 6.000000,
  "cct_us": 84.702274,
  "step_us": 149.491337,
  "gemv_us": 58.789062,
  "e2e_us": 143.491337,
  "throughput_GBs": 6284.806298,
  "latency_all": {
    "count": 131072,
    "mean_us": 18.350947,
    "p50_us": 16.839720,
    "p99_us": 36.431469,
    "min_us": 0.304495,
    "max_us": 43.742829
  },
  "latency_hot": {
    "count": 23008,
    "mean_us": 18.399542,
    "p50_us": 18.352214,
    "p99_us": 33.808189,
    "min_us": 0.675183,
    "max_us": 40.959446
  },
  "latency_cold": {
    "count": 51498,
    "mean_us": 18.928703,
    "p50_us": 16.504429,
    "p99_us": 37.578349,
    "min_us": 0.304495,
    "max_us": 43.742829
  },
  "dispatch_cct_us": 40.959446,
  "combine_cct_us": 43.742829,
  "roundtrip_step_us": 90.702274,
  "e2e_step_us": 149.491337
}
