{
  "scenario": 1,
  "scheme": "ub_rg",
  "mode": "roundtrip",
  "batch": 128,
  "zipf_s": 0.300000,
  "topk": 8,
  "ep_size": 128,
  "seed": 92,
  "start_skew_us": 4.000000,
  "tau_g_ns": 143.360000,
  "grain_bytes": 7168,
  "total_tokens": 262144,
  "max_egress_load": 399,
  "konig_us": 109.096960,
  "rtt_us": 0.600000,
  "barrier_us": 0.800000,
  "cct_us": 143.298396,
  "step_us": 257.184333,
  "gemv_us": 113.085938,
  "e2e_us": 256.384333,
  "throughput_GBs": 7306.231163,
  "latency_all": {
    "count": 262144,
    "mean_us": 21.752477,
    "p50_us": 18.346579,
    "p99_us": 46.996067,
    "min_us": 1.151636,
    "max_us": 71.678946
  },
  "latency_hot": {
    "count": 45602,
    "mean_us": 29.104555,
    "p50_us": 28.184326,
    "p99_us": 61.608131,
    "min_us": 2.666509,
    "max_us": 71.678946
  },
  "latency_cold": {
    "count": 103574,
    "mean_us": 18.875072,
    "p50_us": 18.751160,
    "p99_us": 32.697315,
    "min_us": 1.151636,
    "max_us": 44.682583
  },
  "dispatch_cct_us": 71.619450,
  "combine_cct_us": 71.678946,
  "roundtrip_step_us": 144.098396,
  "e2e_step_us": 257.184333
}
