{
  "scenario": 4,
  "scheme": "ub_rg_pop",
  "mode": "roundtrip",
  "batch": 16,
  "zipf_s": 0.700000,
  "topk": 8,
  "ep_size": 256,
  "seed": 45,
  "start_skew_us": 4.000000,
  "tau_g_ns": 143.360000,
  "grain_bytes": 7168,
  "total_tokens": 65536,
  "max_egress_load": 246,
  "konig_us": 67.952640,
  "rtt_us": 1.200000,
  "barrier_us": 1.600000,
  "cct_us": 79.789446,
  "step_us": 152.639446,
  "gemv_us": 71.250000,
  "e2e_us": 151.039446,
  "throughput_GBs": 3077.592726,
  "latency_all": {
    "count": 65536,
    "mean_us": 7.509664,
    "p50_us": 5.995510,
    "p99_us": 31.387692,
    "min_us": 1.531237,
    "max_us": 40.554672
  },
  "latency_hot": {
    "count": 25216,
    "mean_us": 11.189213,
    "p50_us": 9.191406,
    "p99_us": 35.061547,
    "min_us": 1.603338,
    "max_us": 40.554672
  },
  "latency_cold": {
    "count": 15224,
    "mean_us": 4.686231,
    "p50_us": 4.754096,
    "p99_us": 7.145652,
    "min_us": 1.531237,
    "max_us": 10.662572
  },
  "dispatch_cct_us": 39.234773,
  "combine_cct_us": 40.554672,
  "roundtrip_step_us": 81.389446,
  "e2e_step_us": 152.639446
}
