{
  "scenario": 4,
  "scheme": "packet_spray",
  "mode": "roundtrip",
  "batch": 16,
  "zipf_s": 0.700000,
  "topk": 8,
  "ep_size": 256,
  "seed": 55,
  "start_skew_us": 4.000000,
  "tau_g_ns": 143.360000,
  "grain_bytes": 7168,
  "total_tokens": 65536,
  "max_egress_load": 247,
  "konig_us": 68.096000,
  "rtt_us": 0.000000,
  "barrier_us": 6.000000,
  "cct_us": 115.091531,
  "step_us": 192.146218,
  "gemv_us": 71.054688,
  "e2e_us": 186.146218,
  "throughput_GBs": 2444.815477,
  "latency_all": {
    "count": 65536,
    "mean_us": 28.732721,
    "p50_us": 26.145271,
    "p99_us": 51.823705,
    "min_us": 0.819129,
    "max_us": 57.676785
  },
  "latency_hot": {
    "count": 25234,
    "mean_us": 30.662848,
    "p50_us": 28.693873,
    "p99_us": 51.655665,
    "min_us": 0.819129,
    "max_us": 57.676785
  },
  "latency_cold": {
    "count": 15240,
    "mean_us": 27.119884,
    "p50_us": 23.668336,
    "p99_us": 52.253785,
    "min_us": 2.830267,
    "max_us": 57.414745
  },
  "dispatch_cct_us": 57.676785,
  "combine_cct_us": 57.414745,
  "roundtrip_step_us": 121.091531,
  "e2e_step_us": 192.146218
}
