{
  "scenario": 1,
  "scheme": "ub_rg_pop",
  "mode": "roundtrip",
  "batch": 16,
  "zipf_s": 0.900000,
  "topk": 8,
  "ep_size": 128,
  "seed": 84,
  "tau_g_ns": 143.360000,
  "grain_bytes": 7168,
  "total_tokens": 32768,
  "max_egress_load": 211,
  "konig_us": 58.060800,
  "rtt_us": 0.900000,
  "barrier_us": 0.800000,
  "cct_us": 63.308700,
  "step_us": 64.108700,
  "throughput_GBs": 3663.793254,
  "latency_all": {
    "count": 32768,
    "mean_us": 5.663536,
    "p50_us": 3.505814,
    "p99_us": 26.280146,
    "min_us": 1.444261,
    "max_us": 31.670275
  },
  "latency_hot": {
    "count": 14556,
    "mean_us": 9.207668,
    "p50_us": 7.485770,
    "p99_us": 27.938678,
    "min_us": 1.444343,
    "max_us": 31.670275
  },
  "latency_cold": {
    "count": 5958,
    "mean_us": 2.126010,
    "p50_us": 2.074672,
    "p99_us": 3.165370,
    "min_us": 1.444261,
    "max_us": 3.559106
  },
  "dispatch_cct_us": 31.638426,
  "combine_cct_us": 31.670275,
  "roundtrip_step_us": 64.108700
}
