{
  "scenario": 1,
  "scheme": "islip",
  "mode": "roundtrip",
  "batch": 64,
  "zipf_s": 0.300000,
  "topk": 8,
  "ep_size": 64,
  "seed": 79,
  "start_skew_us": 4.000000,
  "tau_g_ns": 143.360000,
  "grain_bytes": 7168,
  "total_tokens": 65536,
  "max_egress_load": 178,
  "konig_us": 46.878720,
  "rtt_us": 0.600000,
  "barrier_us": 0.800000,
  "cct_us": 74.314862,
  "step_us": 121.638299,
  "gemv_us": 46.523438,
  "e2e_us": 120.838299,
  "throughput_GBs": 3861.958367,
  "latency_all": {
    "count": 65536,
    "mean_us": 15.041307,
    "p50_us": 14.783675,
    "p99_us": 28.558301,
    "min_us": 1.169750,
    "max_us": 42.722985
  },
  "latency_hot": {
    "count": 10652,
    "mean_us": 18.289524,
    "p50_us": 18.157966,
    "p99_us": 32.913181,
    "min_us": 1.282592,
    "max_us": 42.722985
  },
  "latency_cold": {
    "count": 26530,
    "mean_us": 13.875173,
    "p50_us": 13.813625,
    "p99_us": 25.218915,
    "min_us": 1.183838,
    "max_us": 29.073629
  },
  "dispatch_cct_us": 42.722985,
  "combine_cct_us": 31.591877,
  "roundtrip_step_us": 75.114862,
  "e2e_step_us": 121.638299
}
