{
  "scenario": 1,
  "scheme": "islip",
  "mode": "roundtrip",
  "batch": 128,
  "zipf_s": 0.900000,
  "topk": 8,
  "ep_size": 32,
  "seed": 26,
  "start_skew_us": 4.000000,
  "tau_g_ns": 143.360000,
  "grain_bytes": 7168,
  "total_tokens": 65536,
  "max_egress_load": 473,
  "konig_us": 134.041600,
  "rtt_us": 0.600000,
  "barrier_us": 0.800000,
  "cct_us": 142.208674,
  "step_us": 287.266487,
  "gemv_us": 144.257812,
  "e2e_us": 286.466487,
  "throughput_GBs": 1635.283160,
  "latency_all": {
    "count": 65536,
    "mean_us": 17.663796,
    "p50_us": 12.890246,
    "p99_us": 62.891158,
    "min_us": 1.229075,
    "max_us": 72.450621
  },
  "latency_hot": {
    "count": 18294,
    "mean_us": 30.823170,
    "p50_us": 30.122834,
    "p99_us": 67.263059,
    "min_us": 1.300119,
    "max_us": 72.450621
  },
  "latency_cold": {
    "count": 16452,
    "mean_us": 7.872674,
    "p50_us": 7.624616,
    "p99_us": 15.791421,
    "min_us": 1.301661,
    "max_us": 19.010900
  },
  "dispatch_cct_us": 72.450621,
  "combine_cct_us": 69.758053,
  "roundtrip_step_us": 143.008674,
  "e2e_step_us": 287.266487
}
