{
  "scenario": 1,
  "scheme": "packet_spray",
  "mode": "roundtrip",
  "batch": 256,
  "zipf_s": 0.000000,
  "topk": 8,
  "ep_size": 64,
  "seed": 95,
  "start_skew_us": 4.000000,
  "tau_g_ns": 143.360000,
  "grain_bytes": 7168,
  "total_tokens": 262144,
  "max_egress_load": 306,
  "konig_us": 82.575360,
  "rtt_us": 0.000000,
  "barrier_us": 4.000000,
  "cct_us": 158.137050,
  "step_us": 246.394863,
  "gemv_us": 84.257812,
  "e2e_us": 242.394863,
  "throughput_GBs": 7626.166276,
  "latency_all": {
    "count": 262144,
    "mean_us": 46.286106,
    "p50_us": 46.617525,
    "p99_us": 74.343265,
    "min_us": 1.077619,
    "max_us": 82.457525
  },
  "latency_hot": {
    "count": 24394,
    "mean_us": 37.631787,
    "p50_us": 37.183737,
    "p99_us": 73.712565,
    "min_us": 1.077619,
    "max_us": 78.300085
  },
  "latency_cold": {
    "count": 131744,
    "mean_us": 50.870867,
    "p50_us": 51.118945,
    "p99_us": 73.999285,
    "min_us": 1.077619,
    "max_us": 79.504225
  },
  "dispatch_cct_us": 82.457525,
  "combine_cct_us": 75.679525,
  "roundtrip_step_us": 162.137050,
  "e2e_step_us": 246.394863
}
