{
  "scenario": 1,
  "scheme": "packet_spray",
  "mode": "roundtrip",
  "batch": 256,
  "zipf_s": 0.300000,
  "topk": 8,
  "ep_size": 64,
  "seed": 84,
  "start_skew_us": 4.000000,
  "tau_g_ns": 143.360000,
  "grain_bytes": 7168,
  "total_tokens": 262144,
  "max_egress_load": 614,
  "konig_us": 172.748800,
  "rtt_us": 0.000000,
  "barrier_us": 4.000000,
  "cct_us": 246.256200,
  "step_us": 434.709325,
  "gemv_us": 184.453125,
  "e2e_us": 430.709325,
  "throughput_GBs": 4322.539412,
  "latency_all": {
    "count": 262144,
    "mean_us": 59.047502,
    "p50_us": 54.419411,
    "p99_us": 100.229750,
    "min_us": 1.988865,
    "max_us": 123.167350
  },
  "latency_hot": {
    "count": 42796,
    "mean_us": 57.828768,
    "p50_us": 58.942070,
    "p99_us": 111.985270,
    "min_us": 1.988865,
    "max_us": 123.167350
  },
  "latency_cold": {
    "count": 105136,
    "mean_us": 61.908477,
    "p50_us": 56.791670,
    "p99_us": 115.920851,
    "min_us": 1.988865,
    "max_us": 123.088851
  },
  "dispatch_cct_us": 123.167350,
  "combine_cct_us": 123.088851,
  "roundtrip_step_us": 250.256200,
  "e2e_step_us": 434.709325
}
