{
  "scenario": 1,
  "scheme": "packet_spray",
  "mode": "roundtrip",
  "batch": 16,
  "zipf_s": 0.000000,
  "topk": 8,
  "ep_size": 32,
  "seed": 14,
  "start_skew_us": 4.000000,
  "tau_g_ns": 143.360000,
  "grain_bytes": 7168,
  "total_tokens": 8192,
  "max_egress_load": 27,
  "konig_us": 7.168000,
  "rtt_us": 0.000000,
  "barrier_us": 4.000000,
  "cct_us": 39.562388,
  "step_us": 49.304575,
  "gemv_us": 5.742188,
  "e2e_us": 45.304575,
  "throughput_GBs": 1190.969714,
  "latency_all": {
    "count": 8192,
    "mean_us": 13.762601,
    "p50_us": 15.191416,
    "p99_us": 19.206847,
    "min_us": 0.536720,
    "max_us": 20.640447
  },
  "latency_hot": {
    "count": 748,
    "mean_us": 12.299111,
    "p50_us": 15.479487,
    "p99_us": 17.918421,
    "min_us": 0.536720,
    "max_us": 18.491861
  },
  "latency_cold": {
    "count": 4060,
    "mean_us": 14.388837,
    "p50_us": 15.337941,
    "p99_us": 19.350207,
    "min_us": 3.659384,
    "max_us": 20.640447
  },
  "dispatch_cct_us": 18.921941,
  "combine_cct_us": 20.640447,
  "roundtrip_step_us": 43.562388,
  "e2e_step_us": 49.304575
}
