{
  "scenario": 4,
  "scheme": "packet_spray",
  "mode": "roundtrip",
  "batch": 512,
  "zipf_s": 0.000000,
  "topk": 8,
  "ep_size": 128,
  "seed": 88,
  "start_skew_us": 4.000000,
  "tau_g_ns": 143.360000,
  "grain_bytes": 7168,
  "total_tokens": 1048576,
  "max_egress_load": 620,
  "konig_us": 173.465600,
  "rtt_us": 0.000000,
  "barrier_us": 6.000000,
  "cct_us": 338.777709,
  "step_us": 510.324584,
  "gemv_us": 165.546875,
  "e2e_us": 504.324584,
  "throughput_GBs": 14728.259248,
  "latency_all": {
    "count": 1048576,
    "mean_us": 101.228124,
    "p50_us": 95.685920,
    "p99_us": 148.153840,
    "min_us": 0.910160,
    "max_us": 170.202222
  },
  "latency_hot": {
    "count": 97986,
    "mean_us": 85.320698,
    "p50_us": 85.648880,
    "p99_us": 153.566591,
    "min_us": 4.778034,
    "max_us": 165.608831
  },
  "latency_cold": {
    "count": 522978,
    "mean_us": 110.129219,
    "p50_us": 108.573830,
    "p99_us": 144.779647,
    "min_us": 3.347280,
    "max_us": 170.202222
  },
  "dispatch_cct_us": 168.575487,
  "combine_cct_us": 170.202222,
  "roundtrip_step_us": 344.777709,
  "e2e_step_us": 510.324584
}
