{
  "scenario": 1,
  "scheme": "ub_rg",
  "mode": "roundtrip",
  "batch": 128,
  "zipf_s": 0.700000,
  "topk": 8,
  "ep_size": 32,
  "seed": 88,
  "start_skew_us": 4.000000,
  "tau_g_ns": 143.360000,
  "grain_bytes": 7168,
  "total_tokens": 65536,
  "max_egress_load": 414,
  "konig_us": 116.264960,
  "rtt_us": 0.600000,
  "barrier_us": 0.800000,
  "cct_us": 126.343468,
  "step_us": 250.932530,
  "gemv_us": 123.789062,
  "e2e_us": 250.132530,
  "throughput_GBs": 1872.065163,
  "latency_all": {
    "count": 65536,
    "mean_us": 15.980343,
    "p50_us": 12.719748,
    "p99_us": 54.529143,
    "min_us": 1.272906,
    "max_us": 63.256448
  },
  "latency_hot": {
    "count": 15412,
    "mean_us": 27.743464,
    "p50_us": 27.033527,
    "p99_us": 59.484986,
    "min_us": 1.359704,
    "max_us": 63.256448
  },
  "latency_cold": {
    "count": 19742,
    "mean_us": 9.088281,
    "p50_us": 8.913775,
    "p99_us": 17.376633,
    "min_us": 1.272906,
    "max_us": 20.208299
  },
  "dispatch_cct_us": 63.256448,
  "combine_cct_us": 63.087019,
  "roundtrip_step_us": 127.143468,
  "e2e_step_us": 250.932530
}
