{
  "scenario": 1,
  "scheme": "packet_spray",
  "mode": "roundtrip",
  "batch": 512,
  "zipf_s": 0.300000,
  "topk": 8,
  "ep_size": 64,
  "seed": 42,
  "start_skew_us": 4.000000,
  "tau_g_ns": 143.360000,
  "grain_bytes": 7168,
  "total_tokens": 524288,
  "max_egress_load": 1228,
  "konig_us": 344.637440,
  "rtt_us": 0.000000,
  "barrier_us": 4.000000,
  "cct_us": 488.446625,
  "step_us": 859.946625,
  "gemv_us": 367.500000,
  "e2e_us": 855.946625,
  "throughput_GBs": 4370.150745,
  "latency_all": {
    "count": 524288,
    "mean_us": 116.543123,
    "p50_us": 100.716655,
    "p99_us": 175.095376,
    "min_us": 1.368175,
    "max_us": 246.370415
  },
  "latency_hot": {
    "count": 86076,
    "mean_us": 113.942510,
    "p50_us": 116.349490,
    "p99_us": 223.862895,
    "min_us": 1.654895,
    "max_us": 246.370415
  },
  "latency_cold": {
    "count": 211072,
    "mean_us": 122.269292,
    "p50_us": 110.870096,
    "p99_us": 225.589810,
    "min_us": 1.368175,
    "max_us": 242.076210
  },
  "dispatch_cct_us": 246.370415,
  "combine_cct_us": 242.076210,
  "roundtrip_step_us": 492.446625,
  "e2e_step_us": 859.946625
}
