{
  "scenario": 1,
  "scheme": "ub_rg",
  "mode": "roundtrip",
  "batch": 16,
  "zipf_s": 0.700000,
  "topk": 8,
  "ep_size": 32,
  "seed": 58,
  "start_skew_us": 4.000000,
  "tau_g_ns": 143.360000,
  "grain_bytes": 7168,
  "total_tokens": 8192,
  "max_egress_load": 54,
  "konig_us": 15.052800,
  "rtt_us": 0.600000,
  "barrier_us": 0.800000,
  "cct_us": 22.022939,
  "step_us": 38.643252,
  "gemv_us": 15.820312,
  "e2e_us": 37.843252,
  "throughput_GBs": 1519.547481,
  "latency_all": {
    "count": 8192,
    "mean_us": 4.804692,
    "p50_us": 4.687384,
    "p99_us": 9.509840,
    "min_us": 1.244547,
    "max_us": 12.208041
  },
  "latency_hot": {
    "count": 1954,
    "mean_us": 6.011243,
    "p50_us": 5.964788,
    "p99_us": 10.876923,
    "min_us": 1.504741,
    "max_us": 12.208041
  },
  "latency_cold": {
    "count": 2476,
    "mean_us": 4.125532,
    "p50_us": 4.138094,
    "p99_us": 6.547847,
    "min_us": 1.244547,
    "max_us": 7.015108
  },
  "dispatch_cct_us": 12.208041,
  "combine_cct_us": 9.814898,
  "roundtrip_step_us": 22.822939,
  "e2e_step_us": 38.643252
}
