{
  "scenario": 1,
  "scheme": "packet_spray",
  "mode": "roundtrip",
  "batch": 64,
  "zipf_s": 0.900000,
  "topk": 8,
  "ep_size": 32,
  "seed": 39,
  "tau_g_ns": 143.360000,
  "grain_bytes": 7168,
  "total_tokens": 32768,
  "max_egress_load": 261,
  "konig_us": 70.676480,
  "rtt_us": 0.000000,
  "barrier_us": 4.000000,
  "cct_us": 87.519520,
  "step_us": 91.519520,
  "throughput_GBs": 2566.458216,
  "latency_all": {
    "count": 32768,
    "mean_us": 18.180692,
    "p50_us": 15.732880,
    "p99_us": 39.387280,
    "min_us": 0.536720,
    "max_us": 45.551760
  },
  "latency_hot": {
    "count": 9230,
    "mean_us": 19.783134,
    "p50_us": 19.746960,
    "p99_us": 39.817360,
    "min_us": 0.536720,
    "max_us": 45.551760
  },
  "latency_cold": {
    "count": 8242,
    "mean_us": 17.434449,
    "p50_us": 12.578960,
    "p99_us": 40.534160,
    "min_us": 0.536720,
    "max_us": 41.967760
  },
  "dispatch_cct_us": 45.551760,
  "combine_cct_us": 41.967760,
  "roundtrip_step_us": 91.519520
}
