{
  "scenario": 4,
  "scheme": "ub_rg_pop",
  "mode": "roundtrip",
  "batch": 64,
  "zipf_s": 0.000000,
  "topk": 8,
  "ep_size": 256,
  "seed": 23,
  "start_skew_us": 4.000000,
  "tau_g_ns": 143.360000,
  "grain_bytes": 7168,
  "total_tokens": 262144,
  "max_egress_load": 95,
  "konig_us": 27.238400,
  "rtt_us": 1.200000,
  "barrier_us": 1.600000,
  "cct_us": 75.502151,
  "step_us": 99.055276,
  "gemv_us": 21.953125,
  "e2e_us": 97.455276,
  "throughput_GBs": 18969.693102,
  "latency_all": {
    "count": 262144,
    "mean_us": 18.318435,
    "p50_us": 16.763059,
    "p99_us": 29.165151,
    "min_us": 1.646993,
    "max_us": 38.166730
  },
  "latency_hot": {
    "count": 25692,
    "mean_us": 18.270806,
    "p50_us": 18.163438,
    "p99_us": 29.710722,
    "min_us": 3.320103,
    "max_us": 34.589753
  },
  "latency_cold": {
    "count": 131180,
    "mean_us": 18.278562,
    "p50_us": 18.266148,
    "p99_us": 29.387846,
    "min_us": 2.975779,
    "max_us": 35.783484
  },
  "dispatch_cct_us": 37.335421,
  "combine_cct_us": 38.166730,
  "roundtrip_step_us": 77.102151,
  "e2e_step_us": 99.055276
}
