{
  "scenario": 1,
  "scheme": "packet_spray",
  "mode": "roundtrip",
  "batch": 16,
  "zipf_s": 0.900000,
  "topk": 8,
  "ep_size": 128,
  "seed": 42,
  "tau_g_ns": 143.360000,
  "grain_bytes": 7168,
  "total_tokens": 32768,
  "max_egress_load": 205,
  "konig_us": 56.627200,
  "rtt_us": 0.000000,
  "barrier_us": 4.000000,
  "cct_us": 62.144800,
  "step_us": 66.144800,
  "throughput_GBs": 3551.012687,
  "latency_all": {
    "count": 32768,
    "mean_us": 10.438172,
    "p50_us": 7.561360,
    "p99_us": 28.348560,
    "min_us": 0.536720,
    "max_us": 31.502480
  },
  "latency_hot": {
    "count": 14266,
    "mean_us": 11.950592,
    "p50_us": 10.285200,
    "p99_us": 27.775120,
    "min_us": 0.536720,
    "max_us": 31.502480
  },
  "latency_cold": {
    "count": 6074,
    "mean_us": 9.197703,
    "p50_us": 3.547280,
    "p99_us": 28.922000,
    "min_us": 0.536720,
    "max_us": 30.642320
  },
  "dispatch_cct_us": 31.502480,
  "combine_cct_us": 30.642320,
  "roundtrip_step_us": 66.144800
}
