{
  "scenario": 4,
  "scheme": "ub_rg_pop",
  "mode": "roundtrip",
  "batch": 256,
  "zipf_s": 0.900000,
  "topk": 8,
  "ep_size": 128,
  "seed": 11,
  "start_skew_us": 4.000000,
  "tau_g_ns": 143.360000,
  "grain_bytes": 7168,
  "total_tokens": 524288,
  "max_egress_load": 3292,
  "konig_us": 913.203200,
  "rtt_us": 1.200000,
  "barrier_us": 1.600000,
  "cct_us": 953.099889,
  "step_us": 1916.496764,
  "gemv_us": 961.796875,
  "e2e_us": 1914.896764,
  "throughput_GBs": 1960.919765,
  "latency_all": {
    "count": 524288,
    "mean_us": 65.526640,
    "p50_us": 20.990867,
    "p99_us": 150.773242,
    "min_us": 1.464100,
    "max_us": 477.149349
  },
  "latency_hot": {
    "count": 232244,
    "mean_us": 122.323598,
    "p50_us": 79.073327,
    "p99_us": 409.291314,
    "min_us": 2.297054,
    "max_us": 477.149349
  },
  "latency_cold": {
    "count": 94610,
    "mean_us": 11.365301,
    "p50_us": 11.041311,
    "p99_us": 22.255433,
    "min_us": 1.686009,
    "max_us": 30.119623
  },
  "dispatch_cct_us": 477.149349,
  "combine_cct_us": 475.950540,
  "roundtrip_step_us": 954.699889,
  "e2e_step_us": 1916.496764
}
