{
  "scenario": 4,
  "scheme": "packet_spray",
  "mode": "roundtrip",
  "batch": 512,
  "zipf_s": 0.700000,
  "topk": 8,
  "ep_size": 256,
  "seed": 2,
  "start_skew_us": 4.000000,
  "tau_g_ns": 143.360000,
  "grain_bytes": 7168,
  "total_tokens": 2097152,
  "max_egress_load": 8144,
  "konig_us": 2199.715840,
  "rtt_us": 0.000000,
  "barrier_us": 6.000000,
  "cct_us": 2346.704441,
  "step_us": 4602.431003,
  "gemv_us": 2249.726562,
  "e2e_us": 4596.431003,
  "throughput_GBs": 3266.183790,
  "latency_all": {
    "count": 2097152,
    "mean_us": 356.899934,
    "p50_us": 85.555460,
    "p99_us": 615.024203,
    "min_us": 0.363298,
    "max_us": 1215.027178
  },
  "latency_hot": {
    "count": 810168,
    "mean_us": 402.713362,
    "p50_us": 147.926649,
    "p99_us": 621.874809,
    "min_us": 0.634562,
    "max_us": 1170.012138
  },
  "latency_cold": {
    "count": 485050,
    "mean_us": 328.371953,
    "p50_us": 85.866063,
    "p99_us": 119.715403,
    "min_us": 0.363298,
    "max_us": 1215.027178
  },
  "dispatch_cct_us": 1131.677263,
  "combine_cct_us": 1215.027178,
  "roundtrip_step_us": 2352.704441,
  "e2e_step_us": 4602.431003
}
