{
  "scenario": 1,
  "scheme": "ub_rg",
  "mode": "roundtrip",
  "batch": 128,
  "zipf_s": 0.700000,
  "topk": 8,
  "ep_size": 32,
  "seed": 87,
  "start_skew_us": 4.000000,
  "tau_g_ns": 143.360000,
  "grain_bytes": 7168,
  "total_tokens": 65536,
  "max_egress_load": 413,
  "konig_us": 116.264960,
  "rtt_us": 0.600000,
  "barrier_us": 0.800000,
  "cct_us": 143.190913,
  "step_us": 268.365913,
  "gemv_us": 124.375000,
  "e2e_us": 267.565913,
  "throughput_GBs": 1750.453485,
  "latency_all": {
    "count": 65536,
    "mean_us": 21.996675,
    "p50_us": 19.445480,
    "p99_us": 60.090269,
    "min_us": 1.149930,
    "max_us": 79.743400
  },
  "latency_hot": {
    "count": 15600,
    "mean_us": 32.818808,
    "p50_us": 32.206801,
    "p99_us": 68.130446,
    "min_us": 1.289373,
    "max_us": 79.743400
  },
  "latency_cold": {
    "count": 19868,
    "mean_us": 15.721651,
    "p50_us": 15.565457,
    "p99_us": 29.936076,
    "min_us": 1.149930,
    "max_us": 35.243694
  },
  "dispatch_cct_us": 79.743400,
  "combine_cct_us": 63.447513,
  "roundtrip_step_us": 143.990913,
  "e2e_step_us": 268.365913
}
