{
  "scenario": 4,
  "scheme": "ub_rg",
  "mode": "roundtrip",
  "batch": 16,
  "zipf_s": 0.900000,
  "topk": 8,
  "ep_size": 512,
  "seed": 63,
  "start_skew_us": 4.000000,
  "tau_g_ns": 143.360000,
  "grain_bytes": 7168,
  "total_tokens": 131072,
  "max_egress_load": 682,
  "konig_us": 188.088320,
  "rtt_us": 0.800000,
  "barrier_us": 1.600000,
  "cct_us": 202.609667,
  "step_us": 400.850292,
  "gemv_us": 196.640625,
  "e2e_us": 399.250292,
  "throughput_GBs": 2343.827893,
  "latency_all": {
    "count": 131072,
    "mean_us": 12.928700,
    "p50_us": 6.650748,
    "p99_us": 81.781270,
    "min_us": 1.134620,
    "max_us": 101.708016
  },
  "latency_hot": {
    "count": 72996,
    "mean_us": 19.574856,
    "p50_us": 11.629896,
    "p99_us": 87.148212,
    "min_us": 1.135057,
    "max_us": 101.708016
  },
  "latency_cold": {
    "count": 19152,
    "mean_us": 3.954817,
    "p50_us": 3.934974,
    "p99_us": 6.343693,
    "min_us": 1.134620,
    "max_us": 9.603441
  },
  "dispatch_cct_us": 101.708016,
  "combine_cct_us": 100.901652,
  "roundtrip_step_us": 204.209667,
  "e2e_step_us": 400.850292
}
