{
  "scenario": 1,
  "scheme": "islip",
  "mode": "roundtrip",
  "batch": 128,
  "zipf_s": 0.000000,
  "topk": 8,
  "ep_size": 64,
  "seed": 75,
  "start_skew_us": 4.000000,
  "tau_g_ns": 143.360000,
  "grain_bytes": 7168,
  "total_tokens": 131072,
  "max_egress_load": 163,
  "konig_us": 45.588480,
  "rtt_us": 0.600000,
  "barrier_us": 0.800000,
  "cct_us": 85.489183,
  "step_us": 130.000120,
  "gemv_us": 43.710938,
  "e2e_us": 129.200120,
  "throughput_GBs": 7227.101740,
  "latency_all": {
    "count": 131072,
    "mean_us": 21.317179,
    "p50_us": 21.272745,
    "p99_us": 36.126306,
    "min_us": 1.163801,
    "max_us": 43.410988
  },
  "latency_hot": {
    "count": 12440,
    "mean_us": 20.467477,
    "p50_us": 20.440146,
    "p99_us": 33.636449,
    "min_us": 1.326263,
    "max_us": 37.147000
  },
  "latency_cold": {
    "count": 65548,
    "mean_us": 21.112690,
    "p50_us": 21.068256,
    "p99_us": 36.221446,
    "min_us": 1.163801,
    "max_us": 43.410988
  },
  "dispatch_cct_us": 43.410988,
  "combine_cct_us": 42.078194,
  "roundtrip_step_us": 86.289183,
  "e2e_step_us": 130.000120
}
