{
  "scenario": 1,
  "scheme": "ub_rg_pop",
  "mode": "roundtrip",
  "batch": 64,
  "zipf_s": 0.700000,
  "topk": 8,
  "ep_size": 32,
  "seed": 11,
  "start_skew_us": 4.000000,
  "tau_g_ns": 143.360000,
  "grain_bytes": 7168,
  "total_tokens": 32768,
  "max_egress_load": 210,
  "konig_us": 58.777600,
  "rtt_us": 0.900000,
  "barrier_us": 0.800000,
  "cct_us": 68.979559,
  "step_us": 132.279559,
  "gemv_us": 62.500000,
  "e2e_us": 131.479559,
  "throughput_GBs": 1775.641121,
  "latency_all": {
    "count": 32768,
    "mean_us": 9.995077,
    "p50_us": 8.410825,
    "p99_us": 29.537623,
    "min_us": 1.497237,
    "max_us": 34.997046
  },
  "latency_hot": {
    "count": 7820,
    "mean_us": 15.649262,
    "p50_us": 15.163572,
    "p99_us": 31.970966,
    "min_us": 1.622613,
    "max_us": 34.997046
  },
  "latency_cold": {
    "count": 9884,
    "mean_us": 6.210291,
    "p50_us": 6.072862,
    "p99_us": 11.641388,
    "min_us": 1.497237,
    "max_us": 13.935097
  },
  "dispatch_cct_us": 34.997046,
  "combine_cct_us": 33.982513,
  "roundtrip_step_us": 69.779559,
  "e2e_step_us": 132.279559
}
