{
  "scenario": 4,
  "scheme": "packet_spray",
  "mode": "roundtrip",
  "batch": 256,
  "zipf_s": 0.700000,
  "topk": 8,
  "ep_size": 512,
  "seed": 38,
  "start_skew_us": 4.000000,
  "tau_g_ns": 143.360000,
  "grain_bytes": 7168,
  "total_tokens": 2097152,
  "max_egress_load": 6413,
  "konig_us": 1766.338560,
  "rtt_us": 0.000000,
  "barrier_us": 6.000000,
  "cct_us": 1857.632731,
  "step_us": 3709.804606,
  "gemv_us": 1846.171875,
  "e2e_us": 3703.804606,
  "throughput_GBs": 4052.069349,
  "latency_all": {
    "count": 2097152,
    "mean_us": 268.539140,
    "p50_us": 43.623391,
    "p99_us": 441.098875,
    "min_us": 0.298721,
    "max_us": 974.429999
  },
  "latency_hot": {
    "count": 870796,
    "mean_us": 299.429927,
    "p50_us": 75.311240,
    "p99_us": 436.062892,
    "min_us": 0.489748,
    "max_us": 952.352559
  },
  "latency_cold": {
    "count": 462060,
    "mean_us": 246.805454,
    "p50_us": 43.536191,
    "p99_us": 57.221800,
    "min_us": 0.445794,
    "max_us": 974.429999
  },
  "dispatch_cct_us": 883.202732,
  "combine_cct_us": 974.429999,
  "roundtrip_step_us": 1863.632731,
  "e2e_step_us": 3709.804606
}
