{
  "scenario": 1,
  "scheme": "ub_rg_pop",
  "mode": "roundtrip",
  "batch": 64,
  "zipf_s": 0.300000,
  "topk": 8,
  "ep_size": 128,
  "seed": 48,
  "tau_g_ns": 143.360000,
  "grain_bytes": 7168,
  "total_tokens": 131072,
  "max_egress_load": 205,
  "konig_us": 55.910400,
  "rtt_us": 0.900000,
  "barrier_us": 0.800000,
  "cct_us": 61.584328,
  "step_us": 62.384328,
  "throughput_GBs": 15060.258227,
  "latency_all": {
    "count": 131072,
    "mean_us": 7.308248,
    "p50_us": 6.722685,
    "p99_us": 20.365224,
    "min_us": 1.443477,
    "max_us": 30.860638
  },
  "latency_hot": {
    "count": 22676,
    "mean_us": 11.045458,
    "p50_us": 10.655421,
    "p99_us": 26.225029,
    "min_us": 1.443757,
    "max_us": 30.860638
  },
  "latency_cold": {
    "count": 51824,
    "mean_us": 5.802436,
    "p50_us": 5.730183,
    "p99_us": 10.739252,
    "min_us": 1.443654,
    "max_us": 12.909625
  },
  "dispatch_cct_us": 30.860638,
  "combine_cct_us": 30.723690,
  "roundtrip_step_us": 62.384328
}
