{
  "scenario": 4,
  "scheme": "packet_spray",
  "mode": "roundtrip",
  "batch": 256,
  "zipf_s": 0.900000,
  "topk": 8,
  "ep_size": 512,
  "seed": 90,
  "start_skew_us": 4.000000,
  "tau_g_ns": 143.360000,
  "grain_bytes": 7168,
  "total_tokens": 2097152,
  "max_egress_load": 11190,
  "konig_us": 3058.585600,
  "rtt_us": 0.000000,
  "barrier_us": 6.000000,
  "cct_us": 3134.776943,
  "step_us": 6310.855068,
  "gemv_us": 3170.078125,
  "e2e_us": 6304.855068,
  "throughput_GBs": 2381.988712,
  "latency_all": {
    "count": 2097152,
    "mean_us": 454.184093,
    "p50_us": 48.172981,
    "p99_us": 904.619376,
    "min_us": 0.211127,
    "max_us": 1647.112447
  },
  "latency_hot": {
    "count": 1160666,
    "mean_us": 502.721890,
    "p50_us": 86.273603,
    "p99_us": 917.617960,
    "min_us": 0.420117,
    "max_us": 1632.776447
  },
  "latency_cold": {
    "count": 304414,
    "mean_us": 392.450092,
    "p50_us": 43.747540,
    "p99_us": 1421.893887,
    "min_us": 0.341227,
    "max_us": 1647.112447
  },
  "dispatch_cct_us": 1487.664496,
  "combine_cct_us": 1647.112447,
  "roundtrip_step_us": 3140.776943,
  "e2e_step_us": 6310.855068
}
