{
  "scenario": 1,
  "scheme": "ub_rg_pop",
  "mode": "roundtrip",
  "batch": 256,
  "zipf_s": 0.000000,
  "topk": 8,
  "ep_size": 64,
  "seed": 75,
  "tau_g_ns": 143.360000,
  "grain_bytes": 7168,
  "total_tokens": 262144,
  "max_egress_load": 306,
  "konig_us": 87.019520,
  "rtt_us": 0.900000,
  "barrier_us": 0.800000,
  "cct_us": 90.656812,
  "step_us": 91.456812,
  "throughput_GBs": 20545.743307,
  "latency_all": {
    "count": 262144,
    "mean_us": 20.298548,
    "p50_us": 15.811157,
    "p99_us": 39.791451,
    "min_us": 1.443617,
    "max_us": 45.372506
  },
  "latency_hot": {
    "count": 24890,
    "mean_us": 20.495659,
    "p50_us": 20.386132,
    "p99_us": 40.089770,
    "min_us": 1.448588,
    "max_us": 42.207539
  },
  "latency_cold": {
    "count": 130952,
    "mean_us": 20.288607,
    "p50_us": 20.132952,
    "p99_us": 40.251851,
    "min_us": 1.444927,
    "max_us": 45.372506
  },
  "dispatch_cct_us": 45.372506,
  "combine_cct_us": 45.284307,
  "roundtrip_step_us": 91.456812
}
