{
  "scenario": 4,
  "scheme": "packet_spray",
  "mode": "roundtrip",
  "batch": 64,
  "zipf_s": 0.700000,
  "topk": 8,
  "ep_size": 256,
  "seed": 4,
  "start_skew_us": 4.000000,
  "tau_g_ns": 143.360000,
  "grain_bytes": 7168,
  "total_tokens": 262144,
  "max_egress_load": 968,
  "konig_us": 269.803520,
  "rtt_us": 0.000000,
  "barrier_us": 6.000000,
  "cct_us": 317.221307,
  "step_us": 608.768182,
  "gemv_us": 285.546875,
  "e2e_us": 602.768182,
  "throughput_GBs": 3086.639953,
  "latency_all": {
    "count": 262144,
    "mean_us": 53.458266,
    "p50_us": 33.261867,
    "p99_us": 134.291600,
    "min_us": 0.193360,
    "max_us": 162.715947
  },
  "latency_hot": {
    "count": 101086,
    "mean_us": 59.853795,
    "p50_us": 50.282640,
    "p99_us": 141.521841,
    "min_us": 0.193360,
    "max_us": 162.715947
  },
  "latency_cold": {
    "count": 61142,
    "mean_us": 49.311773,
    "p50_us": 28.768438,
    "p99_us": 136.585360,
    "min_us": 0.966800,
    "max_us": 154.505360
  },
  "dispatch_cct_us": 162.715947,
  "combine_cct_us": 154.505360,
  "roundtrip_step_us": 323.221307,
  "e2e_step_us": 608.768182
}
