{
  "scenario": 1,
  "scheme": "ub_rg_pop",
  "mode": "roundtrip",
  "batch": 16,
  "zipf_s": 0.900000,
  "topk": 8,
  "ep_size": 128,
  "seed": 18,
  "start_skew_us": 4.000000,
  "tau_g_ns": 143.360000,
  "grain_bytes": 7168,
  "total_tokens": 32768,
  "max_egress_load": 207,
  "konig_us": 57.774080,
  "rtt_us": 0.900000,
  "barrier_us": 0.800000,
  "cct_us": 69.041295,
  "step_us": 130.974108,
  "gemv_us": 61.132812,
  "e2e_us": 130.174108,
  "throughput_GBs": 1793.339370,
  "latency_all": {
    "count": 32768,
    "mean_us": 7.647462,
    "p50_us": 5.806572,
    "p99_us": 29.344819,
    "min_us": 1.463623,
    "max_us": 34.595787
  },
  "latency_hot": {
    "count": 14358,
    "mean_us": 11.310596,
    "p50_us": 9.521083,
    "p99_us": 31.294777,
    "min_us": 1.779038,
    "max_us": 34.595787
  },
  "latency_cold": {
    "count": 6044,
    "mean_us": 4.142007,
    "p50_us": 4.167912,
    "p99_us": 6.542824,
    "min_us": 1.487290,
    "max_us": 7.502115
  },
  "dispatch_cct_us": 34.445508,
  "combine_cct_us": 34.595787,
  "roundtrip_step_us": 69.841295,
  "e2e_step_us": 130.974108
}
