{
  "scenario": 4,
  "scheme": "packet_spray",
  "mode": "roundtrip",
  "batch": 512,
  "zipf_s": 0.300000,
  "topk": 8,
  "ep_size": 256,
  "seed": 17,
  "start_skew_us": 4.000000,
  "tau_g_ns": 143.360000,
  "grain_bytes": 7168,
  "total_tokens": 2097152,
  "max_egress_load": 2045,
  "konig_us": 559.247360,
  "rtt_us": 0.000000,
  "barrier_us": 6.000000,
  "cct_us": 709.643233,
  "step_us": 1295.643233,
  "gemv_us": 580.000000,
  "e2e_us": 1289.643233,
  "throughput_GBs": 11602.256819,
  "latency_all": {
    "count": 2097152,
    "mean_us": 139.914787,
    "p50_us": 81.651873,
    "p99_us": 188.321051,
    "min_us": 0.240621,
    "max_us": 368.622893
  },
  "latency_hot": {
    "count": 390108,
    "mean_us": 141.940702,
    "p50_us": 138.145051,
    "p99_us": 296.471144,
    "min_us": 0.383555,
    "max_us": 341.020340
  },
  "latency_cold": {
    "count": 819148,
    "mean_us": 144.328701,
    "p50_us": 86.878824,
    "p99_us": 124.690100,
    "min_us": 0.277009,
    "max_us": 368.622893
  },
  "dispatch_cct_us": 341.020340,
  "combine_cct_us": 368.622893,
  "roundtrip_step_us": 715.643233,
  "e2e_step_us": 1295.643233
}
