{
  "scenario": 1,
  "scheme": "islip",
  "mode": "roundtrip",
  "batch": 256,
  "zipf_s": 0.300000,
  "topk": 8,
  "ep_size": 64,
  "seed": 47,
  "start_skew_us": 4.000000,
  "tau_g_ns": 143.360000,
  "grain_bytes": 7168,
  "total_tokens": 262144,
  "max_egress_load": 630,
  "konig_us": 175.472640,
  "rtt_us": 0.600000,
  "barrier_us": 0.800000,
  "cct_us": 204.823565,
  "step_us": 391.053253,
  "gemv_us": 185.429688,
  "e2e_us": 390.253253,
  "throughput_GBs": 4805.095414,
  "latency_all": {
    "count": 262144,
    "mean_us": 31.916142,
    "p50_us": 25.679556,
    "p99_us": 72.516956,
    "min_us": 1.144081,
    "max_us": 104.504478
  },
  "latency_hot": {
    "count": 43368,
    "mean_us": 45.729919,
    "p50_us": 44.899069,
    "p99_us": 94.375276,
    "min_us": 1.477419,
    "max_us": 104.504478
  },
  "latency_cold": {
    "count": 104892,
    "mean_us": 26.493684,
    "p50_us": 26.320297,
    "p99_us": 47.386280,
    "min_us": 1.144081,
    "max_us": 56.678654
  },
  "dispatch_cct_us": 100.319087,
  "combine_cct_us": 104.504478,
  "roundtrip_step_us": 205.623565,
  "e2e_step_us": 391.053253
}
