{
  "scenario": 1,
  "scheme": "ub_rg",
  "mode": "roundtrip",
  "batch": 256,
  "zipf_s": 0.300000,
  "topk": 8,
  "ep_size": 64,
  "seed": 20,
  "start_skew_us": 4.000000,
  "tau_g_ns": 143.360000,
  "grain_bytes": 7168,
  "total_tokens": 262144,
  "max_egress_load": 611,
  "konig_us": 170.741760,
  "rtt_us": 0.600000,
  "barrier_us": 0.800000,
  "cct_us": 182.440822,
  "step_us": 364.334572,
  "gemv_us": 181.093750,
  "e2e_us": 363.534572,
  "throughput_GBs": 5157.479793,
  "latency_all": {
    "count": 262144,
    "mean_us": 23.845238,
    "p50_us": 17.746527,
    "p99_us": 64.378567,
    "min_us": 1.276826,
    "max_us": 92.457161
  },
  "latency_hot": {
    "count": 43066,
    "mean_us": 36.382229,
    "p50_us": 35.549712,
    "p99_us": 82.243915,
    "min_us": 1.662964,
    "max_us": 92.457161
  },
  "latency_cold": {
    "count": 105308,
    "mean_us": 18.606676,
    "p50_us": 18.447998,
    "p99_us": 35.738668,
    "min_us": 1.328448,
    "max_us": 41.623403
  },
  "dispatch_cct_us": 92.457161,
  "combine_cct_us": 89.983661,
  "roundtrip_step_us": 183.240822,
  "e2e_step_us": 364.334572
}
