{
  "scenario": 1,
  "scheme": "ub_rg_pop",
  "mode": "roundtrip",
  "batch": 128,
  "zipf_s": 0.900000,
  "topk": 8,
  "ep_size": 128,
  "seed": 55,
  "start_skew_us": 4.000000,
  "tau_g_ns": 143.360000,
  "grain_bytes": 7168,
  "total_tokens": 262144,
  "max_egress_load": 1560,
  "konig_us": 441.692160,
  "rtt_us": 0.900000,
  "barrier_us": 0.800000,
  "cct_us": 455.077033,
  "step_us": 930.955158,
  "gemv_us": 475.078125,
  "e2e_us": 930.155158,
  "throughput_GBs": 2018.408916,
  "latency_all": {
    "count": 262144,
    "mean_us": 34.453434,
    "p50_us": 12.133514,
    "p99_us": 185.954706,
    "min_us": 1.499946,
    "max_us": 228.055002
  },
  "latency_hot": {
    "count": 115522,
    "mean_us": 62.423392,
    "p50_us": 47.609079,
    "p99_us": 211.635571,
    "min_us": 1.499946,
    "max_us": 228.055002
  },
  "latency_cold": {
    "count": 47506,
    "mean_us": 7.753548,
    "p50_us": 7.600137,
    "p99_us": 13.777984,
    "min_us": 1.550199,
    "max_us": 16.440230
  },
  "dispatch_cct_us": 227.022032,
  "combine_cct_us": 228.055002,
  "roundtrip_step_us": 455.877033,
  "e2e_step_us": 930.955158
}
