{
  "scenario": 1,
  "scheme": "ub_rg",
  "mode": "roundtrip",
  "batch": 512,
  "zipf_s": 0.900000,
  "topk": 8,
  "ep_size": 128,
  "seed": 80,
  "start_skew_us": 4.000000,
  "tau_g_ns": 143.360000,
  "grain_bytes": 7168,
  "total_tokens": 1048576,
  "max_egress_load": 6176,
  "konig_us": 1762.754560,
  "rtt_us": 0.600000,
  "barrier_us": 0.800000,
  "cct_us": 1801.749345,
  "step_us": 3714.971220,
  "gemv_us": 1912.421875,
  "e2e_us": 3714.171220,
  "throughput_GBs": 2023.216957,
  "latency_all": {
    "count": 1048576,
    "mean_us": 134.277506,
    "p50_us": 29.283756,
    "p99_us": 462.944212,
    "min_us": 1.170807,
    "max_us": 906.982922
  },
  "latency_hot": {
    "count": 461564,
    "mean_us": 247.300233,
    "p50_us": 164.980390,
    "p99_us": 482.604775,
    "min_us": 2.536755,
    "max_us": 906.982922
  },
  "latency_cold": {
    "count": 190190,
    "mean_us": 27.238594,
    "p50_us": 26.760986,
    "p99_us": 48.972548,
    "min_us": 1.452154,
    "max_us": 60.550385
  },
  "dispatch_cct_us": 906.982922,
  "combine_cct_us": 894.766423,
  "roundtrip_step_us": 1802.549345,
  "e2e_step_us": 3714.971220
}
