{
  "scenario": 1,
  "scheme": "ub_rg_pop",
  "mode": "roundtrip",
  "batch": 256,
  "zipf_s": 0.300000,
  "topk": 8,
  "ep_size": 128,
  "seed": 11,
  "tau_g_ns": 143.360000,
  "grain_bytes": 7168,
  "total_tokens": 524288,
  "max_egress_load": 781,
  "konig_us": 221.634560,
  "rtt_us": 0.900000,
  "barrier_us": 0.800000,
  "cct_us": 226.735481,
  "step_us": 227.535481,
  "throughput_GBs": 16516.529029,
  "latency_all": {
    "count": 524288,
    "mean_us": 22.861242,
    "p50_us": 17.077071,
    "p99_us": 38.295745,
    "min_us": 1.443584,
    "max_us": 113.391556
  },
  "latency_hot": {
    "count": 91944,
    "mean_us": 38.267136,
    "p50_us": 36.505578,
    "p99_us": 102.806083,
    "min_us": 1.451600,
    "max_us": 113.391556
  },
  "latency_cold": {
    "count": 206396,
    "mean_us": 16.801336,
    "p50_us": 16.166840,
    "p99_us": 32.995351,
    "min_us": 1.443684,
    "max_us": 38.492599
  },
  "dispatch_cct_us": 113.343925,
  "combine_cct_us": 113.391556,
  "roundtrip_step_us": 227.535481
}
