{
  "scenario": 1,
  "scheme": "packet_spray",
  "mode": "roundtrip",
  "batch": 64,
  "zipf_s": 0.300000,
  "topk": 8,
  "ep_size": 32,
  "seed": 77,
  "start_skew_us": 4.000000,
  "tau_g_ns": 143.360000,
  "grain_bytes": 7168,
  "total_tokens": 32768,
  "max_egress_load": 122,
  "konig_us": 33.832960,
  "rtt_us": 0.000000,
  "barrier_us": 4.000000,
  "cct_us": 65.812570,
  "step_us": 105.359445,
  "gemv_us": 35.546875,
  "e2e_us": 101.359445,
  "throughput_GBs": 2229.330507,
  "latency_all": {
    "count": 32768,
    "mean_us": 20.819551,
    "p50_us": 21.787489,
    "p99_us": 30.491003,
    "min_us": 0.536720,
    "max_us": 34.174687
  },
  "latency_hot": {
    "count": 4804,
    "mean_us": 18.975099,
    "p50_us": 19.207009,
    "p99_us": 32.454367,
    "min_us": 1.557030,
    "max_us": 34.174687
  },
  "latency_cold": {
    "count": 13848,
    "mean_us": 22.131947,
    "p50_us": 22.898655,
    "p99_us": 30.347643,
    "min_us": 0.536720,
    "max_us": 31.637883
  },
  "dispatch_cct_us": 34.174687,
  "combine_cct_us": 31.637883,
  "roundtrip_step_us": 69.812570,
  "e2e_step_us": 105.359445
}
