{
  "scenario": 1,
  "scheme": "ub_rg_pop",
  "mode": "roundtrip",
  "batch": 16,
  "zipf_s": 0.000000,
  "topk": 8,
  "ep_size": 32,
  "seed": 59,
  "tau_g_ns": 143.360000,
  "grain_bytes": 7168,
  "total_tokens": 8192,
  "max_egress_load": 28,
  "konig_us": 7.884800,
  "rtt_us": 0.900000,
  "barrier_us": 0.800000,
  "cct_us": 11.155629,
  "step_us": 11.955629,
  "throughput_GBs": 4911.515430,
  "latency_all": {
    "count": 8192,
    "mean_us": 2.862602,
    "p50_us": 2.794135,
    "p99_us": 4.722979,
    "min_us": 1.444923,
    "max_us": 5.652423
  },
  "latency_hot": {
    "count": 780,
    "mean_us": 2.892635,
    "p50_us": 2.797329,
    "p99_us": 5.080957,
    "min_us": 1.457716,
    "max_us": 5.652423
  },
  "latency_cold": {
    "count": 4116,
    "mean_us": 2.863752,
    "p50_us": 2.799099,
    "p99_us": 4.674233,
    "min_us": 1.444923,
    "max_us": 5.503206
  },
  "dispatch_cct_us": 5.652423,
  "combine_cct_us": 5.503206,
  "roundtrip_step_us": 11.955629
}
