{
  "scenario": 1,
  "scheme": "ub_rg",
  "mode": "roundtrip",
  "batch": 16,
  "zipf_s": 0.000000,
  "topk": 8,
  "ep_size": 64,
  "seed": 67,
  "start_skew_us": 4.000000,
  "tau_g_ns": 143.360000,
  "grain_bytes": 7168,
  "total_tokens": 16384,
  "max_egress_load": 27,
  "konig_us": 7.741440,
  "rtt_us": 0.600000,
  "barrier_us": 0.800000,
  "cct_us": 47.350529,
  "step_us": 54.048967,
  "gemv_us": 5.898438,
  "e2e_us": 53.248967,
  "throughput_GBs": 2172.853961,
  "latency_all": {
    "count": 16384,
    "mean_us": 12.709701,
    "p50_us": 12.876428,
    "p99_us": 22.640522,
    "min_us": 1.158902,
    "max_us": 25.859079
  },
  "latency_hot": {
    "count": 1590,
    "mean_us": 10.982112,
    "p50_us": 10.260137,
    "p99_us": 19.311500,
    "min_us": 1.176557,
    "max_us": 21.298384
  },
  "latency_cold": {
    "count": 8158,
    "mean_us": 12.472733,
    "p50_us": 13.003723,
    "p99_us": 19.536906,
    "min_us": 1.158902,
    "max_us": 21.491451
  },
  "dispatch_cct_us": 21.491451,
  "combine_cct_us": 25.859079,
  "roundtrip_step_us": 48.150529,
  "e2e_step_us": 54.048967
}
