{
  "scenario": 4,
  "scheme": "ub_rg",
  "mode": "roundtrip",
  "batch": 256,
  "zipf_s": 0.300000,
  "topk": 8,
  "ep_size": 256,
  "seed": 80,
  "start_skew_us": 4.000000,
  "tau_g_ns": 143.360000,
  "grain_bytes": 7168,
  "total_tokens": 1048576,
  "max_egress_load": 1053,
  "konig_us": 283.136000,
  "rtt_us": 0.800000,
  "barrier_us": 1.600000,
  "cct_us": 333.392865,
  "step_us": 622.883490,
  "gemv_us": 287.890625,
  "e2e_us": 621.283490,
  "throughput_GBs": 12066.771540,
  "latency_all": {
    "count": 1048576,
    "mean_us": 37.445522,
    "p50_us": 23.978108,
    "p99_us": 63.104899,
    "min_us": 1.370807,
    "max_us": 169.800667
  },
  "latency_hot": {
    "count": 193836,
    "mean_us": 53.824351,
    "p50_us": 51.296326,
    "p99_us": 129.723724,
    "min_us": 4.151092,
    "max_us": 169.800667
  },
  "latency_cold": {
    "count": 411140,
    "mean_us": 30.878569,
    "p50_us": 30.129591,
    "p99_us": 47.885355,
    "min_us": 1.370807,
    "max_us": 75.729523
  },
  "dispatch_cct_us": 169.800667,
  "combine_cct_us": 163.592198,
  "roundtrip_step_us": 334.992865,
  "e2e_step_us": 622.883490
}
