{
  "scenario": 4,
  "scheme": "packet_spray",
  "mode": "roundtrip",
  "batch": 16,
  "zipf_s": 0.000000,
  "topk": 8,
  "ep_size": 128,
  "seed": 59,
  "start_skew_us": 4.000000,
  "tau_g_ns": 143.360000,
  "grain_bytes": 7168,
  "total_tokens": 32768,
  "max_egress_load": 33,
  "konig_us": 8.888320,
  "rtt_us": 0.000000,
  "barrier_us": 6.000000,
  "cct_us": 19.334010,
  "step_us": 31.544947,
  "gemv_us": 6.210938,
  "e2e_us": 25.544947,
  "throughput_GBs": 7445.915856,
  "latency_all": {
    "count": 32768,
    "mean_us": 5.737135,
    "p50_us": 5.911731,
    "p99_us": 8.436543,
    "min_us": 0.329964,
    "max_us": 9.682130
  },
  "latency_hot": {
    "count": 2998,
    "mean_us": 4.700558,
    "p50_us": 4.621491,
    "p99_us": 8.105170,
    "min_us": 0.341172,
    "max_us": 9.266014
  },
  "latency_cold": {
    "count": 16530,
    "mean_us": 6.121837,
    "p50_us": 6.233802,
    "p99_us": 8.635571,
    "min_us": 0.329964,
    "max_us": 9.651880
  },
  "dispatch_cct_us": 9.682130,
  "combine_cct_us": 9.651880,
  "roundtrip_step_us": 25.334010,
  "e2e_step_us": 31.544947
}
