{
  "scenario": 4,
  "scheme": "ub_rg",
  "mode": "roundtrip",
  "batch": 512,
  "zipf_s": 0.700000,
  "topk": 8,
  "ep_size": 512,
  "seed": 51,
  "start_skew_us": 4.000000,
  "tau_g_ns": 143.360000,
  "grain_bytes": 7168,
  "total_tokens": 4194304,
  "max_egress_load": 12913,
  "konig_us": 3531.100160,
  "rtt_us": 0.800000,
  "barrier_us": 1.600000,
  "cct_us": 3728.548376,
  "step_us": 7391.749938,
  "gemv_us": 3661.601562,
  "e2e_us": 7390.149938,
  "throughput_GBs": 4067.341472,
  "latency_all": {
    "count": 4194304,
    "mean_us": 147.655111,
    "p50_us": 31.244552,
    "p99_us": 1108.619550,
    "min_us": 1.410555,
    "max_us": 1868.192017
  },
  "latency_hot": {
    "count": 1742270,
    "mean_us": 292.284492,
    "p50_us": 61.616967,
    "p99_us": 1108.730634,
    "min_us": 1.410555,
    "max_us": 1868.192017
  },
  "latency_cold": {
    "count": 925756,
    "mean_us": 32.158805,
    "p50_us": 24.783380,
    "p99_us": 50.521605,
    "min_us": 2.765825,
    "max_us": 110.845605
  },
  "dispatch_cct_us": 1868.192017,
  "combine_cct_us": 1860.356358,
  "roundtrip_step_us": 3730.148376,
  "e2e_step_us": 7391.749938
}
