{
  "scenario": 4,
  "scheme": "packet_spray",
  "mode": "roundtrip",
  "batch": 128,
  "zipf_s": 0.000000,
  "topk": 8,
  "ep_size": 512,
  "seed": 16,
  "start_skew_us": 4.000000,
  "tau_g_ns": 143.360000,
  "grain_bytes": 7168,
  "total_tokens": 1048576,
  "max_egress_load": 181,
  "konig_us": 50.606080,
  "rtt_us": 0.000000,
  "barrier_us": 6.000000,
  "cct_us": 90.942334,
  "step_us": 140.965772,
  "gemv_us": 44.023438,
  "e2e_us": 134.965772,
  "throughput_GBs": 53319.275180,
  "latency_all": {
    "count": 1048576,
    "mean_us": 25.090823,
    "p50_us": 23.341291,
    "p99_us": 37.020811,
    "min_us": 0.254973,
    "max_us": 45.605661
  },
  "latency_hot": {
    "count": 104208,
    "mean_us": 21.002500,
    "p50_us": 21.013160,
    "p99_us": 38.916547,
    "min_us": 0.400596,
    "max_us": 44.596605
  },
  "latency_cold": {
    "count": 525308,
    "mean_us": 27.335613,
    "p50_us": 26.591017,
    "p99_us": 36.637533,
    "min_us": 0.254973,
    "max_us": 45.605661
  },
  "dispatch_cct_us": 45.605661,
  "combine_cct_us": 45.336673,
  "roundtrip_step_us": 96.942334,
  "e2e_step_us": 140.965772
}
