{
  "scenario": 4,
  "scheme": "ub_rg_pop",
  "mode": "roundtrip",
  "batch": 128,
  "zipf_s": 0.900000,
  "topk": 8,
  "ep_size": 128,
  "seed": 66,
  "start_skew_us": 4.000000,
  "tau_g_ns": 143.360000,
  "grain_bytes": 7168,
  "total_tokens": 262144,
  "max_egress_load": 1644,
  "konig_us": 456.314880,
  "rtt_us": 1.200000,
  "barrier_us": 1.600000,
  "cct_us": 479.556971,
  "step_us": 962.055409,
  "gemv_us": 480.898438,
  "e2e_us": 960.455409,
  "throughput_GBs": 1953.160052,
  "latency_all": {
    "count": 262144,
    "mean_us": 34.884640,
    "p50_us": 12.257696,
    "p99_us": 188.511739,
    "min_us": 1.413958,
    "max_us": 240.702336
  },
  "latency_hot": {
    "count": 115418,
    "mean_us": 63.241574,
    "p50_us": 48.053117,
    "p99_us": 213.807675,
    "min_us": 1.772154,
    "max_us": 240.702336
  },
  "latency_cold": {
    "count": 47588,
    "mean_us": 7.994713,
    "p50_us": 7.812389,
    "p99_us": 14.409191,
    "min_us": 1.779580,
    "max_us": 21.042377
  },
  "dispatch_cct_us": 240.702336,
  "combine_cct_us": 238.854636,
  "roundtrip_step_us": 481.156971,
  "e2e_step_us": 962.055409
}
