{
  "scenario": 1,
  "scheme": "ub_rg_pop",
  "mode": "roundtrip",
  "batch": 512,
  "zipf_s": 0.900000,
  "topk": 8,
  "ep_size": 64,
  "seed": 57,
  "start_skew_us": 4.000000,
  "tau_g_ns": 143.360000,
  "grain_bytes": 7168,
  "total_tokens": 524288,
  "max_egress_load": 3405,
  "konig_us": 972.554240,
  "rtt_us": 0.900000,
  "barrier_us": 0.800000,
  "cct_us": 984.452799,
  "step_us": 2041.112174,
  "gemv_us": 1055.859375,
  "e2e_us": 2040.312174,
  "throughput_GBs": 1841.200318,
  "latency_all": {
    "count": 524288,
    "mean_us": 85.928709,
    "p50_us": 34.034784,
    "p99_us": 193.383047,
    "min_us": 1.568109,
    "max_us": 493.015534
  },
  "latency_hot": {
    "count": 192756,
    "mean_us": 167.225023,
    "p50_us": 147.585006,
    "p99_us": 471.396159,
    "min_us": 1.644502,
    "max_us": 493.015534
  },
  "latency_cold": {
    "count": 110734,
    "mean_us": 19.883721,
    "p50_us": 19.292078,
    "p99_us": 42.970578,
    "min_us": 1.628936,
    "max_us": 51.022314
  },
  "dispatch_cct_us": 491.437265,
  "combine_cct_us": 493.015534,
  "roundtrip_step_us": 985.252799,
  "e2e_step_us": 2041.112174
}
