{
  "scenario": 1,
  "scheme": "ub_rg_pop",
  "mode": "roundtrip",
  "batch": 512,
  "zipf_s": 0.700000,
  "topk": 8,
  "ep_size": 32,
  "seed": 54,
  "start_skew_us": 4.000000,
  "tau_g_ns": 143.360000,
  "grain_bytes": 7168,
  "total_tokens": 262144,
  "max_egress_load": 1627,
  "konig_us": 462.909440,
  "rtt_us": 0.900000,
  "barrier_us": 0.800000,
  "cct_us": 473.269664,
  "step_us": 974.694664,
  "gemv_us": 500.625000,
  "e2e_us": 973.894664,
  "throughput_GBs": 1927.832644,
  "latency_all": {
    "count": 262144,
    "mean_us": 53.985013,
    "p50_us": 31.790479,
    "p99_us": 197.276041,
    "min_us": 1.597894,
    "max_us": 237.792499
  },
  "latency_hot": {
    "count": 62240,
    "mean_us": 99.818695,
    "p50_us": 96.843488,
    "p99_us": 227.057466,
    "min_us": 1.762846,
    "max_us": 237.792499
  },
  "latency_cold": {
    "count": 79214,
    "mean_us": 26.362670,
    "p50_us": 25.871488,
    "p99_us": 55.519443,
    "min_us": 1.598856,
    "max_us": 62.527476
  },
  "dispatch_cct_us": 237.792499,
  "combine_cct_us": 235.477165,
  "roundtrip_step_us": 474.069664,
  "e2e_step_us": 974.694664
}
