{
  "scenario": 4,
  "scheme": "packet_spray",
  "mode": "roundtrip",
  "batch": 16,
  "zipf_s": 0.300000,
  "topk": 8,
  "ep_size": 256,
  "seed": 48,
  "start_skew_us": 4.000000,
  "tau_g_ns": 143.360000,
  "grain_bytes": 7168,
  "total_tokens": 65536,
  "max_egress_load": 74,
  "konig_us": 18.780160,
  "rtt_us": 0.000000,
  "barrier_us": 6.000000,
  "cct_us": 56.963846,
  "step_us": 80.541971,
  "gemv_us": 17.578125,
  "e2e_us": 74.541971,
  "throughput_GBs": 5832.512429,
  "latency_all": {
    "count": 65536,
    "mean_us": 18.185252,
    "p50_us": 18.360721,
    "p99_us": 25.298191,
    "min_us": 0.536720,
    "max_us": 31.032591
  },
  "latency_hot": {
    "count": 12126,
    "mean_us": 17.597501,
    "p50_us": 17.775028,
    "p99_us": 27.271470,
    "min_us": 0.536720,
    "max_us": 31.032591
  },
  "latency_cold": {
    "count": 25490,
    "mean_us": 18.613967,
    "p50_us": 18.694076,
    "p99_us": 24.724751,
    "min_us": 0.680080,
    "max_us": 26.014991
  },
  "dispatch_cct_us": 31.032591,
  "combine_cct_us": 25.931256,
  "roundtrip_step_us": 62.963846,
  "e2e_step_us": 80.541971
}
