{
  "scenario": 1,
  "scheme": "ub_rg",
  "mode": "roundtrip",
  "batch": 16,
  "zipf_s": 0.300000,
  "topk": 8,
  "ep_size": 32,
  "seed": 8,
  "start_skew_us": 4.000000,
  "tau_g_ns": 143.360000,
  "grain_bytes": 7168,
  "total_tokens": 8192,
  "max_egress_load": 37,
  "konig_us": 10.465280,
  "rtt_us": 0.600000,
  "barrier_us": 0.800000,
  "cct_us": 18.514035,
  "step_us": 28.220285,
  "gemv_us": 8.906250,
  "e2e_us": 27.420285,
  "throughput_GBs": 2080.781828,
  "latency_all": {
    "count": 8192,
    "mean_us": 4.621723,
    "p50_us": 4.609494,
    "p99_us": 7.943893,
    "min_us": 1.223026,
    "max_us": 9.436004
  },
  "latency_hot": {
    "count": 1228,
    "mean_us": 4.864523,
    "p50_us": 4.810725,
    "p99_us": 8.607713,
    "min_us": 1.268358,
    "max_us": 9.436004
  },
  "latency_cold": {
    "count": 3338,
    "mean_us": 4.296991,
    "p50_us": 4.299370,
    "p99_us": 6.992978,
    "min_us": 1.223026,
    "max_us": 7.895224
  },
  "dispatch_cct_us": 9.436004,
  "combine_cct_us": 9.078031,
  "roundtrip_step_us": 19.314035,
  "e2e_step_us": 28.220285
}
