{
  "scenario": 4,
  "scheme": "ub_rg_pop",
  "mode": "roundtrip",
  "batch": 128,
  "zipf_s": 0.900000,
  "topk": 8,
  "ep_size": 128,
  "seed": 64,
  "start_skew_us": 4.000000,
  "tau_g_ns": 143.360000,
  "grain_bytes": 7168,
  "total_tokens": 262144,
  "max_egress_load": 1644,
  "konig_us": 457.748480,
  "rtt_us": 1.200000,
  "barrier_us": 1.600000,
  "cct_us": 501.311219,
  "step_us": 986.817469,
  "gemv_us": 483.906250,
  "e2e_us": 985.217469,
  "throughput_GBs": 1904.149704,
  "latency_all": {
    "count": 262144,
    "mean_us": 43.859262,
    "p50_us": 21.998520,
    "p99_us": 200.286300,
    "min_us": 1.758043,
    "max_us": 255.312569
  },
  "latency_hot": {
    "count": 116430,
    "mean_us": 72.636110,
    "p50_us": 57.681920,
    "p99_us": 224.714861,
    "min_us": 1.813421,
    "max_us": 255.312569
  },
  "latency_cold": {
    "count": 47348,
    "mean_us": 16.515790,
    "p50_us": 16.408013,
    "p99_us": 27.661931,
    "min_us": 1.781936,
    "max_us": 33.643554
  },
  "dispatch_cct_us": 255.312569,
  "combine_cct_us": 245.998650,
  "roundtrip_step_us": 502.911219,
  "e2e_step_us": 986.817469
}
