{
  "scenario": 1,
  "scheme": "packet_spray",
  "mode": "roundtrip",
  "batch": 256,
  "zipf_s": 0.000000,
  "topk": 8,
  "ep_size": 32,
  "seed": 69,
  "start_skew_us": 4.000000,
  "tau_g_ns": 143.360000,
  "grain_bytes": 7168,
  "total_tokens": 131072,
  "max_egress_load": 312,
  "konig_us": 82.575360,
  "rtt_us": 0.000000,
  "barrier_us": 4.000000,
  "cct_us": 166.420321,
  "step_us": 252.842196,
  "gemv_us": 82.421875,
  "e2e_us": 248.842196,
  "throughput_GBs": 3715.851665,
  "latency_all": {
    "count": 131072,
    "mean_us": 51.090314,
    "p50_us": 51.847582,
    "p99_us": 79.043873,
    "min_us": 6.808128,
    "max_us": 86.355233
  },
  "latency_hot": {
    "count": 12120,
    "mean_us": 42.700661,
    "p50_us": 43.060513,
    "p99_us": 78.613793,
    "min_us": 6.808128,
    "max_us": 82.341153
  },
  "latency_cold": {
    "count": 65324,
    "mean_us": 55.668295,
    "p50_us": 55.962913,
    "p99_us": 78.900513,
    "min_us": 8.510753,
    "max_us": 84.204833
  },
  "dispatch_cct_us": 86.355233,
  "combine_cct_us": 80.065088,
  "roundtrip_step_us": 170.420321,
  "e2e_step_us": 252.842196
}
