{
  "scenario": 1,
  "scheme": "ub_rg",
  "mode": "roundtrip",
  "batch": 256,
  "zipf_s": 0.300000,
  "topk": 8,
  "ep_size": 64,
  "seed": 25,
  "tau_g_ns": 143.360000,
  "grain_bytes": 7168,
  "total_tokens": 262144,
  "max_egress_load": 630,
  "konig_us": 177.192960,
  "rtt_us": 0.600000,
  "barrier_us": 0.800000,
  "cct_us": 182.658095,
  "step_us": 183.458095,
  "throughput_GBs": 10242.383623,
  "latency_all": {
    "count": 262144,
    "mean_us": 21.725744,
    "p50_us": 15.509811,
    "p99_us": 62.934017,
    "min_us": 1.144207,
    "max_us": 91.331134
  },
  "latency_hot": {
    "count": 43270,
    "mean_us": 34.882041,
    "p50_us": 33.769114,
    "p99_us": 84.220267,
    "min_us": 1.159705,
    "max_us": 91.331134
  },
  "latency_cold": {
    "count": 105150,
    "mean_us": 16.417206,
    "p50_us": 16.226819,
    "p99_us": 33.687632,
    "min_us": 1.144207,
    "max_us": 38.014197
  },
  "dispatch_cct_us": 91.326961,
  "combine_cct_us": 91.331134,
  "roundtrip_step_us": 183.458095
}
