{
  "scenario": 4,
  "scheme": "ub_rg",
  "mode": "roundtrip",
  "batch": 512,
  "zipf_s": 0.700000,
  "topk": 8,
  "ep_size": 512,
  "seed": 42,
  "start_skew_us": 4.000000,
  "tau_g_ns": 143.360000,
  "grain_bytes": 7168,
  "total_tokens": 4194304,
  "max_egress_load": 12982,
  "konig_us": 3547.729920,
  "rtt_us": 0.800000,
  "barrier_us": 1.600000,
  "cct_us": 3752.370261,
  "step_us": 7430.337448,
  "gemv_us": 3676.367188,
  "e2e_us": 7428.737448,
  "throughput_GBs": 4046.218800,
  "latency_all": {
    "count": 4194304,
    "mean_us": 148.846070,
    "p50_us": 30.996246,
    "p99_us": 1111.755064,
    "min_us": 1.346322,
    "max_us": 1876.545264
  },
  "latency_hot": {
    "count": 1741748,
    "mean_us": 293.760732,
    "p50_us": 61.398397,
    "p99_us": 1111.755064,
    "min_us": 4.463859,
    "max_us": 1876.545264
  },
  "latency_cold": {
    "count": 925456,
    "mean_us": 33.243807,
    "p50_us": 24.543770,
    "p99_us": 50.256108,
    "min_us": 1.589137,
    "max_us": 114.575421
  },
  "dispatch_cct_us": 1876.545264,
  "combine_cct_us": 1875.824997,
  "roundtrip_step_us": 3753.970261,
  "e2e_step_us": 7430.337448
}
