{
  "scenario": 4,
  "scheme": "ub_rg",
  "mode": "roundtrip",
  "batch": 512,
  "zipf_s": 0.300000,
  "topk": 8,
  "ep_size": 512,
  "seed": 21,
  "start_skew_us": 4.000000,
  "tau_g_ns": 143.360000,
  "grain_bytes": 7168,
  "total_tokens": 4194304,
  "max_egress_load": 2495,
  "konig_us": 684.113920,
  "rtt_us": 0.800000,
  "barrier_us": 1.600000,
  "cct_us": 724.528368,
  "step_us": 1437.651805,
  "gemv_us": 711.523438,
  "e2e_us": 1436.051805,
  "throughput_GBs": 20912.414926,
  "latency_all": {
    "count": 4194304,
    "mean_us": 48.486808,
    "p50_us": 21.543178,
    "p99_us": 159.524452,
    "min_us": 1.133709,
    "max_us": 362.461550
  },
  "latency_hot": {
    "count": 805994,
    "mean_us": 83.384281,
    "p50_us": 44.751669,
    "p99_us": 159.534306,
    "min_us": 1.388046,
    "max_us": 362.461550
  },
  "latency_cold": {
    "count": 1628120,
    "mean_us": 34.615597,
    "p50_us": 16.155630,
    "p99_us": 64.479099,
    "min_us": 1.206024,
    "max_us": 127.527811
  },
  "dispatch_cct_us": 362.066818,
  "combine_cct_us": 362.461550,
  "roundtrip_step_us": 726.128368,
  "e2e_step_us": 1437.651805
}
