{
  "scenario": 1,
  "scheme": "ub_rg_pop",
  "mode": "roundtrip",
  "batch": 512,
  "zipf_s": 0.700000,
  "topk": 8,
  "ep_size": 128,
  "seed": 34,
  "start_skew_us": 4.000000,
  "tau_g_ns": 143.360000,
  "grain_bytes": 7168,
  "total_tokens": 1048576,
  "max_egress_load": 4445,
  "konig_us": 1268.879360,
  "rtt_us": 0.900000,
  "barrier_us": 0.800000,
  "cct_us": 1309.075829,
  "step_us": 2686.633641,
  "gemv_us": 1376.757812,
  "e2e_us": 2685.833641,
  "throughput_GBs": 2797.624750,
  "latency_all": {
    "count": 1048576,
    "mean_us": 92.319356,
    "p50_us": 28.047665,
    "p99_us": 289.345080,
    "min_us": 1.510964,
    "max_us": 655.728170
  },
  "latency_hot": {
    "count": 361838,
    "mean_us": 182.653545,
    "p50_us": 133.212896,
    "p99_us": 606.875307,
    "min_us": 2.079340,
    "max_us": 655.728170
  },
  "latency_cold": {
    "count": 257594,
    "mean_us": 30.627644,
    "p50_us": 26.068099,
    "p99_us": 55.523539,
    "min_us": 2.106675,
    "max_us": 69.872499
  },
  "dispatch_cct_us": 653.347658,
  "combine_cct_us": 655.728170,
  "roundtrip_step_us": 1309.875829,
  "e2e_step_us": 2686.633641
}
