{
  "scenario": 1,
  "scheme": "islip",
  "mode": "roundtrip",
  "batch": 64,
  "zipf_s": 0.300000,
  "topk": 8,
  "ep_size": 64,
  "seed": 85,
  "start_skew_us": 4.000000,
  "tau_g_ns": 143.360000,
  "grain_bytes": 7168,
  "total_tokens": 65536,
  "max_egress_load": 166,
  "konig_us": 45.445120,
  "rtt_us": 0.600000,
  "barrier_us": 0.800000,
  "cct_us": 54.456459,
  "step_us": 102.404896,
  "gemv_us": 47.148438,
  "e2e_us": 101.604896,
  "throughput_GBs": 4587.300665,
  "latency_all": {
    "count": 65536,
    "mean_us": 8.293104,
    "p50_us": 7.785774,
    "p99_us": 20.615360,
    "min_us": 1.172240,
    "max_us": 28.372700
  },
  "latency_hot": {
    "count": 10854,
    "mean_us": 11.753444,
    "p50_us": 11.511731,
    "p99_us": 23.683624,
    "min_us": 1.186106,
    "max_us": 28.372700
  },
  "latency_cold": {
    "count": 26406,
    "mean_us": 6.917258,
    "p50_us": 6.812894,
    "p99_us": 12.762309,
    "min_us": 1.295875,
    "max_us": 15.211361
  },
  "dispatch_cct_us": 28.372700,
  "combine_cct_us": 26.083759,
  "roundtrip_step_us": 55.256459,
  "e2e_step_us": 102.404896
}
