{
  "scenario": 1,
  "scheme": "packet_spray",
  "mode": "roundtrip",
  "batch": 16,
  "zipf_s": 0.700000,
  "topk": 8,
  "ep_size": 64,
  "seed": 82,
  "tau_g_ns": 143.360000,
  "grain_bytes": 7168,
  "total_tokens": 16384,
  "max_egress_load": 95,
  "konig_us": 25.804800,
  "rtt_us": 0.000000,
  "barrier_us": 4.000000,
  "cct_us": 31.179040,
  "step_us": 35.179040,
  "throughput_GBs": 3338.366027,
  "latency_all": {
    "count": 16384,
    "mean_us": 5.839159,
    "p50_us": 4.694160,
    "p99_us": 14.012560,
    "min_us": 0.536720,
    "max_us": 16.019600
  },
  "latency_hot": {
    "count": 4850,
    "mean_us": 6.423466,
    "p50_us": 6.127760,
    "p99_us": 13.439120,
    "min_us": 0.536720,
    "max_us": 16.019600
  },
  "latency_cold": {
    "count": 4354,
    "mean_us": 5.635022,
    "p50_us": 3.547280,
    "p99_us": 14.442640,
    "min_us": 0.536720,
    "max_us": 15.159440
  },
  "dispatch_cct_us": 16.019600,
  "combine_cct_us": 15.159440,
  "roundtrip_step_us": 35.179040
}
