{
  "scenario": 4,
  "scheme": "ub_rg_pop",
  "mode": "roundtrip",
  "batch": 128,
  "zipf_s": 0.900000,
  "topk": 8,
  "ep_size": 256,
  "seed": 85,
  "start_skew_us": 4.000000,
  "tau_g_ns": 143.360000,
  "grain_bytes": 7168,
  "total_tokens": 524288,
  "max_egress_load": 3064,
  "konig_us": 835.645440,
  "rtt_us": 1.200000,
  "barrier_us": 1.600000,
  "cct_us": 886.715547,
  "step_us": 1752.260860,
  "gemv_us": 863.945312,
  "e2e_us": 1750.660860,
  "throughput_GBs": 2144.712851,
  "latency_all": {
    "count": 524288,
    "mean_us": 50.704761,
    "p50_us": 14.317612,
    "p99_us": 116.705654,
    "min_us": 1.467131,
    "max_us": 444.495771
  },
  "latency_hot": {
    "count": 265636,
    "mean_us": 88.538951,
    "p50_us": 40.753304,
    "p99_us": 364.061895,
    "min_us": 1.972060,
    "max_us": 444.495771
  },
  "latency_cold": {
    "count": 85332,
    "mean_us": 7.694280,
    "p50_us": 7.556047,
    "p99_us": 13.658088,
    "min_us": 1.655029,
    "max_us": 20.307228
  },
  "dispatch_cct_us": 444.495771,
  "combine_cct_us": 442.219777,
  "roundtrip_step_us": 888.315547,
  "e2e_step_us": 1752.260860
}
