{
  "scenario": 1,
  "scheme": "ub_rg",
  "mode": "roundtrip",
  "batch": 64,
  "zipf_s": 0.700000,
  "topk": 8,
  "ep_size": 128,
  "seed": 10,
  "tau_g_ns": 143.360000,
  "grain_bytes": 7168,
  "total_tokens": 131072,
  "max_egress_load": 566,
  "konig_us": 159.989760,
  "rtt_us": 0.600000,
  "barrier_us": 0.800000,
  "cct_us": 164.517811,
  "step_us": 165.317811,
  "throughput_GBs": 5683.138969,
  "latency_all": {
    "count": 131072,
    "mean_us": 11.780836,
    "p50_us": 6.768894,
    "p99_us": 68.148628,
    "min_us": 1.143595,
    "max_us": 82.336376
  },
  "latency_hot": {
    "count": 45104,
    "mean_us": 22.901754,
    "p50_us": 18.752510,
    "p99_us": 75.870268,
    "min_us": 1.144687,
    "max_us": 82.336376
  },
  "latency_cold": {
    "count": 32100,
    "mean_us": 4.035882,
    "p50_us": 3.931445,
    "p99_us": 7.690982,
    "min_us": 1.143595,
    "max_us": 9.789284
  },
  "dispatch_cct_us": 82.181435,
  "combine_cct_us": 82.336376,
  "roundtrip_step_us": 165.317811
}
