{
  "scenario": 4,
  "scheme": "packet_spray",
  "mode": "roundtrip",
  "batch": 16,
  "zipf_s": 0.000000,
  "topk": 8,
  "ep_size": 512,
  "seed": 6,
  "start_skew_us": 4.000000,
  "tau_g_ns": 143.360000,
  "grain_bytes": 7168,
  "total_tokens": 131072,
  "max_egress_load": 33,
  "konig_us": 9.175040,
  "rtt_us": 0.000000,
  "barrier_us": 6.000000,
  "cct_us": 60.977951,
  "step_us": 73.462326,
  "gemv_us": 6.484375,
  "e2e_us": 67.462326,
  "throughput_GBs": 12789.196165,
  "latency_all": {
    "count": 131072,
    "mean_us": 20.171833,
    "p50_us": 20.637483,
    "p99_us": 27.549686,
    "min_us": 0.336720,
    "max_us": 30.809384
  },
  "latency_hot": {
    "count": 13080,
    "mean_us": 18.050470,
    "p50_us": 18.373894,
    "p99_us": 25.315292,
    "min_us": 2.257040,
    "max_us": 30.379304
  },
  "latency_cold": {
    "count": 65444,
    "mean_us": 20.985141,
    "p50_us": 21.286949,
    "p99_us": 28.448247,
    "min_us": 0.336720,
    "max_us": 30.809384
  },
  "dispatch_cct_us": 30.809384,
  "combine_cct_us": 30.168567,
  "roundtrip_step_us": 66.977951,
  "e2e_step_us": 73.462326
}
