{
  "scenario": 4,
  "scheme": "ub_rg_pop",
  "mode": "roundtrip",
  "batch": 64,
  "zipf_s": 0.700000,
  "topk": 8,
  "ep_size": 256,
  "seed": 30,
  "start_skew_us": 4.000000,
  "tau_g_ns": 143.360000,
  "grain_bytes": 7168,
  "total_tokens": 262144,
  "max_egress_load": 974,
  "konig_us": 266.649600,
  "rtt_us": 1.200000,
  "barrier_us": 1.600000,
  "cct_us": 287.984073,
  "step_us": 566.263761,
  "gemv_us": 276.679688,
  "e2e_us": 564.663761,
  "throughput_GBs": 3318.326763,
  "latency_all": {
    "count": 262144,
    "mean_us": 17.400403,
    "p50_us": 8.385298,
    "p99_us": 95.727051,
    "min_us": 1.468038,
    "max_us": 144.348346
  },
  "latency_hot": {
    "count": 100918,
    "mean_us": 31.502663,
    "p50_us": 23.183626,
    "p99_us": 122.092792,
    "min_us": 1.825720,
    "max_us": 144.348346
  },
  "latency_cold": {
    "count": 60968,
    "mean_us": 6.648962,
    "p50_us": 6.586193,
    "p99_us": 11.175530,
    "min_us": 1.590065,
    "max_us": 22.415064
  },
  "dispatch_cct_us": 143.635727,
  "combine_cct_us": 144.348346,
  "roundtrip_step_us": 289.584073,
  "e2e_step_us": 566.263761
}
