{
  "scenario": 1,
  "scheme": "ub_rg",
  "mode": "roundtrip",
  "batch": 16,
  "zipf_s": 0.000000,
  "topk": 8,
  "ep_size": 64,
  "seed": 44,
  "tau_g_ns": 143.360000,
  "grain_bytes": 7168,
  "total_tokens": 16384,
  "max_egress_load": 28,
  "konig_us": 8.028160,
  "rtt_us": 0.600000,
  "barrier_us": 0.800000,
  "cct_us": 10.927127,
  "step_us": 11.727127,
  "throughput_GBs": 10014.431517,
  "latency_all": {
    "count": 16384,
    "mean_us": 2.651116,
    "p50_us": 2.601899,
    "p99_us": 4.582874,
    "min_us": 1.144077,
    "max_us": 5.633610
  },
  "latency_hot": {
    "count": 1640,
    "mean_us": 2.715649,
    "p50_us": 2.666750,
    "p99_us": 4.853374,
    "min_us": 1.145460,
    "max_us": 5.445075
  },
  "latency_cold": {
    "count": 8026,
    "mean_us": 2.621471,
    "p50_us": 2.582863,
    "p99_us": 4.449065,
    "min_us": 1.144956,
    "max_us": 5.082691
  },
  "dispatch_cct_us": 5.633610,
  "combine_cct_us": 5.293517,
  "roundtrip_step_us": 11.727127
}
