{
  "scenario": 1,
  "scheme": "packet_spray",
  "mode": "afd_m2n",
  "batch": 128,
  "zipf_s": 0.500000,
  "topk": 8,
  "ep_size": 128,
  "seed": 1,
  "engine": "packet",
  "profile": "afd",
  "traffic": "afd_m2n",
  "m_attn": 64,
  "n_ffn": 64,
  "placement": "role_packed",
  "total_tokens": 65536,
  "barrier_us": 2.000000,
  "cct_us": 581.855000,
  "step_us": 583.855000,
  "throughput_GBs": 807.352430,
  "konig_us": 142.499840,
  "rtt_us": 0.000000,
  "latency_all": {"count": 65536, "mean_us": 106.884455, "p50_us": 85.028000, "p99_us": 469.750000, "min_us": 0, "max_us": 581.855000},
  "latency_hot": {"count": 14990, "mean_us": 205.735472, "p50_us": 193.007000, "p99_us": 545.700000, "min_us": 0, "max_us": 0},
  "latency_cold": {"count": 21896, "mean_us": 58.753746, "p50_us": 57.520000, "p99_us": 130.066000, "min_us": 0, "max_us": 0}
}
