{
  "scenario": 1,
  "scheme": "islip",
  "mode": "roundtrip",
  "batch": 256,
  "zipf_s": 0.700000,
  "topk": 8,
  "ep_size": 64,
  "seed": 38,
  "start_skew_us": 4.000000,
  "tau_g_ns": 143.360000,
  "grain_bytes": 7168,
  "total_tokens": 262144,
  "max_egress_load": 1365,
  "konig_us": 387.358720,
  "rtt_us": 0.600000,
  "barrier_us": 0.800000,
  "cct_us": 414.535663,
  "step_us": 833.030975,
  "gemv_us": 417.695312,
  "e2e_us": 832.230975,
  "throughput_GBs": 2255.676257,
  "latency_all": {
    "count": 262144,
    "mean_us": 42.084158,
    "p50_us": 24.744130,
    "p99_us": 164.442981,
    "min_us": 1.143581,
    "max_us": 207.849734
  },
  "latency_hot": {
    "count": 78402,
    "mean_us": 75.923631,
    "p50_us": 69.460245,
    "p99_us": 195.221296,
    "min_us": 1.279092,
    "max_us": 207.849734
  },
  "latency_cold": {
    "count": 70296,
    "mean_us": 20.504937,
    "p50_us": 20.247854,
    "p99_us": 40.142768,
    "min_us": 1.143581,
    "max_us": 49.394794
  },
  "dispatch_cct_us": 206.685928,
  "combine_cct_us": 207.849734,
  "roundtrip_step_us": 415.335663,
  "e2e_step_us": 833.030975
}
