{
  "scenario": 1,
  "scheme": "packet_spray",
  "mode": "roundtrip",
  "batch": 128,
  "zipf_s": 0.000000,
  "topk": 8,
  "ep_size": 32,
  "seed": 91,
  "start_skew_us": 4.000000,
  "tau_g_ns": 143.360000,
  "grain_bytes": 7168,
  "total_tokens": 65536,
  "max_egress_load": 160,
  "konig_us": 42.577920,
  "rtt_us": 0.000000,
  "barrier_us": 4.000000,
  "cct_us": 100.510841,
  "step_us": 147.206154,
  "gemv_us": 42.695312,
  "e2e_us": 143.206154,
  "throughput_GBs": 3191.184848,
  "latency_all": {
    "count": 65536,
    "mean_us": 33.165380,
    "p50_us": 34.023252,
    "p99_us": 49.076052,
    "min_us": 1.986459,
    "max_us": 53.090132
  },
  "latency_hot": {
    "count": 6118,
    "mean_us": 27.851679,
    "p50_us": 28.575572,
    "p99_us": 43.549990,
    "min_us": 2.676394,
    "max_us": 45.488944
  },
  "latency_cold": {
    "count": 32790,
    "mean_us": 35.628655,
    "p50_us": 36.457264,
    "p99_us": 50.222932,
    "min_us": 1.986459,
    "max_us": 53.090132
  },
  "dispatch_cct_us": 47.420710,
  "combine_cct_us": 53.090132,
  "roundtrip_step_us": 104.510841,
  "e2e_step_us": 147.206154
}
