{
  "scenario": 4,
  "scheme": "packet_spray",
  "mode": "roundtrip",
  "batch": 256,
  "zipf_s": 0.000000,
  "topk": 8,
  "ep_size": 128,
  "seed": 29,
  "start_skew_us": 4.000000,
  "tau_g_ns": 143.360000,
  "grain_bytes": 7168,
  "total_tokens": 524288,
  "max_egress_load": 324,
  "konig_us": 89.886720,
  "rtt_us": 0.000000,
  "barrier_us": 6.000000,
  "cct_us": 189.818729,
  "step_us": 279.724979,
  "gemv_us": 83.906250,
  "e2e_us": 273.724979,
  "throughput_GBs": 13434.968862,
  "latency_all": {
    "count": 524288,
    "mean_us": 58.046925,
    "p50_us": 62.683254,
    "p99_us": 82.512885,
    "min_us": 0.623440,
    "max_us": 99.142645
  },
  "latency_hot": {
    "count": 49090,
    "mean_us": 49.139076,
    "p50_us": 48.970753,
    "p99_us": 86.186654,
    "min_us": 1.053520,
    "max_us": 93.551605
  },
  "latency_cold": {
    "count": 262072,
    "mean_us": 62.626796,
    "p50_us": 62.442485,
    "p99_us": 88.247285,
    "min_us": 0.623440,
    "max_us": 99.142645
  },
  "dispatch_cct_us": 99.142645,
  "combine_cct_us": 90.676084,
  "roundtrip_step_us": 195.818729,
  "e2e_step_us": 279.724979
}
