{
  "scenario": 1,
  "scheme": "ub_rg_pop",
  "mode": "roundtrip",
  "batch": 64,
  "zipf_s": 0.700000,
  "topk": 8,
  "ep_size": 64,
  "seed": 40,
  "start_skew_us": 4.000000,
  "tau_g_ns": 143.360000,
  "grain_bytes": 7168,
  "total_tokens": 65536,
  "max_egress_load": 348,
  "konig_us": 98.201600,
  "rtt_us": 0.900000,
  "barrier_us": 0.800000,
  "cct_us": 125.875809,
  "step_us": 231.714871,
  "gemv_us": 105.039062,
  "e2e_us": 230.914871,
  "throughput_GBs": 2027.328007,
  "latency_all": {
    "count": 65536,
    "mean_us": 17.627970,
    "p50_us": 15.372385,
    "p99_us": 52.920048,
    "min_us": 1.480672,
    "max_us": 64.016706
  },
  "latency_hot": {
    "count": 19850,
    "mean_us": 26.234498,
    "p50_us": 24.560340,
    "p99_us": 57.823320,
    "min_us": 2.270956,
    "max_us": 64.016706
  },
  "latency_cold": {
    "count": 17490,
    "mean_us": 12.445791,
    "p50_us": 12.381391,
    "p99_us": 21.667031,
    "min_us": 2.083979,
    "max_us": 24.617949
  },
  "dispatch_cct_us": 64.016706,
  "combine_cct_us": 61.859102,
  "roundtrip_step_us": 126.675809,
  "e2e_step_us": 231.714871
}
