{
  "scenario": 1,
  "scheme": "packet_spray",
  "mode": "roundtrip",
  "batch": 64,
  "zipf_s": 0.000000,
  "topk": 8,
  "ep_size": 128,
  "seed": 73,
  "start_skew_us": 4.000000,
  "tau_g_ns": 143.360000,
  "grain_bytes": 7168,
  "total_tokens": 131072,
  "max_egress_load": 89,
  "konig_us": 23.941120,
  "rtt_us": 0.000000,
  "barrier_us": 4.000000,
  "cct_us": 46.270851,
  "step_us": 72.692726,
  "gemv_us": 22.421875,
  "e2e_us": 68.692726,
  "throughput_GBs": 12924.595708,
  "latency_all": {
    "count": 131072,
    "mean_us": 13.723670,
    "p50_us": 13.878067,
    "p99_us": 21.038323,
    "min_us": 0.772868,
    "max_us": 23.798928
  },
  "latency_hot": {
    "count": 12312,
    "mean_us": 11.224136,
    "p50_us": 11.269675,
    "p99_us": 20.645008,
    "min_us": 0.772868,
    "max_us": 23.798928
  },
  "latency_cold": {
    "count": 65384,
    "mean_us": 14.920812,
    "p50_us": 14.997035,
    "p99_us": 21.218448,
    "min_us": 1.480927,
    "max_us": 23.655568
  },
  "dispatch_cct_us": 23.798928,
  "combine_cct_us": 22.471923,
  "roundtrip_step_us": 50.270851,
  "e2e_step_us": 72.692726
}
