{
  "scenario": 1,
  "scheme": "ub_rg_pop",
  "mode": "roundtrip",
  "batch": 16,
  "zipf_s": 0.700000,
  "topk": 8,
  "ep_size": 64,
  "seed": 16,
  "tau_g_ns": 143.360000,
  "grain_bytes": 7168,
  "total_tokens": 16384,
  "max_egress_load": 89,
  "konig_us": 24.514560,
  "rtt_us": 0.900000,
  "barrier_us": 0.800000,
  "cct_us": 28.386691,
  "step_us": 29.186691,
  "throughput_GBs": 4023.769312,
  "latency_all": {
    "count": 16384,
    "mean_us": 3.720428,
    "p50_us": 3.011014,
    "p99_us": 11.771166,
    "min_us": 1.443851,
    "max_us": 14.264927
  },
  "latency_hot": {
    "count": 4814,
    "mean_us": 5.766146,
    "p50_us": 5.429076,
    "p99_us": 13.090885,
    "min_us": 1.443851,
    "max_us": 14.264927
  },
  "latency_cold": {
    "count": 4396,
    "mean_us": 2.357640,
    "p50_us": 2.312826,
    "p99_us": 3.744108,
    "min_us": 1.444963,
    "max_us": 4.373744
  },
  "dispatch_cct_us": 14.121764,
  "combine_cct_us": 14.264927,
  "roundtrip_step_us": 29.186691
}
