{
  "scenario": 4,
  "scheme": "packet_spray",
  "mode": "roundtrip",
  "batch": 512,
  "zipf_s": 0.000000,
  "topk": 8,
  "ep_size": 256,
  "seed": 64,
  "start_skew_us": 4.000000,
  "tau_g_ns": 143.360000,
  "grain_bytes": 7168,
  "total_tokens": 2097152,
  "max_egress_load": 624,
  "konig_us": 175.616000,
  "rtt_us": 0.000000,
  "barrier_us": 6.000000,
  "cct_us": 346.880523,
  "step_us": 518.739898,
  "gemv_us": 165.859375,
  "e2e_us": 512.739898,
  "throughput_GBs": 28978.656903,
  "latency_all": {
    "count": 2097152,
    "mean_us": 102.195713,
    "p50_us": 94.302924,
    "p99_us": 156.894458,
    "min_us": 0.536720,
    "max_us": 178.050893
  },
  "latency_hot": {
    "count": 204966,
    "mean_us": 85.811381,
    "p50_us": 86.397630,
    "p99_us": 159.207379,
    "min_us": 0.536720,
    "max_us": 175.244538
  },
  "latency_cold": {
    "count": 1049584,
    "mean_us": 111.155498,
    "p50_us": 100.526422,
    "p99_us": 153.392973,
    "min_us": 0.536720,
    "max_us": 178.050893
  },
  "dispatch_cct_us": 178.050893,
  "combine_cct_us": 168.829630,
  "roundtrip_step_us": 352.880523,
  "e2e_step_us": 518.739898
}
