{
  "scenario": 4,
  "scheme": "ub_rg",
  "mode": "roundtrip",
  "batch": 16,
  "zipf_s": 0.900000,
  "topk": 8,
  "ep_size": 128,
  "seed": 23,
  "start_skew_us": 4.000000,
  "tau_g_ns": 143.360000,
  "grain_bytes": 7168,
  "total_tokens": 32768,
  "max_egress_load": 206,
  "konig_us": 56.913920,
  "rtt_us": 0.800000,
  "barrier_us": 1.600000,
  "cct_us": 86.646435,
  "step_us": 147.933935,
  "gemv_us": 59.687500,
  "e2e_us": 146.333935,
  "throughput_GBs": 1587.742693,
  "latency_all": {
    "count": 32768,
    "mean_us": 16.592510,
    "p50_us": 15.556466,
    "p99_us": 35.727305,
    "min_us": 1.379689,
    "max_us": 48.392370
  },
  "latency_hot": {
    "count": 14446,
    "mean_us": 20.249487,
    "p50_us": 19.083384,
    "p99_us": 37.883688,
    "min_us": 2.732210,
    "max_us": 48.392370
  },
  "latency_cold": {
    "count": 5838,
    "mean_us": 13.172094,
    "p50_us": 13.068245,
    "p99_us": 24.471671,
    "min_us": 1.379689,
    "max_us": 26.462944
  },
  "dispatch_cct_us": 48.392370,
  "combine_cct_us": 38.254065,
  "roundtrip_step_us": 88.246435,
  "e2e_step_us": 147.933935
}
