{
  "scenario": 1,
  "scheme": "ub_rg_pop",
  "mode": "roundtrip",
  "batch": 128,
  "zipf_s": 0.700000,
  "topk": 8,
  "ep_size": 32,
  "seed": 38,
  "start_skew_us": 4.000000,
  "tau_g_ns": 143.360000,
  "grain_bytes": 7168,
  "total_tokens": 65536,
  "max_egress_load": 419,
  "konig_us": 117.555200,
  "rtt_us": 0.900000,
  "barrier_us": 0.800000,
  "cct_us": 139.461736,
  "step_us": 265.535173,
  "gemv_us": 125.273438,
  "e2e_us": 264.735173,
  "throughput_GBs": 1769.114210,
  "latency_all": {
    "count": 65536,
    "mean_us": 20.996077,
    "p50_us": 18.101976,
    "p99_us": 59.775608,
    "min_us": 1.443581,
    "max_us": 71.282486
  },
  "latency_hot": {
    "count": 15582,
    "mean_us": 32.732142,
    "p50_us": 32.159207,
    "p99_us": 64.877788,
    "min_us": 1.782585,
    "max_us": 71.282486
  },
  "latency_cold": {
    "count": 20096,
    "mean_us": 13.579619,
    "p50_us": 13.452071,
    "p99_us": 24.938382,
    "min_us": 1.443581,
    "max_us": 29.348007
  },
  "dispatch_cct_us": 71.282486,
  "combine_cct_us": 68.179250,
  "roundtrip_step_us": 140.261736,
  "e2e_step_us": 265.535173
}
