{
  "scenario": 1,
  "scheme": "ub_rg",
  "mode": "roundtrip",
  "batch": 64,
  "zipf_s": 0.700000,
  "topk": 8,
  "ep_size": 32,
  "seed": 23,
  "tau_g_ns": 143.360000,
  "grain_bytes": 7168,
  "total_tokens": 32768,
  "max_egress_load": 209,
  "konig_us": 58.490880,
  "rtt_us": 0.600000,
  "barrier_us": 0.800000,
  "cct_us": 62.080585,
  "step_us": 62.880585,
  "throughput_GBs": 3735.350469,
  "latency_all": {
    "count": 32768,
    "mean_us": 7.658068,
    "p50_us": 6.030863,
    "p99_us": 26.739390,
    "min_us": 1.144009,
    "max_us": 31.086750
  },
  "latency_hot": {
    "count": 7838,
    "mean_us": 13.368309,
    "p50_us": 13.024053,
    "p99_us": 29.136024,
    "min_us": 1.161132,
    "max_us": 31.086750
  },
  "latency_cold": {
    "count": 9916,
    "mean_us": 4.264587,
    "p50_us": 4.134258,
    "p99_us": 8.603750,
    "min_us": 1.144009,
    "max_us": 9.739396
  },
  "dispatch_cct_us": 31.086750,
  "combine_cct_us": 30.993836,
  "roundtrip_step_us": 62.880585
}
