{
  "scenario": 3,
  "scheme": "ub_rg_pop",
  "mode": "roundtrip",
  "batch": 64,
  "zipf_s": 0.300000,
  "topk": 8,
  "ep_size": 1024,
  "seed": 62,
  "tau_g_ns": 143.360000,
  "grain_bytes": 7168,
  "total_tokens": 1048576,
  "max_egress_load": 368,
  "konig_us": 104.079360,
  "rtt_us": 1.650000,
  "barrier_us": 2.400000,
  "cct_us": 110.656461,
  "step_us": 113.056461,
  "throughput_GBs": 66481.762489,
  "latency_all": {
    "count": 1048576,
    "mean_us": 9.630437,
    "p50_us": 6.995895,
    "p99_us": 18.818903,
    "min_us": 2.593365,
    "max_us": 55.359968
  },
  "latency_hot": {
    "count": 204648,
    "mean_us": 14.805854,
    "p50_us": 13.944893,
    "p99_us": 37.478763,
    "min_us": 2.594280,
    "max_us": 55.359968
  },
  "latency_cold": {
    "count": 405118,
    "mean_us": 7.476864,
    "p50_us": 8.147578,
    "p99_us": 13.910877,
    "min_us": 2.593365,
    "max_us": 17.274654
  },
  "dispatch_cct_us": 55.359968,
  "combine_cct_us": 55.296493,
  "roundtrip_step_us": 113.056461
}
