{
  "scenario": 1,
  "scheme": "ub_rg_pop",
  "mode": "roundtrip",
  "batch": 16,
  "zipf_s": 0.000000,
  "topk": 8,
  "ep_size": 64,
  "seed": 50,
  "start_skew_us": 4.000000,
  "tau_g_ns": 143.360000,
  "grain_bytes": 7168,
  "total_tokens": 16384,
  "max_egress_load": 28,
  "konig_us": 7.884800,
  "rtt_us": 0.900000,
  "barrier_us": 0.800000,
  "cct_us": 44.448016,
  "step_us": 51.576141,
  "gemv_us": 6.328125,
  "e2e_us": 50.776141,
  "throughput_GBs": 2277.031758,
  "latency_all": {
    "count": 16384,
    "mean_us": 11.301920,
    "p50_us": 11.096484,
    "p99_us": 20.409803,
    "min_us": 1.453153,
    "max_us": 23.031676
  },
  "latency_hot": {
    "count": 1478,
    "mean_us": 10.661220,
    "p50_us": 10.265125,
    "p99_us": 19.943571,
    "min_us": 1.900318,
    "max_us": 21.841784
  },
  "latency_cold": {
    "count": 8192,
    "mean_us": 11.301779,
    "p50_us": 11.157768,
    "p99_us": 20.473727,
    "min_us": 1.453153,
    "max_us": 23.031676
  },
  "dispatch_cct_us": 23.031676,
  "combine_cct_us": 21.416341,
  "roundtrip_step_us": 45.248016,
  "e2e_step_us": 51.576141
}
