{
  "scenario": 4,
  "scheme": "ub_rg",
  "mode": "roundtrip",
  "batch": 64,
  "zipf_s": 0.900000,
  "topk": 8,
  "ep_size": 256,
  "seed": 86,
  "start_skew_us": 4.000000,
  "tau_g_ns": 143.360000,
  "grain_bytes": 7168,
  "total_tokens": 262144,
  "max_egress_load": 1498,
  "konig_us": 412.876800,
  "rtt_us": 0.800000,
  "barrier_us": 1.600000,
  "cct_us": 457.475708,
  "step_us": 890.677270,
  "gemv_us": 431.601562,
  "e2e_us": 889.077270,
  "throughput_GBs": 2109.684680,
  "latency_all": {
    "count": 262144,
    "mean_us": 36.042807,
    "p50_us": 18.608388,
    "p99_us": 174.489386,
    "min_us": 1.151710,
    "max_us": 230.739649
  },
  "latency_hot": {
    "count": 132380,
    "mean_us": 54.772297,
    "p50_us": 38.903781,
    "p99_us": 198.216430,
    "min_us": 3.670447,
    "max_us": 230.739649
  },
  "latency_cold": {
    "count": 42402,
    "mean_us": 14.748465,
    "p50_us": 14.698525,
    "p99_us": 23.408057,
    "min_us": 1.151710,
    "max_us": 29.069340
  },
  "dispatch_cct_us": 230.739649,
  "combine_cct_us": 226.736059,
  "roundtrip_step_us": 459.075708,
  "e2e_step_us": 890.677270
}
