{
  "scenario": 1,
  "scheme": "packet_spray",
  "mode": "roundtrip",
  "batch": 256,
  "zipf_s": 0.000000,
  "topk": 8,
  "ep_size": 64,
  "seed": 12,
  "start_skew_us": 4.000000,
  "tau_g_ns": 143.360000,
  "grain_bytes": 7168,
  "total_tokens": 262144,
  "max_egress_load": 305,
  "konig_us": 82.145280,
  "rtt_us": 0.000000,
  "barrier_us": 4.000000,
  "cct_us": 179.582953,
  "step_us": 267.137640,
  "gemv_us": 83.554688,
  "e2e_us": 263.137640,
  "throughput_GBs": 7034.007597,
  "latency_all": {
    "count": 262144,
    "mean_us": 56.790540,
    "p50_us": 56.664870,
    "p99_us": 83.942838,
    "min_us": 4.051624,
    "max_us": 92.525763
  },
  "latency_hot": {
    "count": 24772,
    "mean_us": 47.997288,
    "p50_us": 47.609786,
    "p99_us": 83.656118,
    "min_us": 12.333087,
    "max_us": 88.798403
  },
  "latency_cold": {
    "count": 130918,
    "mean_us": 61.560431,
    "p50_us": 61.694000,
    "p99_us": 84.046630,
    "min_us": 4.051624,
    "max_us": 92.525763
  },
  "dispatch_cct_us": 92.525763,
  "combine_cct_us": 87.057190,
  "roundtrip_step_us": 183.582953,
  "e2e_step_us": 267.137640
}
