{
  "scenario": 1,
  "scheme": "packet_spray",
  "mode": "roundtrip",
  "batch": 512,
  "zipf_s": 0.700000,
  "topk": 8,
  "ep_size": 32,
  "seed": 43,
  "start_skew_us": 4.000000,
  "tau_g_ns": 143.360000,
  "grain_bytes": 7168,
  "total_tokens": 262144,
  "max_egress_load": 1632,
  "konig_us": 463.196160,
  "rtt_us": 0.000000,
  "barrier_us": 4.000000,
  "cct_us": 602.721251,
  "step_us": 1106.330626,
  "gemv_us": 499.609375,
  "e2e_us": 1102.330626,
  "throughput_GBs": 1698.450849,
  "latency_all": {
    "count": 262144,
    "mean_us": 134.858353,
    "p50_us": 110.901810,
    "p99_us": 261.429810,
    "min_us": 2.378290,
    "max_us": 303.434290
  },
  "latency_hot": {
    "count": 62718,
    "mean_us": 143.393422,
    "p50_us": 144.601522,
    "p99_us": 285.514290,
    "min_us": 2.378290,
    "max_us": 303.434290
  },
  "latency_cold": {
    "count": 79250,
    "mean_us": 134.358215,
    "p50_us": 106.744370,
    "p99_us": 288.104882,
    "min_us": 2.378290,
    "max_us": 299.286962
  },
  "dispatch_cct_us": 303.434290,
  "combine_cct_us": 299.286962,
  "roundtrip_step_us": 606.721251,
  "e2e_step_us": 1106.330626
}
