{
  "scenario": 4,
  "scheme": "packet_spray",
  "mode": "roundtrip",
  "batch": 64,
  "zipf_s": 0.300000,
  "topk": 8,
  "ep_size": 256,
  "seed": 4,
  "start_skew_us": 4.000000,
  "tau_g_ns": 143.360000,
  "grain_bytes": 7168,
  "total_tokens": 262144,
  "max_egress_load": 256,
  "konig_us": 70.676480,
  "rtt_us": 0.000000,
  "barrier_us": 6.000000,
  "cct_us": 111.092801,
  "step_us": 191.155301,
  "gemv_us": 74.062500,
  "e2e_us": 185.155301,
  "throughput_GBs": 9829.955992,
  "latency_all": {
    "count": 262144,
    "mean_us": 28.444273,
    "p50_us": 27.930703,
    "p99_us": 45.669155,
    "min_us": 0.193360,
    "max_us": 62.817201
  },
  "latency_hot": {
    "count": 48896,
    "mean_us": 28.703970,
    "p50_us": 28.840881,
    "p99_us": 52.407075,
    "min_us": 0.193360,
    "max_us": 62.817201
  },
  "latency_cold": {
    "count": 102628,
    "mean_us": 28.868786,
    "p50_us": 28.507092,
    "p99_us": 41.967760,
    "min_us": 1.626960,
    "max_us": 48.275600
  },
  "dispatch_cct_us": 62.817201,
  "combine_cct_us": 48.275600,
  "roundtrip_step_us": 117.092801,
  "e2e_step_us": 191.155301
}
