{
  "scenario": 4,
  "scheme": "packet_spray",
  "mode": "roundtrip",
  "batch": 16,
  "zipf_s": 0.000000,
  "topk": 8,
  "ep_size": 256,
  "seed": 8,
  "start_skew_us": 4.000000,
  "tau_g_ns": 143.360000,
  "grain_bytes": 7168,
  "total_tokens": 65536,
  "max_egress_load": 31,
  "konig_us": 8.601600,
  "rtt_us": 0.000000,
  "barrier_us": 6.000000,
  "cct_us": 20.076064,
  "step_us": 32.013564,
  "gemv_us": 5.937500,
  "e2e_us": 26.013564,
  "throughput_GBs": 14673.844157,
  "latency_all": {
    "count": 65536,
    "mean_us": 5.877848,
    "p50_us": 6.046889,
    "p99_us": 8.580556,
    "min_us": 0.383288,
    "max_us": 10.204329
  },
  "latency_hot": {
    "count": 6436,
    "mean_us": 5.088717,
    "p50_us": 5.200396,
    "p99_us": 8.255512,
    "min_us": 0.522901,
    "max_us": 9.160192
  },
  "latency_cold": {
    "count": 32532,
    "mean_us": 6.219123,
    "p50_us": 6.345069,
    "p99_us": 8.713590,
    "min_us": 0.409634,
    "max_us": 10.204329
  },
  "dispatch_cct_us": 9.871735,
  "combine_cct_us": 10.204329,
  "roundtrip_step_us": 26.076064,
  "e2e_step_us": 32.013564
}
