{
  "scenario": 4,
  "scheme": "packet_spray",
  "mode": "roundtrip",
  "batch": 16,
  "zipf_s": 0.000000,
  "topk": 8,
  "ep_size": 512,
  "seed": 60,
  "start_skew_us": 4.000000,
  "tau_g_ns": 143.360000,
  "grain_bytes": 7168,
  "total_tokens": 131072,
  "max_egress_load": 33,
  "konig_us": 8.888320,
  "rtt_us": 0.000000,
  "barrier_us": 6.000000,
  "cct_us": 20.571150,
  "step_us": 33.016462,
  "gemv_us": 6.445312,
  "e2e_us": 27.016462,
  "throughput_GBs": 28456.231580,
  "latency_all": {
    "count": 131072,
    "mean_us": 5.852620,
    "p50_us": 5.980437,
    "p99_us": 8.547644,
    "min_us": 0.235306,
    "max_us": 10.345830
  },
  "latency_hot": {
    "count": 13120,
    "mean_us": 5.028557,
    "p50_us": 5.098952,
    "p99_us": 8.361138,
    "min_us": 0.550332,
    "max_us": 10.225320
  },
  "latency_cold": {
    "count": 64908,
    "mean_us": 6.184210,
    "p50_us": 6.286143,
    "p99_us": 8.687793,
    "min_us": 0.269249,
    "max_us": 10.345830
  },
  "dispatch_cct_us": 10.225320,
  "combine_cct_us": 10.345830,
  "roundtrip_step_us": 26.571150,
  "e2e_step_us": 33.016462
}
