{
  "scenario": 1,
  "scheme": "packet_spray",
  "mode": "roundtrip",
  "batch": 512,
  "zipf_s": 0.900000,
  "topk": 8,
  "ep_size": 128,
  "seed": 16,
  "start_skew_us": 4.000000,
  "tau_g_ns": 143.360000,
  "grain_bytes": 7168,
  "total_tokens": 1048576,
  "max_egress_load": 6204,
  "konig_us": 1768.919040,
  "rtt_us": 0.000000,
  "barrier_us": 4.000000,
  "cct_us": 1929.868012,
  "step_us": 3851.055512,
  "gemv_us": 1917.187500,
  "e2e_us": 3847.055512,
  "throughput_GBs": 1951.722780,
  "latency_all": {
    "count": 1048576,
    "mean_us": 347.219770,
    "p50_us": 106.009877,
    "p99_us": 525.247363,
    "min_us": 12.735363,
    "max_us": 965.505923
  },
  "latency_hot": {
    "count": 462900,
    "mean_us": 392.609057,
    "p50_us": 235.086723,
    "p99_us": 810.103683,
    "min_us": 12.735363,
    "max_us": 965.505923
  },
  "latency_cold": {
    "count": 189580,
    "mean_us": 309.334067,
    "p50_us": 114.954089,
    "p99_us": 943.288169,
    "min_us": 12.735363,
    "max_us": 964.362089
  },
  "dispatch_cct_us": 965.505923,
  "combine_cct_us": 964.362089,
  "roundtrip_step_us": 1933.868012,
  "e2e_step_us": 3851.055512
}
