{
  "scenario": 4,
  "scheme": "packet_spray",
  "mode": "roundtrip",
  "batch": 128,
  "zipf_s": 0.700000,
  "topk": 8,
  "ep_size": 128,
  "seed": 34,
  "start_skew_us": 4.000000,
  "tau_g_ns": 143.360000,
  "grain_bytes": 7168,
  "total_tokens": 262144,
  "max_egress_load": 1156,
  "konig_us": 323.563520,
  "rtt_us": 0.000000,
  "barrier_us": 6.000000,
  "cct_us": 373.227092,
  "step_us": 723.289592,
  "gemv_us": 344.062500,
  "e2e_us": 717.289592,
  "throughput_GBs": 2597.919578,
  "latency_all": {
    "count": 262144,
    "mean_us": 63.573161,
    "p50_us": 34.727089,
    "p99_us": 163.019143,
    "min_us": 0.568820,
    "max_us": 195.418503
  },
  "latency_hot": {
    "count": 90226,
    "mean_us": 71.458934,
    "p50_us": 61.355074,
    "p99_us": 165.622990,
    "min_us": 0.722660,
    "max_us": 183.376263
  },
  "latency_cold": {
    "count": 64328,
    "mean_us": 59.669186,
    "p50_us": 28.591140,
    "p99_us": 173.771143,
    "min_us": 0.568820,
    "max_us": 195.418503
  },
  "dispatch_cct_us": 177.808590,
  "combine_cct_us": 195.418503,
  "roundtrip_step_us": 379.227092,
  "e2e_step_us": 723.289592
}
