{
  "scenario": 1,
  "scheme": "ub_rg_pop",
  "mode": "roundtrip",
  "batch": 128,
  "zipf_s": 0.700000,
  "topk": 8,
  "ep_size": 128,
  "seed": 86,
  "start_skew_us": 4.000000,
  "tau_g_ns": 143.360000,
  "grain_bytes": 7168,
  "total_tokens": 262144,
  "max_egress_load": 1121,
  "konig_us": 316.538880,
  "rtt_us": 0.900000,
  "barrier_us": 0.800000,
  "cct_us": 329.287854,
  "step_us": 669.501916,
  "gemv_us": 339.414062,
  "e2e_us": 668.701916,
  "throughput_GBs": 2806.636017,
  "latency_all": {
    "count": 262144,
    "mean_us": 23.809059,
    "p50_us": 11.201319,
    "p99_us": 123.348360,
    "min_us": 1.519731,
    "max_us": 165.486768
  },
  "latency_hot": {
    "count": 89644,
    "mean_us": 45.751718,
    "p50_us": 37.373305,
    "p99_us": 151.002425,
    "min_us": 1.672762,
    "max_us": 165.486768
  },
  "latency_cold": {
    "count": 64558,
    "mean_us": 8.655187,
    "p50_us": 8.505916,
    "p99_us": 16.162116,
    "min_us": 1.519731,
    "max_us": 20.119790
  },
  "dispatch_cct_us": 165.486768,
  "combine_cct_us": 163.801086,
  "roundtrip_step_us": 330.087854,
  "e2e_step_us": 669.501916
}
