{
  "scenario": 4,
  "scheme": "packet_spray",
  "mode": "roundtrip",
  "batch": 64,
  "zipf_s": 0.300000,
  "topk": 8,
  "ep_size": 128,
  "seed": 87,
  "start_skew_us": 4.000000,
  "tau_g_ns": 143.360000,
  "grain_bytes": 7168,
  "total_tokens": 131072,
  "max_egress_load": 202,
  "konig_us": 54.620160,
  "rtt_us": 0.000000,
  "barrier_us": 6.000000,
  "cct_us": 80.081720,
  "step_us": 142.019220,
  "gemv_us": 55.937500,
  "e2e_us": 136.019220,
  "throughput_GBs": 6615.471465,
  "latency_all": {
    "count": 131072,
    "mean_us": 17.859444,
    "p50_us": 16.541915,
    "p99_us": 34.995146,
    "min_us": 0.410437,
    "max_us": 41.159626
  },
  "latency_hot": {
    "count": 22614,
    "mean_us": 17.840377,
    "p50_us": 17.754539,
    "p99_us": 32.900974,
    "min_us": 0.768464,
    "max_us": 38.922094
  },
  "latency_cold": {
    "count": 51948,
    "mean_us": 18.520900,
    "p50_us": 16.310287,
    "p99_us": 36.285386,
    "min_us": 0.662871,
    "max_us": 41.159626
  },
  "dispatch_cct_us": 38.922094,
  "combine_cct_us": 41.159626,
  "roundtrip_step_us": 86.081720,
  "e2e_step_us": 142.019220
}
