{
  "scenario": 1,
  "scheme": "ub_rg",
  "mode": "roundtrip",
  "batch": 16,
  "zipf_s": 0.700000,
  "topk": 8,
  "ep_size": 64,
  "seed": 46,
  "start_skew_us": 4.000000,
  "tau_g_ns": 143.360000,
  "grain_bytes": 7168,
  "total_tokens": 16384,
  "max_egress_load": 98,
  "konig_us": 25.948160,
  "rtt_us": 0.600000,
  "barrier_us": 0.800000,
  "cct_us": 49.688398,
  "step_us": 76.386836,
  "gemv_us": 25.898438,
  "e2e_us": 75.586836,
  "throughput_GBs": 1537.444389,
  "latency_all": {
    "count": 16384,
    "mean_us": 12.053136,
    "p50_us": 11.891387,
    "p99_us": 21.537908,
    "min_us": 1.235480,
    "max_us": 27.431728
  },
  "latency_hot": {
    "count": 4854,
    "mean_us": 13.526816,
    "p50_us": 13.873990,
    "p99_us": 23.628308,
    "min_us": 1.623713,
    "max_us": 27.431728
  },
  "latency_cold": {
    "count": 4348,
    "mean_us": 10.502124,
    "p50_us": 10.119747,
    "p99_us": 20.972250,
    "min_us": 1.235480,
    "max_us": 22.256670
  },
  "dispatch_cct_us": 27.431728,
  "combine_cct_us": 22.256670,
  "roundtrip_step_us": 50.488398,
  "e2e_step_us": 76.386836
}
