{
  "scenario": 1,
  "scheme": "ub_rg_pop",
  "mode": "roundtrip",
  "batch": 256,
  "zipf_s": 0.000000,
  "topk": 8,
  "ep_size": 32,
  "seed": 89,
  "start_skew_us": 4.000000,
  "tau_g_ns": 143.360000,
  "grain_bytes": 7168,
  "total_tokens": 131072,
  "max_egress_load": 304,
  "konig_us": 86.732800,
  "rtt_us": 0.900000,
  "barrier_us": 0.800000,
  "cct_us": 96.345490,
  "step_us": 180.856428,
  "gemv_us": 83.710938,
  "e2e_us": 180.056428,
  "throughput_GBs": 5194.861511,
  "latency_all": {
    "count": 131072,
    "mean_us": 22.223601,
    "p50_us": 22.114639,
    "p99_us": 42.335151,
    "min_us": 1.509931,
    "max_us": 48.498545
  },
  "latency_hot": {
    "count": 12488,
    "mean_us": 22.519325,
    "p50_us": 22.456902,
    "p99_us": 42.143533,
    "min_us": 1.784341,
    "max_us": 45.303886
  },
  "latency_cold": {
    "count": 65704,
    "mean_us": 22.217883,
    "p50_us": 22.117218,
    "p99_us": 42.342917,
    "min_us": 1.509931,
    "max_us": 48.044648
  },
  "dispatch_cct_us": 47.846945,
  "combine_cct_us": 48.498545,
  "roundtrip_step_us": 97.145490,
  "e2e_step_us": 180.856428
}
