{
  "scenario": 4,
  "scheme": "ub_rg_pop",
  "mode": "roundtrip",
  "batch": 512,
  "zipf_s": 0.900000,
  "topk": 8,
  "ep_size": 256,
  "seed": 49,
  "start_skew_us": 4.000000,
  "tau_g_ns": 143.360000,
  "grain_bytes": 7168,
  "total_tokens": 2097152,
  "max_egress_load": 12079,
  "konig_us": 3326.525440,
  "rtt_us": 1.200000,
  "barrier_us": 1.600000,
  "cct_us": 3471.294818,
  "step_us": 6949.379193,
  "gemv_us": 3476.484375,
  "e2e_us": 6947.779193,
  "throughput_GBs": 2163.126391,
  "latency_all": {
    "count": 2097152,
    "mean_us": 190.084263,
    "p50_us": 15.272595,
    "p99_us": 1034.041315,
    "min_us": 1.465163,
    "max_us": 1735.775528
  },
  "latency_hot": {
    "count": 1062106,
    "mean_us": 342.648142,
    "p50_us": 87.033572,
    "p99_us": 1034.062385,
    "min_us": 1.711768,
    "max_us": 1735.775528
  },
  "latency_cold": {
    "count": 337206,
    "mean_us": 17.341415,
    "p50_us": 15.399277,
    "p99_us": 35.990299,
    "min_us": 1.465163,
    "max_us": 81.233163
  },
  "dispatch_cct_us": 1735.775528,
  "combine_cct_us": 1735.519290,
  "roundtrip_step_us": 3472.894818,
  "e2e_step_us": 6949.379193
}
