{
  "scenario": 4,
  "scheme": "ub_rg_pop",
  "mode": "roundtrip",
  "batch": 512,
  "zipf_s": 0.700000,
  "topk": 8,
  "ep_size": 128,
  "seed": 14,
  "start_skew_us": 4.000000,
  "tau_g_ns": 143.360000,
  "grain_bytes": 7168,
  "total_tokens": 1048576,
  "max_egress_load": 4696,
  "konig_us": 1303.572480,
  "rtt_us": 1.200000,
  "barrier_us": 1.600000,
  "cct_us": 1353.872605,
  "step_us": 2729.417917,
  "gemv_us": 1373.945312,
  "e2e_us": 2727.817917,
  "throughput_GBs": 2753.771315,
  "latency_all": {
    "count": 1048576,
    "mean_us": 84.169229,
    "p50_us": 20.590172,
    "p99_us": 280.236792,
    "min_us": 1.462819,
    "max_us": 677.279756
  },
  "latency_hot": {
    "count": 360290,
    "mean_us": 173.918333,
    "p50_us": 124.536191,
    "p99_us": 597.904520,
    "min_us": 1.871065,
    "max_us": 677.279756
  },
  "latency_cold": {
    "count": 258360,
    "mean_us": 22.995000,
    "p50_us": 18.371180,
    "p99_us": 47.075527,
    "min_us": 1.735445,
    "max_us": 64.907443
  },
  "dispatch_cct_us": 676.592849,
  "combine_cct_us": 677.279756,
  "roundtrip_step_us": 1355.472605,
  "e2e_step_us": 2729.417917
}
