{
  "scenario": 4,
  "scheme": "ub_rg",
  "mode": "roundtrip",
  "batch": 64,
  "zipf_s": 0.700000,
  "topk": 8,
  "ep_size": 256,
  "seed": 11,
  "start_skew_us": 4.000000,
  "tau_g_ns": 143.360000,
  "grain_bytes": 7168,
  "total_tokens": 262144,
  "max_egress_load": 1012,
  "konig_us": 276.971520,
  "rtt_us": 0.800000,
  "barrier_us": 1.600000,
  "cct_us": 297.992631,
  "step_us": 586.975443,
  "gemv_us": 287.382812,
  "e2e_us": 585.375443,
  "throughput_GBs": 3201.238167,
  "latency_all": {
    "count": 262144,
    "mean_us": 17.201962,
    "p50_us": 7.930107,
    "p99_us": 99.402990,
    "min_us": 1.064100,
    "max_us": 149.440864
  },
  "latency_hot": {
    "count": 101414,
    "mean_us": 31.693049,
    "p50_us": 22.811600,
    "p99_us": 126.297278,
    "min_us": 1.270750,
    "max_us": 149.440864
  },
  "latency_cold": {
    "count": 60106,
    "mean_us": 6.164508,
    "p50_us": 6.080516,
    "p99_us": 10.812445,
    "min_us": 1.064100,
    "max_us": 16.918591
  },
  "dispatch_cct_us": 149.440864,
  "combine_cct_us": 148.551766,
  "roundtrip_step_us": 299.592631,
  "e2e_step_us": 586.975443
}
