{
  "scenario": 4,
  "scheme": "packet_spray",
  "mode": "roundtrip",
  "batch": 256,
  "zipf_s": 0.700000,
  "topk": 8,
  "ep_size": 256,
  "seed": 96,
  "start_skew_us": 4.000000,
  "tau_g_ns": 143.360000,
  "grain_bytes": 7168,
  "total_tokens": 1048576,
  "max_egress_load": 3880,
  "konig_us": 1073.049600,
  "rtt_us": 0.000000,
  "barrier_us": 6.000000,
  "cct_us": 1165.259867,
  "step_us": 2297.666117,
  "gemv_us": 1126.406250,
  "e2e_us": 2291.666117,
  "throughput_GBs": 3271.229319,
  "latency_all": {
    "count": 1048576,
    "mean_us": 178.665336,
    "p50_us": 45.490206,
    "p99_us": 227.455935,
    "min_us": 0.371846,
    "max_us": 611.229852
  },
  "latency_hot": {
    "count": 404618,
    "mean_us": 201.908211,
    "p50_us": 106.173375,
    "p99_us": 501.846975,
    "min_us": 0.545191,
    "max_us": 587.575452
  },
  "latency_cold": {
    "count": 242958,
    "mean_us": 164.038406,
    "p50_us": 50.061497,
    "p99_us": 534.102172,
    "min_us": 0.371846,
    "max_us": 611.229852
  },
  "dispatch_cct_us": 554.030015,
  "combine_cct_us": 611.229852,
  "roundtrip_step_us": 1171.259867,
  "e2e_step_us": 2297.666117
}
