{
  "scenario": 1,
  "scheme": "ub_rg_pop",
  "mode": "roundtrip",
  "batch": 64,
  "zipf_s": 0.000000,
  "topk": 8,
  "ep_size": 32,
  "seed": 17,
  "tau_g_ns": 143.360000,
  "grain_bytes": 7168,
  "total_tokens": 32768,
  "max_egress_load": 88,
  "konig_us": 25.088000,
  "rtt_us": 0.900000,
  "barrier_us": 0.800000,
  "cct_us": 28.525650,
  "step_us": 29.325650,
  "throughput_GBs": 8009.405665,
  "latency_all": {
    "count": 32768,
    "mean_us": 6.316194,
    "p50_us": 6.217035,
    "p99_us": 11.935024,
    "min_us": 1.443582,
    "max_us": 14.412618
  },
  "latency_hot": {
    "count": 2998,
    "mean_us": 6.199754,
    "p50_us": 6.085237,
    "p99_us": 11.431155,
    "min_us": 1.443582,
    "max_us": 13.077835
  },
  "latency_cold": {
    "count": 16598,
    "mean_us": 6.385390,
    "p50_us": 6.271800,
    "p99_us": 12.183200,
    "min_us": 1.443677,
    "max_us": 14.412618
  },
  "dispatch_cct_us": 14.412618,
  "combine_cct_us": 14.113032,
  "roundtrip_step_us": 29.325650
}
