{
  "scenario": 1,
  "scheme": "islip",
  "mode": "roundtrip",
  "batch": 64,
  "zipf_s": 0.900000,
  "topk": 8,
  "ep_size": 32,
  "seed": 46,
  "start_skew_us": 4.000000,
  "tau_g_ns": 143.360000,
  "grain_bytes": 7168,
  "total_tokens": 32768,
  "max_egress_load": 240,
  "konig_us": 67.522560,
  "rtt_us": 0.600000,
  "barrier_us": 0.800000,
  "cct_us": 85.124244,
  "step_us": 158.111744,
  "gemv_us": 72.187500,
  "e2e_us": 157.311744,
  "throughput_GBs": 1485.538124,
  "latency_all": {
    "count": 32768,
    "mean_us": 14.598908,
    "p50_us": 13.442736,
    "p99_us": 36.092842,
    "min_us": 1.144081,
    "max_us": 48.394830
  },
  "latency_hot": {
    "count": 9114,
    "mean_us": 19.492263,
    "p50_us": 19.071045,
    "p99_us": 40.616403,
    "min_us": 1.144081,
    "max_us": 48.394830
  },
  "latency_cold": {
    "count": 8322,
    "mean_us": 11.099476,
    "p50_us": 10.950787,
    "p99_us": 20.595842,
    "min_us": 1.215122,
    "max_us": 22.415599
  },
  "dispatch_cct_us": 48.394830,
  "combine_cct_us": 36.729414,
  "roundtrip_step_us": 85.924244,
  "e2e_step_us": 158.111744
}
