{
  "scenario": 4,
  "scheme": "ub_rg_pop",
  "mode": "roundtrip",
  "batch": 64,
  "zipf_s": 0.700000,
  "topk": 8,
  "ep_size": 256,
  "seed": 17,
  "start_skew_us": 4.000000,
  "tau_g_ns": 143.360000,
  "grain_bytes": 7168,
  "total_tokens": 262144,
  "max_egress_load": 953,
  "konig_us": 264.642560,
  "rtt_us": 1.200000,
  "barrier_us": 1.600000,
  "cct_us": 281.071234,
  "step_us": 561.538422,
  "gemv_us": 278.867188,
  "e2e_us": 559.938422,
  "throughput_GBs": 3346.250441,
  "latency_all": {
    "count": 262144,
    "mean_us": 17.325233,
    "p50_us": 8.271254,
    "p99_us": 96.072606,
    "min_us": 1.491351,
    "max_us": 141.850493
  },
  "latency_hot": {
    "count": 101204,
    "mean_us": 31.505663,
    "p50_us": 23.239548,
    "p99_us": 121.985646,
    "min_us": 2.098930,
    "max_us": 141.850493
  },
  "latency_cold": {
    "count": 60682,
    "mean_us": 6.573942,
    "p50_us": 6.504826,
    "p99_us": 11.094058,
    "min_us": 1.491351,
    "max_us": 17.849674
  },
  "dispatch_cct_us": 141.850493,
  "combine_cct_us": 139.220742,
  "roundtrip_step_us": 282.671234,
  "e2e_step_us": 561.538422
}
