{
  "scenario": 4,
  "scheme": "ub_rg",
  "mode": "roundtrip",
  "batch": 512,
  "zipf_s": 0.000000,
  "topk": 8,
  "ep_size": 512,
  "seed": 72,
  "start_skew_us": 4.000000,
  "tau_g_ns": 143.360000,
  "grain_bytes": 7168,
  "total_tokens": 4194304,
  "max_egress_load": 659,
  "konig_us": 184.217600,
  "rtt_us": 0.800000,
  "barrier_us": 1.600000,
  "cct_us": 231.001133,
  "step_us": 398.733945,
  "gemv_us": 166.132812,
  "e2e_us": 397.133945,
  "throughput_GBs": 75400.580881,
  "latency_all": {
    "count": 4194304,
    "mean_us": 53.969456,
    "p50_us": 33.086675,
    "p99_us": 96.289080,
    "min_us": 1.337853,
    "max_us": 117.731887
  },
  "latency_hot": {
    "count": 417834,
    "mean_us": 53.514622,
    "p50_us": 54.464283,
    "p99_us": 91.804658,
    "min_us": 3.710973,
    "max_us": 115.032956
  },
  "latency_cold": {
    "count": 2096236,
    "mean_us": 53.977958,
    "p50_us": 28.553067,
    "p99_us": 93.217408,
    "min_us": 1.880961,
    "max_us": 116.004659
  },
  "dispatch_cct_us": 117.731887,
  "combine_cct_us": 113.269246,
  "roundtrip_step_us": 232.601133,
  "e2e_step_us": 398.733945
}
