{
  "scenario": 1,
  "scheme": "islip",
  "mode": "roundtrip",
  "batch": 64,
  "zipf_s": 0.000000,
  "topk": 8,
  "ep_size": 32,
  "seed": 8,
  "start_skew_us": 4.000000,
  "tau_g_ns": 143.360000,
  "grain_bytes": 7168,
  "total_tokens": 32768,
  "max_egress_load": 85,
  "konig_us": 23.797760,
  "rtt_us": 0.600000,
  "barrier_us": 0.800000,
  "cct_us": 55.024896,
  "step_us": 77.465521,
  "gemv_us": 21.640625,
  "e2e_us": 76.665521,
  "throughput_GBs": 3032.071844,
  "latency_all": {
    "count": 32768,
    "mean_us": 13.083452,
    "p50_us": 12.986981,
    "p99_us": 23.774179,
    "min_us": 1.171625,
    "max_us": 27.944444
  },
  "latency_hot": {
    "count": 3098,
    "mean_us": 11.986500,
    "p50_us": 11.825386,
    "p99_us": 21.887859,
    "min_us": 1.309271,
    "max_us": 25.198230
  },
  "latency_cold": {
    "count": 16392,
    "mean_us": 12.557531,
    "p50_us": 12.512552,
    "p99_us": 22.537922,
    "min_us": 1.171625,
    "max_us": 27.080452
  },
  "dispatch_cct_us": 27.080452,
  "combine_cct_us": 27.944444,
  "roundtrip_step_us": 55.824896,
  "e2e_step_us": 77.465521
}
