{
  "scenario": 4,
  "scheme": "ub_rg",
  "mode": "roundtrip",
  "batch": 512,
  "zipf_s": 0.000000,
  "topk": 8,
  "ep_size": 512,
  "seed": 93,
  "start_skew_us": 4.000000,
  "tau_g_ns": 143.360000,
  "grain_bytes": 7168,
  "total_tokens": 4194304,
  "max_egress_load": 651,
  "konig_us": 185.507840,
  "rtt_us": 0.800000,
  "barrier_us": 1.600000,
  "cct_us": 199.790000,
  "step_us": 368.265000,
  "gemv_us": 166.875000,
  "e2e_us": 366.665000,
  "throughput_GBs": 81638.958477,
  "latency_all": {
    "count": 4194304,
    "mean_us": 42.872816,
    "p50_us": 21.642948,
    "p99_us": 83.414487,
    "min_us": 1.042973,
    "max_us": 104.351987
  },
  "latency_hot": {
    "count": 417450,
    "mean_us": 42.844298,
    "p50_us": 42.950957,
    "p99_us": 79.811774,
    "min_us": 1.268273,
    "max_us": 104.351987
  },
  "latency_cold": {
    "count": 2095486,
    "mean_us": 42.843401,
    "p50_us": 17.167350,
    "p99_us": 80.621332,
    "min_us": 1.042973,
    "max_us": 101.663250
  },
  "dispatch_cct_us": 104.351987,
  "combine_cct_us": 95.438013,
  "roundtrip_step_us": 201.390000,
  "e2e_step_us": 368.265000
}
