{
  "scenario": 1,
  "scheme": "packet_spray",
  "mode": "roundtrip",
  "batch": 16,
  "zipf_s": 0.300000,
  "topk": 8,
  "ep_size": 128,
  "seed": 24,
  "start_skew_us": 4.000000,
  "tau_g_ns": 143.360000,
  "grain_bytes": 7168,
  "total_tokens": 32768,
  "max_egress_load": 62,
  "konig_us": 16.199680,
  "rtt_us": 0.000000,
  "barrier_us": 4.000000,
  "cct_us": 52.777726,
  "step_us": 72.637101,
  "gemv_us": 15.859375,
  "e2e_us": 68.637101,
  "throughput_GBs": 3233.623321,
  "latency_all": {
    "count": 32768,
    "mean_us": 18.089790,
    "p50_us": 18.018510,
    "p99_us": 26.083713,
    "min_us": 3.005666,
    "max_us": 29.811073
  },
  "latency_hot": {
    "count": 5720,
    "mean_us": 17.663667,
    "p50_us": 17.555610,
    "p99_us": 27.077160,
    "min_us": 3.005666,
    "max_us": 29.811073
  },
  "latency_cold": {
    "count": 13100,
    "mean_us": 18.366707,
    "p50_us": 18.297628,
    "p99_us": 25.559075,
    "min_us": 3.994205,
    "max_us": 26.889212
  },
  "dispatch_cct_us": 29.811073,
  "combine_cct_us": 22.966653,
  "roundtrip_step_us": 56.777726,
  "e2e_step_us": 72.637101
}
