{
  "scenario": 1,
  "scheme": "packet_spray",
  "mode": "roundtrip",
  "batch": 256,
  "zipf_s": 0.000000,
  "topk": 8,
  "ep_size": 32,
  "seed": 18,
  "tau_g_ns": 143.360000,
  "grain_bytes": 7168,
  "total_tokens": 131072,
  "max_egress_load": 312,
  "konig_us": 83.865600,
  "rtt_us": 0.000000,
  "barrier_us": 4.000000,
  "cct_us": 150.741280,
  "step_us": 154.741280,
  "throughput_GBs": 6071.580227,
  "latency_all": {
    "count": 131072,
    "mean_us": 44.233136,
    "p50_us": 44.978320,
    "p99_us": 71.356560,
    "min_us": 0.536720,
    "max_us": 77.521040
  },
  "latency_hot": {
    "count": 12316,
    "mean_us": 35.922009,
    "p50_us": 35.946640,
    "p99_us": 71.356560,
    "min_us": 0.536720,
    "max_us": 76.087440
  },
  "latency_cold": {
    "count": 65916,
    "mean_us": 48.710841,
    "p50_us": 48.992400,
    "p99_us": 71.499920,
    "min_us": 0.536720,
    "max_us": 77.521040
  },
  "dispatch_cct_us": 77.521040,
  "combine_cct_us": 73.220240,
  "roundtrip_step_us": 154.741280
}
