{
  "scenario": 1,
  "scheme": "ub_rg",
  "mode": "roundtrip",
  "batch": 256,
  "zipf_s": 0.300000,
  "topk": 8,
  "ep_size": 128,
  "seed": 14,
  "tau_g_ns": 143.360000,
  "grain_bytes": 7168,
  "total_tokens": 524288,
  "max_egress_load": 776,
  "konig_us": 217.477120,
  "rtt_us": 0.600000,
  "barrier_us": 0.800000,
  "cct_us": 224.711290,
  "step_us": 225.511290,
  "throughput_GBs": 16664.781572,
  "latency_all": {
    "count": 524288,
    "mean_us": 22.468145,
    "p50_us": 16.780072,
    "p99_us": 37.896369,
    "min_us": 1.143657,
    "max_us": 112.420945
  },
  "latency_hot": {
    "count": 90742,
    "mean_us": 37.461321,
    "p50_us": 35.732825,
    "p99_us": 99.340219,
    "min_us": 1.144928,
    "max_us": 112.420945
  },
  "latency_cold": {
    "count": 207212,
    "mean_us": 16.559103,
    "p50_us": 15.863102,
    "p99_us": 32.775894,
    "min_us": 1.143657,
    "max_us": 39.819833
  },
  "dispatch_cct_us": 112.420945,
  "combine_cct_us": 112.290344,
  "roundtrip_step_us": 225.511290
}
