{
  "scenario": 1,
  "scheme": "ub_rg",
  "mode": "roundtrip",
  "batch": 16,
  "zipf_s": 0.700000,
  "topk": 8,
  "ep_size": 32,
  "seed": 36,
  "tau_g_ns": 143.360000,
  "grain_bytes": 7168,
  "total_tokens": 8192,
  "max_egress_load": 54,
  "konig_us": 14.909440,
  "rtt_us": 0.600000,
  "barrier_us": 0.800000,
  "cct_us": 17.732125,
  "step_us": 18.532125,
  "throughput_GBs": 3168.565722,
  "latency_all": {
    "count": 8192,
    "mean_us": 2.946050,
    "p50_us": 2.547001,
    "p99_us": 7.560220,
    "min_us": 1.144678,
    "max_us": 8.986025
  },
  "latency_hot": {
    "count": 1916,
    "mean_us": 4.274028,
    "p50_us": 4.204364,
    "p99_us": 8.263976,
    "min_us": 1.144678,
    "max_us": 8.986025
  },
  "latency_cold": {
    "count": 2450,
    "mean_us": 2.086552,
    "p50_us": 2.024134,
    "p99_us": 3.598218,
    "min_us": 1.145604,
    "max_us": 4.081631
  },
  "dispatch_cct_us": 8.746100,
  "combine_cct_us": 8.986025,
  "roundtrip_step_us": 18.532125
}
