{
  "scenario": 1,
  "scheme": "islip",
  "mode": "roundtrip",
  "batch": 16,
  "zipf_s": 0.700000,
  "topk": 8,
  "ep_size": 32,
  "seed": 17,
  "start_skew_us": 4.000000,
  "tau_g_ns": 143.360000,
  "grain_bytes": 7168,
  "total_tokens": 8192,
  "max_egress_load": 57,
  "konig_us": 15.482880,
  "rtt_us": 0.600000,
  "barrier_us": 0.800000,
  "cct_us": 22.655439,
  "step_us": 39.119502,
  "gemv_us": 15.664062,
  "e2e_us": 38.319502,
  "throughput_GBs": 1501.048153,
  "latency_all": {
    "count": 8192,
    "mean_us": 4.970324,
    "p50_us": 4.862502,
    "p99_us": 9.667658,
    "min_us": 1.229128,
    "max_us": 12.653474
  },
  "latency_hot": {
    "count": 1904,
    "mean_us": 5.936838,
    "p50_us": 5.858601,
    "p99_us": 10.731761,
    "min_us": 1.299621,
    "max_us": 12.653474
  },
  "latency_cold": {
    "count": 2560,
    "mean_us": 4.190703,
    "p50_us": 4.343929,
    "p99_us": 6.779081,
    "min_us": 1.229128,
    "max_us": 7.615029
  },
  "dispatch_cct_us": 12.653474,
  "combine_cct_us": 10.001965,
  "roundtrip_step_us": 23.455439,
  "e2e_step_us": 39.119502
}
