{
  "scenario": 4,
  "scheme": "packet_spray",
  "mode": "roundtrip",
  "batch": 256,
  "zipf_s": 0.700000,
  "topk": 8,
  "ep_size": 512,
  "seed": 26,
  "start_skew_us": 4.000000,
  "tau_g_ns": 143.360000,
  "grain_bytes": 7168,
  "total_tokens": 2097152,
  "max_egress_load": 6530,
  "konig_us": 1778.524160,
  "rtt_us": 0.000000,
  "barrier_us": 6.000000,
  "cct_us": 1878.618641,
  "step_us": 3720.673328,
  "gemv_us": 1836.054688,
  "e2e_us": 3714.673328,
  "throughput_GBs": 4040.232563,
  "latency_all": {
    "count": 2097152,
    "mean_us": 275.955236,
    "p50_us": 54.857514,
    "p99_us": 445.398188,
    "min_us": 0.193360,
    "max_us": 976.440735
  },
  "latency_hot": {
    "count": 871408,
    "mean_us": 306.472156,
    "p50_us": 85.786220,
    "p99_us": 437.370028,
    "min_us": 2.558551,
    "max_us": 955.940255
  },
  "latency_cold": {
    "count": 462702,
    "mean_us": 254.528055,
    "p50_us": 54.516944,
    "p99_us": 67.976519,
    "min_us": 1.053520,
    "max_us": 976.440735
  },
  "dispatch_cct_us": 902.177906,
  "combine_cct_us": 976.440735,
  "roundtrip_step_us": 1884.618641,
  "e2e_step_us": 3720.673328
}
