{
  "scenario": 3,
  "scheme": "packet_spray",
  "mode": "roundtrip",
  "batch": 256,
  "zipf_s": 0.300000,
  "topk": 8,
  "ep_size": 1024,
  "seed": 16,
  "tau_g_ns": 143.360000,
  "grain_bytes": 7168,
  "total_tokens": 4194304,
  "max_egress_load": 1431,
  "konig_us": 407.572480,
  "rtt_us": 0.000000,
  "barrier_us": 8.000000,
  "cct_us": 485.456800,
  "step_us": 493.456800,
  "throughput_GBs": 60926.855344,
  "latency_all": {
    "count": 4194304,
    "mean_us": 93.549633,
    "p50_us": 45.178320,
    "p99_us": 121.302480,
    "min_us": 0.880080,
    "max_us": 244.592080
  },
  "latency_hot": {
    "count": 818150,
    "mean_us": 95.661218,
    "p50_us": 58.510800,
    "p99_us": 125.746640,
    "min_us": 0.880080,
    "max_us": 240.864720
  },
  "latency_cold": {
    "count": 1620484,
    "mean_us": 95.508018,
    "p50_us": 41.594320,
    "p99_us": 67.829200,
    "min_us": 0.880080,
    "max_us": 244.592080
  },
  "dispatch_cct_us": 240.864720,
  "combine_cct_us": 244.592080,
  "roundtrip_step_us": 493.456800
}
