{
  "scenario": 3,
  "scheme": "ub_rg_pop",
  "mode": "roundtrip",
  "batch": 256,
  "zipf_s": 0.000000,
  "topk": 8,
  "ep_size": 256,
  "seed": 23,
  "tau_g_ns": 143.360000,
  "grain_bytes": 7168,
  "total_tokens": 1048576,
  "max_egress_load": 310,
  "konig_us": 88.596480,
  "rtt_us": 1.650000,
  "barrier_us": 2.400000,
  "cct_us": 96.967160,
  "step_us": 99.367160,
  "throughput_GBs": 75640.611398,
  "latency_all": {
    "count": 1048576,
    "mean_us": 22.453141,
    "p50_us": 12.763651,
    "p99_us": 39.600131,
    "min_us": 2.593409,
    "max_us": 49.585978
  },
  "latency_hot": {
    "count": 102762,
    "mean_us": 22.507834,
    "p50_us": 22.403236,
    "p99_us": 42.746480,
    "min_us": 2.593815,
    "max_us": 48.174529
  },
  "latency_cold": {
    "count": 523668,
    "mean_us": 22.428076,
    "p50_us": 19.341877,
    "p99_us": 36.908668,
    "min_us": 2.594185,
    "max_us": 49.585978
  },
  "dispatch_cct_us": 49.585978,
  "combine_cct_us": 47.381182,
  "roundtrip_step_us": 99.367160
}
