{
  "scenario": 1,
  "scheme": "islip",
  "mode": "roundtrip",
  "batch": 512,
  "zipf_s": 0.300000,
  "topk": 8,
  "ep_size": 128,
  "seed": 56,
  "start_skew_us": 4.000000,
  "tau_g_ns": 143.360000,
  "grain_bytes": 7168,
  "total_tokens": 1048576,
  "max_egress_load": 1523,
  "konig_us": 429.649920,
  "rtt_us": 0.600000,
  "barrier_us": 0.800000,
  "cct_us": 464.056878,
  "step_us": 925.442815,
  "gemv_us": 460.585938,
  "e2e_us": 924.642815,
  "throughput_GBs": 8121.725777,
  "latency_all": {
    "count": 1048576,
    "mean_us": 54.800987,
    "p50_us": 30.621721,
    "p99_us": 105.430339,
    "min_us": 1.147326,
    "max_us": 236.567880
  },
  "latency_hot": {
    "count": 181522,
    "mean_us": 84.758523,
    "p50_us": 81.343817,
    "p99_us": 206.809594,
    "min_us": 1.296873,
    "max_us": 236.567880
  },
  "latency_cold": {
    "count": 413658,
    "mean_us": 42.947566,
    "p50_us": 42.867816,
    "p99_us": 73.392837,
    "min_us": 1.170047,
    "max_us": 94.214863
  },
  "dispatch_cct_us": 236.567880,
  "combine_cct_us": 227.488998,
  "roundtrip_step_us": 464.856878,
  "e2e_step_us": 925.442815
}
