{
  "scenario": 4,
  "scheme": "ub_rg",
  "mode": "roundtrip",
  "batch": 128,
  "zipf_s": 0.000000,
  "topk": 8,
  "ep_size": 512,
  "seed": 90,
  "start_skew_us": 4.000000,
  "tau_g_ns": 143.360000,
  "grain_bytes": 7168,
  "total_tokens": 1048576,
  "max_egress_load": 185,
  "konig_us": 51.609600,
  "rtt_us": 0.800000,
  "barrier_us": 1.600000,
  "cct_us": 98.767837,
  "step_us": 144.000650,
  "gemv_us": 43.632812,
  "e2e_us": 142.400650,
  "throughput_GBs": 52195.547686,
  "latency_all": {
    "count": 1048576,
    "mean_us": 24.630392,
    "p50_us": 20.469039,
    "p99_us": 37.267825,
    "min_us": 0.995775,
    "max_us": 52.978971
  },
  "latency_hot": {
    "count": 104692,
    "mean_us": 24.383915,
    "p50_us": 24.338615,
    "p99_us": 40.429693,
    "min_us": 3.040192,
    "max_us": 51.985269
  },
  "latency_cold": {
    "count": 524628,
    "mean_us": 24.638293,
    "p50_us": 24.330855,
    "p99_us": 34.893964,
    "min_us": 1.297419,
    "max_us": 52.293261
  },
  "dispatch_cct_us": 52.978971,
  "combine_cct_us": 45.788866,
  "roundtrip_step_us": 100.367837,
  "e2e_step_us": 144.000650
}
