{
  "scenario": 4,
  "scheme": "ub_rg_pop",
  "mode": "roundtrip",
  "batch": 256,
  "zipf_s": 0.700000,
  "topk": 8,
  "ep_size": 256,
  "seed": 2,
  "start_skew_us": 4.000000,
  "tau_g_ns": 143.360000,
  "grain_bytes": 7168,
  "total_tokens": 1048576,
  "max_egress_load": 3911,
  "konig_us": 1075.343360,
  "rtt_us": 1.200000,
  "barrier_us": 1.600000,
  "cct_us": 1127.242803,
  "step_us": 2250.522490,
  "gemv_us": 1121.679688,
  "e2e_us": 2248.922490,
  "throughput_GBs": 3339.754569,
  "latency_all": {
    "count": 1048576,
    "mean_us": 56.108646,
    "p50_us": 13.665684,
    "p99_us": 195.307777,
    "min_us": 1.441548,
    "max_us": 564.348901
  },
  "latency_hot": {
    "count": 405056,
    "mean_us": 112.729714,
    "p50_us": 76.860556,
    "p99_us": 439.802911,
    "min_us": 1.819806,
    "max_us": 564.348901
  },
  "latency_cold": {
    "count": 242198,
    "mean_us": 13.654674,
    "p50_us": 11.902400,
    "p99_us": 26.265106,
    "min_us": 1.466836,
    "max_us": 47.322839
  },
  "dispatch_cct_us": 564.348901,
  "combine_cct_us": 562.893902,
  "roundtrip_step_us": 1128.842803,
  "e2e_step_us": 2250.522490
}
