{
  "scenario": 4,
  "scheme": "ub_rg_pop",
  "mode": "roundtrip",
  "batch": 256,
  "zipf_s": 0.900000,
  "topk": 8,
  "ep_size": 512,
  "seed": 15,
  "start_skew_us": 4.000000,
  "tau_g_ns": 143.360000,
  "grain_bytes": 7168,
  "total_tokens": 2097152,
  "max_egress_load": 11175,
  "konig_us": 3056.291840,
  "rtt_us": 1.200000,
  "barrier_us": 1.600000,
  "cct_us": 3210.433763,
  "step_us": 6381.799388,
  "gemv_us": 3169.765625,
  "e2e_us": 6380.199388,
  "throughput_GBs": 2355.508944,
  "latency_all": {
    "count": 2097152,
    "mean_us": 149.396398,
    "p50_us": 11.530657,
    "p99_us": 893.671400,
    "min_us": 1.428028,
    "max_us": 1605.361648
  },
  "latency_hot": {
    "count": 1162314,
    "mean_us": 254.515538,
    "p50_us": 47.850245,
    "p99_us": 893.658780,
    "min_us": 1.775431,
    "max_us": 1605.361648
  },
  "latency_cold": {
    "count": 304586,
    "mean_us": 10.763767,
    "p50_us": 9.750314,
    "p99_us": 21.215590,
    "min_us": 1.453572,
    "max_us": 57.737616
  },
  "dispatch_cct_us": 1605.361648,
  "combine_cct_us": 1605.072115,
  "roundtrip_step_us": 3212.033763,
  "e2e_step_us": 6381.799388
}
