{
  "scenario": 1,
  "scheme": "ub_rg",
  "mode": "roundtrip",
  "batch": 128,
  "zipf_s": 0.700000,
  "topk": 8,
  "ep_size": 32,
  "seed": 67,
  "start_skew_us": 4.000000,
  "tau_g_ns": 143.360000,
  "grain_bytes": 7168,
  "total_tokens": 65536,
  "max_egress_load": 414,
  "konig_us": 117.411840,
  "rtt_us": 0.600000,
  "barrier_us": 0.800000,
  "cct_us": 137.051205,
  "step_us": 264.218393,
  "gemv_us": 126.367188,
  "e2e_us": 263.418393,
  "throughput_GBs": 1777.930912,
  "latency_all": {
    "count": 65536,
    "mean_us": 20.598675,
    "p50_us": 18.182709,
    "p99_us": 59.245633,
    "min_us": 1.175878,
    "max_us": 73.370206
  },
  "latency_hot": {
    "count": 15730,
    "mean_us": 30.652809,
    "p50_us": 29.837604,
    "p99_us": 65.899832,
    "min_us": 1.596901,
    "max_us": 73.370206
  },
  "latency_cold": {
    "count": 19750,
    "mean_us": 14.431853,
    "p50_us": 14.111487,
    "p99_us": 29.021944,
    "min_us": 1.175878,
    "max_us": 34.894620
  },
  "dispatch_cct_us": 73.370206,
  "combine_cct_us": 63.681000,
  "roundtrip_step_us": 137.851205,
  "e2e_step_us": 264.218393
}
