{
  "scenario": 1,
  "scheme": "packet_spray",
  "mode": "roundtrip",
  "batch": 256,
  "zipf_s": 0.700000,
  "topk": 8,
  "ep_size": 32,
  "seed": 80,
  "start_skew_us": 4.000000,
  "tau_g_ns": 143.360000,
  "grain_bytes": 7168,
  "total_tokens": 131072,
  "max_egress_load": 855,
  "konig_us": 237.547520,
  "rtt_us": 0.000000,
  "barrier_us": 4.000000,
  "cct_us": 310.412514,
  "step_us": 564.920326,
  "gemv_us": 250.507812,
  "e2e_us": 560.920326,
  "throughput_GBs": 1663.109030,
  "latency_all": {
    "count": 131072,
    "mean_us": 68.200743,
    "p50_us": 61.089079,
    "p99_us": 141.227319,
    "min_us": 1.594679,
    "max_us": 160.440234
  },
  "latency_hot": {
    "count": 31144,
    "mean_us": 72.602056,
    "p50_us": 73.133994,
    "p99_us": 145.244074,
    "min_us": 1.594679,
    "max_us": 160.440234
  },
  "latency_cold": {
    "count": 39718,
    "mean_us": 67.750678,
    "p50_us": 54.403015,
    "p99_us": 144.094519,
    "min_us": 4.321194,
    "max_us": 149.972279
  },
  "dispatch_cct_us": 160.440234,
  "combine_cct_us": 149.972279,
  "roundtrip_step_us": 314.412514,
  "e2e_step_us": 564.920326
}
