{
  "scenario": 1,
  "scheme": "ub_rg",
  "mode": "roundtrip",
  "batch": 64,
  "zipf_s": 0.300000,
  "topk": 8,
  "ep_size": 32,
  "seed": 94,
  "tau_g_ns": 143.360000,
  "grain_bytes": 7168,
  "total_tokens": 32768,
  "max_egress_load": 131,
  "konig_us": 36.270080,
  "rtt_us": 0.600000,
  "barrier_us": 0.800000,
  "cct_us": 39.667140,
  "step_us": 40.467140,
  "throughput_GBs": 5804.240828,
  "latency_all": {
    "count": 32768,
    "mean_us": 6.300259,
    "p50_us": 5.924838,
    "p99_us": 15.959016,
    "min_us": 1.145065,
    "max_us": 19.839964
  },
  "latency_hot": {
    "count": 4886,
    "mean_us": 8.828089,
    "p50_us": 8.624617,
    "p99_us": 18.543579,
    "min_us": 1.160530,
    "max_us": 19.839964
  },
  "latency_cold": {
    "count": 13562,
    "mean_us": 5.250886,
    "p50_us": 5.156680,
    "p99_us": 10.301144,
    "min_us": 1.145065,
    "max_us": 11.235762
  },
  "dispatch_cct_us": 19.839964,
  "combine_cct_us": 19.827176,
  "roundtrip_step_us": 40.467140
}
