{
  "scenario": 1,
  "scheme": "packet_spray",
  "mode": "roundtrip",
  "batch": 128,
  "zipf_s": 0.900000,
  "topk": 8,
  "ep_size": 128,
  "seed": 14,
  "start_skew_us": 4.000000,
  "tau_g_ns": 143.360000,
  "grain_bytes": 7168,
  "total_tokens": 262144,
  "max_egress_load": 1611,
  "konig_us": 451.153920,
  "rtt_us": 0.000000,
  "barrier_us": 4.000000,
  "cct_us": 510.422104,
  "step_us": 994.304917,
  "gemv_us": 479.882812,
  "e2e_us": 990.304917,
  "throughput_GBs": 1889.810822,
  "latency_all": {
    "count": 262144,
    "mean_us": 96.986780,
    "p50_us": 56.480447,
    "p99_us": 234.887577,
    "min_us": 8.898422,
    "max_us": 256.965017
  },
  "latency_hot": {
    "count": 115658,
    "mean_us": 107.661599,
    "p50_us": 92.463807,
    "p99_us": 236.397247,
    "min_us": 9.121925,
    "max_us": 256.965017
  },
  "latency_cold": {
    "count": 47760,
    "mean_us": 87.685137,
    "p50_us": 41.587682,
    "p99_us": 246.862527,
    "min_us": 8.898422,
    "max_us": 253.457087
  },
  "dispatch_cct_us": 256.965017,
  "combine_cct_us": 253.457087,
  "roundtrip_step_us": 514.422104,
  "e2e_step_us": 994.304917
}
