{
  "scenario": 4,
  "scheme": "ub_rg",
  "mode": "roundtrip",
  "batch": 512,
  "zipf_s": 0.900000,
  "topk": 8,
  "ep_size": 512,
  "seed": 16,
  "start_skew_us": 4.000000,
  "tau_g_ns": 143.360000,
  "grain_bytes": 7168,
  "total_tokens": 4194304,
  "max_egress_load": 22273,
  "konig_us": 6083.624960,
  "rtt_us": 0.800000,
  "barrier_us": 1.600000,
  "cct_us": 6392.021224,
  "step_us": 12694.558724,
  "gemv_us": 6300.937500,
  "e2e_us": 12692.958724,
  "throughput_GBs": 2368.319508,
  "latency_all": {
    "count": 4194304,
    "mean_us": 292.243883,
    "p50_us": 21.161979,
    "p99_us": 2284.610719,
    "min_us": 1.121107,
    "max_us": 3197.119496
  },
  "latency_hot": {
    "count": 2325304,
    "mean_us": 501.829302,
    "p50_us": 57.399790,
    "p99_us": 2284.736178,
    "min_us": 1.390473,
    "max_us": 3197.119496
  },
  "latency_cold": {
    "count": 610592,
    "mean_us": 16.621029,
    "p50_us": 14.167405,
    "p99_us": 27.697800,
    "min_us": 1.316429,
    "max_us": 72.243995
  },
  "dispatch_cct_us": 3194.901728,
  "combine_cct_us": 3197.119496,
  "roundtrip_step_us": 6393.621224,
  "e2e_step_us": 12694.558724
}
