{
  "scenario": 1,
  "scheme": "ub_rg",
  "mode": "roundtrip",
  "batch": 512,
  "zipf_s": 0.000000,
  "topk": 8,
  "ep_size": 32,
  "seed": 64,
  "start_skew_us": 4.000000,
  "tau_g_ns": 143.360000,
  "grain_bytes": 7168,
  "total_tokens": 262144,
  "max_egress_load": 570,
  "konig_us": 161.996800,
  "rtt_us": 0.600000,
  "barrier_us": 0.800000,
  "cct_us": 170.512893,
  "step_us": 334.945705,
  "gemv_us": 163.632812,
  "e2e_us": 334.145705,
  "throughput_GBs": 5610.008317,
  "latency_all": {
    "count": 262144,
    "mean_us": 40.119980,
    "p50_us": 31.306397,
    "p99_us": 77.663366,
    "min_us": 1.191744,
    "max_us": 86.663161
  },
  "latency_hot": {
    "count": 25032,
    "mean_us": 40.155871,
    "p50_us": 40.043512,
    "p99_us": 79.048156,
    "min_us": 1.457910,
    "max_us": 86.663161
  },
  "latency_cold": {
    "count": 130618,
    "mean_us": 39.782930,
    "p50_us": 39.668432,
    "p99_us": 77.933319,
    "min_us": 1.191744,
    "max_us": 84.081531
  },
  "dispatch_cct_us": 86.663161,
  "combine_cct_us": 83.849732,
  "roundtrip_step_us": 171.312893,
  "e2e_step_us": 334.945705
}
