{
  "scenario": 1,
  "scheme": "ub_rg_pop",
  "mode": "roundtrip",
  "batch": 256,
  "zipf_s": 0.700000,
  "topk": 8,
  "ep_size": 128,
  "seed": 64,
  "tau_g_ns": 143.360000,
  "grain_bytes": 7168,
  "total_tokens": 524288,
  "max_egress_load": 2295,
  "konig_us": 646.553600,
  "rtt_us": 0.900000,
  "barrier_us": 0.800000,
  "cct_us": 660.879909,
  "step_us": 661.679909,
  "throughput_GBs": 5679.628978,
  "latency_all": {
    "count": 524288,
    "mean_us": 42.235027,
    "p50_us": 17.171515,
    "p99_us": 88.486534,
    "min_us": 1.443376,
    "max_us": 330.512890
  },
  "latency_hot": {
    "count": 180686,
    "mean_us": 87.259370,
    "p50_us": 69.607686,
    "p99_us": 302.786464,
    "min_us": 1.443583,
    "max_us": 330.512890
  },
  "latency_cold": {
    "count": 129142,
    "mean_us": 11.498436,
    "p50_us": 11.224598,
    "p99_us": 24.036721,
    "min_us": 1.443376,
    "max_us": 28.928645
  },
  "dispatch_cct_us": 330.512890,
  "combine_cct_us": 330.367019,
  "roundtrip_step_us": 661.679909
}
