{
  "scenario": 4,
  "scheme": "packet_spray",
  "mode": "roundtrip",
  "batch": 16,
  "zipf_s": 0.000000,
  "topk": 8,
  "ep_size": 256,
  "seed": 46,
  "start_skew_us": 4.000000,
  "tau_g_ns": 143.360000,
  "grain_bytes": 7168,
  "total_tokens": 65536,
  "max_egress_load": 33,
  "konig_us": 8.888320,
  "rtt_us": 0.000000,
  "barrier_us": 6.000000,
  "cct_us": 19.375251,
  "step_us": 31.547126,
  "gemv_us": 6.171875,
  "e2e_us": 25.547126,
  "throughput_GBs": 14890.803292,
  "latency_all": {
    "count": 65536,
    "mean_us": 5.817826,
    "p50_us": 5.958916,
    "p99_us": 8.509733,
    "min_us": 0.388150,
    "max_us": 9.799973
  },
  "latency_hot": {
    "count": 6422,
    "mean_us": 4.995306,
    "p50_us": 5.193650,
    "p99_us": 8.325281,
    "min_us": 0.388150,
    "max_us": 9.799973
  },
  "latency_cold": {
    "count": 32798,
    "mean_us": 6.176706,
    "p50_us": 6.277998,
    "p99_us": 8.634290,
    "min_us": 0.399861,
    "max_us": 9.575278
  },
  "dispatch_cct_us": 9.799973,
  "combine_cct_us": 9.575278,
  "roundtrip_step_us": 25.375251,
  "e2e_step_us": 31.547126
}
