{
  "scenario": 4,
  "scheme": "ub_rg_pop",
  "mode": "roundtrip",
  "batch": 64,
  "zipf_s": 0.700000,
  "topk": 8,
  "ep_size": 128,
  "seed": 30,
  "start_skew_us": 4.000000,
  "tau_g_ns": 143.360000,
  "grain_bytes": 7168,
  "total_tokens": 131072,
  "max_egress_load": 564,
  "konig_us": 158.842880,
  "rtt_us": 1.200000,
  "barrier_us": 1.600000,
  "cct_us": 195.589229,
  "step_us": 367.111104,
  "gemv_us": 169.921875,
  "e2e_us": 365.511104,
  "throughput_GBs": 2559.236385,
  "latency_all": {
    "count": 131072,
    "mean_us": 22.072014,
    "p50_us": 18.324411,
    "p99_us": 79.706161,
    "min_us": 1.581488,
    "max_us": 100.551557
  },
  "latency_hot": {
    "count": 45126,
    "mean_us": 33.037515,
    "p50_us": 28.829388,
    "p99_us": 87.762099,
    "min_us": 3.036809,
    "max_us": 100.551557
  },
  "latency_cold": {
    "count": 32280,
    "mean_us": 14.157589,
    "p50_us": 14.226293,
    "p99_us": 24.597678,
    "min_us": 1.830967,
    "max_us": 27.824563
  },
  "dispatch_cct_us": 100.551557,
  "combine_cct_us": 95.037672,
  "roundtrip_step_us": 197.189229,
  "e2e_step_us": 367.111104
}
