{
  "scenario": 1,
  "scheme": "islip",
  "mode": "roundtrip",
  "batch": 64,
  "zipf_s": 0.900000,
  "topk": 8,
  "ep_size": 32,
  "seed": 58,
  "start_skew_us": 4.000000,
  "tau_g_ns": 143.360000,
  "grain_bytes": 7168,
  "total_tokens": 32768,
  "max_egress_load": 238,
  "konig_us": 66.949120,
  "rtt_us": 0.600000,
  "barrier_us": 0.800000,
  "cct_us": 91.934927,
  "step_us": 164.219302,
  "gemv_us": 71.484375,
  "e2e_us": 163.419302,
  "throughput_GBs": 1430.288773,
  "latency_all": {
    "count": 32768,
    "mean_us": 17.822347,
    "p50_us": 16.506391,
    "p99_us": 39.717315,
    "min_us": 1.147811,
    "max_us": 51.037083
  },
  "latency_hot": {
    "count": 8904,
    "mean_us": 23.981591,
    "p50_us": 23.991349,
    "p99_us": 44.527592,
    "min_us": 1.300353,
    "max_us": 51.037083
  },
  "latency_cold": {
    "count": 8350,
    "mean_us": 13.816923,
    "p50_us": 14.123055,
    "p99_us": 27.112750,
    "min_us": 1.147811,
    "max_us": 29.544927
  },
  "dispatch_cct_us": 51.037083,
  "combine_cct_us": 40.897844,
  "roundtrip_step_us": 92.734927,
  "e2e_step_us": 164.219302
}
