{
  "scenario": 1,
  "scheme": "packet_spray",
  "mode": "roundtrip",
  "batch": 128,
  "zipf_s": 0.900000,
  "topk": 8,
  "ep_size": 32,
  "seed": 55,
  "start_skew_us": 4.000000,
  "tau_g_ns": 143.360000,
  "grain_bytes": 7168,
  "total_tokens": 65536,
  "max_egress_load": 501,
  "konig_us": 138.342400,
  "rtt_us": 0.000000,
  "barrier_us": 4.000000,
  "cct_us": 176.962177,
  "step_us": 325.688739,
  "gemv_us": 144.726562,
  "e2e_us": 321.688739,
  "throughput_GBs": 1442.365029,
  "latency_all": {
    "count": 65536,
    "mean_us": 38.887636,
    "p50_us": 34.171722,
    "p99_us": 81.023671,
    "min_us": 1.315511,
    "max_us": 90.655562
  },
  "latency_hot": {
    "count": 18198,
    "mean_us": 41.827730,
    "p50_us": 41.865015,
    "p99_us": 81.310391,
    "min_us": 1.315511,
    "max_us": 90.655562
  },
  "latency_cold": {
    "count": 16846,
    "mean_us": 37.602938,
    "p50_us": 28.293962,
    "p99_us": 83.439415,
    "min_us": 1.315511,
    "max_us": 86.306615
  },
  "dispatch_cct_us": 90.655562,
  "combine_cct_us": 86.306615,
  "roundtrip_step_us": 180.962177,
  "e2e_step_us": 325.688739
}
