{
  "scenario": 4,
  "scheme": "packet_spray",
  "mode": "roundtrip",
  "batch": 512,
  "zipf_s": 0.900000,
  "topk": 8,
  "ep_size": 256,
  "seed": 46,
  "start_skew_us": 4.000000,
  "tau_g_ns": 143.360000,
  "grain_bytes": 7168,
  "total_tokens": 2097152,
  "max_egress_load": 12224,
  "konig_us": 3345.879040,
  "rtt_us": 0.000000,
  "barrier_us": 6.000000,
  "cct_us": 3512.953771,
  "step_us": 6992.235021,
  "gemv_us": 3473.281250,
  "e2e_us": 6986.235021,
  "throughput_GBs": 2149.868460,
  "latency_all": {
    "count": 2097152,
    "mean_us": 534.461949,
    "p50_us": 91.544741,
    "p99_us": 1077.688613,
    "min_us": 0.485606,
    "max_us": 1834.127110
  },
  "latency_hot": {
    "count": 1062634,
    "mean_us": 600.811073,
    "p50_us": 160.009730,
    "p99_us": 1067.109541,
    "min_us": 0.485606,
    "max_us": 1797.713670
  },
  "latency_cold": {
    "count": 338474,
    "mean_us": 464.466101,
    "p50_us": 85.814532,
    "p99_us": 1543.966470,
    "min_us": 0.839197,
    "max_us": 1834.127110
  },
  "dispatch_cct_us": 1678.826661,
  "combine_cct_us": 1834.127110,
  "roundtrip_step_us": 3518.953771,
  "e2e_step_us": 6992.235021
}
