{
  "scenario": 1,
  "scheme": "ub_rg_pop",
  "mode": "roundtrip",
  "batch": 128,
  "zipf_s": 0.700000,
  "topk": 8,
  "ep_size": 64,
  "seed": 19,
  "start_skew_us": 4.000000,
  "tau_g_ns": 143.360000,
  "grain_bytes": 7168,
  "total_tokens": 131072,
  "max_egress_load": 674,
  "konig_us": 191.815680,
  "rtt_us": 0.900000,
  "barrier_us": 0.800000,
  "cct_us": 201.200172,
  "step_us": 409.422047,
  "gemv_us": 207.421875,
  "e2e_us": 408.622047,
  "throughput_GBs": 2294.756969,
  "latency_all": {
    "count": 131072,
    "mean_us": 19.800714,
    "p50_us": 13.658958,
    "p99_us": 86.912775,
    "min_us": 1.492596,
    "max_us": 101.121666
  },
  "latency_hot": {
    "count": 39062,
    "mean_us": 36.409396,
    "p50_us": 33.236127,
    "p99_us": 95.145716,
    "min_us": 1.833954,
    "max_us": 101.121666
  },
  "latency_cold": {
    "count": 35192,
    "mean_us": 9.143836,
    "p50_us": 8.948320,
    "p99_us": 16.926094,
    "min_us": 1.631167,
    "max_us": 20.587251
  },
  "dispatch_cct_us": 101.121666,
  "combine_cct_us": 100.078506,
  "roundtrip_step_us": 202.000172,
  "e2e_step_us": 409.422047
}
