{
  "scenario": 1,
  "scheme": "ub_rg",
  "mode": "roundtrip",
  "batch": 64,
  "zipf_s": 0.900000,
  "topk": 8,
  "ep_size": 128,
  "seed": 78,
  "start_skew_us": 4.000000,
  "tau_g_ns": 143.360000,
  "grain_bytes": 7168,
  "total_tokens": 131072,
  "max_egress_load": 787,
  "konig_us": 222.924800,
  "rtt_us": 0.600000,
  "barrier_us": 0.800000,
  "cct_us": 231.456253,
  "step_us": 472.217191,
  "gemv_us": 239.960938,
  "e2e_us": 471.417191,
  "throughput_GBs": 1989.601637,
  "latency_all": {
    "count": 131072,
    "mean_us": 18.743774,
    "p50_us": 10.117738,
    "p99_us": 100.835795,
    "min_us": 1.201975,
    "max_us": 116.970648
  },
  "latency_hot": {
    "count": 57616,
    "mean_us": 32.646771,
    "p50_us": 25.327936,
    "p99_us": 107.384506,
    "min_us": 1.678277,
    "max_us": 116.970648
  },
  "latency_cold": {
    "count": 23876,
    "mean_us": 5.461440,
    "p50_us": 5.427598,
    "p99_us": 9.288036,
    "min_us": 1.201975,
    "max_us": 10.984740
  },
  "dispatch_cct_us": 116.970648,
  "combine_cct_us": 114.485605,
  "roundtrip_step_us": 232.256253,
  "e2e_step_us": 472.217191
}
