{
  "scenario": 1,
  "scheme": "ub_rg_pop",
  "mode": "roundtrip",
  "batch": 256,
  "zipf_s": 0.900000,
  "topk": 8,
  "ep_size": 64,
  "seed": 35,
  "start_skew_us": 4.000000,
  "tau_g_ns": 143.360000,
  "grain_bytes": 7168,
  "total_tokens": 262144,
  "max_egress_load": 1734,
  "konig_us": 491.724800,
  "rtt_us": 0.900000,
  "barrier_us": 0.800000,
  "cct_us": 506.378613,
  "step_us": 1037.178613,
  "gemv_us": 530.000000,
  "e2e_us": 1036.378613,
  "throughput_GBs": 1811.691997,
  "latency_all": {
    "count": 262144,
    "mean_us": 45.277143,
    "p50_us": 18.367345,
    "p99_us": 210.794596,
    "min_us": 1.697205,
    "max_us": 253.798313
  },
  "latency_hot": {
    "count": 96640,
    "mean_us": 85.959156,
    "p50_us": 75.974631,
    "p99_us": 238.882662,
    "min_us": 1.750646,
    "max_us": 253.798313
  },
  "latency_cold": {
    "count": 54574,
    "mean_us": 11.931931,
    "p50_us": 11.611345,
    "p99_us": 23.723901,
    "min_us": 1.731776,
    "max_us": 27.384206
  },
  "dispatch_cct_us": 252.580300,
  "combine_cct_us": 253.798313,
  "roundtrip_step_us": 507.178613,
  "e2e_step_us": 1037.178613
}
