{
  "scenario": 4,
  "scheme": "ub_rg",
  "mode": "roundtrip",
  "batch": 512,
  "zipf_s": 0.000000,
  "topk": 8,
  "ep_size": 256,
  "seed": 93,
  "start_skew_us": 4.000000,
  "tau_g_ns": 143.360000,
  "grain_bytes": 7168,
  "total_tokens": 2097152,
  "max_egress_load": 621,
  "konig_us": 177.479680,
  "rtt_us": 0.800000,
  "barrier_us": 1.600000,
  "cct_us": 216.736602,
  "step_us": 384.860040,
  "gemv_us": 166.523438,
  "e2e_us": 383.260040,
  "throughput_GBs": 39059.356620,
  "latency_all": {
    "count": 2097152,
    "mean_us": 50.067883,
    "p50_us": 22.175317,
    "p99_us": 86.370440,
    "min_us": 1.363993,
    "max_us": 108.854722
  },
  "latency_hot": {
    "count": 204542,
    "mean_us": 49.921390,
    "p50_us": 48.881685,
    "p99_us": 88.350334,
    "min_us": 2.893216,
    "max_us": 106.615524
  },
  "latency_cold": {
    "count": 1047702,
    "mean_us": 50.109136,
    "p50_us": 28.638513,
    "p99_us": 82.322459,
    "min_us": 1.363993,
    "max_us": 107.155155
  },
  "dispatch_cct_us": 107.881880,
  "combine_cct_us": 108.854722,
  "roundtrip_step_us": 218.336602,
  "e2e_step_us": 384.860040
}
