{
  "scenario": 1,
  "scheme": "ub_rg_pop",
  "mode": "roundtrip",
  "batch": 128,
  "zipf_s": 0.000000,
  "topk": 8,
  "ep_size": 64,
  "seed": 4,
  "start_skew_us": 4.000000,
  "tau_g_ns": 143.360000,
  "grain_bytes": 7168,
  "total_tokens": 131072,
  "max_egress_load": 163,
  "konig_us": 46.305280,
  "rtt_us": 0.900000,
  "barrier_us": 0.800000,
  "cct_us": 84.712405,
  "step_us": 127.895218,
  "gemv_us": 42.382812,
  "e2e_us": 127.095218,
  "throughput_GBs": 7346.045544,
  "latency_all": {
    "count": 131072,
    "mean_us": 21.513633,
    "p50_us": 21.431084,
    "p99_us": 36.359677,
    "min_us": 1.470610,
    "max_us": 44.173950
  },
  "latency_hot": {
    "count": 12546,
    "mean_us": 20.396940,
    "p50_us": 20.327317,
    "p99_us": 36.108432,
    "min_us": 1.470610,
    "max_us": 42.326241
  },
  "latency_cold": {
    "count": 65596,
    "mean_us": 21.580590,
    "p50_us": 21.485058,
    "p99_us": 36.411839,
    "min_us": 2.374522,
    "max_us": 43.975495
  },
  "dispatch_cct_us": 44.173950,
  "combine_cct_us": 40.538456,
  "roundtrip_step_us": 85.512405,
  "e2e_step_us": 127.895218
}
