{
  "scenario": 4,
  "scheme": "ub_rg",
  "mode": "roundtrip",
  "batch": 512,
  "zipf_s": 0.000000,
  "topk": 8,
  "ep_size": 512,
  "seed": 27,
  "start_skew_us": 4.000000,
  "tau_g_ns": 143.360000,
  "grain_bytes": 7168,
  "total_tokens": 4194304,
  "max_egress_load": 633,
  "konig_us": 181.350400,
  "rtt_us": 0.800000,
  "barrier_us": 1.600000,
  "cct_us": 197.087915,
  "step_us": 365.523852,
  "gemv_us": 166.835938,
  "e2e_us": 363.923852,
  "throughput_GBs": 82251.187925,
  "latency_all": {
    "count": 4194304,
    "mean_us": 42.768097,
    "p50_us": 21.620070,
    "p99_us": 83.410479,
    "min_us": 1.086228,
    "max_us": 100.923254
  },
  "latency_hot": {
    "count": 417134,
    "mean_us": 42.680621,
    "p50_us": 42.998594,
    "p99_us": 80.149509,
    "min_us": 1.508690,
    "max_us": 97.958584
  },
  "latency_cold": {
    "count": 2099848,
    "mean_us": 42.854305,
    "p50_us": 17.140229,
    "p99_us": 80.611731,
    "min_us": 1.295360,
    "max_us": 99.667076
  },
  "dispatch_cct_us": 100.923254,
  "combine_cct_us": 96.164661,
  "roundtrip_step_us": 198.687915,
  "e2e_step_us": 365.523852
}
