{
  "scenario": 1,
  "scheme": "ub_rg_pop",
  "mode": "roundtrip",
  "batch": 64,
  "zipf_s": 0.300000,
  "topk": 8,
  "ep_size": 32,
  "seed": 52,
  "tau_g_ns": 143.360000,
  "grain_bytes": 7168,
  "total_tokens": 32768,
  "max_egress_load": 130,
  "konig_us": 35.696640,
  "rtt_us": 0.900000,
  "barrier_us": 0.800000,
  "cct_us": 39.999840,
  "step_us": 40.799840,
  "throughput_GBs": 5756.910441,
  "latency_all": {
    "count": 32768,
    "mean_us": 6.551444,
    "p50_us": 6.223805,
    "p99_us": 15.835219,
    "min_us": 1.446045,
    "max_us": 20.028106
  },
  "latency_hot": {
    "count": 4852,
    "mean_us": 9.012402,
    "p50_us": 8.867125,
    "p99_us": 18.243412,
    "min_us": 1.448376,
    "max_us": 20.028106
  },
  "latency_cold": {
    "count": 13850,
    "mean_us": 5.606001,
    "p50_us": 5.509591,
    "p99_us": 10.484695,
    "min_us": 1.446589,
    "max_us": 11.752238
  },
  "dispatch_cct_us": 20.028106,
  "combine_cct_us": 19.971734,
  "roundtrip_step_us": 40.799840
}
