{
  "scenario": 1,
  "scheme": "islip",
  "mode": "roundtrip",
  "batch": 64,
  "zipf_s": 0.300000,
  "topk": 8,
  "ep_size": 64,
  "seed": 78,
  "start_skew_us": 4.000000,
  "tau_g_ns": 143.360000,
  "grain_bytes": 7168,
  "total_tokens": 65536,
  "max_egress_load": 168,
  "konig_us": 46.161920,
  "rtt_us": 0.600000,
  "barrier_us": 0.800000,
  "cct_us": 76.294924,
  "step_us": 125.141799,
  "gemv_us": 48.046875,
  "e2e_us": 124.341799,
  "throughput_GBs": 3753.838071,
  "latency_all": {
    "count": 65536,
    "mean_us": 14.884476,
    "p50_us": 14.612345,
    "p99_us": 29.383883,
    "min_us": 1.150244,
    "max_us": 41.172283
  },
  "latency_hot": {
    "count": 10808,
    "mean_us": 17.490957,
    "p50_us": 17.167745,
    "p99_us": 32.795210,
    "min_us": 1.278709,
    "max_us": 41.172283
  },
  "latency_cold": {
    "count": 26602,
    "mean_us": 13.740580,
    "p50_us": 13.708952,
    "p99_us": 25.029500,
    "min_us": 1.169750,
    "max_us": 28.444298
  },
  "dispatch_cct_us": 41.172283,
  "combine_cct_us": 35.122640,
  "roundtrip_step_us": 77.094924,
  "e2e_step_us": 125.141799
}
