{
  "scenario": 1,
  "scheme": "packet_spray",
  "mode": "roundtrip",
  "batch": 16,
  "zipf_s": 0.700000,
  "topk": 8,
  "ep_size": 128,
  "seed": 47,
  "tau_g_ns": 143.360000,
  "grain_bytes": 7168,
  "total_tokens": 32768,
  "max_egress_load": 157,
  "konig_us": 42.864640,
  "rtt_us": 0.000000,
  "barrier_us": 4.000000,
  "cct_us": 48.095520,
  "step_us": 52.095520,
  "throughput_GBs": 4508.660706,
  "latency_all": {
    "count": 32768,
    "mean_us": 8.096256,
    "p50_us": 5.697680,
    "p99_us": 21.897360,
    "min_us": 0.536720,
    "max_us": 24.477840
  },
  "latency_hot": {
    "count": 11518,
    "mean_us": 9.198910,
    "p50_us": 7.991440,
    "p99_us": 21.323920,
    "min_us": 0.536720,
    "max_us": 24.477840
  },
  "latency_cold": {
    "count": 7882,
    "mean_us": 7.526602,
    "p50_us": 3.547280,
    "p99_us": 22.470800,
    "min_us": 0.536720,
    "max_us": 23.617680
  },
  "dispatch_cct_us": 24.477840,
  "combine_cct_us": 23.617680,
  "roundtrip_step_us": 52.095520
}
