{
  "scenario": 2,
  "scheme": "packet_spray",
  "mode": "roundtrip",
  "batch": 256,
  "zipf_s": 0.700000,
  "topk": 8,
  "ep_size": 1024,
  "seed": 56,
  "tau_g_ns": 143.360000,
  "grain_bytes": 7168,
  "total_tokens": 4194304,
  "max_egress_load": 9693,
  "konig_us": 2761.687040,
  "rtt_us": 0.000000,
  "barrier_us": 8.000000,
  "cct_us": 2834.410400,
  "step_us": 2842.410400,
  "throughput_GBs": 10577.209777,
  "latency_all": {
    "count": 4194304,
    "mean_us": 433.198440,
    "p50_us": 50.052560,
    "p99_us": 865.914320,
    "min_us": 0.880080,
    "max_us": 1424.444880
  },
  "latency_hot": {
    "count": 1823416,
    "mean_us": 474.849691,
    "p50_us": 73.133520,
    "p99_us": 870.358480,
    "min_us": 0.880080,
    "max_us": 1424.444880
  },
  "latency_cold": {
    "count": 894782,
    "mean_us": 401.232888,
    "p50_us": 41.164240,
    "p99_us": 54.210000,
    "min_us": 0.880080,
    "max_us": 1409.965520
  },
  "dispatch_cct_us": 1424.444880,
  "combine_cct_us": 1409.965520,
  "roundtrip_step_us": 2842.410400
}
