{
  "scenario": 1,
  "scheme": "ub_rg_pop",
  "mode": "roundtrip",
  "batch": 16,
  "zipf_s": 0.300000,
  "topk": 8,
  "ep_size": 64,
  "seed": 15,
  "tau_g_ns": 143.360000,
  "grain_bytes": 7168,
  "total_tokens": 16384,
  "max_egress_load": 45,
  "konig_us": 12.042240,
  "rtt_us": 0.900000,
  "barrier_us": 0.800000,
  "cct_us": 15.661344,
  "step_us": 16.461344,
  "throughput_GBs": 7134.321071,
  "latency_all": {
    "count": 16384,
    "mean_us": 3.058800,
    "p50_us": 2.904006,
    "p99_us": 6.170034,
    "min_us": 1.443733,
    "max_us": 7.833841
  },
  "latency_hot": {
    "count": 2700,
    "mean_us": 3.885860,
    "p50_us": 3.786471,
    "p99_us": 7.040286,
    "min_us": 1.444963,
    "max_us": 7.833841
  },
  "latency_cold": {
    "count": 6458,
    "mean_us": 2.680539,
    "p50_us": 2.633253,
    "p99_us": 4.357040,
    "min_us": 1.443733,
    "max_us": 5.226310
  },
  "dispatch_cct_us": 7.833841,
  "combine_cct_us": 7.827503,
  "roundtrip_step_us": 16.461344
}
