{
  "scenario": 4,
  "scheme": "ub_rg",
  "mode": "roundtrip",
  "batch": 64,
  "zipf_s": 0.700000,
  "topk": 8,
  "ep_size": 256,
  "seed": 93,
  "start_skew_us": 4.000000,
  "tau_g_ns": 143.360000,
  "grain_bytes": 7168,
  "total_tokens": 262144,
  "max_egress_load": 983,
  "konig_us": 271.093760,
  "rtt_us": 0.800000,
  "barrier_us": 1.600000,
  "cct_us": 306.357564,
  "step_us": 591.590377,
  "gemv_us": 283.632812,
  "e2e_us": 589.990377,
  "throughput_GBs": 3176.265649,
  "latency_all": {
    "count": 262144,
    "mean_us": 25.491481,
    "p50_us": 16.947023,
    "p99_us": 104.971087,
    "min_us": 1.363993,
    "max_us": 157.925175
  },
  "latency_hot": {
    "count": 101530,
    "mean_us": 39.573393,
    "p50_us": 31.452534,
    "p99_us": 130.539741,
    "min_us": 2.755920,
    "max_us": 157.925175
  },
  "latency_cold": {
    "count": 60442,
    "mean_us": 14.770098,
    "p50_us": 14.909716,
    "p99_us": 23.737006,
    "min_us": 1.363993,
    "max_us": 33.529949
  },
  "dispatch_cct_us": 157.925175,
  "combine_cct_us": 148.432389,
  "roundtrip_step_us": 307.957564,
  "e2e_step_us": 591.590377
}
