{
  "scenario": 1,
  "scheme": "ub_rg_pop",
  "mode": "roundtrip",
  "batch": 256,
  "zipf_s": 0.900000,
  "topk": 8,
  "ep_size": 64,
  "seed": 65,
  "start_skew_us": 4.000000,
  "tau_g_ns": 143.360000,
  "grain_bytes": 7168,
  "total_tokens": 262144,
  "max_egress_load": 1712,
  "konig_us": 487.710720,
  "rtt_us": 0.900000,
  "barrier_us": 0.800000,
  "cct_us": 515.855763,
  "step_us": 1044.741701,
  "gemv_us": 528.085938,
  "e2e_us": 1043.941701,
  "throughput_GBs": 1798.576807,
  "latency_all": {
    "count": 262144,
    "mean_us": 51.661280,
    "p50_us": 25.620132,
    "p99_us": 217.226526,
    "min_us": 1.456360,
    "max_us": 260.378149
  },
  "latency_hot": {
    "count": 96454,
    "mean_us": 92.192679,
    "p50_us": 82.338082,
    "p99_us": 244.052126,
    "min_us": 1.906578,
    "max_us": 260.378149
  },
  "latency_cold": {
    "count": 56042,
    "mean_us": 18.966956,
    "p50_us": 18.661806,
    "p99_us": 34.599338,
    "min_us": 1.931834,
    "max_us": 45.143619
  },
  "dispatch_cct_us": 260.378149,
  "combine_cct_us": 255.477614,
  "roundtrip_step_us": 516.655763,
  "e2e_step_us": 1044.741701
}
