{
  "scenario": 1,
  "scheme": "islip",
  "mode": "roundtrip",
  "batch": 512,
  "zipf_s": 0.900000,
  "topk": 8,
  "ep_size": 64,
  "seed": 89,
  "start_skew_us": 4.000000,
  "tau_g_ns": 143.360000,
  "grain_bytes": 7168,
  "total_tokens": 524288,
  "max_egress_load": 3425,
  "konig_us": 975.564800,
  "rtt_us": 0.600000,
  "barrier_us": 0.800000,
  "cct_us": 1010.502672,
  "step_us": 2067.279234,
  "gemv_us": 1055.976562,
  "e2e_us": 2066.479234,
  "throughput_GBs": 1817.894903,
  "latency_all": {
    "count": 524288,
    "mean_us": 93.405111,
    "p50_us": 38.094568,
    "p99_us": 197.172187,
    "min_us": 1.145775,
    "max_us": 508.050086
  },
  "latency_hot": {
    "count": 192710,
    "mean_us": 175.598345,
    "p50_us": 155.431312,
    "p99_us": 479.351834,
    "min_us": 1.610993,
    "max_us": 508.050086
  },
  "latency_cold": {
    "count": 110966,
    "mean_us": 26.292184,
    "p50_us": 25.725301,
    "p99_us": 53.149290,
    "min_us": 1.145775,
    "max_us": 62.464613
  },
  "dispatch_cct_us": 502.452586,
  "combine_cct_us": 508.050086,
  "roundtrip_step_us": 1011.302672,
  "e2e_step_us": 2067.279234
}
