{
  "scenario": 4,
  "scheme": "packet_spray",
  "mode": "roundtrip",
  "batch": 64,
  "zipf_s": 0.700000,
  "topk": 8,
  "ep_size": 256,
  "seed": 76,
  "start_skew_us": 4.000000,
  "tau_g_ns": 143.360000,
  "grain_bytes": 7168,
  "total_tokens": 262144,
  "max_egress_load": 966,
  "konig_us": 268.083200,
  "rtt_us": 0.000000,
  "barrier_us": 6.000000,
  "cct_us": 315.194748,
  "step_us": 603.538498,
  "gemv_us": 282.343750,
  "e2e_us": 597.538498,
  "throughput_GBs": 3113.385802,
  "latency_all": {
    "count": 262144,
    "mean_us": 56.122432,
    "p50_us": 33.204506,
    "p99_us": 137.713946,
    "min_us": 0.193360,
    "max_us": 160.221466
  },
  "latency_hot": {
    "count": 101226,
    "mean_us": 61.484317,
    "p50_us": 50.694426,
    "p99_us": 141.354082,
    "min_us": 2.934467,
    "max_us": 154.973282
  },
  "latency_cold": {
    "count": 60392,
    "mean_us": 52.728005,
    "p50_us": 30.020014,
    "p99_us": 142.874906,
    "min_us": 2.487120,
    "max_us": 160.221466
  },
  "dispatch_cct_us": 154.973282,
  "combine_cct_us": 160.221466,
  "roundtrip_step_us": 321.194748,
  "e2e_step_us": 603.538498
}
