{
  "scenario": 1,
  "scheme": "packet_spray",
  "mode": "roundtrip",
  "batch": 512,
  "zipf_s": 0.700000,
  "topk": 8,
  "ep_size": 128,
  "seed": 18,
  "start_skew_us": 4.000000,
  "tau_g_ns": 143.360000,
  "grain_bytes": 7168,
  "total_tokens": 1048576,
  "max_egress_load": 4477,
  "konig_us": 1272.606720,
  "rtt_us": 0.000000,
  "barrier_us": 4.000000,
  "cct_us": 1429.439085,
  "step_us": 2808.400022,
  "gemv_us": 1374.960938,
  "e2e_us": 2804.400022,
  "throughput_GBs": 2676.325562,
  "latency_all": {
    "count": 1048576,
    "mean_us": 262.828331,
    "p50_us": 102.951411,
    "p99_us": 351.107571,
    "min_us": 5.093063,
    "max_us": 715.155143
  },
  "latency_hot": {
    "count": 360924,
    "mean_us": 294.405985,
    "p50_us": 214.055411,
    "p99_us": 667.129543,
    "min_us": 5.093063,
    "max_us": 715.155143
  },
  "latency_cold": {
    "count": 258208,
    "mean_us": 246.246310,
    "p50_us": 111.331809,
    "p99_us": 685.325222,
    "min_us": 5.093063,
    "max_us": 714.283942
  },
  "dispatch_cct_us": 715.155143,
  "combine_cct_us": 714.283942,
  "roundtrip_step_us": 1433.439085,
  "e2e_step_us": 2808.400022
}
