{
  "scenario": 4,
  "scheme": "ub_rg_pop",
  "mode": "roundtrip",
  "batch": 128,
  "zipf_s": 0.700000,
  "topk": 8,
  "ep_size": 256,
  "seed": 50,
  "start_skew_us": 4.000000,
  "tau_g_ns": 143.360000,
  "grain_bytes": 7168,
  "total_tokens": 524288,
  "max_egress_load": 1983,
  "konig_us": 543.477760,
  "rtt_us": 1.200000,
  "barrier_us": 1.600000,
  "cct_us": 594.753094,
  "step_us": 1161.118719,
  "gemv_us": 564.765625,
  "e2e_us": 1159.518719,
  "throughput_GBs": 3236.616828,
  "latency_all": {
    "count": 524288,
    "mean_us": 39.818303,
    "p50_us": 22.719919,
    "p99_us": 68.794760,
    "min_us": 1.676276,
    "max_us": 298.282506
  },
  "latency_hot": {
    "count": 203380,
    "mean_us": 68.175700,
    "p50_us": 50.190483,
    "p99_us": 236.565276,
    "min_us": 3.270433,
    "max_us": 298.282506
  },
  "latency_cold": {
    "count": 120652,
    "mean_us": 18.072062,
    "p50_us": 18.018206,
    "p99_us": 29.709153,
    "min_us": 1.753153,
    "max_us": 38.549313
  },
  "dispatch_cct_us": 298.282506,
  "combine_cct_us": 296.470588,
  "roundtrip_step_us": 596.353094,
  "e2e_step_us": 1161.118719
}
