{
  "scenario": 4,
  "scheme": "packet_spray",
  "mode": "roundtrip",
  "batch": 512,
  "zipf_s": 0.900000,
  "topk": 8,
  "ep_size": 512,
  "seed": 19,
  "start_skew_us": 4.000000,
  "tau_g_ns": 143.360000,
  "grain_bytes": 7168,
  "total_tokens": 4194304,
  "max_egress_load": 22137,
  "konig_us": 6057.103360,
  "rtt_us": 0.000000,
  "barrier_us": 6.000000,
  "cct_us": 6200.955008,
  "step_us": 12492.580008,
  "gemv_us": 6285.625000,
  "e2e_us": 12486.580008,
  "throughput_GBs": 2406.610248,
  "latency_all": {
    "count": 4194304,
    "mean_us": 907.320854,
    "p50_us": 114.429902,
    "p99_us": 2310.683597,
    "min_us": 0.480080,
    "max_us": 3267.172105
  },
  "latency_hot": {
    "count": 2323498,
    "mean_us": 1002.652824,
    "p50_us": 157.613567,
    "p99_us": 2323.642743,
    "min_us": 1.231305,
    "max_us": 3234.342665
  },
  "latency_cold": {
    "count": 609412,
    "mean_us": 787.926996,
    "p50_us": 91.127759,
    "p99_us": 124.762571,
    "min_us": 0.480080,
    "max_us": 3267.172105
  },
  "dispatch_cct_us": 2933.782903,
  "combine_cct_us": 3267.172105,
  "roundtrip_step_us": 6206.955008,
  "e2e_step_us": 12492.580008
}
