{
  "scenario": 1,
  "scheme": "packet_spray",
  "mode": "roundtrip",
  "batch": 128,
  "zipf_s": 0.300000,
  "topk": 8,
  "ep_size": 32,
  "seed": 82,
  "start_skew_us": 4.000000,
  "tau_g_ns": 143.360000,
  "grain_bytes": 7168,
  "total_tokens": 65536,
  "max_egress_load": 263,
  "konig_us": 71.823360,
  "rtt_us": 0.000000,
  "barrier_us": 4.000000,
  "cct_us": 114.456148,
  "step_us": 192.753023,
  "gemv_us": 74.296875,
  "e2e_us": 188.753023,
  "throughput_GBs": 2437.118962,
  "latency_all": {
    "count": 65536,
    "mean_us": 32.060199,
    "p50_us": 32.639463,
    "p99_us": 51.701188,
    "min_us": 0.536720,
    "max_us": 62.596548
  },
  "latency_hot": {
    "count": 9652,
    "mean_us": 30.079696,
    "p50_us": 30.489063,
    "p99_us": 58.009028,
    "min_us": 0.536720,
    "max_us": 62.596548
  },
  "latency_cold": {
    "count": 27136,
    "mean_us": 33.829397,
    "p50_us": 33.786343,
    "p99_us": 49.269223,
    "min_us": 6.544963,
    "max_us": 51.859600
  },
  "dispatch_cct_us": 62.596548,
  "combine_cct_us": 51.859600,
  "roundtrip_step_us": 118.456148,
  "e2e_step_us": 192.753023
}
