{
  "scenario": 4,
  "scheme": "ub_rg",
  "mode": "roundtrip",
  "batch": 512,
  "zipf_s": 0.900000,
  "topk": 8,
  "ep_size": 512,
  "seed": 52,
  "start_skew_us": 4.000000,
  "tau_g_ns": 143.360000,
  "grain_bytes": 7168,
  "total_tokens": 4194304,
  "max_egress_load": 22311,
  "konig_us": 6090.506240,
  "rtt_us": 0.800000,
  "barrier_us": 1.600000,
  "cct_us": 6404.260738,
  "step_us": 12709.688863,
  "gemv_us": 6303.828125,
  "e2e_us": 12708.088863,
  "throughput_GBs": 2365.500163,
  "latency_all": {
    "count": 4194304,
    "mean_us": 291.891254,
    "p50_us": 21.087130,
    "p99_us": 2285.580278,
    "min_us": 1.053026,
    "max_us": 3203.781248
  },
  "latency_hot": {
    "count": 2324678,
    "mean_us": 501.354364,
    "p50_us": 57.246868,
    "p99_us": 2285.580278,
    "min_us": 1.322108,
    "max_us": 3203.781248
  },
  "latency_cold": {
    "count": 610682,
    "mean_us": 16.565541,
    "p50_us": 14.111450,
    "p99_us": 27.586822,
    "min_us": 1.053026,
    "max_us": 80.850461
  },
  "dispatch_cct_us": 3203.781248,
  "combine_cct_us": 3200.479490,
  "roundtrip_step_us": 6405.860738,
  "e2e_step_us": 12709.688863
}
