{
  "scenario": 1,
  "scheme": "ub_rg",
  "mode": "roundtrip",
  "batch": 256,
  "zipf_s": 0.300000,
  "topk": 8,
  "ep_size": 128,
  "seed": 21,
  "start_skew_us": 4.000000,
  "tau_g_ns": 143.360000,
  "grain_bytes": 7168,
  "total_tokens": 524288,
  "max_egress_load": 755,
  "konig_us": 214.466560,
  "rtt_us": 0.600000,
  "barrier_us": 0.800000,
  "cct_us": 224.765317,
  "step_us": 457.010630,
  "gemv_us": 231.445312,
  "e2e_us": 456.210630,
  "throughput_GBs": 8223.214380,
  "latency_all": {
    "count": 524288,
    "mean_us": 24.418720,
    "p50_us": 18.793914,
    "p99_us": 39.911411,
    "min_us": 1.188562,
    "max_us": 112.713280
  },
  "latency_hot": {
    "count": 90174,
    "mean_us": 39.131636,
    "p50_us": 37.346813,
    "p99_us": 102.037241,
    "min_us": 1.680224,
    "max_us": 112.713280
  },
  "latency_cold": {
    "count": 207352,
    "mean_us": 18.528054,
    "p50_us": 17.822023,
    "p99_us": 35.113924,
    "min_us": 1.207435,
    "max_us": 41.711535
  },
  "dispatch_cct_us": 112.052037,
  "combine_cct_us": 112.713280,
  "roundtrip_step_us": 225.565317,
  "e2e_step_us": 457.010630
}
