{
  "scenario": 3,
  "scheme": "ub_rg_pop",
  "mode": "roundtrip",
  "batch": 64,
  "zipf_s": 0.900000,
  "topk": 8,
  "ep_size": 256,
  "seed": 25,
  "tau_g_ns": 143.360000,
  "grain_bytes": 7168,
  "total_tokens": 262144,
  "max_egress_load": 1437,
  "konig_us": 407.285760,
  "rtt_us": 1.650000,
  "barrier_us": 2.400000,
  "cct_us": 416.941135,
  "step_us": 419.341135,
  "throughput_GBs": 4480.953652,
  "latency_all": {
    "count": 262144,
    "mean_us": 26.734357,
    "p50_us": 7.785195,
    "p99_us": 167.941998,
    "min_us": 2.593407,
    "max_us": 208.472654
  },
  "latency_hot": {
    "count": 133358,
    "mean_us": 45.787543,
    "p50_us": 28.979058,
    "p99_us": 191.850603,
    "min_us": 2.594488,
    "max_us": 208.472654
  },
  "latency_cold": {
    "count": 41960,
    "mean_us": 4.692933,
    "p50_us": 4.610087,
    "p99_us": 7.652853,
    "min_us": 2.593407,
    "max_us": 9.637916
  },
  "dispatch_cct_us": 208.468481,
  "combine_cct_us": 208.472654,
  "roundtrip_step_us": 419.341135
}
