{
  "scenario": 1,
  "scheme": "ub_rg_pop",
  "mode": "roundtrip",
  "batch": 256,
  "zipf_s": 0.000000,
  "topk": 8,
  "ep_size": 128,
  "seed": 8,
  "start_skew_us": 4.000000,
  "tau_g_ns": 143.360000,
  "grain_bytes": 7168,
  "total_tokens": 524288,
  "max_egress_load": 305,
  "konig_us": 87.306240,
  "rtt_us": 0.900000,
  "barrier_us": 0.800000,
  "cct_us": 127.612109,
  "step_us": 212.708984,
  "gemv_us": 84.296875,
  "e2e_us": 211.908984,
  "throughput_GBs": 17667.783967,
  "latency_all": {
    "count": 524288,
    "mean_us": 31.372025,
    "p50_us": 27.546907,
    "p99_us": 45.560848,
    "min_us": 1.471625,
    "max_us": 65.029321
  },
  "latency_hot": {
    "count": 48886,
    "mean_us": 31.592682,
    "p50_us": 31.466839,
    "p99_us": 53.851275,
    "min_us": 2.255159,
    "max_us": 60.386271
  },
  "latency_cold": {
    "count": 261958,
    "mean_us": 31.351365,
    "p50_us": 26.869422,
    "p99_us": 53.293520,
    "min_us": 1.471625,
    "max_us": 62.934240
  },
  "dispatch_cct_us": 65.029321,
  "combine_cct_us": 62.582788,
  "roundtrip_step_us": 128.412109,
  "e2e_step_us": 212.708984
}
