{
  "scenario": 4,
  "scheme": "ub_rg",
  "mode": "roundtrip",
  "batch": 512,
  "zipf_s": 0.300000,
  "topk": 8,
  "ep_size": 128,
  "seed": 25,
  "start_skew_us": 4.000000,
  "tau_g_ns": 143.360000,
  "grain_bytes": 7168,
  "total_tokens": 1048576,
  "max_egress_load": 1628,
  "konig_us": 447.569920,
  "rtt_us": 0.800000,
  "barrier_us": 1.600000,
  "cct_us": 472.388498,
  "step_us": 940.629123,
  "gemv_us": 466.640625,
  "e2e_us": 939.029123,
  "throughput_GBs": 7990.601805,
  "latency_all": {
    "count": 1048576,
    "mean_us": 45.302958,
    "p50_us": 20.242804,
    "p99_us": 95.128284,
    "min_us": 1.187154,
    "max_us": 236.262807
  },
  "latency_hot": {
    "count": 182628,
    "mean_us": 75.661745,
    "p50_us": 72.057543,
    "p99_us": 200.666048,
    "min_us": 1.661414,
    "max_us": 236.262807
  },
  "latency_cold": {
    "count": 412690,
    "mean_us": 33.279255,
    "p50_us": 32.480150,
    "p99_us": 62.530372,
    "min_us": 1.291557,
    "max_us": 100.657711
  },
  "dispatch_cct_us": 236.262807,
  "combine_cct_us": 236.125691,
  "roundtrip_step_us": 473.988498,
  "e2e_step_us": 940.629123
}
