{
  "scenario": 2,
  "scheme": "packet_spray",
  "mode": "roundtrip",
  "batch": 16,
  "zipf_s": 0.900000,
  "topk": 8,
  "ep_size": 1024,
  "seed": 76,
  "tau_g_ns": 143.360000,
  "grain_bytes": 7168,
  "total_tokens": 262144,
  "max_egress_load": 1201,
  "konig_us": 337.756160,
  "rtt_us": 0.000000,
  "barrier_us": 8.000000,
  "cct_us": 344.103840,
  "step_us": 352.103840,
  "throughput_GBs": 5336.630785,
  "latency_all": {
    "count": 262144,
    "mean_us": 52.090180,
    "p50_us": 17.079760,
    "p99_us": 164.167120,
    "min_us": 0.880080,
    "max_us": 174.775760
  },
  "latency_hot": {
    "count": 154498,
    "mean_us": 56.327575,
    "p50_us": 37.866960,
    "p99_us": 166.030800,
    "min_us": 0.880080,
    "max_us": 174.775760
  },
  "latency_cold": {
    "count": 35010,
    "mean_us": 46.108162,
    "p50_us": 4.894160,
    "p99_us": 167.894480,
    "min_us": 0.880080,
    "max_us": 169.328080
  },
  "dispatch_cct_us": 174.775760,
  "combine_cct_us": 169.328080,
  "roundtrip_step_us": 352.103840
}
