{
  "scenario": 1,
  "scheme": "islip",
  "mode": "roundtrip",
  "batch": 512,
  "zipf_s": 0.700000,
  "topk": 8,
  "ep_size": 64,
  "seed": 5,
  "start_skew_us": 4.000000,
  "tau_g_ns": 143.360000,
  "grain_bytes": 7168,
  "total_tokens": 524288,
  "max_egress_load": 2716,
  "konig_us": 770.990080,
  "rtt_us": 0.600000,
  "barrier_us": 0.800000,
  "cct_us": 803.791860,
  "step_us": 1636.310610,
  "gemv_us": 831.718750,
  "e2e_us": 1635.510610,
  "throughput_GBs": 2296.688882,
  "latency_all": {
    "count": 524288,
    "mean_us": 74.476009,
    "p50_us": 40.034817,
    "p99_us": 143.961841,
    "min_us": 1.156219,
    "max_us": 402.539912
  },
  "latency_hot": {
    "count": 155940,
    "mean_us": 142.092030,
    "p50_us": 129.073252,
    "p99_us": 379.877318,
    "min_us": 1.191429,
    "max_us": 402.539912
  },
  "latency_cold": {
    "count": 141466,
    "mean_us": 31.310878,
    "p50_us": 30.779747,
    "p99_us": 60.411714,
    "min_us": 1.156219,
    "max_us": 70.788557
  },
  "dispatch_cct_us": 401.251948,
  "combine_cct_us": 402.539912,
  "roundtrip_step_us": 804.591860,
  "e2e_step_us": 1636.310610
}
