{
  "scenario": 1,
  "scheme": "islip",
  "mode": "roundtrip",
  "batch": 64,
  "zipf_s": 0.900000,
  "topk": 8,
  "ep_size": 64,
  "seed": 21,
  "start_skew_us": 4.000000,
  "tau_g_ns": 143.360000,
  "grain_bytes": 7168,
  "total_tokens": 65536,
  "max_egress_load": 434,
  "konig_us": 122.859520,
  "rtt_us": 0.600000,
  "barrier_us": 0.800000,
  "cct_us": 157.334134,
  "step_us": 290.048196,
  "gemv_us": 131.914062,
  "e2e_us": 289.248196,
  "throughput_GBs": 1619.599964,
  "latency_all": {
    "count": 65536,
    "mean_us": 21.542810,
    "p50_us": 17.860782,
    "p99_us": 67.416275,
    "min_us": 1.162708,
    "max_us": 80.874543
  },
  "latency_hot": {
    "count": 24232,
    "mean_us": 31.911277,
    "p50_us": 29.226749,
    "p99_us": 72.144637,
    "min_us": 1.472651,
    "max_us": 80.874543
  },
  "latency_cold": {
    "count": 13588,
    "mean_us": 13.189432,
    "p50_us": 13.240576,
    "p99_us": 22.956324,
    "min_us": 1.162708,
    "max_us": 26.625443
  },
  "dispatch_cct_us": 80.874543,
  "combine_cct_us": 76.459591,
  "roundtrip_step_us": 158.134134,
  "e2e_step_us": 290.048196
}
