{
  "scenario": 1,
  "scheme": "ub_rg_pop",
  "mode": "roundtrip",
  "batch": 256,
  "zipf_s": 0.900000,
  "topk": 8,
  "ep_size": 64,
  "seed": 49,
  "start_skew_us": 4.000000,
  "tau_g_ns": 143.360000,
  "grain_bytes": 7168,
  "total_tokens": 262144,
  "max_egress_load": 1712,
  "konig_us": 485.990400,
  "rtt_us": 0.900000,
  "barrier_us": 0.800000,
  "cct_us": 516.197146,
  "step_us": 1041.333083,
  "gemv_us": 524.335938,
  "e2e_us": 1040.533083,
  "throughput_GBs": 1804.464126,
  "latency_all": {
    "count": 262144,
    "mean_us": 51.663154,
    "p50_us": 25.933145,
    "p99_us": 215.271167,
    "min_us": 1.451939,
    "max_us": 259.733019
  },
  "latency_hot": {
    "count": 96534,
    "mean_us": 91.081444,
    "p50_us": 81.854478,
    "p99_us": 242.623881,
    "min_us": 1.550841,
    "max_us": 259.733019
  },
  "latency_cold": {
    "count": 55670,
    "mean_us": 19.433642,
    "p50_us": 19.235357,
    "p99_us": 34.113934,
    "min_us": 1.451939,
    "max_us": 43.977531
  },
  "dispatch_cct_us": 259.733019,
  "combine_cct_us": 256.464127,
  "roundtrip_step_us": 516.997146,
  "e2e_step_us": 1041.333083
}
