{
  "scenario": 4,
  "scheme": "packet_spray",
  "mode": "roundtrip",
  "batch": 256,
  "zipf_s": 0.900000,
  "topk": 8,
  "ep_size": 512,
  "seed": 42,
  "start_skew_us": 4.000000,
  "tau_g_ns": 143.360000,
  "grain_bytes": 7168,
  "total_tokens": 2097152,
  "max_egress_load": 11132,
  "konig_us": 3042.385920,
  "rtt_us": 0.000000,
  "barrier_us": 6.000000,
  "cct_us": 3148.029742,
  "step_us": 6307.115680,
  "gemv_us": 3153.085938,
  "e2e_us": 6301.115680,
  "throughput_GBs": 2383.400955,
  "latency_all": {
    "count": 2097152,
    "mean_us": 465.125533,
    "p50_us": 61.238947,
    "p99_us": 918.482032,
    "min_us": 1.483600,
    "max_us": 1655.486500
  },
  "latency_hot": {
    "count": 1162716,
    "mean_us": 513.593391,
    "p50_us": 99.322992,
    "p99_us": 923.154972,
    "min_us": 3.597296,
    "max_us": 1637.566500
  },
  "latency_cold": {
    "count": 304832,
    "mean_us": 402.846687,
    "p50_us": 56.339183,
    "p99_us": 1426.970660,
    "min_us": 1.483600,
    "max_us": 1655.486500
  },
  "dispatch_cct_us": 1492.543243,
  "combine_cct_us": 1655.486500,
  "roundtrip_step_us": 3154.029742,
  "e2e_step_us": 6307.115680
}
