{
  "scenario": 1,
  "scheme": "ub_rg_pop",
  "mode": "roundtrip",
  "batch": 128,
  "zipf_s": 0.700000,
  "topk": 8,
  "ep_size": 64,
  "seed": 8,
  "start_skew_us": 4.000000,
  "tau_g_ns": 143.360000,
  "grain_bytes": 7168,
  "total_tokens": 131072,
  "max_egress_load": 676,
  "konig_us": 191.959040,
  "rtt_us": 0.900000,
  "barrier_us": 0.800000,
  "cct_us": 201.923014,
  "step_us": 409.871452,
  "gemv_us": 207.148438,
  "e2e_us": 409.071452,
  "throughput_GBs": 2292.240877,
  "latency_all": {
    "count": 131072,
    "mean_us": 19.496561,
    "p50_us": 13.374087,
    "p99_us": 87.030243,
    "min_us": 1.483499,
    "max_us": 101.042644
  },
  "latency_hot": {
    "count": 38964,
    "mean_us": 35.969890,
    "p50_us": 32.739853,
    "p99_us": 95.317431,
    "min_us": 1.636265,
    "max_us": 101.042644
  },
  "latency_cold": {
    "count": 35194,
    "mean_us": 8.805371,
    "p50_us": 8.621358,
    "p99_us": 16.594965,
    "min_us": 1.483499,
    "max_us": 20.320016
  },
  "dispatch_cct_us": 100.880370,
  "combine_cct_us": 101.042644,
  "roundtrip_step_us": 202.723014,
  "e2e_step_us": 409.871452
}
