{
  "scenario": 1,
  "scheme": "ub_rg_pop",
  "mode": "roundtrip",
  "batch": 256,
  "zipf_s": 0.700000,
  "topk": 8,
  "ep_size": 64,
  "seed": 16,
  "tau_g_ns": 143.360000,
  "grain_bytes": 7168,
  "total_tokens": 262144,
  "max_egress_load": 1350,
  "konig_us": 382.914560,
  "rtt_us": 0.900000,
  "barrier_us": 0.800000,
  "cct_us": 389.905373,
  "step_us": 390.705373,
  "throughput_GBs": 4809.373820,
  "latency_all": {
    "count": 262144,
    "mean_us": 33.139207,
    "p50_us": 15.846290,
    "p99_us": 155.002880,
    "min_us": 1.443851,
    "max_us": 195.011909
  },
  "latency_hot": {
    "count": 78064,
    "mean_us": 66.469249,
    "p50_us": 60.156491,
    "p99_us": 183.910975,
    "min_us": 1.447319,
    "max_us": 195.011909
  },
  "latency_cold": {
    "count": 70534,
    "mean_us": 11.981731,
    "p50_us": 11.684406,
    "p99_us": 25.847575,
    "min_us": 1.444963,
    "max_us": 29.404478
  },
  "dispatch_cct_us": 195.011909,
  "combine_cct_us": 194.893464,
  "roundtrip_step_us": 390.705373
}
