{
  "scenario": 1,
  "scheme": "islip",
  "mode": "roundtrip",
  "batch": 128,
  "zipf_s": 0.700000,
  "topk": 8,
  "ep_size": 64,
  "seed": 89,
  "start_skew_us": 4.000000,
  "tau_g_ns": 143.360000,
  "grain_bytes": 7168,
  "total_tokens": 131072,
  "max_egress_load": 693,
  "konig_us": 196.259840,
  "rtt_us": 0.600000,
  "barrier_us": 0.800000,
  "cct_us": 208.313477,
  "step_us": 420.285352,
  "gemv_us": 211.171875,
  "e2e_us": 419.485352,
  "throughput_GBs": 2235.443353,
  "latency_all": {
    "count": 131072,
    "mean_us": 19.181176,
    "p50_us": 12.904391,
    "p99_us": 88.949809,
    "min_us": 1.188951,
    "max_us": 104.489415
  },
  "latency_hot": {
    "count": 39100,
    "mean_us": 36.353449,
    "p50_us": 32.800821,
    "p99_us": 97.159502,
    "min_us": 1.346666,
    "max_us": 104.489415
  },
  "latency_cold": {
    "count": 35520,
    "mean_us": 8.397167,
    "p50_us": 8.191408,
    "p99_us": 16.386129,
    "min_us": 1.188951,
    "max_us": 20.633137
  },
  "dispatch_cct_us": 104.489415,
  "combine_cct_us": 103.824061,
  "roundtrip_step_us": 209.113477,
  "e2e_step_us": 420.285352
}
