{
  "scenario": 1,
  "scheme": "ub_rg_pop",
  "mode": "roundtrip",
  "batch": 64,
  "zipf_s": 0.300000,
  "topk": 8,
  "ep_size": 128,
  "seed": 3,
  "tau_g_ns": 143.360000,
  "grain_bytes": 7168,
  "total_tokens": 131072,
  "max_egress_load": 204,
  "konig_us": 56.053760,
  "rtt_us": 0.900000,
  "barrier_us": 0.800000,
  "cct_us": 61.156232,
  "step_us": 61.956232,
  "throughput_GBs": 15164.319366,
  "latency_all": {
    "count": 131072,
    "mean_us": 7.318438,
    "p50_us": 6.720268,
    "p99_us": 20.456410,
    "min_us": 1.444151,
    "max_us": 30.588178
  },
  "latency_hot": {
    "count": 22912,
    "mean_us": 11.095026,
    "p50_us": 10.772102,
    "p99_us": 26.279673,
    "min_us": 1.444213,
    "max_us": 30.588178
  },
  "latency_cold": {
    "count": 51762,
    "mean_us": 5.793378,
    "p50_us": 5.723744,
    "p99_us": 10.800208,
    "min_us": 1.444151,
    "max_us": 12.798341
  },
  "dispatch_cct_us": 30.568054,
  "combine_cct_us": 30.588178,
  "roundtrip_step_us": 61.956232
}
