{
  "scenario": 1,
  "scheme": "packet_spray",
  "mode": "roundtrip",
  "batch": 64,
  "zipf_s": 0.900000,
  "topk": 8,
  "ep_size": 128,
  "seed": 59,
  "tau_g_ns": 143.360000,
  "grain_bytes": 7168,
  "total_tokens": 131072,
  "max_egress_load": 797,
  "konig_us": 223.641600,
  "rtt_us": 0.000000,
  "barrier_us": 4.000000,
  "cct_us": 241.488160,
  "step_us": 245.488160,
  "throughput_GBs": 3827.166638,
  "latency_all": {
    "count": 131072,
    "mean_us": 41.148690,
    "p50_us": 29.208720,
    "p99_us": 112.787600,
    "min_us": 0.536720,
    "max_us": 122.392720
  },
  "latency_hot": {
    "count": 57982,
    "mean_us": 47.068423,
    "p50_us": 39.960720,
    "p99_us": 110.780560,
    "min_us": 0.536720,
    "max_us": 122.392720
  },
  "latency_cold": {
    "count": 23808,
    "mean_us": 36.075554,
    "p50_us": 12.578960,
    "p99_us": 115.368080,
    "min_us": 0.536720,
    "max_us": 119.095440
  },
  "dispatch_cct_us": 122.392720,
  "combine_cct_us": 119.095440,
  "roundtrip_step_us": 245.488160
}
