{
  "scenario": 4,
  "scheme": "packet_spray",
  "mode": "roundtrip",
  "batch": 16,
  "zipf_s": 0.000000,
  "topk": 8,
  "ep_size": 256,
  "seed": 18,
  "start_skew_us": 4.000000,
  "tau_g_ns": 143.360000,
  "grain_bytes": 7168,
  "total_tokens": 65536,
  "max_egress_load": 35,
  "konig_us": 9.461760,
  "rtt_us": 0.000000,
  "barrier_us": 6.000000,
  "cct_us": 57.846684,
  "step_us": 70.096684,
  "gemv_us": 6.250000,
  "e2e_us": 64.096684,
  "throughput_GBs": 6701.630132,
  "latency_all": {
    "count": 65536,
    "mean_us": 17.995609,
    "p50_us": 18.037345,
    "p99_us": 28.117491,
    "min_us": 0.398375,
    "max_us": 31.128051
  },
  "latency_hot": {
    "count": 6414,
    "mean_us": 15.940111,
    "p50_us": 16.088593,
    "p99_us": 27.687411,
    "min_us": 2.227924,
    "max_us": 29.694451
  },
  "latency_cold": {
    "count": 33218,
    "mean_us": 18.647718,
    "p50_us": 18.655641,
    "p99_us": 28.260851,
    "min_us": 1.549292,
    "max_us": 31.128051
  },
  "dispatch_cct_us": 31.128051,
  "combine_cct_us": 26.718632,
  "roundtrip_step_us": 63.846684,
  "e2e_step_us": 70.096684
}
