{
  "scenario": 1,
  "scheme": "ub_rg_pop",
  "mode": "roundtrip",
  "batch": 256,
  "zipf_s": 0.300000,
  "topk": 8,
  "ep_size": 128,
  "seed": 20,
  "tau_g_ns": 143.360000,
  "grain_bytes": 7168,
  "total_tokens": 524288,
  "max_egress_load": 796,
  "konig_us": 220.057600,
  "rtt_us": 0.900000,
  "barrier_us": 0.800000,
  "cct_us": 231.365142,
  "step_us": 232.165142,
  "throughput_GBs": 16187.169009,
  "latency_all": {
    "count": 524288,
    "mean_us": 22.786824,
    "p50_us": 17.083789,
    "p99_us": 38.293712,
    "min_us": 1.443616,
    "max_us": 115.757798
  },
  "latency_hot": {
    "count": 91208,
    "mean_us": 37.843386,
    "p50_us": 36.197099,
    "p99_us": 99.234013,
    "min_us": 1.452868,
    "max_us": 115.757798
  },
  "latency_cold": {
    "count": 206880,
    "mean_us": 16.816516,
    "p50_us": 16.157662,
    "p99_us": 32.913566,
    "min_us": 1.443616,
    "max_us": 40.035421
  },
  "dispatch_cct_us": 115.607344,
  "combine_cct_us": 115.757798,
  "roundtrip_step_us": 232.165142
}
