{
  "scenario": 1,
  "scheme": "ub_rg",
  "mode": "roundtrip",
  "batch": 256,
  "zipf_s": 0.300000,
  "topk": 8,
  "ep_size": 64,
  "seed": 1,
  "tau_g_ns": 143.360000,
  "grain_bytes": 7168,
  "total_tokens": 262144,
  "max_egress_load": 1240,
  "konig_us": 288.296960,
  "rtt_us": 0.600000,
  "barrier_us": 0.800000,
  "cct_us": 357.647168,
  "step_us": 358.447168,
  "throughput_GBs": 5242.190093,
  "latency_all": {
    "count": 262144,
    "mean_us": 42.053215,
    "p50_us": 29.850260,
    "p99_us": 123.632882,
    "min_us": 1.144103,
    "max_us": 178.828022
  },
  "latency_hot": {
    "count": 43384,
    "mean_us": 68.169194,
    "p50_us": 66.442385,
    "p99_us": 165.395663,
    "min_us": 1.145336,
    "max_us": 178.828022
  },
  "latency_cold": {
    "count": 105556,
    "mean_us": 31.645097,
    "p50_us": 31.408763,
    "p99_us": 64.654333,
    "min_us": 1.144103,
    "max_us": 72.878639
  },
  "dispatch_cct_us": 178.819146,
  "combine_cct_us": 178.828022,
  "roundtrip_step_us": 358.447168
}
