{
  "scenario": 1,
  "scheme": "islip",
  "mode": "roundtrip",
  "batch": 16,
  "zipf_s": 0.900000,
  "topk": 8,
  "ep_size": 64,
  "seed": 20,
  "start_skew_us": 4.000000,
  "tau_g_ns": 143.360000,
  "grain_bytes": 7168,
  "total_tokens": 16384,
  "max_egress_load": 114,
  "konig_us": 31.539200,
  "rtt_us": 0.600000,
  "barrier_us": 0.800000,
  "cct_us": 39.103893,
  "step_us": 72.872643,
  "gemv_us": 32.968750,
  "e2e_us": 72.072643,
  "throughput_GBs": 1611.585731,
  "latency_all": {
    "count": 16384,
    "mean_us": 6.043639,
    "p50_us": 5.256144,
    "p99_us": 16.712858,
    "min_us": 1.192596,
    "max_us": 20.461056
  },
  "latency_hot": {
    "count": 6130,
    "mean_us": 8.280943,
    "p50_us": 7.761715,
    "p99_us": 17.949539,
    "min_us": 1.480866,
    "max_us": 20.461056
  },
  "latency_cold": {
    "count": 3494,
    "mean_us": 3.970494,
    "p50_us": 3.983885,
    "p99_us": 6.408227,
    "min_us": 1.302896,
    "max_us": 7.038295
  },
  "dispatch_cct_us": 20.461056,
  "combine_cct_us": 18.642837,
  "roundtrip_step_us": 39.903893,
  "e2e_step_us": 72.872643
}
