{
  "scenario": 4,
  "scheme": "ub_rg_pop",
  "mode": "roundtrip",
  "batch": 256,
  "zipf_s": 0.000000,
  "topk": 8,
  "ep_size": 512,
  "seed": 14,
  "start_skew_us": 4.000000,
  "tau_g_ns": 143.360000,
  "grain_bytes": 7168,
  "total_tokens": 2097152,
  "max_egress_load": 345,
  "konig_us": 97.341440,
  "rtt_us": 1.200000,
  "barrier_us": 1.600000,
  "cct_us": 112.853897,
  "step_us": 199.649210,
  "gemv_us": 85.195312,
  "e2e_us": 198.049210,
  "throughput_GBs": 75293.989702,
  "latency_all": {
    "count": 2097152,
    "mean_us": 24.617580,
    "p50_us": 12.772622,
    "p99_us": 45.385970,
    "min_us": 1.481049,
    "max_us": 58.511772
  },
  "latency_hot": {
    "count": 208674,
    "mean_us": 24.454274,
    "p50_us": 23.614518,
    "p99_us": 46.157835,
    "min_us": 1.766600,
    "max_us": 54.837971
  },
  "latency_cold": {
    "count": 1048062,
    "mean_us": 24.604683,
    "p50_us": 15.700201,
    "p99_us": 43.041788,
    "min_us": 1.516383,
    "max_us": 58.511772
  },
  "dispatch_cct_us": 58.511772,
  "combine_cct_us": 54.342125,
  "roundtrip_step_us": 114.453897,
  "e2e_step_us": 199.649210
}
