{
  "scenario": 1,
  "scheme": "packet_spray",
  "mode": "roundtrip",
  "batch": 256,
  "zipf_s": 0.900000,
  "topk": 8,
  "ep_size": 32,
  "seed": 50,
  "start_skew_us": 4.000000,
  "tau_g_ns": 143.360000,
  "grain_bytes": 7168,
  "total_tokens": 131072,
  "max_egress_load": 954,
  "konig_us": 268.943360,
  "rtt_us": 0.000000,
  "barrier_us": 4.000000,
  "cct_us": 347.226097,
  "step_us": 639.116722,
  "gemv_us": 287.890625,
  "e2e_us": 635.116722,
  "throughput_GBs": 1470.035228,
  "latency_all": {
    "count": 131072,
    "mean_us": 78.576363,
    "p50_us": 69.582834,
    "p99_us": 161.378302,
    "min_us": 0.887966,
    "max_us": 177.246194
  },
  "latency_hot": {
    "count": 36516,
    "mean_us": 85.117893,
    "p50_us": 85.639154,
    "p99_us": 165.634034,
    "min_us": 5.115902,
    "max_us": 177.246194
  },
  "latency_cold": {
    "count": 33166,
    "mean_us": 76.078028,
    "p50_us": 58.159102,
    "p99_us": 164.675582,
    "min_us": 0.887966,
    "max_us": 169.979902
  },
  "dispatch_cct_us": 177.246194,
  "combine_cct_us": 169.979902,
  "roundtrip_step_us": 351.226097,
  "e2e_step_us": 639.116722
}
