{
  "scenario": 1,
  "scheme": "islip",
  "mode": "roundtrip",
  "batch": 512,
  "zipf_s": 0.000000,
  "topk": 8,
  "ep_size": 32,
  "seed": 81,
  "start_skew_us": 4.000000,
  "tau_g_ns": 143.360000,
  "grain_bytes": 7168,
  "total_tokens": 262144,
  "max_egress_load": 564,
  "konig_us": 160.849920,
  "rtt_us": 0.600000,
  "barrier_us": 0.800000,
  "cct_us": 194.632504,
  "step_us": 359.573129,
  "gemv_us": 164.140625,
  "e2e_us": 358.773129,
  "throughput_GBs": 5225.774794,
  "latency_all": {
    "count": 262144,
    "mean_us": 45.080798,
    "p50_us": 36.286394,
    "p99_us": 87.396337,
    "min_us": 1.153657,
    "max_us": 102.753628
  },
  "latency_hot": {
    "count": 24530,
    "mean_us": 46.862954,
    "p50_us": 46.766194,
    "p99_us": 87.194629,
    "min_us": 1.304904,
    "max_us": 99.365224
  },
  "latency_cold": {
    "count": 130680,
    "mean_us": 44.793919,
    "p50_us": 44.696770,
    "p99_us": 86.387595,
    "min_us": 1.153657,
    "max_us": 102.753628
  },
  "dispatch_cct_us": 102.753628,
  "combine_cct_us": 91.878875,
  "roundtrip_step_us": 195.432504,
  "e2e_step_us": 359.573129
}
