{
  "scenario": 4,
  "scheme": "ub_rg_pop",
  "mode": "roundtrip",
  "batch": 128,
  "zipf_s": 0.900000,
  "topk": 8,
  "ep_size": 128,
  "seed": 55,
  "start_skew_us": 4.000000,
  "tau_g_ns": 143.360000,
  "grain_bytes": 7168,
  "total_tokens": 262144,
  "max_egress_load": 1640,
  "konig_us": 453.160960,
  "rtt_us": 1.200000,
  "barrier_us": 1.600000,
  "cct_us": 505.227048,
  "step_us": 981.905173,
  "gemv_us": 475.078125,
  "e2e_us": 980.305173,
  "throughput_GBs": 1913.675825,
  "latency_all": {
    "count": 262144,
    "mean_us": 44.811834,
    "p50_us": 23.346022,
    "p99_us": 194.520319,
    "min_us": 1.420047,
    "max_us": 254.773502
  },
  "latency_hot": {
    "count": 115522,
    "mean_us": 72.679247,
    "p50_us": 57.937208,
    "p99_us": 224.105857,
    "min_us": 2.002052,
    "max_us": 254.773502
  },
  "latency_cold": {
    "count": 47506,
    "mean_us": 17.896844,
    "p50_us": 17.912866,
    "p99_us": 28.067514,
    "min_us": 1.695704,
    "max_us": 38.963563
  },
  "dispatch_cct_us": 250.453546,
  "combine_cct_us": 254.773502,
  "roundtrip_step_us": 506.827048,
  "e2e_step_us": 981.905173
}
