{
  "scenario": 4,
  "scheme": "packet_spray",
  "mode": "roundtrip",
  "batch": 16,
  "zipf_s": 0.000000,
  "topk": 8,
  "ep_size": 128,
  "seed": 34,
  "start_skew_us": 4.000000,
  "tau_g_ns": 143.360000,
  "grain_bytes": 7168,
  "total_tokens": 32768,
  "max_egress_load": 28,
  "konig_us": 7.741440,
  "rtt_us": 0.000000,
  "barrier_us": 6.000000,
  "cct_us": 19.059386,
  "step_us": 31.075011,
  "gemv_us": 6.015625,
  "e2e_us": 25.075011,
  "throughput_GBs": 7558.517698,
  "latency_all": {
    "count": 32768,
    "mean_us": 5.818201,
    "p50_us": 6.005663,
    "p99_us": 8.459205,
    "min_us": 0.338330,
    "max_us": 9.552890
  },
  "latency_hot": {
    "count": 3138,
    "mean_us": 5.089646,
    "p50_us": 5.179783,
    "p99_us": 8.315845,
    "min_us": 1.045966,
    "max_us": 9.032645
  },
  "latency_cold": {
    "count": 16290,
    "mean_us": 6.156573,
    "p50_us": 6.335674,
    "p99_us": 8.571021,
    "min_us": 0.338330,
    "max_us": 9.552890
  },
  "dispatch_cct_us": 9.552890,
  "combine_cct_us": 9.506497,
  "roundtrip_step_us": 25.059386,
  "e2e_step_us": 31.075011
}
