{
  "scenario": 1,
  "scheme": "ub_rg",
  "mode": "roundtrip",
  "batch": 16,
  "zipf_s": 0.900000,
  "topk": 8,
  "ep_size": 128,
  "seed": 51,
  "tau_g_ns": 143.360000,
  "grain_bytes": 7168,
  "total_tokens": 32768,
  "max_egress_load": 202,
  "konig_us": 56.770560,
  "rtt_us": 0.600000,
  "barrier_us": 0.800000,
  "cct_us": 60.111051,
  "step_us": 60.911051,
  "throughput_GBs": 3856.131521,
  "latency_all": {
    "count": 32768,
    "mean_us": 5.373918,
    "p50_us": 3.216754,
    "p99_us": 26.040434,
    "min_us": 1.143379,
    "max_us": 30.059702
  },
  "latency_hot": {
    "count": 14680,
    "mean_us": 8.872518,
    "p50_us": 7.214068,
    "p99_us": 27.674959,
    "min_us": 1.146768,
    "max_us": 30.059702
  },
  "latency_cold": {
    "count": 5858,
    "mean_us": 1.819227,
    "p50_us": 1.769536,
    "p99_us": 2.833521,
    "min_us": 1.143379,
    "max_us": 3.504218
  },
  "dispatch_cct_us": 30.059702,
  "combine_cct_us": 30.051349,
  "roundtrip_step_us": 60.911051
}
