{
  "scenario": 4,
  "scheme": "ub_rg",
  "mode": "roundtrip",
  "batch": 512,
  "zipf_s": 0.000000,
  "topk": 8,
  "ep_size": 256,
  "seed": 47,
  "start_skew_us": 4.000000,
  "tau_g_ns": 143.360000,
  "grain_bytes": 7168,
  "total_tokens": 2097152,
  "max_egress_load": 635,
  "konig_us": 181.780480,
  "rtt_us": 0.800000,
  "barrier_us": 1.600000,
  "cct_us": 224.341677,
  "step_us": 392.230740,
  "gemv_us": 166.289062,
  "e2e_us": 390.630740,
  "throughput_GBs": 38325.363146,
  "latency_all": {
    "count": 2097152,
    "mean_us": 50.993632,
    "p50_us": 23.954073,
    "p99_us": 88.440953,
    "min_us": 1.139771,
    "max_us": 114.274258
  },
  "latency_hot": {
    "count": 204788,
    "mean_us": 51.359124,
    "p50_us": 50.266745,
    "p99_us": 90.686091,
    "min_us": 2.573298,
    "max_us": 110.067419
  },
  "latency_cold": {
    "count": 1048400,
    "mean_us": 51.048775,
    "p50_us": 30.425341,
    "p99_us": 84.399660,
    "min_us": 2.488720,
    "max_us": 114.274258
  },
  "dispatch_cct_us": 110.067419,
  "combine_cct_us": 114.274258,
  "roundtrip_step_us": 225.941677,
  "e2e_step_us": 392.230740
}
