{
  "scenario": 4,
  "scheme": "ub_rg",
  "mode": "roundtrip",
  "batch": 256,
  "zipf_s": 0.700000,
  "topk": 8,
  "ep_size": 512,
  "seed": 15,
  "start_skew_us": 4.000000,
  "tau_g_ns": 143.360000,
  "grain_bytes": 7168,
  "total_tokens": 2097152,
  "max_egress_load": 6538,
  "konig_us": 1782.108160,
  "rtt_us": 0.800000,
  "barrier_us": 1.600000,
  "cct_us": 1905.647886,
  "step_us": 3748.536949,
  "gemv_us": 1841.289062,
  "e2e_us": 3746.936949,
  "throughput_GBs": 4010.200711,
  "latency_all": {
    "count": 2097152,
    "mean_us": 82.080018,
    "p50_us": 20.161439,
    "p99_us": 422.878610,
    "min_us": 1.021691,
    "max_us": 954.819703
  },
  "latency_hot": {
    "count": 872224,
    "mean_us": 154.802537,
    "p50_us": 54.979935,
    "p99_us": 422.918982,
    "min_us": 4.083651,
    "max_us": 954.819703
  },
  "latency_cold": {
    "count": 462686,
    "mean_us": 23.714634,
    "p50_us": 22.544945,
    "p99_us": 33.116743,
    "min_us": 1.021691,
    "max_us": 69.182206
  },
  "dispatch_cct_us": 954.819703,
  "combine_cct_us": 950.828184,
  "roundtrip_step_us": 1907.247886,
  "e2e_step_us": 3748.536949
}
