{
  "scenario": 1,
  "scheme": "packet_spray",
  "mode": "roundtrip",
  "batch": 128,
  "zipf_s": 0.000000,
  "topk": 8,
  "ep_size": 128,
  "seed": 32,
  "start_skew_us": 4.000000,
  "tau_g_ns": 143.360000,
  "grain_bytes": 7168,
  "total_tokens": 262144,
  "max_egress_load": 171,
  "konig_us": 45.015040,
  "rtt_us": 0.000000,
  "barrier_us": 4.000000,
  "cct_us": 113.513269,
  "step_us": 159.817957,
  "gemv_us": 42.304688,
  "e2e_us": 155.817957,
  "throughput_GBs": 11757.428451,
  "latency_all": {
    "count": 262144,
    "mean_us": 37.178452,
    "p50_us": 37.412462,
    "p99_us": 53.936580,
    "min_us": 4.535805,
    "max_us": 60.193940
  },
  "latency_hot": {
    "count": 24626,
    "mean_us": 32.586186,
    "p50_us": 31.756175,
    "p99_us": 53.599380,
    "min_us": 6.658660,
    "max_us": 58.380740
  },
  "latency_cold": {
    "count": 131430,
    "mean_us": 39.501109,
    "p50_us": 39.849582,
    "p99_us": 53.363140,
    "min_us": 5.969405,
    "max_us": 58.524100
  },
  "dispatch_cct_us": 60.193940,
  "combine_cct_us": 53.319329,
  "roundtrip_step_us": 117.513269,
  "e2e_step_us": 159.817957
}
