{
  "scenario": 2,
  "scheme": "ub_rg",
  "mode": "roundtrip",
  "batch": 64,
  "zipf_s": 0.000000,
  "topk": 8,
  "ep_size": 256,
  "seed": 82,
  "tau_g_ns": 143.360000,
  "grain_bytes": 7168,
  "total_tokens": 262144,
  "max_egress_load": 95,
  "konig_us": 26.234880,
  "rtt_us": 1.100000,
  "barrier_us": 2.400000,
  "cct_us": 33.647163,
  "step_us": 36.047163,
  "throughput_GBs": 52127.491614,
  "latency_all": {
    "count": 262144,
    "mean_us": 7.730244,
    "p50_us": 6.562692,
    "p99_us": 14.150928,
    "min_us": 2.043377,
    "max_us": 17.690511
  },
  "latency_hot": {
    "count": 25814,
    "mean_us": 7.775122,
    "p50_us": 7.724139,
    "p99_us": 13.911508,
    "min_us": 2.043377,
    "max_us": 16.801507
  },
  "latency_cold": {
    "count": 131460,
    "mean_us": 7.741792,
    "p50_us": 7.682307,
    "p99_us": 13.993783,
    "min_us": 2.043552,
    "max_us": 17.690511
  },
  "dispatch_cct_us": 17.690511,
  "combine_cct_us": 15.956652,
  "roundtrip_step_us": 36.047163
}
