{
  "scenario": 1,
  "scheme": "ub_rg_pop",
  "mode": "roundtrip",
  "batch": 64,
  "zipf_s": 0.700000,
  "topk": 8,
  "ep_size": 64,
  "seed": 22,
  "tau_g_ns": 143.360000,
  "grain_bytes": 7168,
  "total_tokens": 65536,
  "max_egress_load": 347,
  "konig_us": 97.628160,
  "rtt_us": 0.900000,
  "barrier_us": 0.800000,
  "cct_us": 102.202309,
  "step_us": 103.002309,
  "throughput_GBs": 4560.694354,
  "latency_all": {
    "count": 65536,
    "mean_us": 9.729595,
    "p50_us": 6.651597,
    "p99_us": 43.488364,
    "min_us": 1.444330,
    "max_us": 51.129088
  },
  "latency_hot": {
    "count": 19568,
    "mean_us": 17.951142,
    "p50_us": 16.487939,
    "p99_us": 47.607757,
    "min_us": 1.455611,
    "max_us": 51.129088
  },
  "latency_cold": {
    "count": 17554,
    "mean_us": 4.410274,
    "p50_us": 4.287000,
    "p99_us": 8.369003,
    "min_us": 1.444330,
    "max_us": 10.638607
  },
  "dispatch_cct_us": 51.129088,
  "combine_cct_us": 51.073220,
  "roundtrip_step_us": 103.002309
}
