{
  "scenario": 1,
  "scheme": "ub_rg",
  "mode": "roundtrip",
  "batch": 128,
  "zipf_s": 0.900000,
  "topk": 8,
  "ep_size": 64,
  "seed": 31,
  "start_skew_us": 4.000000,
  "tau_g_ns": 143.360000,
  "grain_bytes": 7168,
  "total_tokens": 131072,
  "max_egress_load": 848,
  "konig_us": 241.274880,
  "rtt_us": 0.600000,
  "barrier_us": 0.800000,
  "cct_us": 267.480713,
  "step_us": 529.140088,
  "gemv_us": 260.859375,
  "e2e_us": 528.340088,
  "throughput_GBs": 1775.567788,
  "latency_all": {
    "count": 131072,
    "mean_us": 31.890452,
    "p50_us": 23.334327,
    "p99_us": 117.536946,
    "min_us": 1.242088,
    "max_us": 136.560752
  },
  "latency_hot": {
    "count": 48334,
    "mean_us": 50.988300,
    "p50_us": 46.303707,
    "p99_us": 125.287080,
    "min_us": 1.472152,
    "max_us": 136.560752
  },
  "latency_cold": {
    "count": 27800,
    "mean_us": 15.665247,
    "p50_us": 15.691101,
    "p99_us": 27.181019,
    "min_us": 1.242088,
    "max_us": 32.242149
  },
  "dispatch_cct_us": 136.560752,
  "combine_cct_us": 130.919962,
  "roundtrip_step_us": 268.280713,
  "e2e_step_us": 529.140088
}
