{
  "scenario": 1,
  "scheme": "ub_rg_pop",
  "mode": "roundtrip",
  "batch": 16,
  "zipf_s": 0.000000,
  "topk": 8,
  "ep_size": 32,
  "seed": 7,
  "start_skew_us": 4.000000,
  "tau_g_ns": 143.360000,
  "grain_bytes": 7168,
  "total_tokens": 8192,
  "max_egress_load": 26,
  "konig_us": 7.168000,
  "rtt_us": 0.900000,
  "barrier_us": 0.800000,
  "cct_us": 42.093949,
  "step_us": 48.597074,
  "gemv_us": 5.703125,
  "e2e_us": 47.797074,
  "throughput_GBs": 1208.308457,
  "latency_all": {
    "count": 8192,
    "mean_us": 10.082179,
    "p50_us": 10.075803,
    "p99_us": 20.891038,
    "min_us": 1.444759,
    "max_us": 22.597687
  },
  "latency_hot": {
    "count": 786,
    "mean_us": 10.539050,
    "p50_us": 9.746508,
    "p99_us": 20.492642,
    "min_us": 1.636064,
    "max_us": 21.787479
  },
  "latency_cold": {
    "count": 4046,
    "mean_us": 9.848839,
    "p50_us": 9.741715,
    "p99_us": 21.105186,
    "min_us": 1.444759,
    "max_us": 22.597687
  },
  "dispatch_cct_us": 22.597687,
  "combine_cct_us": 19.496263,
  "roundtrip_step_us": 42.893949,
  "e2e_step_us": 48.597074
}
