{
  "scenario": 1,
  "scheme": "packet_spray",
  "mode": "roundtrip",
  "batch": 128,
  "zipf_s": 0.700000,
  "topk": 8,
  "ep_size": 64,
  "seed": 9,
  "start_skew_us": 4.000000,
  "tau_g_ns": 143.360000,
  "grain_bytes": 7168,
  "total_tokens": 131072,
  "max_egress_load": 695,
  "konig_us": 194.826240,
  "rtt_us": 0.000000,
  "barrier_us": 4.000000,
  "cct_us": 235.412615,
  "step_us": 446.678240,
  "gemv_us": 207.265625,
  "e2e_us": 442.678240,
  "throughput_GBs": 2103.357658,
  "latency_all": {
    "count": 131072,
    "mean_us": 46.954588,
    "p50_us": 37.466627,
    "p99_us": 109.063313,
    "min_us": 1.062327,
    "max_us": 119.324662
  },
  "latency_hot": {
    "count": 38600,
    "mean_us": 51.996515,
    "p50_us": 49.661367,
    "p99_us": 106.995702,
    "min_us": 3.203062,
    "max_us": 119.324662
  },
  "latency_cold": {
    "count": 35306,
    "mean_us": 45.170986,
    "p50_us": 28.864502,
    "p99_us": 112.073873,
    "min_us": 1.205687,
    "max_us": 116.087953
  },
  "dispatch_cct_us": 119.324662,
  "combine_cct_us": 116.087953,
  "roundtrip_step_us": 239.412615,
  "e2e_step_us": 446.678240
}
