{
  "scenario": 4,
  "scheme": "ub_rg_pop",
  "mode": "roundtrip",
  "batch": 64,
  "zipf_s": 0.700000,
  "topk": 8,
  "ep_size": 512,
  "seed": 28,
  "start_skew_us": 4.000000,
  "tau_g_ns": 143.360000,
  "grain_bytes": 7168,
  "total_tokens": 524288,
  "max_egress_load": 1670,
  "konig_us": 449.003520,
  "rtt_us": 1.200000,
  "barrier_us": 1.600000,
  "cct_us": 519.801999,
  "step_us": 978.159812,
  "gemv_us": 456.757812,
  "e2e_us": 976.559812,
  "throughput_GBs": 3842.006530,
  "latency_all": {
    "count": 524288,
    "mean_us": 32.062112,
    "p50_us": 21.567302,
    "p99_us": 50.193170,
    "min_us": 1.798291,
    "max_us": 260.617338
  },
  "latency_hot": {
    "count": 217768,
    "mean_us": 50.509188,
    "p50_us": 34.421478,
    "p99_us": 188.793327,
    "min_us": 3.554135,
    "max_us": 260.617338
  },
  "latency_cold": {
    "count": 116102,
    "mean_us": 17.121995,
    "p50_us": 17.161773,
    "p99_us": 27.393162,
    "min_us": 1.798291,
    "max_us": 37.271371
  },
  "dispatch_cct_us": 259.184661,
  "combine_cct_us": 260.617338,
  "roundtrip_step_us": 521.401999,
  "e2e_step_us": 978.159812
}
