{
  "scenario": 4,
  "scheme": "ub_rg",
  "mode": "roundtrip",
  "batch": 256,
  "zipf_s": 0.000000,
  "topk": 8,
  "ep_size": 512,
  "seed": 60,
  "start_skew_us": 4.000000,
  "tau_g_ns": 143.360000,
  "grain_bytes": 7168,
  "total_tokens": 2097152,
  "max_egress_load": 340,
  "konig_us": 97.341440,
  "rtt_us": 0.800000,
  "barrier_us": 1.600000,
  "cct_us": 113.201305,
  "step_us": 200.074742,
  "gemv_us": 85.273438,
  "e2e_us": 198.474742,
  "throughput_GBs": 75133.849243,
  "latency_all": {
    "count": 2097152,
    "mean_us": 24.224033,
    "p50_us": 12.392834,
    "p99_us": 44.827416,
    "min_us": 1.246684,
    "max_us": 58.891639
  },
  "latency_hot": {
    "count": 207916,
    "mean_us": 24.183966,
    "p50_us": 23.371499,
    "p99_us": 45.859177,
    "min_us": 1.556374,
    "max_us": 54.474488
  },
  "latency_cold": {
    "count": 1049508,
    "mean_us": 24.219732,
    "p50_us": 15.303238,
    "p99_us": 42.613074,
    "min_us": 1.273967,
    "max_us": 58.559627
  },
  "dispatch_cct_us": 58.891639,
  "combine_cct_us": 54.309666,
  "roundtrip_step_us": 114.801305,
  "e2e_step_us": 200.074742
}
