{
  "scenario": 4,
  "scheme": "ub_rg_pop",
  "mode": "roundtrip",
  "batch": 256,
  "zipf_s": 0.300000,
  "topk": 8,
  "ep_size": 128,
  "seed": 69,
  "start_skew_us": 4.000000,
  "tau_g_ns": 143.360000,
  "grain_bytes": 7168,
  "total_tokens": 524288,
  "max_egress_load": 806,
  "konig_us": 220.917760,
  "rtt_us": 1.200000,
  "barrier_us": 1.600000,
  "cct_us": 239.913226,
  "step_us": 471.200726,
  "gemv_us": 229.687500,
  "e2e_us": 469.600726,
  "throughput_GBs": 7975.574265,
  "latency_all": {
    "count": 524288,
    "mean_us": 25.065223,
    "p50_us": 19.334417,
    "p99_us": 40.525228,
    "min_us": 1.604543,
    "max_us": 120.149683
  },
  "latency_hot": {
    "count": 90680,
    "mean_us": 39.669348,
    "p50_us": 37.994179,
    "p99_us": 101.994600,
    "min_us": 1.764329,
    "max_us": 120.149683
  },
  "latency_cold": {
    "count": 207372,
    "mean_us": 19.217348,
    "p50_us": 18.496057,
    "p99_us": 35.786471,
    "min_us": 1.604543,
    "max_us": 50.278896
  },
  "dispatch_cct_us": 119.763543,
  "combine_cct_us": 120.149683,
  "roundtrip_step_us": 241.513226,
  "e2e_step_us": 471.200726
}
