{
  "scenario": 2,
  "scheme": "ub_rg_pop",
  "mode": "roundtrip",
  "batch": 64,
  "zipf_s": 0.700000,
  "topk": 8,
  "ep_size": 256,
  "seed": 79,
  "tau_g_ns": 143.360000,
  "grain_bytes": 7168,
  "total_tokens": 262144,
  "max_egress_load": 936,
  "konig_us": 264.069120,
  "rtt_us": 1.650000,
  "barrier_us": 2.400000,
  "cct_us": 273.371500,
  "step_us": 275.771500,
  "throughput_GBs": 6813.786753,
  "latency_all": {
    "count": 262144,
    "mean_us": 16.297864,
    "p50_us": 7.100140,
    "p99_us": 96.628841,
    "min_us": 2.593429,
    "max_us": 136.702476
  },
  "latency_hot": {
    "count": 100482,
    "mean_us": 30.566712,
    "p50_us": 22.006079,
    "p99_us": 123.441669,
    "min_us": 2.595582,
    "max_us": 136.702476
  },
  "latency_cold": {
    "count": 60190,
    "mean_us": 5.462449,
    "p50_us": 5.372328,
    "p99_us": 9.225839,
    "min_us": 2.593429,
    "max_us": 11.474604
  },
  "dispatch_cct_us": 136.702476,
  "combine_cct_us": 136.669023,
  "roundtrip_step_us": 275.771500
}
