{
  "scenario": 1,
  "scheme": "ub_rg",
  "mode": "roundtrip",
  "batch": 16,
  "zipf_s": 0.700000,
  "topk": 8,
  "ep_size": 64,
  "seed": 71,
  "tau_g_ns": 143.360000,
  "grain_bytes": 7168,
  "total_tokens": 16384,
  "max_egress_load": 90,
  "konig_us": 25.088000,
  "rtt_us": 0.600000,
  "barrier_us": 0.800000,
  "cct_us": 27.859420,
  "step_us": 28.659420,
  "throughput_GBs": 4097.797938,
  "latency_all": {
    "count": 16384,
    "mean_us": 3.474627,
    "p50_us": 2.702717,
    "p99_us": 11.779466,
    "min_us": 1.143942,
    "max_us": 13.942773
  },
  "latency_hot": {
    "count": 5008,
    "mean_us": 5.587346,
    "p50_us": 5.233692,
    "p99_us": 12.837799,
    "min_us": 1.145408,
    "max_us": 13.942773
  },
  "latency_cold": {
    "count": 4366,
    "mean_us": 2.049346,
    "p50_us": 2.006609,
    "p99_us": 3.416799,
    "min_us": 1.143942,
    "max_us": 4.167933
  },
  "dispatch_cct_us": 13.942773,
  "combine_cct_us": 13.916647,
  "roundtrip_step_us": 28.659420
}
