{
  "scenario": 4,
  "scheme": "ub_rg_pop",
  "mode": "roundtrip",
  "batch": 128,
  "zipf_s": 0.000000,
  "topk": 8,
  "ep_size": 256,
  "seed": 2,
  "start_skew_us": 4.000000,
  "tau_g_ns": 143.360000,
  "grain_bytes": 7168,
  "total_tokens": 524288,
  "max_egress_load": 178,
  "konig_us": 50.462720,
  "rtt_us": 1.200000,
  "barrier_us": 1.600000,
  "cct_us": 64.509601,
  "step_us": 110.679914,
  "gemv_us": 44.570312,
  "e2e_us": 109.079914,
  "throughput_GBs": 33954.637841,
  "latency_all": {
    "count": 524288,
    "mean_us": 14.223693,
    "p50_us": 12.937367,
    "p99_us": 22.038704,
    "min_us": 1.441548,
    "max_us": 33.148379
  },
  "latency_hot": {
    "count": 51648,
    "mean_us": 14.070394,
    "p50_us": 13.969543,
    "p99_us": 25.979171,
    "min_us": 1.800450,
    "max_us": 31.706899
  },
  "latency_cold": {
    "count": 262302,
    "mean_us": 14.202705,
    "p50_us": 11.905114,
    "p99_us": 25.977837,
    "min_us": 1.441548,
    "max_us": 32.644899
  },
  "dispatch_cct_us": 33.148379,
  "combine_cct_us": 31.361222,
  "roundtrip_step_us": 66.109601,
  "e2e_step_us": 110.679914
}
