{
  "scenario": 4,
  "scheme": "packet_spray",
  "mode": "roundtrip",
  "batch": 128,
  "zipf_s": 0.000000,
  "topk": 8,
  "ep_size": 128,
  "seed": 14,
  "start_skew_us": 4.000000,
  "tau_g_ns": 143.360000,
  "grain_bytes": 7168,
  "total_tokens": 262144,
  "max_egress_load": 180,
  "konig_us": 48.312320,
  "rtt_us": 0.000000,
  "barrier_us": 6.000000,
  "cct_us": 113.981089,
  "step_us": 163.535776,
  "gemv_us": 43.554688,
  "e2e_us": 157.535776,
  "throughput_GBs": 11490.135262,
  "latency_all": {
    "count": 262144,
    "mean_us": 36.550370,
    "p50_us": 37.143522,
    "p99_us": 53.056482,
    "min_us": 0.336720,
    "max_us": 59.220962
  },
  "latency_hot": {
    "count": 24558,
    "mean_us": 32.275207,
    "p50_us": 31.822527,
    "p99_us": 52.913122,
    "min_us": 0.336720,
    "max_us": 58.934242
  },
  "latency_cold": {
    "count": 131156,
    "mean_us": 38.784893,
    "p50_us": 39.277247,
    "p99_us": 52.626402,
    "min_us": 1.053520,
    "max_us": 59.220962
  },
  "dispatch_cct_us": 59.220962,
  "combine_cct_us": 54.760127,
  "roundtrip_step_us": 119.981089,
  "e2e_step_us": 163.535776
}
