{
  "scenario": 1,
  "scheme": "ub_rg",
  "mode": "roundtrip",
  "batch": 512,
  "zipf_s": 0.000000,
  "topk": 8,
  "ep_size": 64,
  "seed": 74,
  "start_skew_us": 4.000000,
  "tau_g_ns": 143.360000,
  "grain_bytes": 7168,
  "total_tokens": 524288,
  "max_egress_load": 582,
  "konig_us": 163.717120,
  "rtt_us": 0.600000,
  "barrier_us": 0.800000,
  "cct_us": 172.969639,
  "step_us": 339.629014,
  "gemv_us": 165.859375,
  "e2e_us": 338.829014,
  "throughput_GBs": 11065.298381,
  "latency_all": {
    "count": 524288,
    "mean_us": 40.424088,
    "p50_us": 32.670083,
    "p99_us": 67.742122,
    "min_us": 1.341704,
    "max_us": 86.629654
  },
  "latency_hot": {
    "count": 48538,
    "mean_us": 39.992560,
    "p50_us": 39.886111,
    "p99_us": 77.684704,
    "min_us": 1.369006,
    "max_us": 82.806141
  },
  "latency_cold": {
    "count": 262304,
    "mean_us": 40.446935,
    "p50_us": 31.575977,
    "p99_us": 78.155651,
    "min_us": 1.552041,
    "max_us": 86.629654
  },
  "dispatch_cct_us": 86.629654,
  "combine_cct_us": 86.339985,
  "roundtrip_step_us": 173.769639,
  "e2e_step_us": 339.629014
}
