{
  "scenario": 1,
  "scheme": "islip",
  "mode": "roundtrip",
  "batch": 128,
  "zipf_s": 0.300000,
  "topk": 8,
  "ep_size": 32,
  "seed": 79,
  "start_skew_us": 4.000000,
  "tau_g_ns": 143.360000,
  "grain_bytes": 7168,
  "total_tokens": 65536,
  "max_egress_load": 253,
  "konig_us": 69.959680,
  "rtt_us": 0.600000,
  "barrier_us": 0.800000,
  "cct_us": 91.743926,
  "step_us": 165.825176,
  "gemv_us": 73.281250,
  "e2e_us": 165.025176,
  "throughput_GBs": 2832.875325,
  "latency_all": {
    "count": 65536,
    "mean_us": 17.347596,
    "p50_us": 16.754861,
    "p99_us": 36.538534,
    "min_us": 1.169750,
    "max_us": 51.086585
  },
  "latency_hot": {
    "count": 9766,
    "mean_us": 21.369582,
    "p50_us": 21.127214,
    "p99_us": 42.223836,
    "min_us": 1.282592,
    "max_us": 51.086585
  },
  "latency_cold": {
    "count": 27248,
    "mean_us": 15.022765,
    "p50_us": 14.891892,
    "p99_us": 28.541548,
    "min_us": 1.169750,
    "max_us": 35.101200
  },
  "dispatch_cct_us": 51.086585,
  "combine_cct_us": 40.657340,
  "roundtrip_step_us": 92.543926,
  "e2e_step_us": 165.825176
}
