{
  "scenario": 1,
  "scheme": "packet_spray",
  "mode": "roundtrip",
  "batch": 256,
  "zipf_s": 0.700000,
  "topk": 8,
  "ep_size": 128,
  "seed": 82,
  "start_skew_us": 4.000000,
  "tau_g_ns": 143.360000,
  "grain_bytes": 7168,
  "total_tokens": 524288,
  "max_egress_load": 2245,
  "konig_us": 635.801600,
  "rtt_us": 0.000000,
  "barrier_us": 4.000000,
  "cct_us": 709.365997,
  "step_us": 1397.662872,
  "gemv_us": 684.296875,
  "e2e_us": 1393.662872,
  "throughput_GBs": 2688.843254,
  "latency_all": {
    "count": 524288,
    "mean_us": 126.698134,
    "p50_us": 52.688266,
    "p99_us": 246.510986,
    "min_us": 1.522531,
    "max_us": 359.335306
  },
  "latency_hot": {
    "count": 180330,
    "mean_us": 143.464671,
    "p50_us": 124.798346,
    "p99_us": 322.505571,
    "min_us": 1.522531,
    "max_us": 359.335306
  },
  "latency_cold": {
    "count": 128790,
    "mean_us": 117.953752,
    "p50_us": 55.268746,
    "p99_us": 339.852131,
    "min_us": 3.262319,
    "max_us": 350.030691
  },
  "dispatch_cct_us": 359.335306,
  "combine_cct_us": 350.030691,
  "roundtrip_step_us": 713.365997,
  "e2e_step_us": 1397.662872
}
