{
  "scenario": 4,
  "scheme": "packet_spray",
  "mode": "roundtrip",
  "batch": 512,
  "zipf_s": 0.900000,
  "topk": 8,
  "ep_size": 512,
  "seed": 66,
  "start_skew_us": 4.000000,
  "tau_g_ns": 143.360000,
  "grain_bytes": 7168,
  "total_tokens": 4194304,
  "max_egress_load": 22088,
  "konig_us": 6056.816640,
  "rtt_us": 0.000000,
  "barrier_us": 6.000000,
  "cct_us": 6230.125055,
  "step_us": 12536.320367,
  "gemv_us": 6300.195312,
  "e2e_us": 12530.320367,
  "throughput_GBs": 2398.213367,
  "latency_all": {
    "count": 4194304,
    "mean_us": 903.247933,
    "p50_us": 102.042092,
    "p99_us": 2283.264492,
    "min_us": 0.469752,
    "max_us": 3279.806483
  },
  "latency_hot": {
    "count": 2322684,
    "mean_us": 999.205209,
    "p50_us": 146.483692,
    "p99_us": 2283.551212,
    "min_us": 0.469752,
    "max_us": 3246.403603
  },
  "latency_cold": {
    "count": 610806,
    "mean_us": 782.111030,
    "p50_us": 78.901900,
    "p99_us": 115.804652,
    "min_us": 0.490325,
    "max_us": 3279.806483
  },
  "dispatch_cct_us": 2950.318572,
  "combine_cct_us": 3279.806483,
  "roundtrip_step_us": 6236.125055,
  "e2e_step_us": 12536.320367
}
