{
  "scenario": 1,
  "scheme": "islip",
  "mode": "roundtrip",
  "batch": 512,
  "zipf_s": 0.900000,
  "topk": 8,
  "ep_size": 32,
  "seed": 9,
  "start_skew_us": 4.000000,
  "tau_g_ns": 143.360000,
  "grain_bytes": 7168,
  "total_tokens": 262144,
  "max_egress_load": 1859,
  "konig_us": 530.575360,
  "rtt_us": 0.600000,
  "barrier_us": 0.800000,
  "cct_us": 541.812566,
  "step_us": 1118.159441,
  "gemv_us": 575.546875,
  "e2e_us": 1117.359441,
  "throughput_GBs": 1680.483233,
  "latency_all": {
    "count": 262144,
    "mean_us": 60.966832,
    "p50_us": 31.182982,
    "p99_us": 231.414620,
    "min_us": 1.210294,
    "max_us": 271.098154
  },
  "latency_hot": {
    "count": 72478,
    "mean_us": 114.759452,
    "p50_us": 111.518754,
    "p99_us": 261.278802,
    "min_us": 1.450747,
    "max_us": 271.098154
  },
  "latency_cold": {
    "count": 66988,
    "mean_us": 22.573699,
    "p50_us": 21.959783,
    "p99_us": 49.334592,
    "min_us": 1.223026,
    "max_us": 55.731640
  },
  "dispatch_cct_us": 271.098154,
  "combine_cct_us": 270.714412,
  "roundtrip_step_us": 542.612566,
  "e2e_step_us": 1118.159441
}
