{
  "scenario": 4,
  "scheme": "ub_rg_pop",
  "mode": "roundtrip",
  "batch": 128,
  "zipf_s": 0.700000,
  "topk": 8,
  "ep_size": 128,
  "seed": 81,
  "start_skew_us": 4.000000,
  "tau_g_ns": 143.360000,
  "grain_bytes": 7168,
  "total_tokens": 262144,
  "max_egress_load": 1123,
  "konig_us": 316.968960,
  "rtt_us": 1.200000,
  "barrier_us": 1.600000,
  "cct_us": 351.193722,
  "step_us": 692.559347,
  "gemv_us": 339.765625,
  "e2e_us": 690.959347,
  "throughput_GBs": 2713.194473,
  "latency_all": {
    "count": 262144,
    "mean_us": 32.326791,
    "p50_us": 19.863399,
    "p99_us": 133.994893,
    "min_us": 1.554904,
    "max_us": 179.887540
  },
  "latency_hot": {
    "count": 90306,
    "mean_us": 54.891188,
    "p50_us": 46.404477,
    "p99_us": 160.298005,
    "min_us": 2.501855,
    "max_us": 179.887540
  },
  "latency_cold": {
    "count": 64466,
    "mean_us": 17.000398,
    "p50_us": 16.920317,
    "p99_us": 30.814211,
    "min_us": 1.753657,
    "max_us": 41.677201
  },
  "dispatch_cct_us": 179.887540,
  "combine_cct_us": 171.306182,
  "roundtrip_step_us": 352.793722,
  "e2e_step_us": 692.559347
}
