{
  "scenario": 1,
  "scheme": "ub_rg",
  "mode": "roundtrip",
  "batch": 64,
  "zipf_s": 0.000000,
  "topk": 8,
  "ep_size": 128,
  "seed": 89,
  "start_skew_us": 4.000000,
  "tau_g_ns": 143.360000,
  "grain_bytes": 7168,
  "total_tokens": 131072,
  "max_egress_load": 89,
  "konig_us": 25.231360,
  "rtt_us": 0.600000,
  "barrier_us": 0.800000,
  "cct_us": 35.025052,
  "step_us": 57.660990,
  "gemv_us": 21.835938,
  "e2e_us": 56.860990,
  "throughput_GBs": 16293.929361,
  "latency_all": {
    "count": 131072,
    "mean_us": 8.590330,
    "p50_us": 8.516305,
    "p99_us": 15.120021,
    "min_us": 1.190319,
    "max_us": 17.832252
  },
  "latency_hot": {
    "count": 12506,
    "mean_us": 8.946121,
    "p50_us": 8.870013,
    "p99_us": 15.387043,
    "min_us": 1.479137,
    "max_us": 17.597572
  },
  "latency_cold": {
    "count": 65734,
    "mean_us": 8.553520,
    "p50_us": 8.488128,
    "p99_us": 15.069270,
    "min_us": 1.190319,
    "max_us": 17.468119
  },
  "dispatch_cct_us": 17.832252,
  "combine_cct_us": 17.192800,
  "roundtrip_step_us": 35.825052,
  "e2e_step_us": 57.660990
}
