{
  "scenario": 4,
  "scheme": "ub_rg",
  "mode": "roundtrip",
  "batch": 128,
  "zipf_s": 0.000000,
  "topk": 8,
  "ep_size": 256,
  "seed": 50,
  "start_skew_us": 4.000000,
  "tau_g_ns": 143.360000,
  "grain_bytes": 7168,
  "total_tokens": 524288,
  "max_egress_load": 177,
  "konig_us": 49.602560,
  "rtt_us": 0.800000,
  "barrier_us": 1.600000,
  "cct_us": 96.761183,
  "step_us": 141.915871,
  "gemv_us": 43.554688,
  "e2e_us": 140.315871,
  "throughput_GBs": 26481.156478,
  "latency_all": {
    "count": 524288,
    "mean_us": 23.018907,
    "p50_us": 21.636608,
    "p99_us": 31.780768,
    "min_us": 1.276276,
    "max_us": 50.112291
  },
  "latency_hot": {
    "count": 51584,
    "mean_us": 23.071544,
    "p50_us": 22.962634,
    "p99_us": 38.624644,
    "min_us": 2.974669,
    "max_us": 45.663507
  },
  "latency_cold": {
    "count": 261852,
    "mean_us": 22.854085,
    "p50_us": 20.510421,
    "p99_us": 37.948580,
    "min_us": 1.353153,
    "max_us": 50.066120
  },
  "dispatch_cct_us": 50.112291,
  "combine_cct_us": 46.648892,
  "roundtrip_step_us": 98.361183,
  "e2e_step_us": 141.915871
}
