{
  "scenario": 4,
  "scheme": "packet_spray",
  "mode": "roundtrip",
  "batch": 16,
  "zipf_s": 0.000000,
  "topk": 8,
  "ep_size": 128,
  "seed": 54,
  "start_skew_us": 4.000000,
  "tau_g_ns": 143.360000,
  "grain_bytes": 7168,
  "total_tokens": 32768,
  "max_egress_load": 29,
  "konig_us": 8.314880,
  "rtt_us": 0.000000,
  "barrier_us": 6.000000,
  "cct_us": 19.413994,
  "step_us": 31.898369,
  "gemv_us": 6.484375,
  "e2e_us": 25.898369,
  "throughput_GBs": 7363.418067,
  "latency_all": {
    "count": 32768,
    "mean_us": 5.968179,
    "p50_us": 6.096652,
    "p99_us": 8.544899,
    "min_us": 0.407402,
    "max_us": 9.758993
  },
  "latency_hot": {
    "count": 3044,
    "mean_us": 5.224807,
    "p50_us": 5.357008,
    "p99_us": 8.057636,
    "min_us": 0.458690,
    "max_us": 8.612113
  },
  "latency_cold": {
    "count": 16440,
    "mean_us": 6.277059,
    "p50_us": 6.394499,
    "p99_us": 8.702117,
    "min_us": 0.407402,
    "max_us": 9.655001
  },
  "dispatch_cct_us": 9.758993,
  "combine_cct_us": 9.655001,
  "roundtrip_step_us": 25.413994,
  "e2e_step_us": 31.898369
}
