{
  "scenario": 1,
  "scheme": "packet_spray",
  "mode": "roundtrip",
  "batch": 64,
  "zipf_s": 0.000000,
  "topk": 8,
  "ep_size": 32,
  "seed": 8,
  "start_skew_us": 4.000000,
  "tau_g_ns": 143.360000,
  "grain_bytes": 7168,
  "total_tokens": 32768,
  "max_egress_load": 90,
  "konig_us": 22.937600,
  "rtt_us": 0.000000,
  "barrier_us": 4.000000,
  "cct_us": 44.371589,
  "step_us": 70.012214,
  "gemv_us": 21.640625,
  "e2e_us": 66.012214,
  "throughput_GBs": 3354.857831,
  "latency_all": {
    "count": 32768,
    "mean_us": 13.502823,
    "p50_us": 13.669455,
    "p99_us": 20.741881,
    "min_us": 0.862363,
    "max_us": 22.388367
  },
  "latency_hot": {
    "count": 3098,
    "mean_us": 11.447674,
    "p50_us": 11.517942,
    "p99_us": 20.668047,
    "min_us": 0.862363,
    "max_us": 21.919232
  },
  "latency_cold": {
    "count": 16392,
    "mean_us": 14.682176,
    "p50_us": 14.815222,
    "p99_us": 20.979702,
    "min_us": 0.862363,
    "max_us": 22.388367
  },
  "dispatch_cct_us": 22.388367,
  "combine_cct_us": 21.983222,
  "roundtrip_step_us": 48.371589,
  "e2e_step_us": 70.012214
}
