{
  "scenario": 4,
  "scheme": "ub_rg_pop",
  "mode": "roundtrip",
  "batch": 16,
  "zipf_s": 0.900000,
  "topk": 8,
  "ep_size": 128,
  "seed": 10,
  "start_skew_us": 4.000000,
  "tau_g_ns": 143.360000,
  "grain_bytes": 7168,
  "total_tokens": 32768,
  "max_egress_load": 205,
  "konig_us": 57.344000,
  "rtt_us": 1.200000,
  "barrier_us": 1.600000,
  "cct_us": 90.935455,
  "step_us": 153.199517,
  "gemv_us": 60.664062,
  "e2e_us": 151.599517,
  "throughput_GBs": 1533.170786,
  "latency_all": {
    "count": 32768,
    "mean_us": 16.610081,
    "p50_us": 15.611702,
    "p99_us": 38.255664,
    "min_us": 1.766197,
    "max_us": 48.464821
  },
  "latency_hot": {
    "count": 14406,
    "mean_us": 20.386130,
    "p50_us": 19.015932,
    "p99_us": 40.378881,
    "min_us": 2.518863,
    "max_us": 48.464821
  },
  "latency_cold": {
    "count": 5968,
    "mean_us": 11.954684,
    "p50_us": 11.860802,
    "p99_us": 21.122501,
    "min_us": 1.766197,
    "max_us": 23.455057
  },
  "dispatch_cct_us": 48.464821,
  "combine_cct_us": 42.470634,
  "roundtrip_step_us": 92.535455,
  "e2e_step_us": 153.199517
}
