{
  "scenario": 1,
  "scheme": "packet_spray",
  "mode": "roundtrip",
  "batch": 64,
  "zipf_s": 0.900000,
  "topk": 8,
  "ep_size": 32,
  "seed": 35,
  "start_skew_us": 4.000000,
  "tau_g_ns": 143.360000,
  "grain_bytes": 7168,
  "total_tokens": 32768,
  "max_egress_load": 257,
  "konig_us": 69.672960,
  "rtt_us": 0.000000,
  "barrier_us": 4.000000,
  "cct_us": 91.678915,
  "step_us": 167.007040,
  "gemv_us": 71.328125,
  "e2e_us": 163.007040,
  "throughput_GBs": 1406.413908,
  "latency_all": {
    "count": 32768,
    "mean_us": 21.172905,
    "p50_us": 18.824897,
    "p99_us": 42.487612,
    "min_us": 1.391513,
    "max_us": 46.037383
  },
  "latency_hot": {
    "count": 8948,
    "mean_us": 22.783555,
    "p50_us": 22.703932,
    "p99_us": 41.879943,
    "min_us": 2.720834,
    "max_us": 46.037383
  },
  "latency_cold": {
    "count": 8352,
    "mean_us": 20.426612,
    "p50_us": 15.535932,
    "p99_us": 43.921212,
    "min_us": 1.821593,
    "max_us": 45.641532
  },
  "dispatch_cct_us": 46.037383,
  "combine_cct_us": 45.641532,
  "roundtrip_step_us": 95.678915,
  "e2e_step_us": 167.007040
}
