{
  "scenario": 1,
  "scheme": "packet_spray",
  "mode": "roundtrip",
  "batch": 64,
  "zipf_s": 0.300000,
  "topk": 8,
  "ep_size": 32,
  "seed": 9,
  "start_skew_us": 4.000000,
  "tau_g_ns": 143.360000,
  "grain_bytes": 7168,
  "total_tokens": 32768,
  "max_egress_load": 129,
  "konig_us": 35.123200,
  "rtt_us": 0.000000,
  "barrier_us": 4.000000,
  "cct_us": 58.936455,
  "step_us": 98.952080,
  "gemv_us": 36.015625,
  "e2e_us": 94.952080,
  "throughput_GBs": 2373.684563,
  "latency_all": {
    "count": 32768,
    "mean_us": 15.744640,
    "p50_us": 15.592593,
    "p99_us": 26.774673,
    "min_us": 1.205687,
    "max_us": 29.724662
  },
  "latency_hot": {
    "count": 4976,
    "mean_us": 14.993119,
    "p50_us": 15.162513,
    "p99_us": 26.977449,
    "min_us": 2.782647,
    "max_us": 29.724662
  },
  "latency_cold": {
    "count": 13664,
    "mean_us": 16.579221,
    "p50_us": 15.971502,
    "p99_us": 27.491473,
    "min_us": 1.205687,
    "max_us": 29.211793
  },
  "dispatch_cct_us": 29.724662,
  "combine_cct_us": 29.211793,
  "roundtrip_step_us": 62.936455,
  "e2e_step_us": 98.952080
}
