{
  "scenario": 1,
  "scheme": "ub_rg_pop",
  "mode": "roundtrip",
  "batch": 16,
  "zipf_s": 0.900000,
  "topk": 8,
  "ep_size": 64,
  "seed": 51,
  "start_skew_us": 4.000000,
  "tau_g_ns": 143.360000,
  "grain_bytes": 7168,
  "total_tokens": 16384,
  "max_egress_load": 111,
  "konig_us": 31.395840,
  "rtt_us": 0.900000,
  "barrier_us": 0.800000,
  "cct_us": 38.482472,
  "step_us": 72.915284,
  "gemv_us": 33.632812,
  "e2e_us": 72.115284,
  "throughput_GBs": 1610.643269,
  "latency_all": {
    "count": 16384,
    "mean_us": 6.194554,
    "p50_us": 5.480033,
    "p99_us": 16.753535,
    "min_us": 1.580114,
    "max_us": 20.536675
  },
  "latency_hot": {
    "count": 6092,
    "mean_us": 8.588354,
    "p50_us": 8.122802,
    "p99_us": 17.885777,
    "min_us": 1.783656,
    "max_us": 20.536675
  },
  "latency_cold": {
    "count": 3472,
    "mean_us": 3.994248,
    "p50_us": 3.904597,
    "p99_us": 6.655907,
    "min_us": 1.580114,
    "max_us": 7.696783
  },
  "dispatch_cct_us": 20.536675,
  "combine_cct_us": 17.945797,
  "roundtrip_step_us": 39.282472,
  "e2e_step_us": 72.915284
}
