{
  "scenario": 4,
  "scheme": "ub_rg",
  "mode": "combine",
  "batch": 256,
  "zipf_s": 0.700000,
  "topk": 8,
  "ep_size": 512,
  "seed": 1,
  "start_skew_us": 2.000000,
  "tau_g_ns": 143.360000,
  "grain_bytes": 7168,
  "total_tokens": 1048576,
  "max_egress_load": 1000,
  "konig_us": 846.827520,
  "rtt_us": 0.800000,
  "barrier_us": 0.800000,
  "cct_us": 940.527173,
  "step_us": 941.327173,
  "gemv_us": 0.000000,
  "e2e_us": 0.000000,
  "throughput_GBs": 7991.467956,
  "latency_all": {
    "count": 1048576,
    "mean_us": 70.083675,
    "p50_us": 7.692806,
    "p99_us": 415.110756,
    "min_us": 1.088435,
    "max_us": 940.527173
  },
  "latency_hot": {
    "count": 436341,
    "mean_us": 143.179113,
    "p50_us": 41.252732,
    "p99_us": 414.602277,
    "min_us": 1.137838,
    "max_us": 940.527173
  },
  "latency_cold": {
    "count": 231475,
    "mean_us": 11.429195,
    "p50_us": 10.197536,
    "p99_us": 18.571764,
    "min_us": 1.203786,
    "max_us": 58.843313
  }
}
