{
  "scenario": 4,
  "scheme": "ub_rg_pop",
  "mode": "roundtrip",
  "batch": 64,
  "zipf_s": 0.900000,
  "topk": 8,
  "ep_size": 128,
  "seed": 94,
  "start_skew_us": 4.000000,
  "tau_g_ns": 143.360000,
  "grain_bytes": 7168,
  "total_tokens": 131072,
  "max_egress_load": 815,
  "konig_us": 227.082240,
  "rtt_us": 1.200000,
  "barrier_us": 1.600000,
  "cct_us": 263.262870,
  "step_us": 504.940995,
  "gemv_us": 240.078125,
  "e2e_us": 503.340995,
  "throughput_GBs": 1860.661157,
  "latency_all": {
    "count": 131072,
    "mean_us": 29.062937,
    "p50_us": 21.462250,
    "p99_us": 111.528052,
    "min_us": 1.454388,
    "max_us": 133.485106
  },
  "latency_hot": {
    "count": 58132,
    "mean_us": 43.168771,
    "p50_us": 36.370974,
    "p99_us": 118.240181,
    "min_us": 1.592452,
    "max_us": 133.485106
  },
  "latency_cold": {
    "count": 23624,
    "mean_us": 15.535923,
    "p50_us": 15.453363,
    "p99_us": 24.180949,
    "min_us": 2.434317,
    "max_us": 29.913067
  },
  "dispatch_cct_us": 133.485106,
  "combine_cct_us": 129.777764,
  "roundtrip_step_us": 264.862870,
  "e2e_step_us": 504.940995
}
