{
  "scenario": 4,
  "scheme": "ub_rg_pop",
  "mode": "roundtrip",
  "batch": 64,
  "zipf_s": 0.300000,
  "topk": 8,
  "ep_size": 256,
  "seed": 89,
  "start_skew_us": 4.000000,
  "tau_g_ns": 143.360000,
  "grain_bytes": 7168,
  "total_tokens": 262144,
  "max_egress_load": 250,
  "konig_us": 69.099520,
  "rtt_us": 1.200000,
  "barrier_us": 1.600000,
  "cct_us": 106.119300,
  "step_us": 180.023987,
  "gemv_us": 72.304688,
  "e2e_us": 178.423987,
  "throughput_GBs": 10437.765667,
  "latency_all": {
    "count": 262144,
    "mean_us": 19.647445,
    "p50_us": 17.514493,
    "p99_us": 33.899533,
    "min_us": 1.745775,
    "max_us": 53.513120
  },
  "latency_hot": {
    "count": 49046,
    "mean_us": 24.536535,
    "p50_us": 23.990889,
    "p99_us": 44.579698,
    "min_us": 3.032337,
    "max_us": 53.513120
  },
  "latency_cold": {
    "count": 102738,
    "mean_us": 17.857949,
    "p50_us": 17.759865,
    "p99_us": 29.188505,
    "min_us": 1.745775,
    "max_us": 40.096024
  },
  "dispatch_cct_us": 52.606180,
  "combine_cct_us": 53.513120,
  "roundtrip_step_us": 107.719300,
  "e2e_step_us": 180.023987
}
