{
  "scenario": 1,
  "scheme": "packet_spray",
  "mode": "roundtrip",
  "batch": 64,
  "zipf_s": 0.700000,
  "topk": 8,
  "ep_size": 32,
  "seed": 59,
  "start_skew_us": 4.000000,
  "tau_g_ns": 143.360000,
  "grain_bytes": 7168,
  "total_tokens": 32768,
  "max_egress_load": 216,
  "konig_us": 59.351040,
  "rtt_us": 0.000000,
  "barrier_us": 4.000000,
  "cct_us": 80.452175,
  "step_us": 146.327175,
  "gemv_us": 61.875000,
  "e2e_us": 142.327175,
  "throughput_GBs": 1605.177060,
  "latency_all": {
    "count": 32768,
    "mean_us": 18.369015,
    "p50_us": 16.601028,
    "p99_us": 36.691372,
    "min_us": 1.404868,
    "max_us": 40.848812
  },
  "latency_hot": {
    "count": 7638,
    "mean_us": 19.106095,
    "p50_us": 19.123515,
    "p99_us": 36.528068,
    "min_us": 1.404868,
    "max_us": 40.848812
  },
  "latency_cold": {
    "count": 10028,
    "mean_us": 18.452223,
    "p50_us": 15.187372,
    "p99_us": 37.739683,
    "min_us": 1.404868,
    "max_us": 39.603363
  },
  "dispatch_cct_us": 40.848812,
  "combine_cct_us": 39.603363,
  "roundtrip_step_us": 84.452175,
  "e2e_step_us": 146.327175
}
