{
  "scenario": 4,
  "scheme": "packet_spray",
  "mode": "dispatch",
  "batch": 16,
  "zipf_s": 0.300000,
  "topk": 8,
  "ep_size": 512,
  "seed": 1,
  "start_skew_us": 2.000000,
  "tau_g_ns": 143.360000,
  "grain_bytes": 7168,
  "total_tokens": 65536,
  "max_egress_load": 95,
  "konig_us": 13.619200,
  "rtt_us": 0.000000,
  "barrier_us": 3.000000,
  "cct_us": 16.441763,
  "step_us": 19.441763,
  "gemv_us": 0.000000,
  "e2e_us": 0.000000,
  "throughput_GBs": 28571.270141,
  "latency_all": {
    "count": 65536,
    "mean_us": 4.667709,
    "p50_us": 4.572250,
    "p99_us": 9.421271,
    "min_us": 0.230477,
    "max_us": 16.441763
  },
  "latency_hot": {
    "count": 12704,
    "mean_us": 5.830347,
    "p50_us": 5.612073,
    "p99_us": 12.431831,
    "min_us": 0.447419,
    "max_us": 16.441763
  },
  "latency_cold": {
    "count": 25443,
    "mean_us": 4.202328,
    "p50_us": 4.287856,
    "p99_us": 6.325086,
    "min_us": 0.366479,
    "max_us": 7.325233
  }
}
