{
  "scenario": 1,
  "scheme": "ub_rg_pop",
  "mode": "roundtrip",
  "batch": 128,
  "zipf_s": 0.900000,
  "topk": 8,
  "ep_size": 128,
  "seed": 33,
  "start_skew_us": 4.000000,
  "tau_g_ns": 143.360000,
  "grain_bytes": 7168,
  "total_tokens": 262144,
  "max_egress_load": 1566,
  "konig_us": 445.276160,
  "rtt_us": 0.900000,
  "barrier_us": 0.800000,
  "cct_us": 473.933558,
  "step_us": 955.827308,
  "gemv_us": 481.093750,
  "e2e_us": 955.027308,
  "throughput_GBs": 1965.886699,
  "latency_all": {
    "count": 262144,
    "mean_us": 42.070079,
    "p50_us": 20.450286,
    "p99_us": 195.940991,
    "min_us": 1.452786,
    "max_us": 239.560806
  },
  "latency_hot": {
    "count": 116322,
    "mean_us": 69.873645,
    "p50_us": 54.933708,
    "p99_us": 220.767121,
    "min_us": 1.691532,
    "max_us": 239.560806
  },
  "latency_cold": {
    "count": 47456,
    "mean_us": 15.228916,
    "p50_us": 15.198615,
    "p99_us": 25.898519,
    "min_us": 1.452786,
    "max_us": 29.462235
  },
  "dispatch_cct_us": 239.560806,
  "combine_cct_us": 234.372753,
  "roundtrip_step_us": 474.733558,
  "e2e_step_us": 955.827308
}
