{
  "scenario": 2,
  "scheme": "ub_rg_pop",
  "mode": "roundtrip",
  "batch": 256,
  "zipf_s": 0.900000,
  "topk": 8,
  "ep_size": 256,
  "seed": 36,
  "tau_g_ns": 143.360000,
  "grain_bytes": 7168,
  "total_tokens": 1048576,
  "max_egress_load": 5608,
  "konig_us": 1600.040960,
  "rtt_us": 1.650000,
  "barrier_us": 2.400000,
  "cct_us": 1613.250606,
  "step_us": 1615.650606,
  "throughput_GBs": 4652.115216,
  "latency_all": {
    "count": 1048576,
    "mean_us": 95.971077,
    "p50_us": 12.526372,
    "p99_us": 377.691306,
    "min_us": 2.593409,
    "max_us": 806.627635
  },
  "latency_hot": {
    "count": 531116,
    "mean_us": 171.795478,
    "p50_us": 78.442962,
    "p99_us": 377.770853,
    "min_us": 2.593599,
    "max_us": 806.627635
  },
  "latency_cold": {
    "count": 168830,
    "mean_us": 9.898530,
    "p50_us": 9.654018,
    "p99_us": 19.404375,
    "min_us": 2.593523,
    "max_us": 24.732501
  },
  "dispatch_cct_us": 806.622971,
  "combine_cct_us": 806.627635,
  "roundtrip_step_us": 1615.650606
}
