{
  "scenario": 2,
  "scheme": "ub_rg_pop",
  "mode": "roundtrip",
  "batch": 256,
  "zipf_s": 0.300000,
  "topk": 8,
  "ep_size": 1024,
  "seed": 86,
  "tau_g_ns": 143.360000,
  "grain_bytes": 7168,
  "total_tokens": 4194304,
  "max_egress_load": 1506,
  "konig_us": 420.044800,
  "rtt_us": 1.650000,
  "barrier_us": 2.400000,
  "cct_us": 436.758989,
  "step_us": 439.158989,
  "throughput_GBs": 68459.878598,
  "latency_all": {
    "count": 4194304,
    "mean_us": 28.024409,
    "p50_us": 17.969421,
    "p99_us": 84.461344,
    "min_us": 2.593395,
    "max_us": 218.402674
  },
  "latency_hot": {
    "count": 817092,
    "mean_us": 46.966414,
    "p50_us": 30.298886,
    "p99_us": 84.446317,
    "min_us": 2.594647,
    "max_us": 218.402674
  },
  "latency_cold": {
    "count": 1622804,
    "mean_us": 20.431288,
    "p50_us": 13.666650,
    "p99_us": 38.810684,
    "min_us": 2.593412,
    "max_us": 52.320154
  },
  "dispatch_cct_us": 218.402674,
  "combine_cct_us": 218.356315,
  "roundtrip_step_us": 439.158989
}
