{
  "scenario": 1,
  "scheme": "ub_rg_pop",
  "mode": "roundtrip",
  "batch": 512,
  "zipf_s": 0.300000,
  "topk": 8,
  "ep_size": 128,
  "seed": 96,
  "start_skew_us": 4.000000,
  "tau_g_ns": 143.360000,
  "grain_bytes": 7168,
  "total_tokens": 1048576,
  "max_egress_load": 1528,
  "konig_us": 432.230400,
  "rtt_us": 0.900000,
  "barrier_us": 0.800000,
  "cct_us": 469.555992,
  "step_us": 934.926304,
  "gemv_us": 464.570312,
  "e2e_us": 934.126304,
  "throughput_GBs": 8039.342496,
  "latency_all": {
    "count": 1048576,
    "mean_us": 54.503306,
    "p50_us": 31.197738,
    "p99_us": 105.938731,
    "min_us": 1.475736,
    "max_us": 240.989051
  },
  "latency_hot": {
    "count": 182102,
    "mean_us": 84.690509,
    "p50_us": 81.284289,
    "p99_us": 208.831881,
    "min_us": 1.781144,
    "max_us": 240.989051
  },
  "latency_cold": {
    "count": 415032,
    "mean_us": 42.633544,
    "p50_us": 43.454534,
    "p99_us": 73.773436,
    "min_us": 1.740626,
    "max_us": 95.745765
  },
  "dispatch_cct_us": 240.989051,
  "combine_cct_us": 228.566941,
  "roundtrip_step_us": 470.355992,
  "e2e_step_us": 934.926304
}
