{
  "scenario": 1,
  "scheme": "packet_spray",
  "mode": "roundtrip",
  "batch": 512,
  "zipf_s": 0.700000,
  "topk": 8,
  "ep_size": 32,
  "seed": 76,
  "start_skew_us": 4.000000,
  "tau_g_ns": 143.360000,
  "grain_bytes": 7168,
  "total_tokens": 262144,
  "max_egress_load": 1663,
  "konig_us": 469.073920,
  "rtt_us": 0.000000,
  "barrier_us": 4.000000,
  "cct_us": 609.001709,
  "step_us": 1115.657959,
  "gemv_us": 502.656250,
  "e2e_us": 1111.657959,
  "throughput_GBs": 1684.251142,
  "latency_all": {
    "count": 262144,
    "mean_us": 136.779214,
    "p50_us": 115.201439,
    "p99_us": 265.961159,
    "min_us": 1.557030,
    "max_us": 310.546119
  },
  "latency_hot": {
    "count": 62882,
    "mean_us": 144.912868,
    "p50_us": 146.350630,
    "p99_us": 290.619079,
    "min_us": 1.557030,
    "max_us": 310.546119
  },
  "latency_cold": {
    "count": 79200,
    "mean_us": 136.262613,
    "p50_us": 110.757279,
    "p99_us": 287.703590,
    "min_us": 5.332679,
    "max_us": 298.455590
  },
  "dispatch_cct_us": 310.546119,
  "combine_cct_us": 298.455590,
  "roundtrip_step_us": 613.001709,
  "e2e_step_us": 1115.657959
}
