{
  "scenario": 1,
  "scheme": "packet_spray",
  "mode": "roundtrip",
  "batch": 64,
  "zipf_s": 0.700000,
  "topk": 8,
  "ep_size": 128,
  "seed": 43,
  "start_skew_us": 4.000000,
  "tau_g_ns": 143.360000,
  "grain_bytes": 7168,
  "total_tokens": 131072,
  "max_egress_load": 586,
  "konig_us": 161.853440,
  "rtt_us": 0.000000,
  "barrier_us": 4.000000,
  "cct_us": 209.212692,
  "step_us": 382.704880,
  "gemv_us": 169.492188,
  "e2e_us": 378.704880,
  "throughput_GBs": 2454.957190,
  "latency_all": {
    "count": 131072,
    "mean_us": 46.150332,
    "p50_us": 37.332763,
    "p99_us": 98.766330,
    "min_us": 3.967748,
    "max_us": 104.998683
  },
  "latency_hot": {
    "count": 44928,
    "mean_us": 50.375846,
    "p50_us": 45.776777,
    "p99_us": 95.325690,
    "min_us": 9.457059,
    "max_us": 104.998683
  },
  "latency_cold": {
    "count": 32254,
    "mean_us": 43.769141,
    "p50_us": 28.663290,
    "p99_us": 100.916730,
    "min_us": 3.967748,
    "max_us": 104.214010
  },
  "dispatch_cct_us": 104.998683,
  "combine_cct_us": 104.214010,
  "roundtrip_step_us": 213.212692,
  "e2e_step_us": 382.704880
}
