{
  "scenario": 3,
  "scheme": "ub_rg",
  "mode": "roundtrip",
  "batch": 64,
  "zipf_s": 0.000000,
  "topk": 8,
  "ep_size": 256,
  "seed": 1,
  "tau_g_ns": 143.360000,
  "grain_bytes": 7168,
  "total_tokens": 262144,
  "max_egress_load": 91,
  "konig_us": 26.091520,
  "rtt_us": 1.100000,
  "barrier_us": 2.400000,
  "cct_us": 32.375241,
  "step_us": 34.775241,
  "throughput_GBs": 54034.080960,
  "latency_all": {
    "count": 262144,
    "mean_us": 7.732624,
    "p50_us": 6.562801,
    "p99_us": 14.247065,
    "min_us": 2.043647,
    "max_us": 17.283270
  },
  "latency_hot": {
    "count": 25640,
    "mean_us": 7.752366,
    "p50_us": 7.702337,
    "p99_us": 14.098877,
    "min_us": 2.048300,
    "max_us": 17.283270
  },
  "latency_cold": {
    "count": 130876,
    "mean_us": 7.725707,
    "p50_us": 7.670868,
    "p99_us": 14.003478,
    "min_us": 2.043647,
    "max_us": 17.103767
  },
  "dispatch_cct_us": 17.283270,
  "combine_cct_us": 15.091971,
  "roundtrip_step_us": 34.775241
}
