{
  "scenario": 1,
  "scheme": "ub_rg_pop",
  "mode": "roundtrip",
  "batch": 128,
  "zipf_s": 0.000000,
  "topk": 8,
  "ep_size": 128,
  "seed": 46,
  "start_skew_us": 4.000000,
  "tau_g_ns": 143.360000,
  "grain_bytes": 7168,
  "total_tokens": 262144,
  "max_egress_load": 161,
  "konig_us": 45.731840,
  "rtt_us": 0.900000,
  "barrier_us": 0.800000,
  "cct_us": 90.630296,
  "step_us": 134.008421,
  "gemv_us": 42.578125,
  "e2e_us": 133.208421,
  "throughput_GBs": 14021.866532,
  "latency_all": {
    "count": 262144,
    "mean_us": 24.011590,
    "p50_us": 21.654916,
    "p99_us": 40.043701,
    "min_us": 1.444081,
    "max_us": 45.878556
  },
  "latency_hot": {
    "count": 24390,
    "mean_us": 23.543065,
    "p50_us": 23.510381,
    "p99_us": 39.447689,
    "min_us": 2.071506,
    "max_us": 44.341963
  },
  "latency_cold": {
    "count": 130906,
    "mean_us": 24.028799,
    "p50_us": 24.023624,
    "p99_us": 39.816321,
    "min_us": 1.444081,
    "max_us": 45.072368
  },
  "dispatch_cct_us": 45.878556,
  "combine_cct_us": 44.751740,
  "roundtrip_step_us": 91.430296,
  "e2e_step_us": 134.008421
}
