{
  "scenario": 4,
  "scheme": "ub_rg_pop",
  "mode": "roundtrip",
  "batch": 256,
  "zipf_s": 0.700000,
  "topk": 8,
  "ep_size": 256,
  "seed": 73,
  "start_skew_us": 4.000000,
  "tau_g_ns": 143.360000,
  "grain_bytes": 7168,
  "total_tokens": 1048576,
  "max_egress_load": 3866,
  "konig_us": 1065.451520,
  "rtt_us": 1.200000,
  "barrier_us": 1.600000,
  "cct_us": 1136.247942,
  "step_us": 2252.105755,
  "gemv_us": 1114.257812,
  "e2e_us": 2250.505755,
  "throughput_GBs": 3337.406671,
  "latency_all": {
    "count": 1048576,
    "mean_us": 65.552936,
    "p50_us": 24.526899,
    "p99_us": 205.047683,
    "min_us": 1.648265,
    "max_us": 570.087735
  },
  "latency_hot": {
    "count": 405234,
    "mean_us": 121.805802,
    "p50_us": 87.924698,
    "p99_us": 445.855607,
    "min_us": 2.032452,
    "max_us": 570.087735
  },
  "latency_cold": {
    "count": 243468,
    "mean_us": 23.428369,
    "p50_us": 21.581347,
    "p99_us": 39.842278,
    "min_us": 1.648265,
    "max_us": 54.364857
  },
  "dispatch_cct_us": 570.087735,
  "combine_cct_us": 566.160207,
  "roundtrip_step_us": 1137.847942,
  "e2e_step_us": 2252.105755
}
