{
  "scenario": 3,
  "scheme": "ub_rg_pop",
  "mode": "roundtrip",
  "batch": 256,
  "zipf_s": 0.300000,
  "topk": 8,
  "ep_size": 1024,
  "seed": 50,
  "tau_g_ns": 143.360000,
  "grain_bytes": 7168,
  "total_tokens": 4194304,
  "max_egress_load": 1483,
  "konig_us": 418.324480,
  "rtt_us": 1.650000,
  "barrier_us": 2.400000,
  "cct_us": 430.374732,
  "step_us": 432.774732,
  "throughput_GBs": 69469.793084,
  "latency_all": {
    "count": 4194304,
    "mean_us": 28.036431,
    "p50_us": 17.939031,
    "p99_us": 84.751221,
    "min_us": 2.593369,
    "max_us": 215.224716
  },
  "latency_hot": {
    "count": 819156,
    "mean_us": 47.027995,
    "p50_us": 30.269640,
    "p99_us": 84.660392,
    "min_us": 2.593378,
    "max_us": 215.224716
  },
  "latency_cold": {
    "count": 1619216,
    "mean_us": 20.381497,
    "p50_us": 13.591463,
    "p99_us": 38.725931,
    "min_us": 2.593409,
    "max_us": 50.674327
  },
  "dispatch_cct_us": 215.224716,
  "combine_cct_us": 215.150016,
  "roundtrip_step_us": 432.774732
}
