{
  "scenario": 4,
  "scheme": "ub_rg_pop",
  "mode": "roundtrip",
  "batch": 256,
  "zipf_s": 0.700000,
  "topk": 8,
  "ep_size": 256,
  "seed": 80,
  "start_skew_us": 4.000000,
  "tau_g_ns": 143.360000,
  "grain_bytes": 7168,
  "total_tokens": 1048576,
  "max_egress_load": 3967,
  "konig_us": 1086.525440,
  "rtt_us": 1.200000,
  "barrier_us": 1.600000,
  "cct_us": 1167.545479,
  "step_us": 2297.817354,
  "gemv_us": 1128.671875,
  "e2e_us": 2296.217354,
  "throughput_GBs": 3271.014015,
  "latency_all": {
    "count": 1048576,
    "mean_us": 67.768424,
    "p50_us": 24.318284,
    "p99_us": 204.817471,
    "min_us": 1.770807,
    "max_us": 585.862467
  },
  "latency_hot": {
    "count": 402772,
    "mean_us": 124.582818,
    "p50_us": 87.622802,
    "p99_us": 472.870046,
    "min_us": 4.709968,
    "max_us": 585.862467
  },
  "latency_cold": {
    "count": 242984,
    "mean_us": 25.354573,
    "p50_us": 23.560835,
    "p99_us": 39.616003,
    "min_us": 1.770807,
    "max_us": 59.750296
  },
  "dispatch_cct_us": 585.862467,
  "combine_cct_us": 581.683012,
  "roundtrip_step_us": 1169.145479,
  "e2e_step_us": 2297.817354
}
