{
  "scenario": 4,
  "scheme": "packet_spray",
  "mode": "roundtrip",
  "batch": 256,
  "zipf_s": 0.900000,
  "topk": 8,
  "ep_size": 512,
  "seed": 89,
  "start_skew_us": 4.000000,
  "tau_g_ns": 143.360000,
  "grain_bytes": 7168,
  "total_tokens": 2097152,
  "max_egress_load": 11226,
  "konig_us": 3060.592640,
  "rtt_us": 0.000000,
  "barrier_us": 6.000000,
  "cct_us": 3153.858748,
  "step_us": 6323.139998,
  "gemv_us": 3163.281250,
  "e2e_us": 6317.139998,
  "throughput_GBs": 2377.360859,
  "latency_all": {
    "count": 2097152,
    "mean_us": 466.635757,
    "p50_us": 58.476313,
    "p99_us": 914.123538,
    "min_us": 0.936436,
    "max_us": 1663.428010
  },
  "latency_hot": {
    "count": 1162962,
    "mean_us": 515.059624,
    "p50_us": 96.186387,
    "p99_us": 920.001298,
    "min_us": 0.936436,
    "max_us": 1645.794730
  },
  "latency_cold": {
    "count": 306590,
    "mean_us": 405.230516,
    "p50_us": 54.915163,
    "p99_us": 1431.041450,
    "min_us": 2.170215,
    "max_us": 1663.428010
  },
  "dispatch_cct_us": 1490.430738,
  "combine_cct_us": 1663.428010,
  "roundtrip_step_us": 3159.858748,
  "e2e_step_us": 6323.139998
}
