{
  "scenario": 4,
  "scheme": "ub_rg_pop",
  "mode": "roundtrip",
  "batch": 128,
  "zipf_s": 0.000000,
  "topk": 8,
  "ep_size": 512,
  "seed": 61,
  "start_skew_us": 4.000000,
  "tau_g_ns": 143.360000,
  "grain_bytes": 7168,
  "total_tokens": 1048576,
  "max_egress_load": 178,
  "konig_us": 50.606080,
  "rtt_us": 1.200000,
  "barrier_us": 1.600000,
  "cct_us": 65.409295,
  "step_us": 110.798358,
  "gemv_us": 43.789062,
  "e2e_us": 109.198358,
  "throughput_GBs": 67836.680259,
  "latency_all": {
    "count": 1048576,
    "mean_us": 14.999002,
    "p50_us": 10.919109,
    "p99_us": 25.424907,
    "min_us": 1.498106,
    "max_us": 35.215633
  },
  "latency_hot": {
    "count": 104902,
    "mean_us": 14.933691,
    "p50_us": 14.887718,
    "p99_us": 27.609989,
    "min_us": 1.805619,
    "max_us": 33.775467
  },
  "latency_cold": {
    "count": 523340,
    "mean_us": 14.971216,
    "p50_us": 14.280979,
    "p99_us": 23.773789,
    "min_us": 1.498106,
    "max_us": 34.197391
  },
  "dispatch_cct_us": 35.215633,
  "combine_cct_us": 30.193662,
  "roundtrip_step_us": 67.009295,
  "e2e_step_us": 110.798358
}
