{
  "scenario": 4,
  "scheme": "ub_rg",
  "mode": "roundtrip",
  "batch": 16,
  "zipf_s": 0.900000,
  "topk": 8,
  "ep_size": 128,
  "seed": 20,
  "start_skew_us": 4.000000,
  "tau_g_ns": 143.360000,
  "grain_bytes": 7168,
  "total_tokens": 32768,
  "max_egress_load": 204,
  "konig_us": 56.483840,
  "rtt_us": 0.800000,
  "barrier_us": 1.600000,
  "cct_us": 89.501484,
  "step_us": 150.203047,
  "gemv_us": 59.101562,
  "e2e_us": 148.603047,
  "throughput_GBs": 1563.756724,
  "latency_all": {
    "count": 32768,
    "mean_us": 17.175837,
    "p50_us": 16.697389,
    "p99_us": 37.002422,
    "min_us": 1.303464,
    "max_us": 50.909543
  },
  "latency_hot": {
    "count": 14572,
    "mean_us": 20.240427,
    "p50_us": 19.435589,
    "p99_us": 39.738312,
    "min_us": 1.410956,
    "max_us": 50.909543
  },
  "latency_cold": {
    "count": 5974,
    "mean_us": 13.746983,
    "p50_us": 14.231688,
    "p99_us": 23.098529,
    "min_us": 1.303464,
    "max_us": 24.911349
  },
  "dispatch_cct_us": 50.909543,
  "combine_cct_us": 38.591941,
  "roundtrip_step_us": 91.101484,
  "e2e_step_us": 150.203047
}
