{
  "scenario": 4,
  "scheme": "packet_spray",
  "mode": "roundtrip",
  "batch": 512,
  "zipf_s": 0.000000,
  "topk": 8,
  "ep_size": 128,
  "seed": 81,
  "start_skew_us": 4.000000,
  "tau_g_ns": 143.360000,
  "grain_bytes": 7168,
  "total_tokens": 1048576,
  "max_egress_load": 621,
  "konig_us": 172.892160,
  "rtt_us": 0.000000,
  "barrier_us": 6.000000,
  "cct_us": 322.880875,
  "step_us": 494.662125,
  "gemv_us": 165.781250,
  "e2e_us": 488.662125,
  "throughput_GBs": 15194.599270,
  "latency_all": {
    "count": 1048576,
    "mean_us": 91.720798,
    "p50_us": 86.607159,
    "p99_us": 139.161570,
    "min_us": 0.659112,
    "max_us": 162.672610
  },
  "latency_hot": {
    "count": 98438,
    "mean_us": 75.589506,
    "p50_us": 75.922161,
    "p99_us": 144.327205,
    "min_us": 0.659525,
    "max_us": 156.221410
  },
  "latency_cold": {
    "count": 523004,
    "mean_us": 100.586882,
    "p50_us": 99.450850,
    "p99_us": 135.864290,
    "min_us": 0.716064,
    "max_us": 160.952290
  },
  "dispatch_cct_us": 162.672610,
  "combine_cct_us": 160.208266,
  "roundtrip_step_us": 328.880875,
  "e2e_step_us": 494.662125
}
