{
  "scenario": 1,
  "scheme": "ub_rg_pop",
  "mode": "roundtrip",
  "batch": 256,
  "zipf_s": 0.000000,
  "topk": 8,
  "ep_size": 64,
  "seed": 1,
  "start_skew_us": 0.000000,
  "tau_g_ns": 143.360000,
  "grain_bytes": 7168,
  "total_tokens": 262144,
  "max_egress_load": 302,
  "konig_us": 85.155840,
  "rtt_us": 0.900000,
  "barrier_us": 0.800000,
  "cct_us": 89.536791,
  "step_us": 173.735229,
  "gemv_us": 83.398438,
  "e2e_us": 172.935229,
  "throughput_GBs": 10815.585329,
  "latency_all": {
    "count": 262144,
    "mean_us": 20.300319,
    "p50_us": 15.811382,
    "p99_us": 39.774357,
    "min_us": 1.443647,
    "max_us": 44.889325
  },
  "latency_hot": {
    "count": 24648,
    "mean_us": 20.359981,
    "p50_us": 20.230311,
    "p99_us": 40.391263,
    "min_us": 1.445927,
    "max_us": 44.889325
  },
  "latency_cold": {
    "count": 131044,
    "mean_us": 20.296430,
    "p50_us": 20.148897,
    "p99_us": 40.329186,
    "min_us": 1.443647,
    "max_us": 44.155603
  },
  "dispatch_cct_us": 44.647466,
  "combine_cct_us": 44.889325,
  "roundtrip_step_us": 90.336791,
  "e2e_step_us": 173.735229
}
