{
  "scenario": 4,
  "scheme": "ub_rg",
  "mode": "roundtrip",
  "batch": 512,
  "zipf_s": 0.700000,
  "topk": 8,
  "ep_size": 512,
  "seed": 86,
  "start_skew_us": 4.000000,
  "tau_g_ns": 143.360000,
  "grain_bytes": 7168,
  "total_tokens": 4194304,
  "max_egress_load": 13011,
  "konig_us": 3546.583040,
  "rtt_us": 0.800000,
  "barrier_us": 1.600000,
  "cct_us": 3737.678220,
  "step_us": 7404.200095,
  "gemv_us": 3664.921875,
  "e2e_us": 7402.600095,
  "throughput_GBs": 4060.502240,
  "latency_all": {
    "count": 4194304,
    "mean_us": 138.048092,
    "p50_us": 21.318063,
    "p99_us": 1100.803457,
    "min_us": 1.042471,
    "max_us": 1869.421229
  },
  "latency_hot": {
    "count": 1741266,
    "mean_us": 282.934671,
    "p50_us": 51.676242,
    "p99_us": 1100.664991,
    "min_us": 1.373122,
    "max_us": 1869.421229
  },
  "latency_cold": {
    "count": 924828,
    "mean_us": 22.265821,
    "p50_us": 14.983297,
    "p99_us": 39.745905,
    "min_us": 1.238216,
    "max_us": 87.280826
  },
  "dispatch_cct_us": 1869.421229,
  "combine_cct_us": 1868.256991,
  "roundtrip_step_us": 3739.278220,
  "e2e_step_us": 7404.200095
}
