{
  "scenario": 4,
  "scheme": "ub_rg_pop",
  "mode": "roundtrip",
  "batch": 128,
  "zipf_s": 0.700000,
  "topk": 8,
  "ep_size": 512,
  "seed": 32,
  "start_skew_us": 4.000000,
  "tau_g_ns": 143.360000,
  "grain_bytes": 7168,
  "total_tokens": 1048576,
  "max_egress_load": 3291,
  "konig_us": 894.136320,
  "rtt_us": 1.200000,
  "barrier_us": 1.600000,
  "cct_us": 953.097545,
  "step_us": 1875.127232,
  "gemv_us": 920.429688,
  "e2e_us": 1873.527232,
  "throughput_GBs": 4008.364147,
  "latency_all": {
    "count": 1048576,
    "mean_us": 38.607254,
    "p50_us": 10.174198,
    "p99_us": 134.043362,
    "min_us": 1.503158,
    "max_us": 477.097668
  },
  "latency_hot": {
    "count": 436006,
    "mean_us": 74.821226,
    "p50_us": 42.191132,
    "p99_us": 197.259729,
    "min_us": 1.730164,
    "max_us": 477.097668
  },
  "latency_cold": {
    "count": 230890,
    "mean_us": 9.180048,
    "p50_us": 8.481497,
    "p99_us": 16.793159,
    "min_us": 1.538191,
    "max_us": 42.786744
  },
  "dispatch_cct_us": 477.097668,
  "combine_cct_us": 475.999877,
  "roundtrip_step_us": 954.697545,
  "e2e_step_us": 1875.127232
}
