{
  "scenario": 1,
  "scheme": "packet_spray",
  "mode": "roundtrip",
  "batch": 128,
  "zipf_s": 0.300000,
  "topk": 8,
  "ep_size": 128,
  "seed": 50,
  "start_skew_us": 4.000000,
  "tau_g_ns": 143.360000,
  "grain_bytes": 7168,
  "total_tokens": 262144,
  "max_egress_load": 411,
  "konig_us": 112.967680,
  "rtt_us": 0.000000,
  "barrier_us": 4.000000,
  "cct_us": 170.463175,
  "step_us": 292.119425,
  "gemv_us": 117.656250,
  "e2e_us": 288.119425,
  "throughput_GBs": 6432.465745,
  "latency_all": {
    "count": 262144,
    "mean_us": 43.318303,
    "p50_us": 40.700492,
    "p99_us": 69.127475,
    "min_us": 4.542271,
    "max_us": 88.576660
  },
  "latency_hot": {
    "count": 45674,
    "mean_us": 42.985370,
    "p50_us": 43.864055,
    "p99_us": 75.410771,
    "min_us": 5.115711,
    "max_us": 88.576660
  },
  "latency_cold": {
    "count": 103694,
    "mean_us": 44.679046,
    "p50_us": 41.347713,
    "p99_us": 77.585715,
    "min_us": 4.685631,
    "max_us": 81.886515
  },
  "dispatch_cct_us": 88.576660,
  "combine_cct_us": 81.886515,
  "roundtrip_step_us": 174.463175,
  "e2e_step_us": 292.119425
}
