{
  "scenario": 1,
  "scheme": "islip",
  "mode": "roundtrip",
  "batch": 512,
  "zipf_s": 0.000000,
  "topk": 8,
  "ep_size": 32,
  "seed": 25,
  "start_skew_us": 4.000000,
  "tau_g_ns": 143.360000,
  "grain_bytes": 7168,
  "total_tokens": 262144,
  "max_egress_load": 574,
  "konig_us": 162.283520,
  "rtt_us": 0.600000,
  "barrier_us": 0.800000,
  "cct_us": 171.517053,
  "step_us": 339.113928,
  "gemv_us": 166.796875,
  "e2e_us": 338.313928,
  "throughput_GBs": 5541.052831,
  "latency_all": {
    "count": 262144,
    "mean_us": 39.868995,
    "p50_us": 31.068998,
    "p99_us": 77.392553,
    "min_us": 1.229075,
    "max_us": 85.803036
  },
  "latency_hot": {
    "count": 24684,
    "mean_us": 39.822184,
    "p50_us": 39.755200,
    "p99_us": 77.469700,
    "min_us": 1.524373,
    "max_us": 81.525501
  },
  "latency_cold": {
    "count": 130512,
    "mean_us": 39.726795,
    "p50_us": 39.613789,
    "p99_us": 78.298106,
    "min_us": 1.229075,
    "max_us": 85.352720
  },
  "dispatch_cct_us": 85.714017,
  "combine_cct_us": 85.803036,
  "roundtrip_step_us": 172.317053,
  "e2e_step_us": 339.113928
}
