{
  "scenario": 1,
  "scheme": "ub_rg",
  "mode": "roundtrip",
  "batch": 512,
  "zipf_s": 0.000000,
  "topk": 8,
  "ep_size": 128,
  "seed": 55,
  "start_skew_us": 4.000000,
  "tau_g_ns": 143.360000,
  "grain_bytes": 7168,
  "total_tokens": 1048576,
  "max_egress_load": 585,
  "konig_us": 167.444480,
  "rtt_us": 0.600000,
  "barrier_us": 0.800000,
  "cct_us": 209.651233,
  "step_us": 378.068420,
  "gemv_us": 167.617188,
  "e2e_us": 377.268420,
  "throughput_GBs": 19880.509359,
  "latency_all": {
    "count": 1048576,
    "mean_us": 50.856676,
    "p50_us": 28.820901,
    "p99_us": 82.814327,
    "min_us": 1.170047,
    "max_us": 105.585252
  },
  "latency_hot": {
    "count": 98162,
    "mean_us": 50.116198,
    "p50_us": 49.932995,
    "p99_us": 91.312341,
    "min_us": 1.646469,
    "max_us": 102.335421
  },
  "latency_cold": {
    "count": 525282,
    "mean_us": 50.798781,
    "p50_us": 41.978717,
    "p99_us": 77.347174,
    "min_us": 2.012768,
    "max_us": 105.585252
  },
  "dispatch_cct_us": 105.585252,
  "combine_cct_us": 104.065981,
  "roundtrip_step_us": 210.451233,
  "e2e_step_us": 378.068420
}
