{
  "scenario": 1,
  "scheme": "packet_spray",
  "mode": "roundtrip",
  "batch": 64,
  "zipf_s": 0.000000,
  "topk": 8,
  "ep_size": 64,
  "seed": 95,
  "start_skew_us": 4.000000,
  "tau_g_ns": 143.360000,
  "grain_bytes": 7168,
  "total_tokens": 65536,
  "max_egress_load": 88,
  "konig_us": 22.937600,
  "rtt_us": 0.000000,
  "barrier_us": 4.000000,
  "cct_us": 77.585701,
  "step_us": 103.616951,
  "gemv_us": 22.031250,
  "e2e_us": 99.616951,
  "throughput_GBs": 4533.640928,
  "latency_all": {
    "count": 65536,
    "mean_us": 28.340498,
    "p50_us": 29.257237,
    "p99_us": 36.998677,
    "min_us": 5.124240,
    "max_us": 39.149077
  },
  "latency_hot": {
    "count": 6224,
    "mean_us": 22.636581,
    "p50_us": 21.425541,
    "p99_us": 35.420724,
    "min_us": 5.124240,
    "max_us": 37.863184
  },
  "latency_cold": {
    "count": 33060,
    "mean_us": 30.018944,
    "p50_us": 30.408464,
    "p99_us": 37.428757,
    "min_us": 8.068160,
    "max_us": 39.149077
  },
  "dispatch_cct_us": 38.436624,
  "combine_cct_us": 39.149077,
  "roundtrip_step_us": 81.585701,
  "e2e_step_us": 103.616951
}
