{
  "scenario": 1,
  "scheme": "ub_rg_pop",
  "mode": "roundtrip",
  "batch": 128,
  "zipf_s": 0.000000,
  "topk": 8,
  "ep_size": 128,
  "seed": 72,
  "start_skew_us": 4.000000,
  "tau_g_ns": 143.360000,
  "grain_bytes": 7168,
  "total_tokens": 262144,
  "max_egress_load": 177,
  "konig_us": 49.602560,
  "rtt_us": 0.900000,
  "barrier_us": 0.800000,
  "cct_us": 91.637224,
  "step_us": 135.718474,
  "gemv_us": 43.281250,
  "e2e_us": 134.918474,
  "throughput_GBs": 13845.190978,
  "latency_all": {
    "count": 262144,
    "mean_us": 23.282803,
    "p50_us": 20.936182,
    "p99_us": 37.176020,
    "min_us": 1.446016,
    "max_us": 47.506988
  },
  "latency_hot": {
    "count": 24252,
    "mean_us": 23.072644,
    "p50_us": 22.944087,
    "p99_us": 38.179199,
    "min_us": 2.738824,
    "max_us": 43.583042
  },
  "latency_cold": {
    "count": 131102,
    "mean_us": 23.316068,
    "p50_us": 23.284360,
    "p99_us": 38.627768,
    "min_us": 1.446016,
    "max_us": 45.914935
  },
  "dispatch_cct_us": 47.506988,
  "combine_cct_us": 44.130236,
  "roundtrip_step_us": 92.437224,
  "e2e_step_us": 135.718474
}
