{
  "scenario": 1,
  "scheme": "ub_rg",
  "mode": "roundtrip",
  "batch": 64,
  "zipf_s": 0.000000,
  "topk": 8,
  "ep_size": 64,
  "seed": 28,
  "start_skew_us": 4.000000,
  "tau_g_ns": 143.360000,
  "grain_bytes": 7168,
  "total_tokens": 65536,
  "max_egress_load": 87,
  "konig_us": 24.514560,
  "rtt_us": 0.600000,
  "barrier_us": 0.800000,
  "cct_us": 34.994493,
  "step_us": 57.552305,
  "gemv_us": 21.757812,
  "e2e_us": 56.752305,
  "throughput_GBs": 8162.349815,
  "latency_all": {
    "count": 65536,
    "mean_us": 8.168509,
    "p50_us": 8.077337,
    "p99_us": 14.703042,
    "min_us": 1.244190,
    "max_us": 17.522093
  },
  "latency_hot": {
    "count": 6190,
    "mean_us": 7.896643,
    "p50_us": 7.800668,
    "p99_us": 14.457026,
    "min_us": 1.264964,
    "max_us": 16.173573
  },
  "latency_cold": {
    "count": 32852,
    "mean_us": 8.221153,
    "p50_us": 8.135817,
    "p99_us": 14.767487,
    "min_us": 1.244190,
    "max_us": 17.522093
  },
  "dispatch_cct_us": 17.472400,
  "combine_cct_us": 17.522093,
  "roundtrip_step_us": 35.794493,
  "e2e_step_us": 57.552305
}
