{
  "scenario": 1,
  "scheme": "islip",
  "mode": "roundtrip",
  "batch": 16,
  "zipf_s": 0.300000,
  "topk": 8,
  "ep_size": 32,
  "seed": 80,
  "start_skew_us": 4.000000,
  "tau_g_ns": 143.360000,
  "grain_bytes": 7168,
  "total_tokens": 8192,
  "max_egress_load": 35,
  "konig_us": 9.605120,
  "rtt_us": 0.600000,
  "barrier_us": 0.800000,
  "cct_us": 47.124557,
  "step_us": 56.440182,
  "gemv_us": 8.515625,
  "e2e_us": 55.640182,
  "throughput_GBs": 1040.398060,
  "latency_all": {
    "count": 8192,
    "mean_us": 9.983474,
    "p50_us": 9.421598,
    "p99_us": 27.344746,
    "min_us": 1.170807,
    "max_us": 29.671460
  },
  "latency_hot": {
    "count": 1216,
    "mean_us": 9.580349,
    "p50_us": 8.525489,
    "p99_us": 17.578927,
    "min_us": 1.246515,
    "max_us": 18.025174
  },
  "latency_cold": {
    "count": 3356,
    "mean_us": 10.164070,
    "p50_us": 9.971899,
    "p99_us": 19.056994,
    "min_us": 1.305077,
    "max_us": 20.383575
  },
  "dispatch_cct_us": 17.453097,
  "combine_cct_us": 29.671460,
  "roundtrip_step_us": 47.924557,
  "e2e_step_us": 56.440182
}
