{
  "scenario": 1,
  "scheme": "islip",
  "mode": "roundtrip",
  "batch": 256,
  "zipf_s": 0.000000,
  "topk": 8,
  "ep_size": 64,
  "seed": 3,
  "start_skew_us": 4.000000,
  "tau_g_ns": 143.360000,
  "grain_bytes": 7168,
  "total_tokens": 262144,
  "max_egress_load": 299,
  "konig_us": 85.012480,
  "rtt_us": 0.600000,
  "barrier_us": 0.800000,
  "cct_us": 127.642898,
  "step_us": 212.349148,
  "gemv_us": 83.906250,
  "e2e_us": 211.549148,
  "throughput_GBs": 8848.861457,
  "latency_all": {
    "count": 262144,
    "mean_us": 29.877006,
    "p50_us": 25.387994,
    "p99_us": 51.689490,
    "min_us": 1.172439,
    "max_us": 66.931523
  },
  "latency_hot": {
    "count": 24504,
    "mean_us": 30.489413,
    "p50_us": 30.407501,
    "p99_us": 53.722067,
    "min_us": 1.447632,
    "max_us": 59.266984
  },
  "latency_cold": {
    "count": 130984,
    "mean_us": 29.743238,
    "p50_us": 29.598784,
    "p99_us": 52.880608,
    "min_us": 1.173449,
    "max_us": 60.711375
  },
  "dispatch_cct_us": 60.711375,
  "combine_cct_us": 66.931523,
  "roundtrip_step_us": 128.442898,
  "e2e_step_us": 212.349148
}
