{
  "scenario": 4,
  "scheme": "packet_spray",
  "mode": "roundtrip",
  "batch": 512,
  "zipf_s": 0.900000,
  "topk": 8,
  "ep_size": 128,
  "seed": 83,
  "start_skew_us": 4.000000,
  "tau_g_ns": 143.360000,
  "grain_bytes": 7168,
  "total_tokens": 1048576,
  "max_egress_load": 6825,
  "konig_us": 1854.361600,
  "rtt_us": 0.000000,
  "barrier_us": 6.000000,
  "cct_us": 2025.255901,
  "step_us": 3940.474651,
  "gemv_us": 1909.218750,
  "e2e_us": 3934.474651,
  "throughput_GBs": 1907.433351,
  "latency_all": {
    "count": 1048576,
    "mean_us": 336.056047,
    "p50_us": 104.127851,
    "p99_us": 524.172651,
    "min_us": 1.291173,
    "max_us": 1047.664723
  },
  "latency_hot": {
    "count": 462916,
    "mean_us": 381.240875,
    "p50_us": 227.531658,
    "p99_us": 792.800138,
    "min_us": 2.687239,
    "max_us": 1006.520403
  },
  "latency_cold": {
    "count": 190402,
    "mean_us": 298.397743,
    "p50_us": 118.285747,
    "p99_us": 929.392723,
    "min_us": 1.291173,
    "max_us": 1047.664723
  },
  "dispatch_cct_us": 977.591178,
  "combine_cct_us": 1047.664723,
  "roundtrip_step_us": 2031.255901,
  "e2e_step_us": 3940.474651
}
