{
  "scenario": 1,
  "scheme": "packet_spray",
  "mode": "roundtrip",
  "batch": 64,
  "zipf_s": 0.700000,
  "topk": 8,
  "ep_size": 64,
  "seed": 95,
  "start_skew_us": 4.000000,
  "tau_g_ns": 143.360000,
  "grain_bytes": 7168,
  "total_tokens": 65536,
  "max_egress_load": 359,
  "konig_us": 99.491840,
  "rtt_us": 0.000000,
  "barrier_us": 4.000000,
  "cct_us": 119.226152,
  "step_us": 227.757402,
  "gemv_us": 104.531250,
  "e2e_us": 223.757402,
  "throughput_GBs": 2062.554473,
  "latency_all": {
    "count": 65536,
    "mean_us": 24.084071,
    "p50_us": 19.565427,
    "p99_us": 54.975347,
    "min_us": 1.077619,
    "max_us": 60.953525
  },
  "latency_hot": {
    "count": 19308,
    "mean_us": 26.555323,
    "p50_us": 25.586547,
    "p99_us": 54.932405,
    "min_us": 1.077619,
    "max_us": 60.953525
  },
  "latency_cold": {
    "count": 17786,
    "mean_us": 23.107211,
    "p50_us": 15.795125,
    "p99_us": 56.408947,
    "min_us": 1.077619,
    "max_us": 58.272627
  },
  "dispatch_cct_us": 60.953525,
  "combine_cct_us": 58.272627,
  "roundtrip_step_us": 123.226152,
  "e2e_step_us": 227.757402
}
