{
  "scenario": 4,
  "scheme": "ub_rg",
  "mode": "roundtrip",
  "batch": 256,
  "zipf_s": 0.300000,
  "topk": 8,
  "ep_size": 256,
  "seed": 56,
  "start_skew_us": 4.000000,
  "tau_g_ns": 143.360000,
  "grain_bytes": 7168,
  "total_tokens": 1048576,
  "max_egress_load": 970,
  "konig_us": 269.660160,
  "rtt_us": 0.800000,
  "barrier_us": 1.600000,
  "cct_us": 306.813652,
  "step_us": 592.866777,
  "gemv_us": 284.453125,
  "e2e_us": 591.266777,
  "throughput_GBs": 12677.709492,
  "latency_all": {
    "count": 1048576,
    "mean_us": 36.121087,
    "p50_us": 24.999816,
    "p99_us": 64.340186,
    "min_us": 1.083821,
    "max_us": 158.358231
  },
  "latency_hot": {
    "count": 194144,
    "mean_us": 52.687666,
    "p50_us": 50.444989,
    "p99_us": 126.038229,
    "min_us": 2.866051,
    "max_us": 158.358231
  },
  "latency_cold": {
    "count": 409272,
    "mean_us": 29.502254,
    "p50_us": 31.159542,
    "p99_us": 48.946421,
    "min_us": 1.306767,
    "max_us": 79.286712
  },
  "dispatch_cct_us": 158.358231,
  "combine_cct_us": 148.455421,
  "roundtrip_step_us": 308.413652,
  "e2e_step_us": 592.866777
}
