{
  "scenario": 1,
  "scheme": "ub_rg",
  "mode": "roundtrip",
  "batch": 256,
  "zipf_s": 0.300000,
  "topk": 8,
  "ep_size": 64,
  "seed": 45,
  "start_skew_us": 4.000000,
  "tau_g_ns": 143.360000,
  "grain_bytes": 7168,
  "total_tokens": 262144,
  "max_egress_load": 630,
  "konig_us": 175.329280,
  "rtt_us": 0.600000,
  "barrier_us": 0.800000,
  "cct_us": 202.618559,
  "step_us": 388.496684,
  "gemv_us": 185.078125,
  "e2e_us": 387.696684,
  "throughput_GBs": 4836.716167,
  "latency_all": {
    "count": 262144,
    "mean_us": 29.334307,
    "p50_us": 23.204099,
    "p99_us": 69.772492,
    "min_us": 1.178736,
    "max_us": 104.095982
  },
  "latency_hot": {
    "count": 42934,
    "mean_us": 42.109891,
    "p50_us": 41.216475,
    "p99_us": 89.322185,
    "min_us": 1.470877,
    "max_us": 104.095982
  },
  "latency_cold": {
    "count": 105314,
    "mean_us": 24.032846,
    "p50_us": 23.846650,
    "p99_us": 44.633712,
    "min_us": 1.178736,
    "max_us": 53.285095
  },
  "dispatch_cct_us": 104.095982,
  "combine_cct_us": 98.522577,
  "roundtrip_step_us": 203.418559,
  "e2e_step_us": 388.496684
}
