{
  "scenario": 1,
  "scheme": "ub_rg",
  "mode": "roundtrip",
  "batch": 16,
  "zipf_s": 0.900000,
  "topk": 8,
  "ep_size": 64,
  "seed": 53,
  "start_skew_us": 4.000000,
  "tau_g_ns": 143.360000,
  "grain_bytes": 7168,
  "total_tokens": 16384,
  "max_egress_load": 106,
  "konig_us": 29.962240,
  "rtt_us": 0.600000,
  "barrier_us": 0.800000,
  "cct_us": 55.937444,
  "step_us": 88.690569,
  "gemv_us": 31.953125,
  "e2e_us": 87.890569,
  "throughput_GBs": 1324.160090,
  "latency_all": {
    "count": 16384,
    "mean_us": 12.947351,
    "p50_us": 12.874502,
    "p99_us": 25.891609,
    "min_us": 1.156569,
    "max_us": 33.766371
  },
  "latency_hot": {
    "count": 5802,
    "mean_us": 14.965686,
    "p50_us": 14.965049,
    "p99_us": 28.565323,
    "min_us": 1.156569,
    "max_us": 33.766371
  },
  "latency_cold": {
    "count": 3468,
    "mean_us": 10.663585,
    "p50_us": 10.674639,
    "p99_us": 20.091896,
    "min_us": 1.608584,
    "max_us": 21.620474
  },
  "dispatch_cct_us": 33.766371,
  "combine_cct_us": 22.171073,
  "roundtrip_step_us": 56.737444,
  "e2e_step_us": 88.690569
}
