{
  "scenario": 4,
  "scheme": "ub_rg",
  "mode": "roundtrip",
  "batch": 64,
  "zipf_s": 0.300000,
  "topk": 8,
  "ep_size": 512,
  "seed": 75,
  "start_skew_us": 4.000000,
  "tau_g_ns": 143.360000,
  "grain_bytes": 7168,
  "total_tokens": 524288,
  "max_egress_load": 320,
  "konig_us": 87.736320,
  "rtt_us": 0.800000,
  "barrier_us": 1.600000,
  "cct_us": 97.251127,
  "step_us": 189.827690,
  "gemv_us": 90.976562,
  "e2e_us": 188.227690,
  "throughput_GBs": 19797.408833,
  "latency_all": {
    "count": 524288,
    "mean_us": 9.993562,
    "p50_us": 8.973660,
    "p99_us": 15.603738,
    "min_us": 1.165618,
    "max_us": 49.685600
  },
  "latency_hot": {
    "count": 101012,
    "mean_us": 14.665340,
    "p50_us": 13.968889,
    "p99_us": 37.091932,
    "min_us": 1.251054,
    "max_us": 49.685600
  },
  "latency_cold": {
    "count": 203474,
    "mean_us": 8.001525,
    "p50_us": 7.889966,
    "p99_us": 14.334217,
    "min_us": 1.185033,
    "max_us": 20.103133
  },
  "dispatch_cct_us": 49.685600,
  "combine_cct_us": 47.565528,
  "roundtrip_step_us": 98.851127,
  "e2e_step_us": 189.827690
}
