{
  "scenario": 1,
  "scheme": "ub_rg",
  "mode": "roundtrip",
  "batch": 256,
  "zipf_s": 0.700000,
  "topk": 8,
  "ep_size": 128,
  "seed": 50,
  "start_skew_us": 4.000000,
  "tau_g_ns": 143.360000,
  "grain_bytes": 7168,
  "total_tokens": 524288,
  "max_egress_load": 2230,
  "konig_us": 634.511360,
  "rtt_us": 0.600000,
  "barrier_us": 0.800000,
  "cct_us": 646.828756,
  "step_us": 1333.839693,
  "gemv_us": 686.210938,
  "e2e_us": 1333.039693,
  "throughput_GBs": 2817.502285,
  "latency_all": {
    "count": 524288,
    "mean_us": 43.833579,
    "p50_us": 18.922950,
    "p99_us": 90.334179,
    "min_us": 1.179803,
    "max_us": 324.656472
  },
  "latency_hot": {
    "count": 180996,
    "mean_us": 88.584746,
    "p50_us": 71.324613,
    "p99_us": 302.650897,
    "min_us": 1.324808,
    "max_us": 324.656472
  },
  "latency_cold": {
    "count": 128576,
    "mean_us": 13.127845,
    "p50_us": 12.846520,
    "p99_us": 26.173481,
    "min_us": 1.203674,
    "max_us": 31.025621
  },
  "dispatch_cct_us": 322.172283,
  "combine_cct_us": 324.656472,
  "roundtrip_step_us": 647.628756,
  "e2e_step_us": 1333.839693
}
