{
  "scenario": 1,
  "scheme": "packet_spray",
  "mode": "roundtrip",
  "batch": 128,
  "zipf_s": 0.900000,
  "topk": 8,
  "ep_size": 64,
  "seed": 63,
  "start_skew_us": 4.000000,
  "tau_g_ns": 143.360000,
  "grain_bytes": 7168,
  "total_tokens": 131072,
  "max_egress_load": 884,
  "konig_us": 248.012800,
  "rtt_us": 0.000000,
  "barrier_us": 4.000000,
  "cct_us": 296.040096,
  "step_us": 564.219784,
  "gemv_us": 264.179688,
  "e2e_us": 560.219784,
  "throughput_GBs": 1665.173967,
  "latency_all": {
    "count": 131072,
    "mean_us": 60.130304,
    "p50_us": 49.210896,
    "p99_us": 133.861520,
    "min_us": 0.536720,
    "max_us": 157.160976
  },
  "latency_hot": {
    "count": 48466,
    "mean_us": 67.743309,
    "p50_us": 64.837136,
    "p99_us": 141.248016,
    "min_us": 0.536720,
    "max_us": 157.160976
  },
  "latency_cold": {
    "count": 27664,
    "mean_us": 54.629885,
    "p50_us": 36.758778,
    "p99_us": 134.865040,
    "min_us": 3.516391,
    "max_us": 138.879120
  },
  "dispatch_cct_us": 157.160976,
  "combine_cct_us": 138.879120,
  "roundtrip_step_us": 300.040096,
  "e2e_step_us": 564.219784
}
