{
  "scenario": 1,
  "scheme": "packet_spray",
  "mode": "roundtrip",
  "batch": 64,
  "zipf_s": 0.300000,
  "topk": 8,
  "ep_size": 32,
  "seed": 9,
  "tau_g_ns": 143.360000,
  "grain_bytes": 7168,
  "total_tokens": 32768,
  "max_egress_load": 129,
  "konig_us": 35.123200,
  "rtt_us": 0.000000,
  "barrier_us": 4.000000,
  "cct_us": 53.113120,
  "step_us": 57.113120,
  "throughput_GBs": 4112.558095,
  "latency_all": {
    "count": 32768,
    "mean_us": 12.929271,
    "p50_us": 12.865680,
    "p99_us": 23.761040,
    "min_us": 0.536720,
    "max_us": 27.058320
  },
  "latency_hot": {
    "count": 4976,
    "mean_us": 12.248391,
    "p50_us": 12.435600,
    "p99_us": 24.334480,
    "min_us": 0.536720,
    "max_us": 27.058320
  },
  "latency_cold": {
    "count": 13664,
    "mean_us": 13.721979,
    "p50_us": 13.152400,
    "p99_us": 24.334480,
    "min_us": 0.536720,
    "max_us": 26.054800
  },
  "dispatch_cct_us": 27.058320,
  "combine_cct_us": 26.054800,
  "roundtrip_step_us": 57.113120
}
