{
  "scenario": 1,
  "scheme": "ub_rg",
  "mode": "roundtrip",
  "batch": 128,
  "zipf_s": 0.300000,
  "topk": 8,
  "ep_size": 32,
  "seed": 36,
  "start_skew_us": 4.000000,
  "tau_g_ns": 143.360000,
  "grain_bytes": 7168,
  "total_tokens": 65536,
  "max_egress_load": 237,
  "konig_us": 67.092480,
  "rtt_us": 0.600000,
  "barrier_us": 0.800000,
  "cct_us": 98.571012,
  "step_us": 171.324137,
  "gemv_us": 71.953125,
  "e2e_us": 170.524137,
  "throughput_GBs": 2741.949009,
  "latency_all": {
    "count": 65536,
    "mean_us": 18.513636,
    "p50_us": 17.799542,
    "p99_us": 40.197262,
    "min_us": 1.145835,
    "max_us": 50.757826
  },
  "latency_hot": {
    "count": 9770,
    "mean_us": 24.204866,
    "p50_us": 23.832775,
    "p99_us": 45.709077,
    "min_us": 1.217460,
    "max_us": 50.757826
  },
  "latency_cold": {
    "count": 27366,
    "mean_us": 16.064169,
    "p50_us": 15.849849,
    "p99_us": 30.835713,
    "min_us": 1.145835,
    "max_us": 35.616910
  },
  "dispatch_cct_us": 50.757826,
  "combine_cct_us": 47.813186,
  "roundtrip_step_us": 99.371012,
  "e2e_step_us": 171.324137
}
