{
  "scenario": 1,
  "scheme": "ub_rg_pop",
  "mode": "roundtrip",
  "batch": 64,
  "zipf_s": 0.300000,
  "topk": 8,
  "ep_size": 32,
  "seed": 64,
  "tau_g_ns": 143.360000,
  "grain_bytes": 7168,
  "total_tokens": 32768,
  "max_egress_load": 132,
  "konig_us": 36.413440,
  "rtt_us": 0.900000,
  "barrier_us": 0.800000,
  "cct_us": 40.747157,
  "step_us": 41.547157,
  "throughput_GBs": 5653.359682,
  "latency_all": {
    "count": 32768,
    "mean_us": 6.613417,
    "p50_us": 6.229895,
    "p99_us": 16.395967,
    "min_us": 1.443583,
    "max_us": 20.495705
  },
  "latency_hot": {
    "count": 5000,
    "mean_us": 9.269267,
    "p50_us": 9.091516,
    "p99_us": 19.256593,
    "min_us": 1.454690,
    "max_us": 20.495705
  },
  "latency_cold": {
    "count": 13438,
    "mean_us": 5.508128,
    "p50_us": 5.392478,
    "p99_us": 10.498973,
    "min_us": 1.444829,
    "max_us": 13.387851
  },
  "dispatch_cct_us": 20.251452,
  "combine_cct_us": 20.495705,
  "roundtrip_step_us": 41.547157
}
