{
  "scenario": 1,
  "scheme": "ub_rg_pop",
  "mode": "roundtrip",
  "batch": 256,
  "zipf_s": 0.000000,
  "topk": 8,
  "ep_size": 128,
  "seed": 31,
  "start_skew_us": 4.000000,
  "tau_g_ns": 143.360000,
  "grain_bytes": 7168,
  "total_tokens": 524288,
  "max_egress_load": 310,
  "konig_us": 86.876160,
  "rtt_us": 0.900000,
  "barrier_us": 0.800000,
  "cct_us": 127.948894,
  "step_us": 212.498894,
  "gemv_us": 83.750000,
  "e2e_us": 211.698894,
  "throughput_GBs": 17685.251520,
  "latency_all": {
    "count": 524288,
    "mean_us": 30.692472,
    "p50_us": 25.539374,
    "p99_us": 43.635461,
    "min_us": 1.542088,
    "max_us": 64.781104
  },
  "latency_hot": {
    "count": 48950,
    "mean_us": 30.455200,
    "p50_us": 30.295729,
    "p99_us": 54.150963,
    "min_us": 2.652532,
    "max_us": 61.799889
  },
  "latency_cold": {
    "count": 261768,
    "mean_us": 30.545479,
    "p50_us": 26.063767,
    "p99_us": 51.859485,
    "min_us": 2.570196,
    "max_us": 64.781104
  },
  "dispatch_cct_us": 63.167790,
  "combine_cct_us": 64.781104,
  "roundtrip_step_us": 128.748894,
  "e2e_step_us": 212.498894
}
