{
  "scenario": 1,
  "scheme": "ub_rg",
  "mode": "roundtrip",
  "batch": 128,
  "zipf_s": 0.900000,
  "topk": 8,
  "ep_size": 128,
  "seed": 31,
  "start_skew_us": 4.000000,
  "tau_g_ns": 143.360000,
  "grain_bytes": 7168,
  "total_tokens": 262144,
  "max_egress_load": 1542,
  "konig_us": 438.968320,
  "rtt_us": 0.600000,
  "barrier_us": 0.800000,
  "cct_us": 447.072108,
  "step_us": 922.598671,
  "gemv_us": 474.726562,
  "e2e_us": 921.798671,
  "throughput_GBs": 2036.690765,
  "latency_all": {
    "count": 262144,
    "mean_us": 34.148599,
    "p50_us": 11.738256,
    "p99_us": 185.239331,
    "min_us": 1.224962,
    "max_us": 223.921994
  },
  "latency_hot": {
    "count": 115994,
    "mean_us": 62.026168,
    "p50_us": 47.157879,
    "p99_us": 210.091253,
    "min_us": 1.291375,
    "max_us": 223.921994
  },
  "latency_cold": {
    "count": 47430,
    "mean_us": 7.222798,
    "p50_us": 7.065822,
    "p99_us": 13.540616,
    "min_us": 1.229274,
    "max_us": 16.824533
  },
  "dispatch_cct_us": 223.921994,
  "combine_cct_us": 223.150114,
  "roundtrip_step_us": 447.872108,
  "e2e_step_us": 922.598671
}
