{
  "scenario": 4,
  "scheme": "ub_rg",
  "mode": "roundtrip",
  "batch": 256,
  "zipf_s": 0.300000,
  "topk": 8,
  "ep_size": 512,
  "seed": 50,
  "start_skew_us": 4.000000,
  "tau_g_ns": 143.360000,
  "grain_bytes": 7168,
  "total_tokens": 2097152,
  "max_egress_load": 1314,
  "konig_us": 354.099200,
  "rtt_us": 0.800000,
  "barrier_us": 1.600000,
  "cct_us": 386.342278,
  "step_us": 749.153216,
  "gemv_us": 361.210938,
  "e2e_us": 747.553216,
  "throughput_GBs": 20065.835957,
  "latency_all": {
    "count": 2097152,
    "mean_us": 27.071426,
    "p50_us": 12.276723,
    "p99_us": 67.003685,
    "min_us": 1.152428,
    "max_us": 193.539637
  },
  "latency_hot": {
    "count": 404384,
    "mean_us": 44.566506,
    "p50_us": 42.843589,
    "p99_us": 118.744809,
    "min_us": 1.227197,
    "max_us": 193.539637
  },
  "latency_cold": {
    "count": 812622,
    "mean_us": 20.063098,
    "p50_us": 14.660633,
    "p99_us": 34.222403,
    "min_us": 1.218933,
    "max_us": 67.840879
  },
  "dispatch_cct_us": 192.802642,
  "combine_cct_us": 193.539637,
  "roundtrip_step_us": 387.942278,
  "e2e_step_us": 749.153216
}
