{
  "scenario": 1,
  "scheme": "islip",
  "mode": "roundtrip",
  "batch": 16,
  "zipf_s": 0.900000,
  "topk": 8,
  "ep_size": 64,
  "seed": 92,
  "start_skew_us": 4.000000,
  "tau_g_ns": 143.360000,
  "grain_bytes": 7168,
  "total_tokens": 16384,
  "max_egress_load": 115,
  "konig_us": 31.969280,
  "rtt_us": 0.600000,
  "barrier_us": 0.800000,
  "cct_us": 68.512603,
  "step_us": 102.984478,
  "gemv_us": 33.671875,
  "e2e_us": 102.184478,
  "throughput_GBs": 1140.371003,
  "latency_all": {
    "count": 16384,
    "mean_us": 13.632377,
    "p50_us": 13.342525,
    "p99_us": 28.249981,
    "min_us": 1.150839,
    "max_us": 37.773682
  },
  "latency_hot": {
    "count": 6004,
    "mean_us": 16.595443,
    "p50_us": 15.906792,
    "p99_us": 29.655696,
    "min_us": 1.232909,
    "max_us": 37.773682
  },
  "latency_cold": {
    "count": 3442,
    "mean_us": 11.609533,
    "p50_us": 11.697089,
    "p99_us": 23.412020,
    "min_us": 1.150839,
    "max_us": 24.260384
  },
  "dispatch_cct_us": 37.773682,
  "combine_cct_us": 30.738920,
  "roundtrip_step_us": 69.312603,
  "e2e_step_us": 102.984478
}
