{
  "scenario": 1,
  "scheme": "packet_spray",
  "mode": "roundtrip",
  "batch": 512,
  "zipf_s": 0.300000,
  "topk": 8,
  "ep_size": 64,
  "seed": 13,
  "start_skew_us": 4.000000,
  "tau_g_ns": 143.360000,
  "grain_bytes": 7168,
  "total_tokens": 524288,
  "max_egress_load": 1260,
  "konig_us": 353.669120,
  "rtt_us": 0.000000,
  "barrier_us": 4.000000,
  "cct_us": 513.349298,
  "step_us": 894.419610,
  "gemv_us": 377.070312,
  "e2e_us": 890.419610,
  "throughput_GBs": 4201.715101,
  "latency_all": {
    "count": 524288,
    "mean_us": 124.079703,
    "p50_us": 109.531167,
    "p99_us": 186.658847,
    "min_us": 6.137491,
    "max_us": 263.069727
  },
  "latency_hot": {
    "count": 86474,
    "mean_us": 121.779298,
    "p50_us": 124.552851,
    "p99_us": 237.695007,
    "min_us": 6.137491,
    "max_us": 263.069727
  },
  "latency_cold": {
    "count": 210368,
    "mean_us": 129.769367,
    "p50_us": 118.912549,
    "p99_us": 233.506451,
    "min_us": 12.333087,
    "max_us": 250.279571
  },
  "dispatch_cct_us": 263.069727,
  "combine_cct_us": 250.279571,
  "roundtrip_step_us": 517.349298,
  "e2e_step_us": 894.419610
}
