{
  "scenario": 1,
  "scheme": "ub_rg",
  "mode": "roundtrip",
  "batch": 64,
  "zipf_s": 0.000000,
  "topk": 8,
  "ep_size": 128,
  "seed": 64,
  "start_skew_us": 4.000000,
  "tau_g_ns": 143.360000,
  "grain_bytes": 7168,
  "total_tokens": 131072,
  "max_egress_load": 93,
  "konig_us": 25.948160,
  "rtt_us": 0.600000,
  "barrier_us": 0.800000,
  "cct_us": 36.474335,
  "step_us": 59.539960,
  "gemv_us": 22.265625,
  "e2e_us": 58.739960,
  "throughput_GBs": 15779.723268,
  "latency_all": {
    "count": 131072,
    "mean_us": 8.514839,
    "p50_us": 8.439852,
    "p99_us": 15.106559,
    "min_us": 1.174123,
    "max_us": 18.829286
  },
  "latency_hot": {
    "count": 12732,
    "mean_us": 8.736746,
    "p50_us": 8.680202,
    "p99_us": 15.531536,
    "min_us": 1.264435,
    "max_us": 18.829286
  },
  "latency_cold": {
    "count": 64854,
    "mean_us": 8.449493,
    "p50_us": 8.374512,
    "p99_us": 14.995830,
    "min_us": 1.174123,
    "max_us": 17.645049
  },
  "dispatch_cct_us": 18.829286,
  "combine_cct_us": 17.645049,
  "roundtrip_step_us": 37.274335,
  "e2e_step_us": 59.539960
}
