{
  "scenario": 1,
  "scheme": "islip",
  "mode": "roundtrip",
  "batch": 16,
  "zipf_s": 0.300000,
  "topk": 8,
  "ep_size": 32,
  "seed": 86,
  "start_skew_us": 4.000000,
  "tau_g_ns": 143.360000,
  "grain_bytes": 7168,
  "total_tokens": 8192,
  "max_egress_load": 39,
  "konig_us": 10.321920,
  "rtt_us": 0.600000,
  "barrier_us": 0.800000,
  "cct_us": 18.396711,
  "step_us": 27.868586,
  "gemv_us": 8.671875,
  "e2e_us": 27.068586,
  "throughput_GBs": 2107.041067,
  "latency_all": {
    "count": 8192,
    "mean_us": 4.437575,
    "p50_us": 4.402254,
    "p99_us": 7.811428,
    "min_us": 1.238937,
    "max_us": 9.847031
  },
  "latency_hot": {
    "count": 1176,
    "mean_us": 4.529463,
    "p50_us": 4.403722,
    "p99_us": 8.511863,
    "min_us": 1.496981,
    "max_us": 9.847031
  },
  "latency_cold": {
    "count": 3406,
    "mean_us": 4.271749,
    "p50_us": 4.225402,
    "p99_us": 6.996039,
    "min_us": 1.466961,
    "max_us": 7.881513
  },
  "dispatch_cct_us": 9.847031,
  "combine_cct_us": 8.549680,
  "roundtrip_step_us": 19.196711,
  "e2e_step_us": 27.868586
}
