{
  "scenario": 2,
  "scheme": "ub_rg_pop",
  "mode": "roundtrip",
  "batch": 256,
  "zipf_s": 0.000000,
  "topk": 8,
  "ep_size": 1024,
  "seed": 72,
  "tau_g_ns": 143.360000,
  "grain_bytes": 7168,
  "total_tokens": 4194304,
  "max_egress_load": 323,
  "konig_us": 92.180480,
  "rtt_us": 1.650000,
  "barrier_us": 2.400000,
  "cct_us": 108.502287,
  "step_us": 110.902287,
  "throughput_GBs": 271092.435774,
  "latency_all": {
    "count": 4194304,
    "mean_us": 24.978653,
    "p50_us": 18.296963,
    "p99_us": 50.103987,
    "min_us": 2.593374,
    "max_us": 59.574522
  },
  "latency_hot": {
    "count": 417754,
    "mean_us": 24.960478,
    "p50_us": 27.175729,
    "p99_us": 48.927305,
    "min_us": 2.593438,
    "max_us": 57.221275
  },
  "latency_cold": {
    "count": 2096196,
    "mean_us": 24.979898,
    "p50_us": 15.490587,
    "p99_us": 48.244777,
    "min_us": 2.593374,
    "max_us": 59.448116
  },
  "dispatch_cct_us": 59.574522,
  "combine_cct_us": 48.927765,
  "roundtrip_step_us": 110.902287
}
