{
  "scenario": 1,
  "scheme": "ub_rg_pop",
  "mode": "roundtrip",
  "batch": 512,
  "zipf_s": 0.300000,
  "topk": 8,
  "ep_size": 32,
  "seed": 29,
  "start_skew_us": 4.000000,
  "tau_g_ns": 143.360000,
  "grain_bytes": 7168,
  "total_tokens": 262144,
  "max_egress_load": 983,
  "konig_us": 274.821120,
  "rtt_us": 0.900000,
  "barrier_us": 0.800000,
  "cct_us": 295.179881,
  "step_us": 587.698631,
  "gemv_us": 291.718750,
  "e2e_us": 586.898631,
  "throughput_GBs": 3197.298911,
  "latency_all": {
    "count": 262144,
    "mean_us": 46.639275,
    "p50_us": 35.730332,
    "p99_us": 115.356876,
    "min_us": 1.625007,
    "max_us": 150.269971
  },
  "latency_hot": {
    "count": 39204,
    "mean_us": 65.712576,
    "p50_us": 64.946286,
    "p99_us": 137.720317,
    "min_us": 1.846830,
    "max_us": 150.269971
  },
  "latency_cold": {
    "count": 108338,
    "mean_us": 38.403230,
    "p50_us": 38.247698,
    "p99_us": 73.836491,
    "min_us": 1.759744,
    "max_us": 84.517099
  },
  "dispatch_cct_us": 150.269971,
  "combine_cct_us": 144.909909,
  "roundtrip_step_us": 295.979881,
  "e2e_step_us": 587.698631
}
