{
  "scenario": 4,
  "scheme": "ub_rg_pop",
  "mode": "roundtrip",
  "batch": 16,
  "zipf_s": 0.900000,
  "topk": 8,
  "ep_size": 512,
  "seed": 82,
  "start_skew_us": 4.000000,
  "tau_g_ns": 143.360000,
  "grain_bytes": 7168,
  "total_tokens": 131072,
  "max_egress_load": 727,
  "konig_us": 195.399680,
  "rtt_us": 1.200000,
  "barrier_us": 1.600000,
  "cct_us": 215.964578,
  "step_us": 416.119265,
  "gemv_us": 198.554688,
  "e2e_us": 414.519265,
  "throughput_GBs": 2257.824076,
  "latency_all": {
    "count": 131072,
    "mean_us": 13.283385,
    "p50_us": 7.041323,
    "p99_us": 82.582952,
    "min_us": 1.430246,
    "max_us": 109.009887
  },
  "latency_hot": {
    "count": 72724,
    "mean_us": 19.960222,
    "p50_us": 12.053891,
    "p99_us": 87.790456,
    "min_us": 1.548766,
    "max_us": 109.009887
  },
  "latency_cold": {
    "count": 19060,
    "mean_us": 4.308353,
    "p50_us": 4.320939,
    "p99_us": 6.716995,
    "min_us": 1.430246,
    "max_us": 11.001698
  },
  "dispatch_cct_us": 109.009887,
  "combine_cct_us": 106.954691,
  "roundtrip_step_us": 217.564578,
  "e2e_step_us": 416.119265
}
