{
  "scenario": 1,
  "scheme": "ub_rg",
  "mode": "roundtrip",
  "batch": 64,
  "zipf_s": 0.700000,
  "topk": 8,
  "ep_size": 64,
  "seed": 53,
  "start_skew_us": 4.000000,
  "tau_g_ns": 143.360000,
  "grain_bytes": 7168,
  "total_tokens": 65536,
  "max_egress_load": 341,
  "konig_us": 96.481280,
  "rtt_us": 0.600000,
  "barrier_us": 0.800000,
  "cct_us": 121.620719,
  "step_us": 225.975406,
  "gemv_us": 103.554688,
  "e2e_us": 225.175406,
  "throughput_GBs": 2078.819354,
  "latency_all": {
    "count": 65536,
    "mean_us": 18.308791,
    "p50_us": 16.491518,
    "p99_us": 50.932460,
    "min_us": 1.156569,
    "max_us": 66.689577
  },
  "latency_hot": {
    "count": 19184,
    "mean_us": 26.077820,
    "p50_us": 24.703997,
    "p99_us": 57.023536,
    "min_us": 1.156569,
    "max_us": 66.689577
  },
  "latency_cold": {
    "count": 17668,
    "mean_us": 12.846538,
    "p50_us": 12.664768,
    "p99_us": 23.205608,
    "min_us": 2.177156,
    "max_us": 26.718946
  },
  "dispatch_cct_us": 66.689577,
  "combine_cct_us": 54.931141,
  "roundtrip_step_us": 122.420719,
  "e2e_step_us": 225.975406
}
