{
  "scenario": 4,
  "scheme": "ub_rg_pop",
  "mode": "roundtrip",
  "batch": 256,
  "zipf_s": 0.000000,
  "topk": 8,
  "ep_size": 128,
  "seed": 55,
  "start_skew_us": 4.000000,
  "tau_g_ns": 143.360000,
  "grain_bytes": 7168,
  "total_tokens": 524288,
  "max_egress_load": 331,
  "konig_us": 93.900800,
  "rtt_us": 1.200000,
  "barrier_us": 1.600000,
  "cct_us": 139.014255,
  "step_us": 224.911130,
  "gemv_us": 84.296875,
  "e2e_us": 223.311130,
  "throughput_GBs": 16709.250357,
  "latency_all": {
    "count": 524288,
    "mean_us": 33.114063,
    "p50_us": 28.040191,
    "p99_us": 46.334876,
    "min_us": 1.511609,
    "max_us": 70.365854
  },
  "latency_hot": {
    "count": 48828,
    "mean_us": 32.265521,
    "p50_us": 32.106600,
    "p99_us": 56.015632,
    "min_us": 2.251153,
    "max_us": 64.113141
  },
  "latency_cold": {
    "count": 262448,
    "mean_us": 33.004093,
    "p50_us": 28.442651,
    "p99_us": 55.233595,
    "min_us": 1.695704,
    "max_us": 66.240545
  },
  "dispatch_cct_us": 68.648402,
  "combine_cct_us": 70.365854,
  "roundtrip_step_us": 140.614255,
  "e2e_step_us": 224.911130
}
