{
  "scenario": 1,
  "scheme": "packet_spray",
  "mode": "roundtrip",
  "batch": 16,
  "zipf_s": 0.000000,
  "topk": 8,
  "ep_size": 32,
  "seed": 72,
  "start_skew_us": 4.000000,
  "tau_g_ns": 143.360000,
  "grain_bytes": 7168,
  "total_tokens": 8192,
  "max_egress_load": 28,
  "konig_us": 7.168000,
  "rtt_us": 0.000000,
  "barrier_us": 4.000000,
  "cct_us": 40.342037,
  "step_us": 50.084225,
  "gemv_us": 5.742188,
  "e2e_us": 46.084225,
  "throughput_GBs": 1172.430168,
  "latency_all": {
    "count": 8192,
    "mean_us": 16.594984,
    "p50_us": 17.018189,
    "p99_us": 20.238844,
    "min_us": 0.536720,
    "max_us": 21.175629
  },
  "latency_hot": {
    "count": 746,
    "mean_us": 15.070009,
    "p50_us": 16.005597,
    "p99_us": 20.382204,
    "min_us": 1.857599,
    "max_us": 20.812284
  },
  "latency_cold": {
    "count": 4130,
    "mean_us": 17.235075,
    "p50_us": 17.432946,
    "p99_us": 20.172109,
    "min_us": 8.174407,
    "max_us": 21.175629
  },
  "dispatch_cct_us": 21.175629,
  "combine_cct_us": 19.166408,
  "roundtrip_step_us": 44.342037,
  "e2e_step_us": 50.084225
}
