{
  "scenario": 4,
  "scheme": "packet_spray",
  "mode": "roundtrip",
  "batch": 16,
  "zipf_s": 0.700000,
  "topk": 8,
  "ep_size": 512,
  "seed": 77,
  "start_skew_us": 4.000000,
  "tau_g_ns": 143.360000,
  "grain_bytes": 7168,
  "total_tokens": 131072,
  "max_egress_load": 412,
  "konig_us": 111.534080,
  "rtt_us": 0.000000,
  "barrier_us": 6.000000,
  "cct_us": 150.295443,
  "step_us": 270.436068,
  "gemv_us": 114.140625,
  "e2e_us": 264.436068,
  "throughput_GBs": 3474.107955,
  "latency_all": {
    "count": 131072,
    "mean_us": 28.533359,
    "p50_us": 24.113467,
    "p99_us": 62.755579,
    "min_us": 0.273028,
    "max_us": 80.515224
  },
  "latency_hot": {
    "count": 54250,
    "mean_us": 30.866087,
    "p50_us": 27.041944,
    "p99_us": 64.762619,
    "min_us": 0.480080,
    "max_us": 80.515224
  },
  "latency_cold": {
    "count": 29480,
    "mean_us": 26.626415,
    "p50_us": 21.737624,
    "p99_us": 62.612219,
    "min_us": 0.273028,
    "max_us": 69.780219
  },
  "dispatch_cct_us": 80.515224,
  "combine_cct_us": 69.780219,
  "roundtrip_step_us": 156.295443,
  "e2e_step_us": 270.436068
}
