{
  "scenario": 4,
  "scheme": "packet_spray",
  "mode": "roundtrip",
  "batch": 16,
  "zipf_s": 0.900000,
  "topk": 8,
  "ep_size": 512,
  "seed": 10,
  "start_skew_us": 4.000000,
  "tau_g_ns": 143.360000,
  "grain_bytes": 7168,
  "total_tokens": 131072,
  "max_egress_load": 676,
  "konig_us": 188.088320,
  "rtt_us": 0.000000,
  "barrier_us": 6.000000,
  "cct_us": 234.722945,
  "step_us": 439.277632,
  "gemv_us": 198.554688,
  "e2e_us": 433.277632,
  "throughput_GBs": 2138.793390,
  "latency_all": {
    "count": 131072,
    "mean_us": 44.438651,
    "p50_us": 33.118551,
    "p99_us": 105.945431,
    "min_us": 0.336720,
    "max_us": 117.700951
  },
  "latency_hot": {
    "count": 72844,
    "mean_us": 47.882983,
    "p50_us": 38.709591,
    "p99_us": 105.766319,
    "min_us": 2.713961,
    "max_us": 117.021994
  },
  "latency_cold": {
    "count": 19028,
    "mean_us": 39.645968,
    "p50_us": 23.071791,
    "p99_us": 106.375511,
    "min_us": 2.113680,
    "max_us": 117.700951
  },
  "dispatch_cct_us": 117.021994,
  "combine_cct_us": 117.700951,
  "roundtrip_step_us": 240.722945,
  "e2e_step_us": 439.277632
}
