{
  "scenario": 1,
  "scheme": "packet_spray",
  "mode": "roundtrip",
  "batch": 512,
  "zipf_s": 0.700000,
  "topk": 8,
  "ep_size": 32,
  "seed": 31,
  "start_skew_us": 4.000000,
  "tau_g_ns": 143.360000,
  "grain_bytes": 7168,
  "total_tokens": 262144,
  "max_egress_load": 1634,
  "konig_us": 462.336000,
  "rtt_us": 0.000000,
  "barrier_us": 4.000000,
  "cct_us": 608.846846,
  "step_us": 1109.995283,
  "gemv_us": 497.148438,
  "e2e_us": 1105.995283,
  "throughput_GBs": 1692.843402,
  "latency_all": {
    "count": 262144,
    "mean_us": 139.813172,
    "p50_us": 119.015671,
    "p99_us": 268.683511,
    "min_us": 4.844295,
    "max_us": 309.397751
  },
  "latency_hot": {
    "count": 62458,
    "mean_us": 147.991301,
    "p50_us": 149.351175,
    "p99_us": 293.341431,
    "min_us": 4.844295,
    "max_us": 309.397751
  },
  "latency_cold": {
    "count": 79366,
    "mean_us": 138.953793,
    "p50_us": 114.428151,
    "p99_us": 288.553735,
    "min_us": 11.782391,
    "max_us": 299.449095
  },
  "dispatch_cct_us": 309.397751,
  "combine_cct_us": 299.449095,
  "roundtrip_step_us": 612.846846,
  "e2e_step_us": 1109.995283
}
