{
  "scenario": 1,
  "scheme": "ub_rg_pop",
  "mode": "roundtrip",
  "batch": 16,
  "zipf_s": 0.300000,
  "topk": 8,
  "ep_size": 64,
  "seed": 23,
  "start_skew_us": 4.000000,
  "tau_g_ns": 143.360000,
  "grain_bytes": 7168,
  "total_tokens": 16384,
  "max_egress_load": 43,
  "konig_us": 11.755520,
  "rtt_us": 0.900000,
  "barrier_us": 0.800000,
  "cct_us": 21.446086,
  "step_us": 34.355461,
  "gemv_us": 12.109375,
  "e2e_us": 33.555461,
  "throughput_GBs": 3418.394275,
  "latency_all": {
    "count": 16384,
    "mean_us": 4.995349,
    "p50_us": 5.014150,
    "p99_us": 8.651065,
    "min_us": 1.513510,
    "max_us": 11.220347
  },
  "latency_hot": {
    "count": 2636,
    "mean_us": 6.009493,
    "p50_us": 6.001891,
    "p99_us": 9.759228,
    "min_us": 1.786351,
    "max_us": 11.220347
  },
  "latency_cold": {
    "count": 6554,
    "mean_us": 4.639843,
    "p50_us": 4.669453,
    "p99_us": 7.426752,
    "min_us": 1.513510,
    "max_us": 8.229878
  },
  "dispatch_cct_us": 11.220347,
  "combine_cct_us": 10.225739,
  "roundtrip_step_us": 22.246086,
  "e2e_step_us": 34.355461
}
