{
  "scenario": 4,
  "scheme": "ub_rg",
  "mode": "roundtrip",
  "batch": 16,
  "zipf_s": 0.300000,
  "topk": 8,
  "ep_size": 256,
  "seed": 95,
  "start_skew_us": 4.000000,
  "tau_g_ns": 143.360000,
  "grain_bytes": 7168,
  "total_tokens": 65536,
  "max_egress_load": 64,
  "konig_us": 16.916480,
  "rtt_us": 0.800000,
  "barrier_us": 1.600000,
  "cct_us": 24.961321,
  "step_us": 43.397258,
  "gemv_us": 16.835938,
  "e2e_us": 41.797258,
  "throughput_GBs": 10824.694156,
  "latency_all": {
    "count": 65536,
    "mean_us": 5.109608,
    "p50_us": 5.073495,
    "p99_us": 9.447327,
    "min_us": 1.120786,
    "max_us": 13.564841
  },
  "latency_hot": {
    "count": 11974,
    "mean_us": 6.038752,
    "p50_us": 5.950654,
    "p99_us": 10.755023,
    "min_us": 1.391604,
    "max_us": 13.564841
  },
  "latency_cold": {
    "count": 25944,
    "mean_us": 4.681130,
    "p50_us": 4.703934,
    "p99_us": 7.611605,
    "min_us": 1.120786,
    "max_us": 9.466388
  },
  "dispatch_cct_us": 13.564841,
  "combine_cct_us": 11.396480,
  "roundtrip_step_us": 26.561321,
  "e2e_step_us": 43.397258
}
