{
  "scenario": 4,
  "scheme": "ub_rg",
  "mode": "roundtrip",
  "batch": 512,
  "zipf_s": 0.700000,
  "topk": 8,
  "ep_size": 256,
  "seed": 62,
  "start_skew_us": 4.000000,
  "tau_g_ns": 143.360000,
  "grain_bytes": 7168,
  "total_tokens": 2097152,
  "max_egress_load": 7762,
  "konig_us": 2145.095680,
  "rtt_us": 0.800000,
  "barrier_us": 1.600000,
  "cct_us": 2234.641737,
  "step_us": 4486.437049,
  "gemv_us": 2250.195312,
  "e2e_us": 4484.837049,
  "throughput_GBs": 3350.628878,
  "latency_all": {
    "count": 2097152,
    "mean_us": 107.081163,
    "p50_us": 14.996787,
    "p99_us": 565.610979,
    "min_us": 1.182049,
    "max_us": 1117.643929
  },
  "latency_hot": {
    "count": 808526,
    "mean_us": 220.874629,
    "p50_us": 81.771918,
    "p99_us": 565.491360,
    "min_us": 1.421125,
    "max_us": 1117.643929
  },
  "latency_cold": {
    "count": 484174,
    "mean_us": 22.120206,
    "p50_us": 19.906125,
    "p99_us": 36.055889,
    "min_us": 1.193292,
    "max_us": 77.098907
  },
  "dispatch_cct_us": 1117.643929,
  "combine_cct_us": 1116.997808,
  "roundtrip_step_us": 2236.241737,
  "e2e_step_us": 4486.437049
}
