{
  "scenario": 4,
  "scheme": "ub_rg",
  "mode": "roundtrip",
  "batch": 16,
  "zipf_s": 0.700000,
  "topk": 8,
  "ep_size": 512,
  "seed": 94,
  "start_skew_us": 4.000000,
  "tau_g_ns": 143.360000,
  "grain_bytes": 7168,
  "total_tokens": 131072,
  "max_egress_load": 426,
  "konig_us": 114.974720,
  "rtt_us": 0.800000,
  "barrier_us": 1.600000,
  "cct_us": 150.067479,
  "step_us": 269.089354,
  "gemv_us": 117.421875,
  "e2e_us": 267.489354,
  "throughput_GBs": 3491.494854,
  "latency_all": {
    "count": 131072,
    "mean_us": 17.775393,
    "p50_us": 16.297263,
    "p99_us": 55.189825,
    "min_us": 1.260855,
    "max_us": 76.460531
  },
  "latency_hot": {
    "count": 54644,
    "mean_us": 22.463983,
    "p50_us": 19.965223,
    "p99_us": 62.074879,
    "min_us": 1.399092,
    "max_us": 76.460531
  },
  "latency_cold": {
    "count": 28618,
    "mean_us": 13.933470,
    "p50_us": 14.118769,
    "p99_us": 22.787537,
    "min_us": 1.260855,
    "max_us": 27.347445
  },
  "dispatch_cct_us": 76.460531,
  "combine_cct_us": 73.606948,
  "roundtrip_step_us": 151.667479,
  "e2e_step_us": 269.089354
}
