{
  "scenario": 1,
  "scheme": "packet_spray",
  "mode": "roundtrip",
  "batch": 16,
  "zipf_s": 0.900000,
  "topk": 8,
  "ep_size": 128,
  "seed": 63,
  "start_skew_us": 4.000000,
  "tau_g_ns": 143.360000,
  "grain_bytes": 7168,
  "total_tokens": 32768,
  "max_egress_load": 215,
  "konig_us": 58.347520,
  "rtt_us": 0.000000,
  "barrier_us": 4.000000,
  "cct_us": 85.830922,
  "step_us": 149.830922,
  "gemv_us": 60.000000,
  "e2e_us": 145.830922,
  "throughput_GBs": 1567.640519,
  "latency_all": {
    "count": 32768,
    "mean_us": 22.859033,
    "p50_us": 22.361933,
    "p99_us": 40.613904,
    "min_us": 0.536720,
    "max_us": 49.502224
  },
  "latency_hot": {
    "count": 14490,
    "mean_us": 24.104524,
    "p50_us": 23.856378,
    "p99_us": 44.092956,
    "min_us": 0.536720,
    "max_us": 49.502224
  },
  "latency_cold": {
    "count": 5948,
    "mean_us": 21.228232,
    "p50_us": 20.633871,
    "p99_us": 35.181818,
    "min_us": 3.739580,
    "max_us": 36.328698
  },
  "dispatch_cct_us": 49.502224,
  "combine_cct_us": 36.328698,
  "roundtrip_step_us": 89.830922,
  "e2e_step_us": 149.830922
}
