{
  "scenario": 4,
  "scheme": "ub_rg_pop",
  "mode": "roundtrip",
  "batch": 16,
  "zipf_s": 0.000000,
  "topk": 8,
  "ep_size": 128,
  "seed": 74,
  "start_skew_us": 4.000000,
  "tau_g_ns": 143.360000,
  "grain_bytes": 7168,
  "total_tokens": 32768,
  "max_egress_load": 32,
  "konig_us": 8.888320,
  "rtt_us": 1.200000,
  "barrier_us": 1.600000,
  "cct_us": 19.479555,
  "step_us": 27.251430,
  "gemv_us": 6.171875,
  "e2e_us": 25.651430,
  "throughput_GBs": 8619.034755,
  "latency_all": {
    "count": 32768,
    "mean_us": 5.357259,
    "p50_us": 5.352938,
    "p99_us": 8.424340,
    "min_us": 1.500391,
    "max_us": 9.925292
  },
  "latency_hot": {
    "count": 2964,
    "mean_us": 5.187991,
    "p50_us": 5.155252,
    "p99_us": 8.156513,
    "min_us": 1.896849,
    "max_us": 8.697671
  },
  "latency_cold": {
    "count": 16572,
    "mean_us": 5.351579,
    "p50_us": 5.334761,
    "p99_us": 8.461789,
    "min_us": 1.527258,
    "max_us": 9.925292
  },
  "dispatch_cct_us": 9.925292,
  "combine_cct_us": 9.554264,
  "roundtrip_step_us": 21.079555,
  "e2e_step_us": 27.251430
}
