{
  "scenario": 1,
  "scheme": "packet_spray",
  "mode": "roundtrip",
  "batch": 256,
  "zipf_s": 0.700000,
  "topk": 8,
  "ep_size": 32,
  "seed": 61,
  "tau_g_ns": 143.360000,
  "grain_bytes": 7168,
  "total_tokens": 131072,
  "max_egress_load": 858,
  "konig_us": 238.694400,
  "rtt_us": 0.000000,
  "barrier_us": 4.000000,
  "cct_us": 306.286880,
  "step_us": 310.286880,
  "throughput_GBs": 3027.920794,
  "latency_all": {
    "count": 131072,
    "mean_us": 66.591150,
    "p50_us": 58.884240,
    "p99_us": 140.312720,
    "min_us": 0.536720,
    "max_us": 156.655760
  },
  "latency_hot": {
    "count": 31176,
    "mean_us": 70.447648,
    "p50_us": 70.926480,
    "p99_us": 141.889680,
    "min_us": 0.536720,
    "max_us": 156.655760
  },
  "latency_cold": {
    "count": 39468,
    "mean_us": 66.170359,
    "p50_us": 51.859600,
    "p99_us": 144.040080,
    "min_us": 0.536720,
    "max_us": 149.631120
  },
  "dispatch_cct_us": 156.655760,
  "combine_cct_us": 149.631120,
  "roundtrip_step_us": 310.286880
}
