{
  "scenario": 4,
  "scheme": "ub_rg",
  "mode": "roundtrip",
  "batch": 16,
  "zipf_s": 0.000000,
  "topk": 8,
  "ep_size": 128,
  "seed": 67,
  "start_skew_us": 4.000000,
  "tau_g_ns": 143.360000,
  "grain_bytes": 7168,
  "total_tokens": 32768,
  "max_egress_load": 34,
  "konig_us": 8.888320,
  "rtt_us": 0.800000,
  "barrier_us": 1.600000,
  "cct_us": 18.821868,
  "step_us": 26.671868,
  "gemv_us": 6.250000,
  "e2e_us": 25.071868,
  "throughput_GBs": 8806.320617,
  "latency_all": {
    "count": 32768,
    "mean_us": 4.926850,
    "p50_us": 4.928650,
    "p99_us": 8.080333,
    "min_us": 1.047187,
    "max_us": 9.510480
  },
  "latency_hot": {
    "count": 3152,
    "mean_us": 4.796772,
    "p50_us": 4.744435,
    "p99_us": 7.838956,
    "min_us": 1.633742,
    "max_us": 9.267819
  },
  "latency_cold": {
    "count": 16306,
    "mean_us": 4.976332,
    "p50_us": 4.964583,
    "p99_us": 8.117633,
    "min_us": 1.132199,
    "max_us": 9.510480
  },
  "dispatch_cct_us": 9.510480,
  "combine_cct_us": 9.311388,
  "roundtrip_step_us": 20.421868,
  "e2e_step_us": 26.671868
}
