{
  "scenario": 4,
  "scheme": "packet_spray",
  "mode": "roundtrip",
  "batch": 16,
  "zipf_s": 0.300000,
  "topk": 8,
  "ep_size": 256,
  "seed": 4,
  "start_skew_us": 4.000000,
  "tau_g_ns": 143.360000,
  "grain_bytes": 7168,
  "total_tokens": 65536,
  "max_egress_load": 69,
  "konig_us": 18.493440,
  "rtt_us": 0.000000,
  "barrier_us": 6.000000,
  "cct_us": 27.263826,
  "step_us": 52.013826,
  "gemv_us": 18.750000,
  "e2e_us": 46.013826,
  "throughput_GBs": 9031.484140,
  "latency_all": {
    "count": 65536,
    "mean_us": 6.491263,
    "p50_us": 6.444985,
    "p99_us": 10.837948,
    "min_us": 0.239987,
    "max_us": 14.708132
  },
  "latency_hot": {
    "count": 12190,
    "mean_us": 6.523815,
    "p50_us": 6.551298,
    "p99_us": 12.134304,
    "min_us": 0.406634,
    "max_us": 14.708132
  },
  "latency_cold": {
    "count": 25392,
    "mean_us": 6.619591,
    "p50_us": 6.476889,
    "p99_us": 10.978735,
    "min_us": 0.239987,
    "max_us": 12.555695
  },
  "dispatch_cct_us": 14.708132,
  "combine_cct_us": 12.555695,
  "roundtrip_step_us": 33.263826,
  "e2e_step_us": 52.013826
}
