{
  "scenario": 1,
  "scheme": "ub_rg",
  "mode": "roundtrip",
  "batch": 16,
  "zipf_s": 0.000000,
  "topk": 8,
  "ep_size": 128,
  "seed": 29,
  "start_skew_us": 4.000000,
  "tau_g_ns": 143.360000,
  "grain_bytes": 7168,
  "total_tokens": 32768,
  "max_egress_load": 30,
  "konig_us": 8.458240,
  "rtt_us": 0.600000,
  "barrier_us": 0.800000,
  "cct_us": 47.465564,
  "step_us": 54.437439,
  "gemv_us": 6.171875,
  "e2e_us": 53.637439,
  "throughput_GBs": 4314.696471,
  "latency_all": {
    "count": 32768,
    "mean_us": 13.266933,
    "p50_us": 13.220591,
    "p99_us": 21.823921,
    "min_us": 1.147004,
    "max_us": 24.677215
  },
  "latency_hot": {
    "count": 2960,
    "mean_us": 13.255071,
    "p50_us": 13.534154,
    "p99_us": 20.086989,
    "min_us": 1.380425,
    "max_us": 21.744707
  },
  "latency_cold": {
    "count": 16392,
    "mean_us": 13.200819,
    "p50_us": 13.121677,
    "p99_us": 21.162077,
    "min_us": 1.216054,
    "max_us": 22.934398
  },
  "dispatch_cct_us": 22.788349,
  "combine_cct_us": 24.677215,
  "roundtrip_step_us": 48.265564,
  "e2e_step_us": 54.437439
}
