{
  "scenario": 4,
  "scheme": "packet_spray",
  "mode": "roundtrip",
  "batch": 128,
  "zipf_s": 0.700000,
  "topk": 8,
  "ep_size": 512,
  "seed": 48,
  "start_skew_us": 4.000000,
  "tau_g_ns": 143.360000,
  "grain_bytes": 7168,
  "total_tokens": 1048576,
  "max_egress_load": 3257,
  "konig_us": 886.108160,
  "rtt_us": 0.000000,
  "barrier_us": 6.000000,
  "cct_us": 951.699243,
  "step_us": 1871.449243,
  "gemv_us": 913.750000,
  "e2e_us": 1865.449243,
  "throughput_GBs": 4016.241848,
  "latency_all": {
    "count": 1048576,
    "mean_us": 145.192546,
    "p50_us": 37.336397,
    "p99_us": 179.384843,
    "min_us": 0.910160,
    "max_us": 491.758880
  },
  "latency_hot": {
    "count": 435072,
    "mean_us": 160.628956,
    "p50_us": 67.589391,
    "p99_us": 375.644683,
    "min_us": 0.910160,
    "max_us": 481.867040
  },
  "latency_cold": {
    "count": 231888,
    "mean_us": 134.251514,
    "p50_us": 39.743790,
    "p99_us": 437.138720,
    "min_us": 1.019230,
    "max_us": 491.758880
  },
  "dispatch_cct_us": 459.940363,
  "combine_cct_us": 491.758880,
  "roundtrip_step_us": 957.699243,
  "e2e_step_us": 1871.449243
}
