{
  "scenario": 1,
  "scheme": "islip",
  "mode": "roundtrip",
  "batch": 256,
  "zipf_s": 0.900000,
  "topk": 8,
  "ep_size": 64,
  "seed": 11,
  "start_skew_us": 4.000000,
  "tau_g_ns": 143.360000,
  "grain_bytes": 7168,
  "total_tokens": 262144,
  "max_egress_load": 1725,
  "konig_us": 490.864640,
  "rtt_us": 0.600000,
  "barrier_us": 0.800000,
  "cct_us": 525.109280,
  "step_us": 1056.729592,
  "gemv_us": 530.820312,
  "e2e_us": 1055.929592,
  "throughput_GBs": 1778.173154,
  "latency_all": {
    "count": 262144,
    "mean_us": 50.635676,
    "p50_us": 24.133856,
    "p99_us": 216.567408,
    "min_us": 1.165133,
    "max_us": 263.902223
  },
  "latency_hot": {
    "count": 96832,
    "mean_us": 91.228479,
    "p50_us": 81.317819,
    "p99_us": 246.581881,
    "min_us": 1.365328,
    "max_us": 263.902223
  },
  "latency_cold": {
    "count": 54748,
    "mean_us": 17.211244,
    "p50_us": 16.912572,
    "p99_us": 31.630804,
    "min_us": 1.165133,
    "max_us": 37.611698
  },
  "dispatch_cct_us": 263.902223,
  "combine_cct_us": 261.207057,
  "roundtrip_step_us": 525.909280,
  "e2e_step_us": 1056.729592
}
