{
  "scenario": 1,
  "scheme": "packet_spray",
  "mode": "roundtrip",
  "batch": 64,
  "zipf_s": 0.700000,
  "topk": 8,
  "ep_size": 32,
  "seed": 75,
  "start_skew_us": 4.000000,
  "tau_g_ns": 143.360000,
  "grain_bytes": 7168,
  "total_tokens": 32768,
  "max_egress_load": 234,
  "konig_us": 62.935040,
  "rtt_us": 0.000000,
  "barrier_us": 4.000000,
  "cct_us": 97.224753,
  "step_us": 165.091940,
  "gemv_us": 63.867188,
  "e2e_us": 161.091940,
  "throughput_GBs": 1422.728592,
  "latency_all": {
    "count": 32768,
    "mean_us": 25.258994,
    "p50_us": 24.656234,
    "p99_us": 42.862954,
    "min_us": 5.332679,
    "max_us": 53.901674
  },
  "latency_hot": {
    "count": 7866,
    "mean_us": 26.187444,
    "p50_us": 26.406599,
    "p99_us": 48.167274,
    "min_us": 5.332679,
    "max_us": 53.901674
  },
  "latency_cold": {
    "count": 9866,
    "mean_us": 25.229201,
    "p50_us": 23.796074,
    "p99_us": 41.459399,
    "min_us": 6.898665,
    "max_us": 43.323079
  },
  "dispatch_cct_us": 53.901674,
  "combine_cct_us": 43.323079,
  "roundtrip_step_us": 101.224753,
  "e2e_step_us": 165.091940
}
