{
  "scenario": 4,
  "scheme": "ub_rg",
  "mode": "roundtrip",
  "batch": 128,
  "zipf_s": 0.700000,
  "topk": 8,
  "ep_size": 256,
  "seed": 69,
  "start_skew_us": 4.000000,
  "tau_g_ns": 143.360000,
  "grain_bytes": 7168,
  "total_tokens": 524288,
  "max_egress_load": 1888,
  "konig_us": 524.840960,
  "rtt_us": 0.800000,
  "barrier_us": 1.600000,
  "cct_us": 548.272917,
  "step_us": 1103.896354,
  "gemv_us": 554.023438,
  "e2e_us": 1102.296354,
  "throughput_GBs": 3404.392423,
  "latency_all": {
    "count": 524288,
    "mean_us": 29.841178,
    "p50_us": 12.604804,
    "p99_us": 58.381498,
    "min_us": 1.184941,
    "max_us": 274.510232
  },
  "latency_hot": {
    "count": 201570,
    "mean_us": 57.791839,
    "p50_us": 40.273517,
    "p99_us": 227.228193,
    "min_us": 1.184941,
    "max_us": 274.510232
  },
  "latency_cold": {
    "count": 121946,
    "mean_us": 8.783359,
    "p50_us": 8.664550,
    "p99_us": 16.041742,
    "min_us": 1.238791,
    "max_us": 34.415579
  },
  "dispatch_cct_us": 273.762685,
  "combine_cct_us": 274.510232,
  "roundtrip_step_us": 549.872917,
  "e2e_step_us": 1103.896354
}
