{
  "scenario": 1,
  "scheme": "islip",
  "mode": "roundtrip",
  "batch": 64,
  "zipf_s": 0.300000,
  "topk": 8,
  "ep_size": 128,
  "seed": 95,
  "start_skew_us": 4.000000,
  "tau_g_ns": 143.360000,
  "grain_bytes": 7168,
  "total_tokens": 131072,
  "max_egress_load": 202,
  "konig_us": 55.193600,
  "rtt_us": 0.600000,
  "barrier_us": 0.800000,
  "cct_us": 65.066519,
  "step_us": 123.054019,
  "gemv_us": 57.187500,
  "e2e_us": 122.254019,
  "throughput_GBs": 7635.054104,
  "latency_all": {
    "count": 131072,
    "mean_us": 8.398129,
    "p50_us": 7.803331,
    "p99_us": 22.062047,
    "min_us": 1.168738,
    "max_us": 33.784741
  },
  "latency_hot": {
    "count": 22676,
    "mean_us": 12.128192,
    "p50_us": 11.649031,
    "p99_us": 26.948027,
    "min_us": 1.279798,
    "max_us": 33.784741
  },
  "latency_cold": {
    "count": 52124,
    "mean_us": 7.044367,
    "p50_us": 6.926725,
    "p99_us": 12.987613,
    "min_us": 1.168738,
    "max_us": 15.871583
  },
  "dispatch_cct_us": 33.784741,
  "combine_cct_us": 31.281778,
  "roundtrip_step_us": 65.866519,
  "e2e_step_us": 123.054019
}
