{
  "scenario": 1,
  "scheme": "islip",
  "mode": "roundtrip",
  "batch": 64,
  "zipf_s": 0.900000,
  "topk": 8,
  "ep_size": 64,
  "seed": 92,
  "start_skew_us": 4.000000,
  "tau_g_ns": 143.360000,
  "grain_bytes": 7168,
  "total_tokens": 65536,
  "max_egress_load": 448,
  "konig_us": 125.440000,
  "rtt_us": 0.600000,
  "barrier_us": 0.800000,
  "cct_us": 137.943078,
  "step_us": 271.946203,
  "gemv_us": 133.203125,
  "e2e_us": 271.146203,
  "throughput_GBs": 1727.408002,
  "latency_all": {
    "count": 65536,
    "mean_us": 13.718443,
    "p50_us": 8.833819,
    "p99_us": 59.052296,
    "min_us": 1.151028,
    "max_us": 69.254255
  },
  "latency_hot": {
    "count": 24090,
    "mean_us": 24.121363,
    "p50_us": 21.411193,
    "p99_us": 63.238714,
    "min_us": 1.226862,
    "max_us": 69.254255
  },
  "latency_cold": {
    "count": 13722,
    "mean_us": 5.356995,
    "p50_us": 5.314777,
    "p99_us": 9.649301,
    "min_us": 1.151028,
    "max_us": 11.832206
  },
  "dispatch_cct_us": 69.254255,
  "combine_cct_us": 68.688824,
  "roundtrip_step_us": 138.743078,
  "e2e_step_us": 271.946203
}
