{
  "scenario": 4,
  "scheme": "ub_rg_pop",
  "mode": "roundtrip",
  "batch": 128,
  "zipf_s": 0.000000,
  "topk": 8,
  "ep_size": 512,
  "seed": 66,
  "start_skew_us": 4.000000,
  "tau_g_ns": 143.360000,
  "grain_bytes": 7168,
  "total_tokens": 1048576,
  "max_egress_load": 189,
  "konig_us": 52.899840,
  "rtt_us": 1.200000,
  "barrier_us": 1.600000,
  "cct_us": 66.300070,
  "step_us": 111.376633,
  "gemv_us": 43.476562,
  "e2e_us": 109.776633,
  "throughput_GBs": 67484.467611,
  "latency_all": {
    "count": 1048576,
    "mean_us": 15.017718,
    "p50_us": 10.876834,
    "p99_us": 25.325882,
    "min_us": 1.422154,
    "max_us": 35.443528
  },
  "latency_hot": {
    "count": 104720,
    "mean_us": 14.986587,
    "p50_us": 14.902279,
    "p99_us": 27.680256,
    "min_us": 1.730814,
    "max_us": 33.216366
  },
  "latency_cold": {
    "count": 525478,
    "mean_us": 15.054492,
    "p50_us": 14.256513,
    "p99_us": 23.781842,
    "min_us": 1.422154,
    "max_us": 33.564763
  },
  "dispatch_cct_us": 35.443528,
  "combine_cct_us": 30.856542,
  "roundtrip_step_us": 67.900070,
  "e2e_step_us": 111.376633
}
