{
  "scenario": 1,
  "scheme": "islip",
  "mode": "roundtrip",
  "batch": 128,
  "zipf_s": 0.000000,
  "topk": 8,
  "ep_size": 128,
  "seed": 1,
  "start_skew_us": 2.000000,
  "tau_g_ns": 143.360000,
  "grain_bytes": 7168,
  "total_tokens": 262144,
  "max_egress_load": 164,
  "konig_us": 46.735360,
  "rtt_us": 0.600000,
  "barrier_us": 0.800000,
  "cct_us": 52.464240,
  "step_us": 96.350178,
  "gemv_us": 43.085938,
  "e2e_us": 95.550178,
  "throughput_GBs": 19502.280468,
  "latency_all": {
    "count": 262144,
    "mean_us": 11.525687,
    "p50_us": 9.189303,
    "p99_us": 22.229057,
    "min_us": 1.158470,
    "max_us": 26.270788
  },
  "latency_hot": {
    "count": 24640,
    "mean_us": 11.641070,
    "p50_us": 11.536510,
    "p99_us": 22.668104,
    "min_us": 1.370878,
    "max_us": 26.193453
  },
  "latency_cold": {
    "count": 130894,
    "mean_us": 11.496370,
    "p50_us": 11.355590,
    "p99_us": 22.580367,
    "min_us": 1.164438,
    "max_us": 26.156316
  },
  "dispatch_cct_us": 26.270788,
  "combine_cct_us": 26.193453,
  "roundtrip_step_us": 53.264240,
  "e2e_step_us": 96.350178
}
