{
  "scenario": 4,
  "scheme": "ub_rg_pop",
  "mode": "roundtrip",
  "batch": 512,
  "zipf_s": 0.300000,
  "topk": 8,
  "ep_size": 128,
  "seed": 95,
  "start_skew_us": 4.000000,
  "tau_g_ns": 143.360000,
  "grain_bytes": 7168,
  "total_tokens": 1048576,
  "max_egress_load": 1563,
  "konig_us": 433.090560,
  "rtt_us": 1.200000,
  "barrier_us": 1.600000,
  "cct_us": 456.448547,
  "step_us": 913.673547,
  "gemv_us": 455.625000,
  "e2e_us": 912.073547,
  "throughput_GBs": 8226.343856,
  "latency_all": {
    "count": 1048576,
    "mean_us": 45.548292,
    "p50_us": 20.552432,
    "p99_us": 95.270386,
    "min_us": 1.673158,
    "max_us": 229.474547
  },
  "latency_hot": {
    "count": 181864,
    "mean_us": 75.607377,
    "p50_us": 72.236920,
    "p99_us": 196.273529,
    "min_us": 2.102816,
    "max_us": 229.474547
  },
  "latency_cold": {
    "count": 413884,
    "mean_us": 33.754479,
    "p50_us": 32.812515,
    "p99_us": 62.595508,
    "min_us": 1.843899,
    "max_us": 93.587972
  },
  "dispatch_cct_us": 229.474547,
  "combine_cct_us": 226.974000,
  "roundtrip_step_us": 458.048547,
  "e2e_step_us": 913.673547
}
