{
  "scenario": 4,
  "scheme": "packet_spray",
  "mode": "roundtrip",
  "batch": 512,
  "zipf_s": 0.900000,
  "topk": 8,
  "ep_size": 128,
  "seed": 54,
  "start_skew_us": 4.000000,
  "tau_g_ns": 143.360000,
  "grain_bytes": 7168,
  "total_tokens": 1048576,
  "max_egress_load": 6824,
  "konig_us": 1859.665920,
  "rtt_us": 0.000000,
  "barrier_us": 6.000000,
  "cct_us": 2040.691420,
  "step_us": 3967.785170,
  "gemv_us": 1921.093750,
  "e2e_us": 3961.785170,
  "throughput_GBs": 1894.304365,
  "latency_all": {
    "count": 1048576,
    "mean_us": 340.315958,
    "p50_us": 102.840643,
    "p99_us": 520.111805,
    "min_us": 0.766800,
    "max_us": 1058.086507
  },
  "latency_hot": {
    "count": 464210,
    "mean_us": 385.505947,
    "p50_us": 225.924447,
    "p99_us": 790.645873,
    "min_us": 1.229262,
    "max_us": 1017.945707
  },
  "latency_cold": {
    "count": 190710,
    "mean_us": 302.859855,
    "p50_us": 119.420605,
    "p99_us": 942.968427,
    "min_us": 3.926545,
    "max_us": 1058.086507
  },
  "dispatch_cct_us": 982.604913,
  "combine_cct_us": 1058.086507,
  "roundtrip_step_us": 2046.691420,
  "e2e_step_us": 3967.785170
}
