{
  "scenario": 1,
  "scheme": "ub_rg",
  "mode": "roundtrip",
  "batch": 512,
  "zipf_s": 0.000000,
  "topk": 8,
  "ep_size": 32,
  "seed": 3,
  "start_skew_us": 4.000000,
  "tau_g_ns": 143.360000,
  "grain_bytes": 7168,
  "total_tokens": 262144,
  "max_egress_load": 574,
  "konig_us": 162.426880,
  "rtt_us": 0.600000,
  "barrier_us": 0.800000,
  "cct_us": 198.666597,
  "step_us": 363.763472,
  "gemv_us": 164.296875,
  "e2e_us": 362.963472,
  "throughput_GBs": 5165.576915,
  "latency_all": {
    "count": 262144,
    "mean_us": 48.181030,
    "p50_us": 39.374617,
    "p99_us": 85.903695,
    "min_us": 1.188545,
    "max_us": 100.355378
  },
  "latency_hot": {
    "count": 24520,
    "mean_us": 50.053338,
    "p50_us": 49.968052,
    "p99_us": 90.464028,
    "min_us": 1.629180,
    "max_us": 97.608038
  },
  "latency_cold": {
    "count": 131036,
    "mean_us": 48.131201,
    "p50_us": 48.025237,
    "p99_us": 89.035889,
    "min_us": 1.188545,
    "max_us": 98.956809
  },
  "dispatch_cct_us": 98.311219,
  "combine_cct_us": 100.355378,
  "roundtrip_step_us": 199.466597,
  "e2e_step_us": 363.763472
}
