{
  "scenario": 1,
  "scheme": "ub_rg_pop",
  "mode": "roundtrip",
  "batch": 512,
  "zipf_s": 0.900000,
  "topk": 8,
  "ep_size": 64,
  "seed": 25,
  "start_skew_us": 4.000000,
  "tau_g_ns": 143.360000,
  "grain_bytes": 7168,
  "total_tokens": 524288,
  "max_egress_load": 3437,
  "konig_us": 978.575360,
  "rtt_us": 0.900000,
  "barrier_us": 0.800000,
  "cct_us": 991.415578,
  "step_us": 2051.004641,
  "gemv_us": 1058.789062,
  "e2e_us": 2050.204641,
  "throughput_GBs": 1832.319786,
  "latency_all": {
    "count": 524288,
    "mean_us": 86.390157,
    "p50_us": 33.991454,
    "p99_us": 194.760247,
    "min_us": 1.480245,
    "max_us": 496.192983
  },
  "latency_hot": {
    "count": 194090,
    "mean_us": 167.815789,
    "p50_us": 148.467192,
    "p99_us": 471.331525,
    "min_us": 1.791600,
    "max_us": 496.192983
  },
  "latency_cold": {
    "count": 110164,
    "mean_us": 19.785970,
    "p50_us": 19.155952,
    "p99_us": 43.188310,
    "min_us": 1.625418,
    "max_us": 50.816269
  },
  "dispatch_cct_us": 496.192983,
  "combine_cct_us": 495.222595,
  "roundtrip_step_us": 992.215578,
  "e2e_step_us": 2051.004641
}
