{
  "scenario": 4,
  "scheme": "packet_spray",
  "mode": "roundtrip",
  "batch": 16,
  "zipf_s": 0.900000,
  "topk": 8,
  "ep_size": 128,
  "seed": 10,
  "start_skew_us": 4.000000,
  "tau_g_ns": 143.360000,
  "grain_bytes": 7168,
  "total_tokens": 32768,
  "max_egress_load": 217,
  "konig_us": 59.064320,
  "rtt_us": 0.000000,
  "barrier_us": 6.000000,
  "cct_us": 92.761706,
  "step_us": 159.425768,
  "gemv_us": 60.664062,
  "e2e_us": 153.425768,
  "throughput_GBs": 1473.293978,
  "latency_all": {
    "count": 32768,
    "mean_us": 24.023013,
    "p50_us": 22.053828,
    "p99_us": 41.482073,
    "min_us": 0.966800,
    "max_us": 48.412433
  },
  "latency_hot": {
    "count": 14406,
    "mean_us": 25.727180,
    "p50_us": 24.463610,
    "p99_us": 42.317718,
    "min_us": 1.847774,
    "max_us": 48.412433
  },
  "latency_cold": {
    "count": 5968,
    "mean_us": 22.088809,
    "p50_us": 19.593770,
    "p99_us": 41.482073,
    "min_us": 0.966800,
    "max_us": 44.349273
  },
  "dispatch_cct_us": 48.412433,
  "combine_cct_us": 44.349273,
  "roundtrip_step_us": 98.761706,
  "e2e_step_us": 159.425768
}
