{
  "scenario": 1,
  "scheme": "packet_spray",
  "mode": "roundtrip",
  "batch": 16,
  "zipf_s": 0.700000,
  "topk": 8,
  "ep_size": 128,
  "seed": 77,
  "tau_g_ns": 143.360000,
  "grain_bytes": 7168,
  "total_tokens": 32768,
  "max_egress_load": 145,
  "konig_us": 39.997440,
  "rtt_us": 0.000000,
  "barrier_us": 4.000000,
  "cct_us": 45.945120,
  "step_us": 49.945120,
  "throughput_GBs": 4702.782254,
  "latency_all": {
    "count": 32768,
    "mean_us": 7.712337,
    "p50_us": 5.410960,
    "p99_us": 20.607120,
    "min_us": 0.536720,
    "max_us": 23.187600
  },
  "latency_hot": {
    "count": 11084,
    "mean_us": 8.671417,
    "p50_us": 7.561360,
    "p99_us": 19.890320,
    "min_us": 0.536720,
    "max_us": 23.187600
  },
  "latency_cold": {
    "count": 8294,
    "mean_us": 7.203980,
    "p50_us": 3.690640,
    "p99_us": 21.037200,
    "min_us": 0.536720,
    "max_us": 22.757520
  },
  "dispatch_cct_us": 23.187600,
  "combine_cct_us": 22.757520,
  "roundtrip_step_us": 49.945120
}
