{
  "scenario": 4,
  "scheme": "ub_rg_pop",
  "mode": "roundtrip",
  "batch": 64,
  "zipf_s": 0.700000,
  "topk": 8,
  "ep_size": 256,
  "seed": 61,
  "start_skew_us": 4.000000,
  "tau_g_ns": 143.360000,
  "grain_bytes": 7168,
  "total_tokens": 262144,
  "max_egress_load": 1004,
  "konig_us": 273.387520,
  "rtt_us": 1.200000,
  "barrier_us": 1.600000,
  "cct_us": 297.261487,
  "step_us": 581.048987,
  "gemv_us": 282.187500,
  "e2e_us": 579.448987,
  "throughput_GBs": 3233.889454,
  "latency_all": {
    "count": 262144,
    "mean_us": 17.537393,
    "p50_us": 8.421632,
    "p99_us": 97.946444,
    "min_us": 1.514477,
    "max_us": 149.343841
  },
  "latency_hot": {
    "count": 101076,
    "mean_us": 31.799444,
    "p50_us": 23.199166,
    "p99_us": 125.012867,
    "min_us": 1.514477,
    "max_us": 149.343841
  },
  "latency_cold": {
    "count": 60324,
    "mean_us": 6.636201,
    "p50_us": 6.582610,
    "p99_us": 11.209968,
    "min_us": 1.641692,
    "max_us": 18.301933
  },
  "dispatch_cct_us": 147.917646,
  "combine_cct_us": 149.343841,
  "roundtrip_step_us": 298.861487,
  "e2e_step_us": 581.048987
}
