{
  "scenario": 4,
  "scheme": "ub_rg",
  "mode": "roundtrip",
  "batch": 16,
  "zipf_s": 0.300000,
  "topk": 8,
  "ep_size": 128,
  "seed": 44,
  "start_skew_us": 4.000000,
  "tau_g_ns": 143.360000,
  "grain_bytes": 7168,
  "total_tokens": 32768,
  "max_egress_load": 53,
  "konig_us": 14.336000,
  "rtt_us": 0.800000,
  "barrier_us": 1.600000,
  "cct_us": 23.821839,
  "step_us": 39.874964,
  "gemv_us": 14.453125,
  "e2e_us": 38.274964,
  "throughput_GBs": 5890.438595,
  "latency_all": {
    "count": 32768,
    "mean_us": 5.120872,
    "p50_us": 5.101213,
    "p99_us": 9.107764,
    "min_us": 1.104452,
    "max_us": 12.457164
  },
  "latency_hot": {
    "count": 5712,
    "mean_us": 5.851305,
    "p50_us": 5.793389,
    "p99_us": 10.459157,
    "min_us": 1.412204,
    "max_us": 12.457164
  },
  "latency_cold": {
    "count": 12770,
    "mean_us": 4.689828,
    "p50_us": 4.667717,
    "p99_us": 7.603876,
    "min_us": 1.104452,
    "max_us": 9.502954
  },
  "dispatch_cct_us": 12.457164,
  "combine_cct_us": 11.364674,
  "roundtrip_step_us": 25.421839,
  "e2e_step_us": 39.874964
}
