{
  "scenario": 1,
  "scheme": "ub_rg_pop",
  "mode": "roundtrip",
  "batch": 16,
  "zipf_s": 0.300000,
  "topk": 8,
  "ep_size": 128,
  "seed": 56,
  "tau_g_ns": 143.360000,
  "grain_bytes": 7168,
  "total_tokens": 32768,
  "max_egress_load": 55,
  "konig_us": 14.622720,
  "rtt_us": 0.900000,
  "barrier_us": 0.800000,
  "cct_us": 18.582907,
  "step_us": 19.382907,
  "throughput_GBs": 12117.946194,
  "latency_all": {
    "count": 32768,
    "mean_us": 3.160386,
    "p50_us": 2.993911,
    "p99_us": 6.605808,
    "min_us": 1.443769,
    "max_us": 9.293029
  },
  "latency_hot": {
    "count": 5694,
    "mean_us": 4.149646,
    "p50_us": 4.059078,
    "p99_us": 8.012155,
    "min_us": 1.448353,
    "max_us": 9.293029
  },
  "latency_cold": {
    "count": 12878,
    "mean_us": 2.730580,
    "p50_us": 2.679813,
    "p99_us": 4.403732,
    "min_us": 1.443769,
    "max_us": 5.108078
  },
  "dispatch_cct_us": 9.293029,
  "combine_cct_us": 9.289878,
  "roundtrip_step_us": 19.382907
}
