{
  "scenario": 1,
  "scheme": "ub_rg",
  "mode": "roundtrip",
  "batch": 512,
  "zipf_s": 0.900000,
  "topk": 8,
  "ep_size": 128,
  "seed": 91,
  "start_skew_us": 4.000000,
  "tau_g_ns": 143.360000,
  "grain_bytes": 7168,
  "total_tokens": 1048576,
  "max_egress_load": 6185,
  "konig_us": 1764.761600,
  "rtt_us": 0.600000,
  "barrier_us": 0.800000,
  "cct_us": 1782.255031,
  "step_us": 3697.078468,
  "gemv_us": 1914.023438,
  "e2e_us": 3696.278468,
  "throughput_GBs": 2033.008721,
  "latency_all": {
    "count": 1048576,
    "mean_us": 125.369637,
    "p50_us": 20.238941,
    "p99_us": 456.640550,
    "min_us": 1.151028,
    "max_us": 891.823787
  },
  "latency_hot": {
    "count": 464012,
    "mean_us": 238.524233,
    "p50_us": 155.991201,
    "p99_us": 468.228752,
    "min_us": 1.221923,
    "max_us": 891.823787
  },
  "latency_cold": {
    "count": 190212,
    "mean_us": 17.720597,
    "p50_us": 17.200209,
    "p99_us": 37.697898,
    "min_us": 1.185291,
    "max_us": 44.664210
  },
  "dispatch_cct_us": 891.823787,
  "combine_cct_us": 890.431244,
  "roundtrip_step_us": 1783.055031,
  "e2e_step_us": 3697.078468
}
