{
  "scenario": 1,
  "scheme": "ub_rg",
  "mode": "roundtrip",
  "batch": 64,
  "zipf_s": 0.300000,
  "topk": 8,
  "ep_size": 32,
  "seed": 43,
  "start_skew_us": 4.000000,
  "tau_g_ns": 143.360000,
  "grain_bytes": 7168,
  "total_tokens": 32768,
  "max_egress_load": 131,
  "konig_us": 36.126720,
  "rtt_us": 0.600000,
  "barrier_us": 0.800000,
  "cct_us": 65.227646,
  "step_us": 103.566708,
  "gemv_us": 37.539062,
  "e2e_us": 102.766708,
  "throughput_GBs": 2267.920142,
  "latency_all": {
    "count": 32768,
    "mean_us": 12.287799,
    "p50_us": 11.744262,
    "p99_us": 26.795818,
    "min_us": 1.153934,
    "max_us": 33.133548
  },
  "latency_hot": {
    "count": 4866,
    "mean_us": 16.287922,
    "p50_us": 15.946939,
    "p99_us": 30.373983,
    "min_us": 1.215492,
    "max_us": 33.133548
  },
  "latency_cold": {
    "count": 13410,
    "mean_us": 10.510468,
    "p50_us": 10.135971,
    "p99_us": 21.361127,
    "min_us": 1.157810,
    "max_us": 24.752951
  },
  "dispatch_cct_us": 33.133548,
  "combine_cct_us": 32.094098,
  "roundtrip_step_us": 66.027646,
  "e2e_step_us": 103.566708
}
