{
  "scenario": 4,
  "scheme": "ub_rg",
  "mode": "roundtrip",
  "batch": 64,
  "zipf_s": 0.700000,
  "topk": 8,
  "ep_size": 512,
  "seed": 62,
  "start_skew_us": 4.000000,
  "tau_g_ns": 143.360000,
  "grain_bytes": 7168,
  "total_tokens": 524288,
  "max_egress_load": 1634,
  "konig_us": 443.269120,
  "rtt_us": 0.800000,
  "barrier_us": 1.600000,
  "cct_us": 513.547963,
  "step_us": 970.577651,
  "gemv_us": 455.429688,
  "e2e_us": 968.977651,
  "throughput_GBs": 3872.020318,
  "latency_all": {
    "count": 524288,
    "mean_us": 32.082137,
    "p50_us": 21.881261,
    "p99_us": 50.264516,
    "min_us": 1.394100,
    "max_us": 259.075776
  },
  "latency_hot": {
    "count": 217808,
    "mean_us": 50.533870,
    "p50_us": 34.511915,
    "p99_us": 188.408123,
    "min_us": 4.769535,
    "max_us": 259.075776
  },
  "latency_cold": {
    "count": 115672,
    "mean_us": 16.943606,
    "p50_us": 16.918275,
    "p99_us": 26.974702,
    "min_us": 1.938483,
    "max_us": 35.084847
  },
  "dispatch_cct_us": 259.075776,
  "combine_cct_us": 254.472187,
  "roundtrip_step_us": 515.147963,
  "e2e_step_us": 970.577651
}
