{
  "scenario": 1,
  "scheme": "islip",
  "mode": "roundtrip",
  "batch": 64,
  "zipf_s": 0.700000,
  "topk": 8,
  "ep_size": 32,
  "seed": 22,
  "start_skew_us": 4.000000,
  "tau_g_ns": 143.360000,
  "grain_bytes": 7168,
  "total_tokens": 32768,
  "max_egress_load": 207,
  "konig_us": 58.060800,
  "rtt_us": 0.600000,
  "barrier_us": 0.800000,
  "cct_us": 81.459965,
  "step_us": 144.134965,
  "gemv_us": 61.875000,
  "e2e_us": 143.334965,
  "throughput_GBs": 1629.590876,
  "latency_all": {
    "count": 32768,
    "mean_us": 14.320864,
    "p50_us": 13.540475,
    "p99_us": 34.561924,
    "min_us": 1.162708,
    "max_us": 42.640887
  },
  "latency_hot": {
    "count": 7844,
    "mean_us": 19.121989,
    "p50_us": 18.527448,
    "p99_us": 37.637346,
    "min_us": 1.162708,
    "max_us": 42.640887
  },
  "latency_cold": {
    "count": 9784,
    "mean_us": 11.625936,
    "p50_us": 11.459640,
    "p99_us": 21.894999,
    "min_us": 1.193488,
    "max_us": 24.833727
  },
  "dispatch_cct_us": 42.640887,
  "combine_cct_us": 38.819078,
  "roundtrip_step_us": 82.259965,
  "e2e_step_us": 144.134965
}
