{
  "scenario": 1,
  "scheme": "islip",
  "mode": "roundtrip",
  "batch": 128,
  "zipf_s": 0.000000,
  "topk": 8,
  "ep_size": 128,
  "seed": 77,
  "start_skew_us": 4.000000,
  "tau_g_ns": 143.360000,
  "grain_bytes": 7168,
  "total_tokens": 262144,
  "max_egress_load": 170,
  "konig_us": 46.735360,
  "rtt_us": 0.600000,
  "barrier_us": 0.800000,
  "cct_us": 86.878501,
  "step_us": 131.116001,
  "gemv_us": 43.437500,
  "e2e_us": 130.316001,
  "throughput_GBs": 14331.188982,
  "latency_all": {
    "count": 262144,
    "mean_us": 20.900567,
    "p50_us": 18.516157,
    "p99_us": 34.055769,
    "min_us": 1.143413,
    "max_us": 44.892995
  },
  "latency_hot": {
    "count": 24430,
    "mean_us": 20.160382,
    "p50_us": 20.023838,
    "p99_us": 33.952150,
    "min_us": 1.310342,
    "max_us": 40.246700
  },
  "latency_cold": {
    "count": 131734,
    "mean_us": 20.861196,
    "p50_us": 20.767060,
    "p99_us": 35.925956,
    "min_us": 1.143413,
    "max_us": 43.085844
  },
  "dispatch_cct_us": 41.985507,
  "combine_cct_us": 44.892995,
  "roundtrip_step_us": 87.678501,
  "e2e_step_us": 131.116001
}
