{
  "scenario": 4,
  "scheme": "ub_rg",
  "mode": "roundtrip",
  "batch": 16,
  "zipf_s": 0.900000,
  "topk": 8,
  "ep_size": 256,
  "seed": 37,
  "start_skew_us": 4.000000,
  "tau_g_ns": 143.360000,
  "grain_bytes": 7168,
  "total_tokens": 65536,
  "max_egress_load": 371,
  "konig_us": 103.792640,
  "rtt_us": 0.800000,
  "barrier_us": 1.600000,
  "cct_us": 144.194887,
  "step_us": 255.912074,
  "gemv_us": 110.117188,
  "e2e_us": 254.312074,
  "throughput_GBs": 1835.638469,
  "latency_all": {
    "count": 65536,
    "mean_us": 19.080925,
    "p50_us": 16.495437,
    "p99_us": 59.751677,
    "min_us": 1.395865,
    "max_us": 73.418916
  },
  "latency_hot": {
    "count": 33268,
    "mean_us": 24.106649,
    "p50_us": 20.577552,
    "p99_us": 63.380766,
    "min_us": 2.638778,
    "max_us": 73.418916
  },
  "latency_cold": {
    "count": 10302,
    "mean_us": 13.083614,
    "p50_us": 12.892031,
    "p99_us": 22.727504,
    "min_us": 1.408691,
    "max_us": 25.195478
  },
  "dispatch_cct_us": 73.418916,
  "combine_cct_us": 70.775971,
  "roundtrip_step_us": 145.794887,
  "e2e_step_us": 255.912074
}
