{
  "scenario": 4,
  "scheme": "ub_rg_pop",
  "mode": "roundtrip",
  "batch": 512,
  "zipf_s": 0.000000,
  "topk": 8,
  "ep_size": 256,
  "seed": 19,
  "start_skew_us": 4.000000,
  "tau_g_ns": 143.360000,
  "grain_bytes": 7168,
  "total_tokens": 2097152,
  "max_egress_load": 623,
  "konig_us": 177.909760,
  "rtt_us": 1.200000,
  "barrier_us": 1.600000,
  "cct_us": 218.757642,
  "step_us": 387.388892,
  "gemv_us": 167.031250,
  "e2e_us": 385.788892,
  "throughput_GBs": 38804.379415,
  "latency_all": {
    "count": 2097152,
    "mean_us": 51.897976,
    "p50_us": 24.592957,
    "p99_us": 88.683833,
    "min_us": 1.629870,
    "max_us": 110.826629
  },
  "latency_hot": {
    "count": 203928,
    "mean_us": 52.048660,
    "p50_us": 51.103541,
    "p99_us": 90.741292,
    "min_us": 1.746648,
    "max_us": 107.910429
  },
  "latency_cold": {
    "count": 1050054,
    "mean_us": 51.837093,
    "p50_us": 31.042930,
    "p99_us": 84.974941,
    "min_us": 1.989633,
    "max_us": 110.826629
  },
  "dispatch_cct_us": 107.931013,
  "combine_cct_us": 110.826629,
  "roundtrip_step_us": 220.357642,
  "e2e_step_us": 387.388892
}
