{
  "scenario": 1,
  "scheme": "islip",
  "mode": "roundtrip",
  "batch": 256,
  "zipf_s": 0.000000,
  "topk": 8,
  "ep_size": 64,
  "seed": 25,
  "start_skew_us": 4.000000,
  "tau_g_ns": 143.360000,
  "grain_bytes": 7168,
  "total_tokens": 262144,
  "max_egress_load": 299,
  "konig_us": 85.729280,
  "rtt_us": 0.600000,
  "barrier_us": 0.800000,
  "cct_us": 118.399832,
  "step_us": 204.238894,
  "gemv_us": 85.039062,
  "e2e_us": 203.438894,
  "throughput_GBs": 9200.246598,
  "latency_all": {
    "count": 262144,
    "mean_us": 28.322673,
    "p50_us": 23.840056,
    "p99_us": 48.721274,
    "min_us": 1.161816,
    "max_us": 62.125487
  },
  "latency_hot": {
    "count": 24664,
    "mean_us": 27.024559,
    "p50_us": 26.972491,
    "p99_us": 48.926028,
    "min_us": 1.490906,
    "max_us": 52.866159
  },
  "latency_cold": {
    "count": 130422,
    "mean_us": 28.386770,
    "p50_us": 28.236948,
    "p99_us": 51.359412,
    "min_us": 1.191149,
    "max_us": 58.158307
  },
  "dispatch_cct_us": 56.274345,
  "combine_cct_us": 62.125487,
  "roundtrip_step_us": 119.199832,
  "e2e_step_us": 204.238894
}
