{
  "scenario": 1,
  "scheme": "ub_rg",
  "mode": "roundtrip",
  "batch": 512,
  "zipf_s": 0.000000,
  "topk": 8,
  "ep_size": 128,
  "seed": 35,
  "start_skew_us": 4.000000,
  "tau_g_ns": 143.360000,
  "grain_bytes": 7168,
  "total_tokens": 1048576,
  "max_egress_load": 584,
  "konig_us": 167.157760,
  "rtt_us": 0.600000,
  "barrier_us": 0.800000,
  "cct_us": 176.966171,
  "step_us": 343.039609,
  "gemv_us": 165.273438,
  "e2e_us": 342.239609,
  "throughput_GBs": 21910.568274,
  "latency_all": {
    "count": 1048576,
    "mean_us": 40.829766,
    "p50_us": 20.230553,
    "p99_us": 73.545436,
    "min_us": 1.244886,
    "max_us": 88.668538
  },
  "latency_hot": {
    "count": 98176,
    "mean_us": 40.827212,
    "p50_us": 40.660148,
    "p99_us": 79.286583,
    "min_us": 1.373158,
    "max_us": 86.246053
  },
  "latency_cold": {
    "count": 524280,
    "mean_us": 40.849714,
    "p50_us": 33.381932,
    "p99_us": 68.453041,
    "min_us": 1.244886,
    "max_us": 88.297633
  },
  "dispatch_cct_us": 88.668538,
  "combine_cct_us": 88.297633,
  "roundtrip_step_us": 177.766171,
  "e2e_step_us": 343.039609
}
