{
  "scenario": 1,
  "scheme": "ub_rg",
  "mode": "roundtrip",
  "batch": 64,
  "zipf_s": 0.900000,
  "topk": 8,
  "ep_size": 64,
  "seed": 18,
  "tau_g_ns": 143.360000,
  "grain_bytes": 7168,
  "total_tokens": 65536,
  "max_egress_load": 440,
  "konig_us": 123.432960,
  "rtt_us": 0.600000,
  "barrier_us": 0.800000,
  "cct_us": 128.202996,
  "step_us": 129.002996,
  "throughput_GBs": 3641.481688,
  "latency_all": {
    "count": 65536,
    "mean_us": 11.711715,
    "p50_us": 6.899265,
    "p99_us": 55.664132,
    "min_us": 1.143579,
    "max_us": 64.102266
  },
  "latency_hot": {
    "count": 24000,
    "mean_us": 21.771424,
    "p50_us": 19.441633,
    "p99_us": 59.395440,
    "min_us": 1.144076,
    "max_us": 64.102266
  },
  "latency_cold": {
    "count": 14116,
    "mean_us": 3.615434,
    "p50_us": 3.479692,
    "p99_us": 7.076539,
    "min_us": 1.144601,
    "max_us": 8.807171
  },
  "dispatch_cct_us": 64.102266,
  "combine_cct_us": 64.100730,
  "roundtrip_step_us": 129.002996
}
