{
  "scenario": 4,
  "scheme": "ub_rg_pop",
  "mode": "roundtrip",
  "batch": 16,
  "zipf_s": 0.300000,
  "topk": 8,
  "ep_size": 128,
  "seed": 26,
  "start_skew_us": 4.000000,
  "tau_g_ns": 143.360000,
  "grain_bytes": 7168,
  "total_tokens": 32768,
  "max_egress_load": 54,
  "konig_us": 14.766080,
  "rtt_us": 1.200000,
  "barrier_us": 1.600000,
  "cct_us": 23.353561,
  "step_us": 40.031686,
  "gemv_us": 15.078125,
  "e2e_us": 38.431686,
  "throughput_GBs": 5867.377758,
  "latency_all": {
    "count": 32768,
    "mean_us": 5.358748,
    "p50_us": 5.282352,
    "p99_us": 9.483635,
    "min_us": 1.604016,
    "max_us": 12.785797
  },
  "latency_hot": {
    "count": 5714,
    "mean_us": 6.451303,
    "p50_us": 6.430645,
    "p99_us": 10.445750,
    "min_us": 1.979001,
    "max_us": 12.785797
  },
  "latency_cold": {
    "count": 12708,
    "mean_us": 4.946831,
    "p50_us": 4.925133,
    "p99_us": 7.857947,
    "min_us": 1.704189,
    "max_us": 8.766164
  },
  "dispatch_cct_us": 12.785797,
  "combine_cct_us": 10.567764,
  "roundtrip_step_us": 24.953561,
  "e2e_step_us": 40.031686
}
