{
  "scenario": 4,
  "scheme": "ub_rg_pop",
  "mode": "roundtrip",
  "batch": 256,
  "zipf_s": 0.000000,
  "topk": 8,
  "ep_size": 512,
  "seed": 6,
  "start_skew_us": 4.000000,
  "tau_g_ns": 143.360000,
  "grain_bytes": 7168,
  "total_tokens": 2097152,
  "max_egress_load": 330,
  "konig_us": 94.474240,
  "rtt_us": 1.200000,
  "barrier_us": 1.600000,
  "cct_us": 146.471369,
  "step_us": 234.086994,
  "gemv_us": 86.015625,
  "e2e_us": 232.486994,
  "throughput_GBs": 64217.089875,
  "latency_all": {
    "count": 2097152,
    "mean_us": 34.983219,
    "p50_us": 23.258121,
    "p99_us": 57.803429,
    "min_us": 1.746235,
    "max_us": 75.058762
  },
  "latency_hot": {
    "count": 209810,
    "mean_us": 35.428161,
    "p50_us": 34.471277,
    "p99_us": 59.651790,
    "min_us": 3.846191,
    "max_us": 69.401393
  },
  "latency_cold": {
    "count": 1046612,
    "mean_us": 34.908112,
    "p50_us": 26.660347,
    "p99_us": 54.955766,
    "min_us": 1.746235,
    "max_us": 72.031998
  },
  "dispatch_cct_us": 75.058762,
  "combine_cct_us": 71.412607,
  "roundtrip_step_us": 148.071369,
  "e2e_step_us": 234.086994
}
