{
  "scenario": 4,
  "scheme": "ub_rg",
  "mode": "roundtrip",
  "batch": 128,
  "zipf_s": 0.000000,
  "topk": 8,
  "ep_size": 256,
  "seed": 18,
  "start_skew_us": 4.000000,
  "tau_g_ns": 143.360000,
  "grain_bytes": 7168,
  "total_tokens": 524288,
  "max_egress_load": 171,
  "konig_us": 49.029120,
  "rtt_us": 0.800000,
  "barrier_us": 1.600000,
  "cct_us": 95.401564,
  "step_us": 140.126564,
  "gemv_us": 43.125000,
  "e2e_us": 138.526564,
  "throughput_GBs": 26819.300219,
  "latency_all": {
    "count": 524288,
    "mean_us": 22.406621,
    "p50_us": 20.290585,
    "p99_us": 30.586807,
    "min_us": 1.262307,
    "max_us": 48.858993
  },
  "latency_hot": {
    "count": 51032,
    "mean_us": 22.594754,
    "p50_us": 22.479048,
    "p99_us": 37.595480,
    "min_us": 2.070046,
    "max_us": 48.521761
  },
  "latency_cold": {
    "count": 262838,
    "mean_us": 22.379417,
    "p50_us": 19.985401,
    "p99_us": 37.268176,
    "min_us": 2.049034,
    "max_us": 48.858993
  },
  "dispatch_cct_us": 48.858993,
  "combine_cct_us": 46.542571,
  "roundtrip_step_us": 97.001564,
  "e2e_step_us": 140.126564
}
