{
  "scenario": 1,
  "scheme": "ub_rg",
  "mode": "roundtrip",
  "batch": 128,
  "zipf_s": 0.900000,
  "topk": 8,
  "ep_size": 128,
  "seed": 7,
  "start_skew_us": 4.000000,
  "tau_g_ns": 143.360000,
  "grain_bytes": 7168,
  "total_tokens": 262144,
  "max_egress_load": 1549,
  "konig_us": 442.122240,
  "rtt_us": 0.600000,
  "barrier_us": 0.800000,
  "cct_us": 468.874052,
  "step_us": 949.322489,
  "gemv_us": 479.648438,
  "e2e_us": 948.522489,
  "throughput_GBs": 1979.357082,
  "latency_all": {
    "count": 262144,
    "mean_us": 42.386604,
    "p50_us": 20.605154,
    "p99_us": 195.460702,
    "min_us": 1.183030,
    "max_us": 238.830285
  },
  "latency_hot": {
    "count": 116058,
    "mean_us": 70.340607,
    "p50_us": 55.515635,
    "p99_us": 219.348999,
    "min_us": 1.967090,
    "max_us": 238.830285
  },
  "latency_cold": {
    "count": 47794,
    "mean_us": 15.804004,
    "p50_us": 15.812284,
    "p99_us": 26.274197,
    "min_us": 1.383690,
    "max_us": 31.732118
  },
  "dispatch_cct_us": 238.830285,
  "combine_cct_us": 230.043766,
  "roundtrip_step_us": 469.674052,
  "e2e_step_us": 949.322489
}
