{
  "scenario": 1,
  "scheme": "ub_rg_pop",
  "mode": "roundtrip",
  "batch": 16,
  "zipf_s": 0.700000,
  "topk": 8,
  "ep_size": 128,
  "seed": 33,
  "start_skew_us": 4.000000,
  "tau_g_ns": 143.360000,
  "grain_bytes": 7168,
  "total_tokens": 32768,
  "max_egress_load": 154,
  "konig_us": 42.434560,
  "rtt_us": 0.900000,
  "barrier_us": 0.800000,
  "cct_us": 51.217618,
  "step_us": 96.392618,
  "gemv_us": 44.375000,
  "e2e_us": 95.592618,
  "throughput_GBs": 2436.711738,
  "latency_all": {
    "count": 32768,
    "mean_us": 6.328553,
    "p50_us": 5.573932,
    "p99_us": 20.412448,
    "min_us": 1.453816,
    "max_us": 27.028577
  },
  "latency_hot": {
    "count": 11410,
    "mean_us": 8.926285,
    "p50_us": 8.084824,
    "p99_us": 22.599352,
    "min_us": 1.842098,
    "max_us": 27.028577
  },
  "latency_cold": {
    "count": 8278,
    "mean_us": 4.465409,
    "p50_us": 4.522776,
    "p99_us": 6.992850,
    "min_us": 1.453816,
    "max_us": 7.984415
  },
  "dispatch_cct_us": 27.028577,
  "combine_cct_us": 24.189041,
  "roundtrip_step_us": 52.017618,
  "e2e_step_us": 96.392618
}
