{
  "scenario": 4,
  "scheme": "packet_spray",
  "mode": "roundtrip",
  "batch": 64,
  "zipf_s": 0.000000,
  "topk": 8,
  "ep_size": 512,
  "seed": 54,
  "start_skew_us": 4.000000,
  "tau_g_ns": 143.360000,
  "grain_bytes": 7168,
  "total_tokens": 524288,
  "max_egress_load": 94,
  "konig_us": 26.521600,
  "rtt_us": 0.000000,
  "barrier_us": 6.000000,
  "cct_us": 87.531518,
  "step_us": 116.969018,
  "gemv_us": 23.437500,
  "e2e_us": 110.969018,
  "throughput_GBs": 32128.989729,
  "latency_all": {
    "count": 524288,
    "mean_us": 29.552925,
    "p50_us": 29.075171,
    "p99_us": 36.731777,
    "min_us": 0.193360,
    "max_us": 44.774385
  },
  "latency_hot": {
    "count": 52016,
    "mean_us": 26.011241,
    "p50_us": 26.436723,
    "p99_us": 37.637226,
    "min_us": 2.057040,
    "max_us": 41.073458
  },
  "latency_cold": {
    "count": 261628,
    "mean_us": 30.897868,
    "p50_us": 30.545197,
    "p99_us": 38.433934,
    "min_us": 0.193360,
    "max_us": 44.774385
  },
  "dispatch_cct_us": 42.757133,
  "combine_cct_us": 44.774385,
  "roundtrip_step_us": 93.531518,
  "e2e_step_us": 116.969018
}
