{
  "scenario": 1,
  "scheme": "ub_rg",
  "mode": "roundtrip",
  "batch": 64,
  "zipf_s": 0.700000,
  "topk": 8,
  "ep_size": 128,
  "seed": 93,
  "start_skew_us": 4.000000,
  "tau_g_ns": 143.360000,
  "grain_bytes": 7168,
  "total_tokens": 131072,
  "max_egress_load": 590,
  "konig_us": 163.000320,
  "rtt_us": 0.600000,
  "barrier_us": 0.800000,
  "cct_us": 174.575242,
  "step_us": 346.117430,
  "gemv_us": 170.742188,
  "e2e_us": 345.317430,
  "throughput_GBs": 2714.466290,
  "latency_all": {
    "count": 131072,
    "mean_us": 13.750584,
    "p50_us": 8.978957,
    "p99_us": 69.323203,
    "min_us": 1.223585,
    "max_us": 87.699623
  },
  "latency_hot": {
    "count": 45110,
    "mean_us": 24.844553,
    "p50_us": 20.828054,
    "p99_us": 76.992988,
    "min_us": 1.374516,
    "max_us": 87.699623
  },
  "latency_cold": {
    "count": 32130,
    "mean_us": 5.919210,
    "p50_us": 5.849435,
    "p99_us": 10.363238,
    "min_us": 1.223585,
    "max_us": 12.659666
  },
  "dispatch_cct_us": 87.699623,
  "combine_cct_us": 86.875619,
  "roundtrip_step_us": 175.375242,
  "e2e_step_us": 346.117430
}
