{
  "scenario": 1,
  "scheme": "packet_spray",
  "mode": "roundtrip",
  "batch": 256,
  "zipf_s": 0.300000,
  "topk": 8,
  "ep_size": 128,
  "seed": 38,
  "start_skew_us": 4.000000,
  "tau_g_ns": 143.360000,
  "grain_bytes": 7168,
  "total_tokens": 524288,
  "max_egress_load": 760,
  "konig_us": 214.896640,
  "rtt_us": 0.000000,
  "barrier_us": 4.000000,
  "cct_us": 315.205515,
  "step_us": 549.908640,
  "gemv_us": 230.703125,
  "e2e_us": 545.908640,
  "throughput_GBs": 6834.037717,
  "latency_all": {
    "count": 524288,
    "mean_us": 76.354400,
    "p50_us": 63.985598,
    "p99_us": 110.262157,
    "min_us": 10.992325,
    "max_us": 161.470398
  },
  "latency_hot": {
    "count": 91126,
    "mean_us": 76.649272,
    "p50_us": 77.467596,
    "p99_us": 141.657997,
    "min_us": 11.521996,
    "max_us": 161.470398
  },
  "latency_cold": {
    "count": 207088,
    "mean_us": 78.828455,
    "p50_us": 69.726156,
    "p99_us": 145.276876,
    "min_us": 10.992325,
    "max_us": 153.735116
  },
  "dispatch_cct_us": 161.470398,
  "combine_cct_us": 153.735116,
  "roundtrip_step_us": 319.205515,
  "e2e_step_us": 549.908640
}
