{
  "scenario": 1,
  "scheme": "ub_rg_pop",
  "mode": "roundtrip",
  "batch": 64,
  "zipf_s": 0.900000,
  "topk": 8,
  "ep_size": 64,
  "seed": 11,
  "start_skew_us": 4.000000,
  "tau_g_ns": 143.360000,
  "grain_bytes": 7168,
  "total_tokens": 65536,
  "max_egress_load": 436,
  "konig_us": 123.576320,
  "rtt_us": 0.900000,
  "barrier_us": 0.800000,
  "cct_us": 132.848556,
  "step_us": 266.695431,
  "gemv_us": 133.046875,
  "e2e_us": 265.895431,
  "throughput_GBs": 1761.417682,
  "latency_all": {
    "count": 65536,
    "mean_us": 14.298930,
    "p50_us": 9.442805,
    "p99_us": 58.934928,
    "min_us": 1.582792,
    "max_us": 66.646352
  },
  "latency_hot": {
    "count": 24264,
    "mean_us": 24.429039,
    "p50_us": 22.053192,
    "p99_us": 62.651637,
    "min_us": 1.964935,
    "max_us": 66.646352
  },
  "latency_cold": {
    "count": 13678,
    "mean_us": 6.052653,
    "p50_us": 5.989990,
    "p99_us": 10.184384,
    "min_us": 1.582792,
    "max_us": 11.702702
  },
  "dispatch_cct_us": 66.646352,
  "combine_cct_us": 66.202204,
  "roundtrip_step_us": 133.648556,
  "e2e_step_us": 266.695431
}
