{
  "scenario": 1,
  "scheme": "ub_rg_pop",
  "mode": "roundtrip",
  "batch": 128,
  "zipf_s": 0.300000,
  "topk": 8,
  "ep_size": 128,
  "seed": 24,
  "start_skew_us": 4.000000,
  "tau_g_ns": 143.360000,
  "grain_bytes": 7168,
  "total_tokens": 262144,
  "max_egress_load": 406,
  "konig_us": 112.250880,
  "rtt_us": 0.900000,
  "barrier_us": 0.800000,
  "cct_us": 142.869181,
  "step_us": 261.208243,
  "gemv_us": 117.539062,
  "e2e_us": 260.408243,
  "throughput_GBs": 7193.678768,
  "latency_all": {
    "count": 262144,
    "mean_us": 23.034740,
    "p50_us": 19.670611,
    "p99_us": 48.856000,
    "min_us": 1.491149,
    "max_us": 74.990194
  },
  "latency_hot": {
    "count": 45578,
    "mean_us": 30.580330,
    "p50_us": 29.808105,
    "p99_us": 61.874850,
    "min_us": 2.017258,
    "max_us": 74.990194
  },
  "latency_cold": {
    "count": 104046,
    "mean_us": 20.281163,
    "p50_us": 20.218672,
    "p99_us": 34.521927,
    "min_us": 1.491149,
    "max_us": 43.859767
  },
  "dispatch_cct_us": 74.990194,
  "combine_cct_us": 67.878987,
  "roundtrip_step_us": 143.669181,
  "e2e_step_us": 261.208243
}
