{
  "scenario": 4,
  "scheme": "ub_rg_pop",
  "mode": "roundtrip",
  "batch": 512,
  "zipf_s": 0.000000,
  "topk": 8,
  "ep_size": 512,
  "seed": 24,
  "start_skew_us": 4.000000,
  "tau_g_ns": 143.360000,
  "grain_bytes": 7168,
  "total_tokens": 4194304,
  "max_egress_load": 664,
  "konig_us": 186.511360,
  "rtt_us": 1.200000,
  "barrier_us": 1.600000,
  "cct_us": 203.890457,
  "step_us": 372.795145,
  "gemv_us": 167.304688,
  "e2e_us": 371.195145,
  "throughput_GBs": 80646.895441,
  "latency_all": {
    "count": 4194304,
    "mean_us": 43.188338,
    "p50_us": 21.997911,
    "p99_us": 83.731328,
    "min_us": 1.414216,
    "max_us": 103.565682
  },
  "latency_hot": {
    "count": 418318,
    "mean_us": 43.096848,
    "p50_us": 43.325402,
    "p99_us": 80.498156,
    "min_us": 1.830795,
    "max_us": 99.668281
  },
  "latency_cold": {
    "count": 2097832,
    "mean_us": 43.166176,
    "p50_us": 17.502790,
    "p99_us": 80.730966,
    "min_us": 1.414216,
    "max_us": 103.565682
  },
  "dispatch_cct_us": 103.565682,
  "combine_cct_us": 100.324775,
  "roundtrip_step_us": 205.490457,
  "e2e_step_us": 372.795145
}
