{
  "scenario": 2,
  "scheme": "ub_rg_pop",
  "mode": "roundtrip",
  "batch": 16,
  "zipf_s": 0.300000,
  "topk": 8,
  "ep_size": 1024,
  "seed": 13,
  "tau_g_ns": 143.360000,
  "grain_bytes": 7168,
  "total_tokens": 262144,
  "max_egress_load": 114,
  "konig_us": 29.675520,
  "rtt_us": 1.650000,
  "barrier_us": 2.400000,
  "cct_us": 37.771092,
  "step_us": 40.171092,
  "throughput_GBs": 46776.129459,
  "latency_all": {
    "count": 262144,
    "mean_us": 4.479916,
    "p50_us": 3.920920,
    "p99_us": 8.662254,
    "min_us": 2.593433,
    "max_us": 18.941888
  },
  "latency_hot": {
    "count": 51504,
    "mean_us": 5.856999,
    "p50_us": 5.676115,
    "p99_us": 12.466165,
    "min_us": 2.593444,
    "max_us": 18.941888
  },
  "latency_cold": {
    "count": 101066,
    "mean_us": 3.906564,
    "p50_us": 3.879697,
    "p99_us": 5.642169,
    "min_us": 2.593503,
    "max_us": 6.876134
  },
  "dispatch_cct_us": 18.941888,
  "combine_cct_us": 18.829204,
  "roundtrip_step_us": 40.171092
}
