{
  "scenario": 1,
  "scheme": "packet_spray",
  "mode": "roundtrip",
  "batch": 64,
  "zipf_s": 0.300000,
  "topk": 8,
  "ep_size": 32,
  "seed": 20,
  "tau_g_ns": 143.360000,
  "grain_bytes": 7168,
  "total_tokens": 32768,
  "max_egress_load": 130,
  "konig_us": 34.693120,
  "rtt_us": 0.000000,
  "barrier_us": 4.000000,
  "cct_us": 51.536160,
  "step_us": 55.536160,
  "throughput_GBs": 4229.334977,
  "latency_all": {
    "count": 32768,
    "mean_us": 12.892735,
    "p50_us": 12.865680,
    "p99_us": 23.187600,
    "min_us": 0.536720,
    "max_us": 26.054800
  },
  "latency_hot": {
    "count": 4912,
    "mean_us": 12.165866,
    "p50_us": 12.292240,
    "p99_us": 23.904400,
    "min_us": 0.536720,
    "max_us": 26.054800
  },
  "latency_cold": {
    "count": 13610,
    "mean_us": 13.702508,
    "p50_us": 13.152400,
    "p99_us": 23.761040,
    "min_us": 0.536720,
    "max_us": 25.481360
  },
  "dispatch_cct_us": 26.054800,
  "combine_cct_us": 25.481360,
  "roundtrip_step_us": 55.536160
}
