{
  "scenario": 1,
  "scheme": "ub_rg",
  "mode": "roundtrip",
  "batch": 64,
  "zipf_s": 0.900000,
  "topk": 8,
  "ep_size": 64,
  "seed": 96,
  "tau_g_ns": 143.360000,
  "grain_bytes": 7168,
  "total_tokens": 65536,
  "max_egress_load": 443,
  "konig_us": 124.293120,
  "rtt_us": 0.600000,
  "barrier_us": 0.800000,
  "cct_us": 129.214984,
  "step_us": 130.014984,
  "throughput_GBs": 3613.137746,
  "latency_all": {
    "count": 65536,
    "mean_us": 11.742134,
    "p50_us": 6.917769,
    "p99_us": 55.994675,
    "min_us": 1.143906,
    "max_us": 64.663781
  },
  "latency_hot": {
    "count": 23824,
    "mean_us": 21.831974,
    "p50_us": 19.363889,
    "p99_us": 59.764517,
    "min_us": 1.143906,
    "max_us": 64.663781
  },
  "latency_cold": {
    "count": 14008,
    "mean_us": 3.604668,
    "p50_us": 3.468845,
    "p99_us": 7.067059,
    "min_us": 1.146500,
    "max_us": 8.232056
  },
  "dispatch_cct_us": 64.663781,
  "combine_cct_us": 64.551204,
  "roundtrip_step_us": 130.014984
}
