{
  "scenario": 3,
  "scheme": "packet_spray",
  "mode": "roundtrip",
  "batch": 64,
  "zipf_s": 0.300000,
  "topk": 8,
  "ep_size": 256,
  "seed": 47,
  "tau_g_ns": 143.360000,
  "grain_bytes": 7168,
  "total_tokens": 262144,
  "max_egress_load": 243,
  "konig_us": 68.669440,
  "rtt_us": 0.000000,
  "barrier_us": 8.000000,
  "cct_us": 89.353120,
  "step_us": 97.353120,
  "throughput_GBs": 19301.365914,
  "latency_all": {
    "count": 262144,
    "mean_us": 20.626311,
    "p50_us": 16.076240,
    "p99_us": 38.297040,
    "min_us": 0.880080,
    "max_us": 45.321680
  },
  "latency_hot": {
    "count": 49230,
    "mean_us": 19.455727,
    "p50_us": 18.800080,
    "p99_us": 35.859920,
    "min_us": 0.880080,
    "max_us": 44.031440
  },
  "latency_cold": {
    "count": 101770,
    "mean_us": 21.484449,
    "p50_us": 16.936400,
    "p99_us": 43.314640,
    "min_us": 0.880080,
    "max_us": 45.321680
  },
  "dispatch_cct_us": 44.031440,
  "combine_cct_us": 45.321680,
  "roundtrip_step_us": 97.353120
}
