{
  "scenario": 1,
  "scheme": "ub_rg_pop",
  "mode": "roundtrip",
  "batch": 64,
  "zipf_s": 0.700000,
  "topk": 8,
  "ep_size": 128,
  "seed": 18,
  "start_skew_us": 4.000000,
  "tau_g_ns": 143.360000,
  "grain_bytes": 7168,
  "total_tokens": 131072,
  "max_egress_load": 566,
  "konig_us": 160.276480,
  "rtt_us": 0.900000,
  "barrier_us": 0.800000,
  "cct_us": 172.180103,
  "step_us": 345.284791,
  "gemv_us": 172.304688,
  "e2e_us": 344.484791,
  "throughput_GBs": 2721.012108,
  "latency_all": {
    "count": 131072,
    "mean_us": 14.037194,
    "p50_us": 9.184525,
    "p99_us": 71.486844,
    "min_us": 1.507159,
    "max_us": 86.151172
  },
  "latency_hot": {
    "count": 45098,
    "mean_us": 25.294266,
    "p50_us": 21.017715,
    "p99_us": 79.329977,
    "min_us": 1.927359,
    "max_us": 86.151172
  },
  "latency_cold": {
    "count": 32674,
    "mean_us": 6.343226,
    "p50_us": 6.253710,
    "p99_us": 10.951313,
    "min_us": 1.507159,
    "max_us": 13.552323
  },
  "dispatch_cct_us": 86.151172,
  "combine_cct_us": 86.028931,
  "roundtrip_step_us": 172.980103,
  "e2e_step_us": 345.284791
}
