{
  "scenario": 1,
  "scheme": "islip",
  "mode": "roundtrip",
  "batch": 64,
  "zipf_s": 0.000000,
  "topk": 8,
  "ep_size": 32,
  "seed": 39,
  "start_skew_us": 4.000000,
  "tau_g_ns": 143.360000,
  "grain_bytes": 7168,
  "total_tokens": 32768,
  "max_egress_load": 84,
  "konig_us": 23.797760,
  "rtt_us": 0.600000,
  "barrier_us": 0.800000,
  "cct_us": 55.577389,
  "step_us": 77.861764,
  "gemv_us": 21.484375,
  "e2e_us": 77.061764,
  "throughput_GBs": 3016.641455,
  "latency_all": {
    "count": 32768,
    "mean_us": 13.161227,
    "p50_us": 13.063604,
    "p99_us": 24.135792,
    "min_us": 1.143581,
    "max_us": 28.273605
  },
  "latency_hot": {
    "count": 3122,
    "mean_us": 12.587210,
    "p50_us": 12.505743,
    "p99_us": 23.543601,
    "min_us": 1.191552,
    "max_us": 26.592492
  },
  "latency_cold": {
    "count": 16188,
    "mean_us": 13.121254,
    "p50_us": 12.894382,
    "p99_us": 24.774216,
    "min_us": 1.143581,
    "max_us": 28.273605
  },
  "dispatch_cct_us": 27.303783,
  "combine_cct_us": 28.273605,
  "roundtrip_step_us": 56.377389,
  "e2e_step_us": 77.861764
}
