{
  "scenario": 4,
  "scheme": "packet_spray",
  "mode": "roundtrip",
  "batch": 16,
  "zipf_s": 0.700000,
  "topk": 8,
  "ep_size": 256,
  "seed": 12,
  "start_skew_us": 4.000000,
  "tau_g_ns": 143.360000,
  "grain_bytes": 7168,
  "total_tokens": 65536,
  "max_egress_load": 237,
  "konig_us": 66.232320,
  "rtt_us": 0.000000,
  "barrier_us": 6.000000,
  "cct_us": 80.426252,
  "step_us": 156.504377,
  "gemv_us": 70.078125,
  "e2e_us": 150.504377,
  "throughput_GBs": 3001.590487,
  "latency_all": {
    "count": 65536,
    "mean_us": 13.676136,
    "p50_us": 9.615338,
    "p99_us": 36.799689,
    "min_us": 0.197745,
    "max_us": 42.104009
  },
  "latency_hot": {
    "count": 25590,
    "mean_us": 15.256486,
    "p50_us": 12.428489,
    "p99_us": 36.082889,
    "min_us": 0.362142,
    "max_us": 40.670409
  },
  "latency_cold": {
    "count": 14966,
    "mean_us": 12.637060,
    "p50_us": 6.656894,
    "p99_us": 37.516489,
    "min_us": 0.197745,
    "max_us": 42.104009
  },
  "dispatch_cct_us": 38.322243,
  "combine_cct_us": 42.104009,
  "roundtrip_step_us": 86.426252,
  "e2e_step_us": 156.504377
}
