{
  "scenario": 4,
  "scheme": "ub_rg_pop",
  "mode": "roundtrip",
  "batch": 16,
  "zipf_s": 0.700000,
  "topk": 8,
  "ep_size": 256,
  "seed": 16,
  "start_skew_us": 4.000000,
  "tau_g_ns": 143.360000,
  "grain_bytes": 7168,
  "total_tokens": 65536,
  "max_egress_load": 249,
  "konig_us": 67.665920,
  "rtt_us": 1.200000,
  "barrier_us": 1.600000,
  "cct_us": 80.984458,
  "step_us": 152.271958,
  "gemv_us": 69.687500,
  "e2e_us": 150.671958,
  "throughput_GBs": 3085.020086,
  "latency_all": {
    "count": 65536,
    "mean_us": 7.461004,
    "p50_us": 5.949040,
    "p99_us": 30.234140,
    "min_us": 1.537245,
    "max_us": 40.842044
  },
  "latency_hot": {
    "count": 25144,
    "mean_us": 11.208667,
    "p50_us": 9.259504,
    "p99_us": 33.871227,
    "min_us": 1.861215,
    "max_us": 40.842044
  },
  "latency_cold": {
    "count": 15212,
    "mean_us": 4.588793,
    "p50_us": 4.594607,
    "p99_us": 7.213172,
    "min_us": 1.537245,
    "max_us": 9.234691
  },
  "dispatch_cct_us": 40.842044,
  "combine_cct_us": 40.142414,
  "roundtrip_step_us": 82.584458,
  "e2e_step_us": 152.271958
}
