{
  "scenario": 3,
  "scheme": "packet_spray",
  "mode": "roundtrip",
  "batch": 256,
  "zipf_s": 0.700000,
  "topk": 8,
  "ep_size": 1024,
  "seed": 9,
  "tau_g_ns": 143.360000,
  "grain_bytes": 7168,
  "total_tokens": 4194304,
  "max_egress_load": 9628,
  "konig_us": 2751.938560,
  "rtt_us": 0.000000,
  "barrier_us": 8.000000,
  "cct_us": 2824.088480,
  "step_us": 2832.088480,
  "throughput_GBs": 10615.759813,
  "latency_all": {
    "count": 4194304,
    "mean_us": 433.891703,
    "p50_us": 50.052560,
    "p99_us": 856.452560,
    "min_us": 0.880080,
    "max_us": 1413.692880
  },
  "latency_hot": {
    "count": 1821808,
    "mean_us": 475.549594,
    "p50_us": 73.276880,
    "p99_us": 852.581840,
    "min_us": 0.880080,
    "max_us": 1413.692880
  },
  "latency_cold": {
    "count": 893992,
    "mean_us": 401.675863,
    "p50_us": 41.164240,
    "p99_us": 54.210000,
    "min_us": 0.880080,
    "max_us": 1410.395600
  },
  "dispatch_cct_us": 1413.692880,
  "combine_cct_us": 1410.395600,
  "roundtrip_step_us": 2832.088480
}
