{
  "scenario": 4,
  "scheme": "packet_spray",
  "mode": "roundtrip",
  "batch": 256,
  "zipf_s": 0.900000,
  "topk": 8,
  "ep_size": 512,
  "seed": 50,
  "start_skew_us": 4.000000,
  "tau_g_ns": 143.360000,
  "grain_bytes": 7168,
  "total_tokens": 2097152,
  "max_egress_load": 11151,
  "konig_us": 3045.396480,
  "rtt_us": 0.000000,
  "barrier_us": 6.000000,
  "cct_us": 3128.545984,
  "step_us": 6288.295984,
  "gemv_us": 3153.750000,
  "e2e_us": 6282.295984,
  "throughput_GBs": 2390.534029,
  "latency_all": {
    "count": 2097152,
    "mean_us": 454.069333,
    "p50_us": 47.960051,
    "p99_us": 904.849310,
    "min_us": 0.200963,
    "max_us": 1639.400370
  },
  "latency_hot": {
    "count": 1162654,
    "mean_us": 501.730735,
    "p50_us": 85.364494,
    "p99_us": 919.758750,
    "min_us": 0.362102,
    "max_us": 1623.917490
  },
  "latency_cold": {
    "count": 305282,
    "mean_us": 393.851655,
    "p50_us": 43.680059,
    "p99_us": 1419.629490,
    "min_us": 0.290346,
    "max_us": 1639.400370
  },
  "dispatch_cct_us": 1489.145614,
  "combine_cct_us": 1639.400370,
  "roundtrip_step_us": 3134.545984,
  "e2e_step_us": 6288.295984
}
