{
  "scenario": 1,
  "scheme": "islip",
  "mode": "roundtrip",
  "batch": 512,
  "zipf_s": 0.700000,
  "topk": 8,
  "ep_size": 128,
  "seed": 7,
  "start_skew_us": 4.000000,
  "tau_g_ns": 143.360000,
  "grain_bytes": 7168,
  "total_tokens": 1048576,
  "max_egress_load": 4425,
  "konig_us": 1263.144960,
  "rtt_us": 0.600000,
  "barrier_us": 0.800000,
  "cct_us": 1292.193811,
  "step_us": 2663.540686,
  "gemv_us": 1370.546875,
  "e2e_us": 2662.740686,
  "throughput_GBs": 2821.880217,
  "latency_all": {
    "count": 1048576,
    "mean_us": 91.102648,
    "p50_us": 27.212103,
    "p99_us": 286.711026,
    "min_us": 1.183030,
    "max_us": 649.817417
  },
  "latency_hot": {
    "count": 360358,
    "mean_us": 180.649430,
    "p50_us": 131.096542,
    "p99_us": 604.404463,
    "min_us": 1.183655,
    "max_us": 649.817417
  },
  "latency_cold": {
    "count": 259060,
    "mean_us": 30.360615,
    "p50_us": 25.753022,
    "p99_us": 55.512871,
    "min_us": 1.192704,
    "max_us": 69.215620
  },
  "dispatch_cct_us": 649.817417,
  "combine_cct_us": 642.376394,
  "roundtrip_step_us": 1292.993811,
  "e2e_step_us": 2663.540686
}
