{
  "scenario": 1,
  "scheme": "ub_rg",
  "mode": "roundtrip",
  "batch": 256,
  "zipf_s": 0.900000,
  "topk": 8,
  "ep_size": 64,
  "seed": 11,
  "start_skew_us": 4.000000,
  "tau_g_ns": 143.360000,
  "grain_bytes": 7168,
  "total_tokens": 262144,
  "max_egress_load": 1725,
  "konig_us": 490.864640,
  "rtt_us": 0.600000,
  "barrier_us": 0.800000,
  "cct_us": 523.747337,
  "step_us": 1055.367649,
  "gemv_us": 530.820312,
  "e2e_us": 1054.567649,
  "throughput_GBs": 1780.467872,
  "latency_all": {
    "count": 262144,
    "mean_us": 50.922560,
    "p50_us": 24.469508,
    "p99_us": 216.567408,
    "min_us": 1.165133,
    "max_us": 262.325263
  },
  "latency_hot": {
    "count": 96832,
    "mean_us": 91.425030,
    "p50_us": 81.624848,
    "p99_us": 246.564050,
    "min_us": 2.069015,
    "max_us": 262.325263
  },
  "latency_cold": {
    "count": 54748,
    "mean_us": 17.527925,
    "p50_us": 17.255274,
    "p99_us": 31.849102,
    "min_us": 1.165133,
    "max_us": 37.537153
  },
  "dispatch_cct_us": 262.325263,
  "combine_cct_us": 261.422074,
  "roundtrip_step_us": 524.547337,
  "e2e_step_us": 1055.367649
}
