{
  "scenario": 4,
  "scheme": "packet_spray",
  "mode": "roundtrip",
  "batch": 512,
  "zipf_s": 0.000000,
  "topk": 8,
  "ep_size": 128,
  "seed": 92,
  "start_skew_us": 4.000000,
  "tau_g_ns": 143.360000,
  "grain_bytes": 7168,
  "total_tokens": 1048576,
  "max_egress_load": 626,
  "konig_us": 173.465600,
  "rtt_us": 0.000000,
  "barrier_us": 6.000000,
  "cct_us": 343.316300,
  "step_us": 514.081925,
  "gemv_us": 164.765625,
  "e2e_us": 508.081925,
  "throughput_GBs": 14620.612801,
  "latency_all": {
    "count": 1048576,
    "mean_us": 101.546205,
    "p50_us": 98.391892,
    "p99_us": 151.171008,
    "min_us": 0.623440,
    "max_us": 177.096532
  },
  "latency_hot": {
    "count": 98484,
    "mean_us": 85.341145,
    "p50_us": 84.934648,
    "p99_us": 156.596052,
    "min_us": 0.623440,
    "max_us": 171.939611
  },
  "latency_cold": {
    "count": 523998,
    "mean_us": 110.472512,
    "p50_us": 111.298331,
    "p99_us": 147.994452,
    "min_us": 1.111573,
    "max_us": 174.802772
  },
  "dispatch_cct_us": 177.096532,
  "combine_cct_us": 166.219768,
  "roundtrip_step_us": 349.316300,
  "e2e_step_us": 514.081925
}
