{
  "scenario": 1,
  "scheme": "ub_rg",
  "mode": "roundtrip",
  "batch": 16,
  "zipf_s": 0.000000,
  "topk": 8,
  "ep_size": 32,
  "seed": 43,
  "start_skew_us": 4.000000,
  "tau_g_ns": 143.360000,
  "grain_bytes": 7168,
  "total_tokens": 8192,
  "max_egress_load": 29,
  "konig_us": 7.884800,
  "rtt_us": 0.600000,
  "barrier_us": 0.800000,
  "cct_us": 39.654980,
  "step_us": 46.197168,
  "gemv_us": 5.742188,
  "e2e_us": 45.397168,
  "throughput_GBs": 1271.079139,
  "latency_all": {
    "count": 8192,
    "mean_us": 8.427780,
    "p50_us": 7.982888,
    "p99_us": 18.559907,
    "min_us": 1.147031,
    "max_us": 20.379467
  },
  "latency_hot": {
    "count": 762,
    "mean_us": 10.068456,
    "p50_us": 9.085852,
    "p99_us": 18.043029,
    "min_us": 1.309735,
    "max_us": 18.993697
  },
  "latency_cold": {
    "count": 4044,
    "mean_us": 7.859010,
    "p50_us": 7.328310,
    "p99_us": 17.374953,
    "min_us": 1.157810,
    "max_us": 19.275513
  },
  "dispatch_cct_us": 19.275513,
  "combine_cct_us": 20.379467,
  "roundtrip_step_us": 40.454980,
  "e2e_step_us": 46.197168
}
