{
  "scenario": 1,
  "scheme": "packet_spray",
  "mode": "roundtrip",
  "batch": 64,
  "zipf_s": 0.700000,
  "topk": 8,
  "ep_size": 128,
  "seed": 79,
  "start_skew_us": 4.000000,
  "tau_g_ns": 143.360000,
  "grain_bytes": 7168,
  "total_tokens": 131072,
  "max_egress_load": 599,
  "konig_us": 164.147200,
  "rtt_us": 0.000000,
  "barrier_us": 4.000000,
  "cct_us": 185.947334,
  "step_us": 360.533272,
  "gemv_us": 170.585938,
  "e2e_us": 356.533272,
  "throughput_GBs": 2605.928967,
  "latency_all": {
    "count": 131072,
    "mean_us": 33.785620,
    "p50_us": 24.534954,
    "p99_us": 86.179754,
    "min_us": 1.009983,
    "max_us": 94.463260
  },
  "latency_hot": {
    "count": 44540,
    "mean_us": 37.522614,
    "p50_us": 32.388380,
    "p99_us": 83.025834,
    "min_us": 1.009983,
    "max_us": 94.463260
  },
  "latency_cold": {
    "count": 32184,
    "mean_us": 31.939723,
    "p50_us": 16.240812,
    "p99_us": 88.760234,
    "min_us": 1.009983,
    "max_us": 91.484074
  },
  "dispatch_cct_us": 94.463260,
  "combine_cct_us": 91.484074,
  "roundtrip_step_us": 189.947334,
  "e2e_step_us": 360.533272
}
