{
  "scenario": 1,
  "scheme": "packet_spray",
  "mode": "roundtrip",
  "batch": 512,
  "zipf_s": 0.700000,
  "topk": 8,
  "ep_size": 128,
  "seed": 25,
  "start_skew_us": 4.000000,
  "tau_g_ns": 143.360000,
  "grain_bytes": 7168,
  "total_tokens": 1048576,
  "max_egress_load": 4534,
  "konig_us": 1281.208320,
  "rtt_us": 0.000000,
  "barrier_us": 4.000000,
  "cct_us": 1424.323109,
  "step_us": 2804.065297,
  "gemv_us": 1375.742188,
  "e2e_us": 2800.065297,
  "throughput_GBs": 2680.462818,
  "latency_all": {
    "count": 1048576,
    "mean_us": 251.796804,
    "p50_us": 89.522047,
    "p99_us": 352.439799,
    "min_us": 1.700911,
    "max_us": 722.021879
  },
  "latency_hot": {
    "count": 361526,
    "mean_us": 284.466097,
    "p50_us": 204.348919,
    "p99_us": 665.681399,
    "min_us": 1.700911,
    "max_us": 722.021879
  },
  "latency_cold": {
    "count": 257362,
    "mean_us": 234.752666,
    "p50_us": 98.941257,
    "p99_us": 673.055791,
    "min_us": 2.943068,
    "max_us": 702.301231
  },
  "dispatch_cct_us": 722.021879,
  "combine_cct_us": 702.301231,
  "roundtrip_step_us": 1428.323109,
  "e2e_step_us": 2804.065297
}
