{
  "scenario": 1,
  "scheme": "packet_spray",
  "mode": "roundtrip",
  "batch": 64,
  "zipf_s": 0.900000,
  "topk": 8,
  "ep_size": 128,
  "seed": 22,
  "start_skew_us": 4.000000,
  "tau_g_ns": 143.360000,
  "grain_bytes": 7168,
  "total_tokens": 131072,
  "max_egress_load": 790,
  "konig_us": 221.634560,
  "rtt_us": 0.000000,
  "barrier_us": 4.000000,
  "cct_us": 245.548701,
  "step_us": 485.603388,
  "gemv_us": 236.054688,
  "e2e_us": 481.603388,
  "throughput_GBs": 1934.756056,
  "latency_all": {
    "count": 131072,
    "mean_us": 44.049668,
    "p50_us": 32.449638,
    "p99_us": 115.311718,
    "min_us": 0.562574,
    "max_us": 124.359222
  },
  "latency_hot": {
    "count": 57868,
    "mean_us": 49.854352,
    "p50_us": 42.787382,
    "p99_us": 113.033782,
    "min_us": 3.612176,
    "max_us": 124.359222
  },
  "latency_cold": {
    "count": 23840,
    "mean_us": 39.077524,
    "p50_us": 15.389798,
    "p99_us": 118.178918,
    "min_us": 0.562574,
    "max_us": 121.189478
  },
  "dispatch_cct_us": 124.359222,
  "combine_cct_us": 121.189478,
  "roundtrip_step_us": 249.548701,
  "e2e_step_us": 485.603388
}
