{
  "scenario": 4,
  "scheme": "ub_rg_pop",
  "mode": "roundtrip",
  "batch": 256,
  "zipf_s": 0.900000,
  "topk": 8,
  "ep_size": 128,
  "seed": 37,
  "start_skew_us": 4.000000,
  "tau_g_ns": 143.360000,
  "grain_bytes": 7168,
  "total_tokens": 524288,
  "max_egress_load": 3278,
  "konig_us": 909.332480,
  "rtt_us": 1.200000,
  "barrier_us": 1.600000,
  "cct_us": 947.737153,
  "step_us": 1907.149653,
  "gemv_us": 957.812500,
  "e2e_us": 1905.549653,
  "throughput_GBs": 1970.530408,
  "latency_all": {
    "count": 524288,
    "mean_us": 65.252644,
    "p50_us": 20.899735,
    "p99_us": 149.900560,
    "min_us": 1.618436,
    "max_us": 474.112054
  },
  "latency_hot": {
    "count": 232126,
    "mean_us": 121.814133,
    "p50_us": 79.039643,
    "p99_us": 407.205942,
    "min_us": 1.907624,
    "max_us": 474.112054
  },
  "latency_cold": {
    "count": 95096,
    "mean_us": 11.483074,
    "p50_us": 11.177167,
    "p99_us": 22.382212,
    "min_us": 1.753476,
    "max_us": 34.750975
  },
  "dispatch_cct_us": 473.625099,
  "combine_cct_us": 474.112054,
  "roundtrip_step_us": 949.337153,
  "e2e_step_us": 1907.149653
}
