{
  "scenario": 4,
  "scheme": "ub_rg",
  "mode": "roundtrip",
  "batch": 256,
  "zipf_s": 0.300000,
  "topk": 8,
  "ep_size": 256,
  "seed": 27,
  "start_skew_us": 4.000000,
  "tau_g_ns": 143.360000,
  "grain_bytes": 7168,
  "total_tokens": 1048576,
  "max_egress_load": 979,
  "konig_us": 271.810560,
  "rtt_us": 0.800000,
  "barrier_us": 1.600000,
  "cct_us": 311.515161,
  "step_us": 599.404223,
  "gemv_us": 286.289062,
  "e2e_us": 597.804223,
  "throughput_GBs": 12539.439126,
  "latency_all": {
    "count": 1048576,
    "mean_us": 34.246756,
    "p50_us": 22.793192,
    "p99_us": 61.965387,
    "min_us": 1.368958,
    "max_us": 156.994123
  },
  "latency_hot": {
    "count": 193876,
    "mean_us": 50.453165,
    "p50_us": 48.014316,
    "p99_us": 128.052634,
    "min_us": 1.504125,
    "max_us": 156.994123
  },
  "latency_cold": {
    "count": 409804,
    "mean_us": 28.105379,
    "p50_us": 28.946266,
    "p99_us": 46.699388,
    "min_us": 1.368958,
    "max_us": 67.232333
  },
  "dispatch_cct_us": 156.994123,
  "combine_cct_us": 154.521037,
  "roundtrip_step_us": 313.115161,
  "e2e_step_us": 599.404223
}
