{
  "scenario": 1,
  "scheme": "packet_spray",
  "mode": "roundtrip",
  "batch": 512,
  "zipf_s": 0.900000,
  "topk": 8,
  "ep_size": 32,
  "seed": 50,
  "start_skew_us": 4.000000,
  "tau_g_ns": 143.360000,
  "grain_bytes": 7168,
  "total_tokens": 262144,
  "max_egress_load": 1926,
  "konig_us": 541.327360,
  "rtt_us": 0.000000,
  "barrier_us": 4.000000,
  "cct_us": 684.552177,
  "step_us": 1266.677177,
  "gemv_us": 578.125000,
  "e2e_us": 1262.677177,
  "throughput_GBs": 1483.446790,
  "latency_all": {
    "count": 262144,
    "mean_us": 151.147004,
    "p50_us": 120.905714,
    "p99_us": 301.969394,
    "min_us": 5.115902,
    "max_us": 348.561394
  },
  "latency_hot": {
    "count": 72876,
    "mean_us": 163.901419,
    "p50_us": 164.532222,
    "p99_us": 326.053874,
    "min_us": 5.115902,
    "max_us": 348.561394
  },
  "latency_cold": {
    "count": 66942,
    "mean_us": 146.165954,
    "p50_us": 108.707985,
    "p99_us": 325.382142,
    "min_us": 8.941554,
    "max_us": 335.990782
  },
  "dispatch_cct_us": 348.561394,
  "combine_cct_us": 335.990782,
  "roundtrip_step_us": 688.552177,
  "e2e_step_us": 1266.677177
}
