{
  "scenario": 1,
  "scheme": "packet_spray",
  "mode": "roundtrip",
  "batch": 512,
  "zipf_s": 0.700000,
  "topk": 8,
  "ep_size": 32,
  "seed": 87,
  "start_skew_us": 4.000000,
  "tau_g_ns": 143.360000,
  "grain_bytes": 7168,
  "total_tokens": 262144,
  "max_egress_load": 1661,
  "konig_us": 466.493440,
  "rtt_us": 0.000000,
  "barrier_us": 4.000000,
  "cct_us": 610.176718,
  "step_us": 1111.793905,
  "gemv_us": 497.617188,
  "e2e_us": 1107.793905,
  "throughput_GBs": 1690.104779,
  "latency_all": {
    "count": 262144,
    "mean_us": 139.500040,
    "p50_us": 118.927070,
    "p99_us": 268.594910,
    "min_us": 3.682287,
    "max_us": 311.746270
  },
  "latency_hot": {
    "count": 62396,
    "mean_us": 147.444606,
    "p50_us": 149.032670,
    "p99_us": 293.682910,
    "min_us": 3.682287,
    "max_us": 311.746270
  },
  "latency_cold": {
    "count": 79600,
    "mean_us": 139.428686,
    "p50_us": 115.012625,
    "p99_us": 287.678447,
    "min_us": 11.120350,
    "max_us": 298.430447
  },
  "dispatch_cct_us": 311.746270,
  "combine_cct_us": 298.430447,
  "roundtrip_step_us": 614.176718,
  "e2e_step_us": 1111.793905
}
