{
  "scenario": 4,
  "scheme": "ub_rg_pop",
  "mode": "roundtrip",
  "batch": 512,
  "zipf_s": 0.000000,
  "topk": 8,
  "ep_size": 512,
  "seed": 37,
  "start_skew_us": 4.000000,
  "tau_g_ns": 143.360000,
  "grain_bytes": 7168,
  "total_tokens": 4194304,
  "max_egress_load": 656,
  "konig_us": 187.084800,
  "rtt_us": 1.200000,
  "barrier_us": 1.600000,
  "cct_us": 236.832926,
  "step_us": 406.050114,
  "gemv_us": 167.617188,
  "e2e_us": 404.450114,
  "throughput_GBs": 74042.021069,
  "latency_all": {
    "count": 4194304,
    "mean_us": 53.068859,
    "p50_us": 31.406301,
    "p99_us": 94.791965,
    "min_us": 1.781085,
    "max_us": 119.295787
  },
  "latency_hot": {
    "count": 417830,
    "mean_us": 52.800306,
    "p50_us": 52.815076,
    "p99_us": 90.121950,
    "min_us": 2.356536,
    "max_us": 111.666671
  },
  "latency_cold": {
    "count": 2095802,
    "mean_us": 53.102422,
    "p50_us": 26.888357,
    "p99_us": 91.399901,
    "min_us": 2.319275,
    "max_us": 118.362874
  },
  "dispatch_cct_us": 119.295787,
  "combine_cct_us": 117.537139,
  "roundtrip_step_us": 238.432926,
  "e2e_step_us": 406.050114
}
