{
  "scenario": 1,
  "scheme": "ub_rg",
  "mode": "roundtrip",
  "batch": 256,
  "zipf_s": 0.300000,
  "topk": 8,
  "ep_size": 128,
  "seed": 75,
  "tau_g_ns": 143.360000,
  "grain_bytes": 7168,
  "total_tokens": 524288,
  "max_egress_load": 803,
  "konig_us": 223.641600,
  "rtt_us": 0.600000,
  "barrier_us": 0.800000,
  "cct_us": 232.616986,
  "step_us": 233.416986,
  "throughput_GBs": 16100.355218,
  "latency_all": {
    "count": 524288,
    "mean_us": 22.532111,
    "p50_us": 16.778501,
    "p99_us": 37.922365,
    "min_us": 1.143820,
    "max_us": 116.405994
  },
  "latency_hot": {
    "count": 91542,
    "mean_us": 37.836707,
    "p50_us": 36.016950,
    "p99_us": 101.436719,
    "min_us": 1.143836,
    "max_us": 116.405994
  },
  "latency_cold": {
    "count": 207022,
    "mean_us": 16.532088,
    "p50_us": 15.863823,
    "p99_us": 32.643022,
    "min_us": 1.144089,
    "max_us": 38.058535
  },
  "dispatch_cct_us": 116.210992,
  "combine_cct_us": 116.405994,
  "roundtrip_step_us": 233.416986
}
