{
  "scenario": 4,
  "scheme": "packet_spray",
  "mode": "roundtrip",
  "batch": 128,
  "zipf_s": 0.900000,
  "topk": 8,
  "ep_size": 256,
  "seed": 91,
  "start_skew_us": 4.000000,
  "tau_g_ns": 143.360000,
  "grain_bytes": 7168,
  "total_tokens": 524288,
  "max_egress_load": 3061,
  "konig_us": 837.222400,
  "rtt_us": 0.000000,
  "barrier_us": 6.000000,
  "cct_us": 895.073872,
  "step_us": 1769.276997,
  "gemv_us": 868.203125,
  "e2e_us": 1763.276997,
  "throughput_GBs": 2124.085934,
  "latency_all": {
    "count": 524288,
    "mean_us": 144.036112,
    "p50_us": 42.666986,
    "p99_us": 293.269086,
    "min_us": 0.766800,
    "max_us": 467.763186
  },
  "latency_hot": {
    "count": 265766,
    "mean_us": 160.175473,
    "p50_us": 102.170206,
    "p99_us": 402.247666,
    "min_us": 2.630480,
    "max_us": 459.591666
  },
  "latency_cold": {
    "count": 84678,
    "mean_us": 126.937663,
    "p50_us": 40.826533,
    "p99_us": 415.150066,
    "min_us": 2.191963,
    "max_us": 467.763186
  },
  "dispatch_cct_us": 427.310686,
  "combine_cct_us": 467.763186,
  "roundtrip_step_us": 901.073872,
  "e2e_step_us": 1769.276997
}
