{
  "scenario": 1,
  "scheme": "ub_rg_pop",
  "mode": "roundtrip",
  "batch": 256,
  "zipf_s": 0.900000,
  "topk": 8,
  "ep_size": 32,
  "seed": 25,
  "start_skew_us": 4.000000,
  "tau_g_ns": 143.360000,
  "grain_bytes": 7168,
  "total_tokens": 131072,
  "max_egress_load": 928,
  "konig_us": 265.502720,
  "rtt_us": 0.900000,
  "barrier_us": 0.800000,
  "cct_us": 284.243764,
  "step_us": 573.754702,
  "gemv_us": 288.710938,
  "e2e_us": 572.954702,
  "throughput_GBs": 1637.501345,
  "latency_all": {
    "count": 131072,
    "mean_us": 38.739971,
    "p50_us": 30.015935,
    "p99_us": 127.402625,
    "min_us": 1.548598,
    "max_us": 146.395186
  },
  "latency_hot": {
    "count": 36362,
    "mean_us": 64.364034,
    "p50_us": 62.990772,
    "p99_us": 135.960808,
    "min_us": 2.031451,
    "max_us": 146.395186
  },
  "latency_cold": {
    "count": 33528,
    "mean_us": 20.031397,
    "p50_us": 19.621679,
    "p99_us": 38.945913,
    "min_us": 1.891896,
    "max_us": 47.289637
  },
  "dispatch_cct_us": 146.395186,
  "combine_cct_us": 137.848578,
  "roundtrip_step_us": 285.043764,
  "e2e_step_us": 573.754702
}
