{
  "scenario": 1,
  "scheme": "packet_spray",
  "mode": "roundtrip",
  "batch": 256,
  "zipf_s": 0.000000,
  "topk": 8,
  "ep_size": 128,
  "seed": 17,
  "start_skew_us": 4.000000,
  "tau_g_ns": 143.360000,
  "grain_bytes": 7168,
  "total_tokens": 524288,
  "max_egress_load": 310,
  "konig_us": 83.578880,
  "rtt_us": 0.000000,
  "barrier_us": 4.000000,
  "cct_us": 158.789925,
  "step_us": 247.321175,
  "gemv_us": 84.531250,
  "e2e_us": 243.321175,
  "throughput_GBs": 15195.206740,
  "latency_all": {
    "count": 524288,
    "mean_us": 47.323485,
    "p50_us": 51.514920,
    "p99_us": 69.564513,
    "min_us": 1.334573,
    "max_us": 82.036833
  },
  "latency_hot": {
    "count": 49104,
    "mean_us": 38.781611,
    "p50_us": 38.787233,
    "p99_us": 74.438753,
    "min_us": 1.334573,
    "max_us": 79.654171
  },
  "latency_cold": {
    "count": 261316,
    "mean_us": 51.917888,
    "p50_us": 51.521732,
    "p99_us": 75.057313,
    "min_us": 3.039540,
    "max_us": 81.893473
  },
  "dispatch_cct_us": 82.036833,
  "combine_cct_us": 76.753092,
  "roundtrip_step_us": 162.789925,
  "e2e_step_us": 247.321175
}
