{
  "scenario": 4,
  "scheme": "packet_spray",
  "mode": "roundtrip",
  "batch": 16,
  "zipf_s": 0.300000,
  "topk": 8,
  "ep_size": 128,
  "seed": 51,
  "start_skew_us": 4.000000,
  "tau_g_ns": 143.360000,
  "grain_bytes": 7168,
  "total_tokens": 32768,
  "max_egress_load": 65,
  "konig_us": 16.056320,
  "rtt_us": 0.000000,
  "barrier_us": 6.000000,
  "cct_us": 26.695244,
  "step_us": 47.304619,
  "gemv_us": 14.609375,
  "e2e_us": 41.304619,
  "throughput_GBs": 4965.287295,
  "latency_all": {
    "count": 32768,
    "mean_us": 6.253109,
    "p50_us": 6.301623,
    "p99_us": 10.185258,
    "min_us": 0.351732,
    "max_us": 14.789666
  },
  "latency_hot": {
    "count": 5712,
    "mean_us": 6.263475,
    "p50_us": 6.342207,
    "p99_us": 11.372247,
    "min_us": 0.351732,
    "max_us": 14.789666
  },
  "latency_cold": {
    "count": 12656,
    "mean_us": 6.387088,
    "p50_us": 6.353612,
    "p99_us": 10.328618,
    "min_us": 0.363370,
    "max_us": 11.905578
  },
  "dispatch_cct_us": 14.789666,
  "combine_cct_us": 11.905578,
  "roundtrip_step_us": 32.695244,
  "e2e_step_us": 47.304619
}
