{
  "scenario": 1,
  "scheme": "packet_spray",
  "mode": "roundtrip",
  "batch": 64,
  "zipf_s": 0.700000,
  "topk": 8,
  "ep_size": 32,
  "seed": 72,
  "start_skew_us": 4.000000,
  "tau_g_ns": 143.360000,
  "grain_bytes": 7168,
  "total_tokens": 32768,
  "max_egress_load": 249,
  "konig_us": 64.655360,
  "rtt_us": 0.000000,
  "barrier_us": 4.000000,
  "cct_us": 108.315480,
  "step_us": 175.245167,
  "gemv_us": 62.929688,
  "e2e_us": 171.245167,
  "throughput_GBs": 1340.299581,
  "latency_all": {
    "count": 32768,
    "mean_us": 30.436503,
    "p50_us": 28.658042,
    "p99_us": 49.301882,
    "min_us": 8.317767,
    "max_us": 56.719837
  },
  "latency_hot": {
    "count": 7782,
    "mean_us": 31.576607,
    "p50_us": 31.668602,
    "p99_us": 50.268637,
    "min_us": 12.731681,
    "max_us": 56.719837
  },
  "latency_cold": {
    "count": 10044,
    "mean_us": 30.222360,
    "p50_us": 27.073514,
    "p99_us": 50.162042,
    "min_us": 8.317767,
    "max_us": 51.595642
  },
  "dispatch_cct_us": 56.719837,
  "combine_cct_us": 51.595642,
  "roundtrip_step_us": 112.315480,
  "e2e_step_us": 175.245167
}
