{
  "scenario": 1,
  "scheme": "ub_rg_pop",
  "mode": "roundtrip",
  "batch": 256,
  "zipf_s": 0.300000,
  "topk": 8,
  "ep_size": 128,
  "seed": 62,
  "tau_g_ns": 143.360000,
  "grain_bytes": 7168,
  "total_tokens": 524288,
  "max_egress_load": 797,
  "konig_us": 219.770880,
  "rtt_us": 0.900000,
  "barrier_us": 0.800000,
  "cct_us": 231.302174,
  "step_us": 232.102174,
  "throughput_GBs": 16191.560491,
  "latency_all": {
    "count": 524288,
    "mean_us": 22.778809,
    "p50_us": 17.078012,
    "p99_us": 38.210792,
    "min_us": 1.443443,
    "max_us": 115.668090
  },
  "latency_hot": {
    "count": 91000,
    "mean_us": 37.767693,
    "p50_us": 36.126132,
    "p99_us": 98.746518,
    "min_us": 1.447863,
    "max_us": 115.668090
  },
  "latency_cold": {
    "count": 206756,
    "mean_us": 16.823703,
    "p50_us": 16.171415,
    "p99_us": 32.927913,
    "min_us": 1.443443,
    "max_us": 38.573856
  },
  "dispatch_cct_us": 115.634084,
  "combine_cct_us": 115.668090,
  "roundtrip_step_us": 232.102174
}
