{
  "scenario": 4,
  "scheme": "packet_spray",
  "mode": "roundtrip",
  "batch": 64,
  "zipf_s": 0.900000,
  "topk": 8,
  "ep_size": 512,
  "seed": 77,
  "start_skew_us": 4.000000,
  "tau_g_ns": 143.360000,
  "grain_bytes": 7168,
  "total_tokens": 524288,
  "max_egress_load": 2734,
  "konig_us": 755.220480,
  "rtt_us": 0.000000,
  "barrier_us": 6.000000,
  "cct_us": 815.128782,
  "step_us": 1612.769407,
  "gemv_us": 791.640625,
  "e2e_us": 1606.769407,
  "throughput_GBs": 2330.213090,
  "latency_all": {
    "count": 524288,
    "mean_us": 125.577898,
    "p50_us": 32.088482,
    "p99_us": 263.515603,
    "min_us": 0.480080,
    "max_us": 424.022779
  },
  "latency_hot": {
    "count": 289990,
    "mean_us": 137.851033,
    "p50_us": 70.947319,
    "p99_us": 364.871123,
    "min_us": 0.480080,
    "max_us": 419.005179
  },
  "latency_cold": {
    "count": 76546,
    "mean_us": 109.683396,
    "p50_us": 30.895477,
    "p99_us": 373.416699,
    "min_us": 1.837800,
    "max_us": 424.022779
  },
  "dispatch_cct_us": 391.106003,
  "combine_cct_us": 424.022779,
  "roundtrip_step_us": 821.128782,
  "e2e_step_us": 1612.769407
}
