{
  "scenario": 1,
  "scheme": "ub_rg_pop",
  "mode": "roundtrip",
  "batch": 64,
  "zipf_s": 0.700000,
  "topk": 8,
  "ep_size": 128,
  "seed": 28,
  "start_skew_us": 4.000000,
  "tau_g_ns": 143.360000,
  "grain_bytes": 7168,
  "total_tokens": 131072,
  "max_egress_load": 581,
  "konig_us": 163.287040,
  "rtt_us": 0.900000,
  "barrier_us": 0.800000,
  "cct_us": 200.673855,
  "step_us": 375.770730,
  "gemv_us": 174.296875,
  "e2e_us": 374.970730,
  "throughput_GBs": 2500.258857,
  "latency_all": {
    "count": 131072,
    "mean_us": 21.545251,
    "p50_us": 17.578321,
    "p99_us": 82.710992,
    "min_us": 1.498291,
    "max_us": 103.048353
  },
  "latency_hot": {
    "count": 45290,
    "mean_us": 33.152591,
    "p50_us": 28.635867,
    "p99_us": 92.185320,
    "min_us": 2.091533,
    "max_us": 103.048353
  },
  "latency_cold": {
    "count": 32318,
    "mean_us": 13.359538,
    "p50_us": 13.415983,
    "p99_us": 22.556847,
    "min_us": 1.498291,
    "max_us": 25.711427
  },
  "dispatch_cct_us": 97.625502,
  "combine_cct_us": 103.048353,
  "roundtrip_step_us": 201.473855,
  "e2e_step_us": 375.770730
}
