{
  "scenario": 1,
  "scheme": "packet_spray",
  "mode": "roundtrip",
  "batch": 256,
  "zipf_s": 0.900000,
  "topk": 8,
  "ep_size": 128,
  "seed": 91,
  "tau_g_ns": 143.360000,
  "grain_bytes": 7168,
  "total_tokens": 524288,
  "max_egress_load": 3143,
  "konig_us": 889.405440,
  "rtt_us": 0.000000,
  "barrier_us": 4.000000,
  "cct_us": 957.571360,
  "step_us": 961.571360,
  "throughput_GBs": 3908.286520,
  "latency_all": {
    "count": 524288,
    "mean_us": 165.161861,
    "p50_us": 53.436560,
    "p99_us": 337.862800,
    "min_us": 0.536720,
    "max_us": 484.233360
  },
  "latency_hot": {
    "count": 232040,
    "mean_us": 188.083393,
    "p50_us": 148.340880,
    "p99_us": 442.228880,
    "min_us": 0.536720,
    "max_us": 484.233360
  },
  "latency_cold": {
    "count": 95236,
    "mean_us": 145.915614,
    "p50_us": 49.565840,
    "p99_us": 462.442640,
    "min_us": 0.536720,
    "max_us": 473.338000
  },
  "dispatch_cct_us": 484.233360,
  "combine_cct_us": 473.338000,
  "roundtrip_step_us": 961.571360
}
