{
  "scenario": 1,
  "scheme": "islip",
  "mode": "roundtrip",
  "batch": 256,
  "zipf_s": 0.000000,
  "topk": 8,
  "ep_size": 128,
  "seed": 19,
  "start_skew_us": 4.000000,
  "tau_g_ns": 143.360000,
  "grain_bytes": 7168,
  "total_tokens": 524288,
  "max_egress_load": 311,
  "konig_us": 89.026560,
  "rtt_us": 0.600000,
  "barrier_us": 0.800000,
  "cct_us": 98.630887,
  "step_us": 183.688700,
  "gemv_us": 84.257812,
  "e2e_us": 182.888700,
  "throughput_GBs": 20459.050491,
  "latency_all": {
    "count": 524288,
    "mean_us": 21.858406,
    "p50_us": 17.743889,
    "p99_us": 35.521414,
    "min_us": 1.160707,
    "max_us": 49.886690
  },
  "latency_hot": {
    "count": 48776,
    "mean_us": 21.755320,
    "p50_us": 21.650319,
    "p99_us": 41.971271,
    "min_us": 1.351648,
    "max_us": 46.766060
  },
  "latency_cold": {
    "count": 262530,
    "mean_us": 21.849237,
    "p50_us": 17.285703,
    "p99_us": 41.926286,
    "min_us": 1.190352,
    "max_us": 49.759920
  },
  "dispatch_cct_us": 48.744198,
  "combine_cct_us": 49.886690,
  "roundtrip_step_us": 99.430887,
  "e2e_step_us": 183.688700
}
