{
  "scenario": 1,
  "scheme": "packet_spray",
  "mode": "roundtrip",
  "batch": 64,
  "zipf_s": 0.700000,
  "topk": 8,
  "ep_size": 128,
  "seed": 86,
  "tau_g_ns": 143.360000,
  "grain_bytes": 7168,
  "total_tokens": 131072,
  "max_egress_load": 578,
  "konig_us": 160.563200,
  "rtt_us": 0.000000,
  "barrier_us": 4.000000,
  "cct_us": 179.413280,
  "step_us": 183.413280,
  "throughput_GBs": 5122.443130,
  "latency_all": {
    "count": 131072,
    "mean_us": 30.794689,
    "p50_us": 21.467280,
    "p99_us": 82.251920,
    "min_us": 0.536720,
    "max_us": 90.136720
  },
  "latency_hot": {
    "count": 44914,
    "mean_us": 34.814653,
    "p50_us": 30.068880,
    "p99_us": 79.528080,
    "min_us": 0.536720,
    "max_us": 90.136720
  },
  "latency_cold": {
    "count": 32376,
    "mean_us": 28.921770,
    "p50_us": 13.295760,
    "p99_us": 84.402320,
    "min_us": 0.536720,
    "max_us": 89.276560
  },
  "dispatch_cct_us": 90.136720,
  "combine_cct_us": 89.276560,
  "roundtrip_step_us": 183.413280
}
