{
  "scenario": 1,
  "scheme": "islip",
  "mode": "roundtrip",
  "batch": 256,
  "zipf_s": 0.000000,
  "topk": 8,
  "ep_size": 128,
  "seed": 89,
  "start_skew_us": 4.000000,
  "tau_g_ns": 143.360000,
  "grain_bytes": 7168,
  "total_tokens": 524288,
  "max_egress_load": 312,
  "konig_us": 87.162880,
  "rtt_us": 0.600000,
  "barrier_us": 0.800000,
  "cct_us": 129.231350,
  "step_us": 213.820412,
  "gemv_us": 83.789062,
  "e2e_us": 213.020412,
  "throughput_GBs": 17575.947695,
  "latency_all": {
    "count": 524288,
    "mean_us": 30.991719,
    "p50_us": 25.835196,
    "p99_us": 43.853744,
    "min_us": 1.145775,
    "max_us": 65.829203
  },
  "latency_hot": {
    "count": 49370,
    "mean_us": 31.701056,
    "p50_us": 31.570351,
    "p99_us": 55.037550,
    "min_us": 1.213202,
    "max_us": 63.402147
  },
  "latency_cold": {
    "count": 262838,
    "mean_us": 31.075078,
    "p50_us": 26.513958,
    "p99_us": 52.323269,
    "min_us": 1.151709,
    "max_us": 65.731528
  },
  "dispatch_cct_us": 63.402147,
  "combine_cct_us": 65.829203,
  "roundtrip_step_us": 130.031350,
  "e2e_step_us": 213.820412
}
