{
  "scenario": 4,
  "scheme": "packet_spray",
  "mode": "roundtrip",
  "batch": 512,
  "zipf_s": 0.000000,
  "topk": 8,
  "ep_size": 128,
  "seed": 11,
  "start_skew_us": 4.000000,
  "tau_g_ns": 143.360000,
  "grain_bytes": 7168,
  "total_tokens": 1048576,
  "max_egress_load": 634,
  "konig_us": 175.472640,
  "rtt_us": 0.000000,
  "barrier_us": 6.000000,
  "cct_us": 320.246589,
  "step_us": 492.809089,
  "gemv_us": 166.562500,
  "e2e_us": 486.809089,
  "throughput_GBs": 15251.733243,
  "latency_all": {
    "count": 1048576,
    "mean_us": 91.276211,
    "p50_us": 87.412066,
    "p99_us": 140.092529,
    "min_us": 0.633248,
    "max_us": 162.926557
  },
  "latency_hot": {
    "count": 98594,
    "mean_us": 74.929599,
    "p50_us": 75.552288,
    "p99_us": 145.006557,
    "min_us": 0.919968,
    "max_us": 154.791266
  },
  "latency_cold": {
    "count": 524216,
    "mean_us": 100.233041,
    "p50_us": 100.314466,
    "p99_us": 136.578830,
    "min_us": 0.633248,
    "max_us": 162.926557
  },
  "dispatch_cct_us": 162.926557,
  "combine_cct_us": 157.320033,
  "roundtrip_step_us": 326.246589,
  "e2e_step_us": 492.809089
}
