{
  "scenario": 1,
  "scheme": "packet_spray",
  "mode": "roundtrip",
  "batch": 16,
  "zipf_s": 0.900000,
  "topk": 8,
  "ep_size": 32,
  "seed": 15,
  "start_skew_us": 4.000000,
  "tau_g_ns": 143.360000,
  "grain_bytes": 7168,
  "total_tokens": 8192,
  "max_egress_load": 62,
  "konig_us": 17.203200,
  "rtt_us": 0.000000,
  "barrier_us": 4.000000,
  "cct_us": 43.098249,
  "step_us": 65.184187,
  "gemv_us": 18.085938,
  "e2e_us": 61.184187,
  "throughput_GBs": 900.835904,
  "latency_all": {
    "count": 8192,
    "mean_us": 14.283073,
    "p50_us": 14.475728,
    "p99_us": 23.220927,
    "min_us": 0.536720,
    "max_us": 25.658047
  },
  "latency_hot": {
    "count": 2320,
    "mean_us": 14.889979,
    "p50_us": 14.142923,
    "p99_us": 24.511167,
    "min_us": 2.375006,
    "max_us": 25.658047
  },
  "latency_cold": {
    "count": 2060,
    "mean_us": 13.864472,
    "p50_us": 14.641724,
    "p99_us": 18.203327,
    "min_us": 0.536720,
    "max_us": 18.776767
  },
  "dispatch_cct_us": 25.658047,
  "combine_cct_us": 17.440203,
  "roundtrip_step_us": 47.098249,
  "e2e_step_us": 65.184187
}
