{
  "scenario": 4,
  "scheme": "ub_rg",
  "mode": "roundtrip",
  "batch": 128,
  "zipf_s": 0.700000,
  "topk": 8,
  "ep_size": 256,
  "seed": 65,
  "start_skew_us": 4.000000,
  "tau_g_ns": 143.360000,
  "grain_bytes": 7168,
  "total_tokens": 524288,
  "max_egress_load": 1992,
  "konig_us": 543.907840,
  "rtt_us": 0.800000,
  "barrier_us": 1.600000,
  "cct_us": 578.907075,
  "step_us": 1143.593012,
  "gemv_us": 563.085938,
  "e2e_us": 1141.993012,
  "throughput_GBs": 3286.218387,
  "latency_all": {
    "count": 524288,
    "mean_us": 30.027906,
    "p50_us": 12.715018,
    "p99_us": 58.298816,
    "min_us": 1.010915,
    "max_us": 290.020924
  },
  "latency_hot": {
    "count": 202158,
    "mean_us": 58.331137,
    "p50_us": 40.592168,
    "p99_us": 230.385363,
    "min_us": 1.341946,
    "max_us": 290.020924
  },
  "latency_cold": {
    "count": 122226,
    "mean_us": 8.815632,
    "p50_us": 8.666266,
    "p99_us": 16.293112,
    "min_us": 1.041744,
    "max_us": 30.561757
  },
  "dispatch_cct_us": 290.020924,
  "combine_cct_us": 288.886151,
  "roundtrip_step_us": 580.507075,
  "e2e_step_us": 1143.593012
}
