{
  "scenario": 4,
  "scheme": "ub_rg",
  "mode": "roundtrip",
  "batch": 128,
  "zipf_s": 0.300000,
  "topk": 8,
  "ep_size": 256,
  "seed": 84,
  "start_skew_us": 4.000000,
  "tau_g_ns": 143.360000,
  "grain_bytes": 7168,
  "total_tokens": 524288,
  "max_egress_load": 491,
  "konig_us": 135.045120,
  "rtt_us": 0.800000,
  "barrier_us": 1.600000,
  "cct_us": 149.120754,
  "step_us": 291.541066,
  "gemv_us": 140.820312,
  "e2e_us": 289.941066,
  "throughput_GBs": 12890.452912,
  "latency_all": {
    "count": 524288,
    "mean_us": 15.074811,
    "p50_us": 12.570625,
    "p99_us": 23.942391,
    "min_us": 1.069413,
    "max_us": 75.257161
  },
  "latency_hot": {
    "count": 96706,
    "mean_us": 23.262214,
    "p50_us": 22.193970,
    "p99_us": 59.849838,
    "min_us": 1.362354,
    "max_us": 75.257161
  },
  "latency_cold": {
    "count": 204796,
    "mean_us": 11.777340,
    "p50_us": 11.504989,
    "p99_us": 21.691850,
    "min_us": 1.069413,
    "max_us": 36.957620
  },
  "dispatch_cct_us": 75.257161,
  "combine_cct_us": 73.863593,
  "roundtrip_step_us": 150.720754,
  "e2e_step_us": 291.541066
}
