{
  "scenario": 4,
  "scheme": "ub_rg",
  "mode": "roundtrip",
  "batch": 16,
  "zipf_s": 0.900000,
  "topk": 8,
  "ep_size": 128,
  "seed": 38,
  "start_skew_us": 4.000000,
  "tau_g_ns": 143.360000,
  "grain_bytes": 7168,
  "total_tokens": 32768,
  "max_egress_load": 196,
  "konig_us": 55.050240,
  "rtt_us": 0.800000,
  "barrier_us": 1.600000,
  "cct_us": 65.151746,
  "step_us": 125.462683,
  "gemv_us": 58.710938,
  "e2e_us": 123.862683,
  "throughput_GBs": 1872.118608,
  "latency_all": {
    "count": 32768,
    "mean_us": 7.523184,
    "p50_us": 5.791097,
    "p99_us": 27.646857,
    "min_us": 1.358703,
    "max_us": 33.317417
  },
  "latency_hot": {
    "count": 14332,
    "mean_us": 10.953609,
    "p50_us": 9.413000,
    "p99_us": 29.471919,
    "min_us": 1.468463,
    "max_us": 33.317417
  },
  "latency_cold": {
    "count": 6066,
    "mean_us": 4.213612,
    "p50_us": 4.320700,
    "p99_us": 6.431689,
    "min_us": 1.359260,
    "max_us": 7.225224
  },
  "dispatch_cct_us": 33.317417,
  "combine_cct_us": 31.834329,
  "roundtrip_step_us": 66.751746,
  "e2e_step_us": 125.462683
}
