{
  "scenario": 1,
  "scheme": "ub_rg",
  "mode": "roundtrip",
  "batch": 64,
  "zipf_s": 0.700000,
  "topk": 8,
  "ep_size": 128,
  "seed": 58,
  "tau_g_ns": 143.360000,
  "grain_bytes": 7168,
  "total_tokens": 131072,
  "max_egress_load": 596,
  "konig_us": 163.860480,
  "rtt_us": 0.600000,
  "barrier_us": 0.800000,
  "cct_us": 173.048279,
  "step_us": 173.848279,
  "throughput_GBs": 5404.276075,
  "latency_all": {
    "count": 131072,
    "mean_us": 11.709911,
    "p50_us": 6.753988,
    "p99_us": 67.840145,
    "min_us": 1.143406,
    "max_us": 86.543473
  },
  "latency_hot": {
    "count": 44850,
    "mean_us": 22.820672,
    "p50_us": 18.639303,
    "p99_us": 75.586221,
    "min_us": 1.145009,
    "max_us": 86.543473
  },
  "latency_cold": {
    "count": 32436,
    "mean_us": 4.054639,
    "p50_us": 3.937554,
    "p99_us": 7.894529,
    "min_us": 1.143406,
    "max_us": 10.492757
  },
  "dispatch_cct_us": 86.543473,
  "combine_cct_us": 86.504806,
  "roundtrip_step_us": 173.848279
}
