{
  "scenario": 4,
  "scheme": "ub_rg",
  "mode": "roundtrip",
  "batch": 128,
  "zipf_s": 0.300000,
  "topk": 8,
  "ep_size": 512,
  "seed": 82,
  "start_skew_us": 4.000000,
  "tau_g_ns": 143.360000,
  "grain_bytes": 7168,
  "total_tokens": 1048576,
  "max_egress_load": 655,
  "konig_us": 174.039040,
  "rtt_us": 0.800000,
  "barrier_us": 1.600000,
  "cct_us": 194.314230,
  "step_us": 370.406418,
  "gemv_us": 174.492188,
  "e2e_us": 368.806418,
  "throughput_GBs": 20291.745510,
  "latency_all": {
    "count": 1048576,
    "mean_us": 15.975654,
    "p50_us": 10.349193,
    "p99_us": 31.265639,
    "min_us": 1.050735,
    "max_us": 98.064013
  },
  "latency_hot": {
    "count": 202160,
    "mean_us": 24.973716,
    "p50_us": 23.412932,
    "p99_us": 66.203787,
    "min_us": 1.410702,
    "max_us": 98.064013
  },
  "latency_cold": {
    "count": 406404,
    "mean_us": 12.287405,
    "p50_us": 13.210932,
    "p99_us": 23.274500,
    "min_us": 1.050735,
    "max_us": 36.689365
  },
  "dispatch_cct_us": 98.064013,
  "combine_cct_us": 96.250217,
  "roundtrip_step_us": 195.914230,
  "e2e_step_us": 370.406418
}
