{
  "scenario": 4,
  "scheme": "packet_spray",
  "mode": "roundtrip",
  "batch": 16,
  "zipf_s": 0.000000,
  "topk": 8,
  "ep_size": 128,
  "seed": 9,
  "start_skew_us": 4.000000,
  "tau_g_ns": 143.360000,
  "grain_bytes": 7168,
  "total_tokens": 32768,
  "max_egress_load": 30,
  "konig_us": 8.171520,
  "rtt_us": 0.000000,
  "barrier_us": 6.000000,
  "cct_us": 49.362119,
  "step_us": 61.612119,
  "gemv_us": 6.250000,
  "e2e_us": 55.612119,
  "throughput_GBs": 3812.253632,
  "latency_all": {
    "count": 32768,
    "mean_us": 18.202800,
    "p50_us": 18.729210,
    "p99_us": 23.498879,
    "min_us": 0.623440,
    "max_us": 25.189196
  },
  "latency_hot": {
    "count": 3086,
    "mean_us": 15.720227,
    "p50_us": 16.596207,
    "p99_us": 23.642239,
    "min_us": 1.704414,
    "max_us": 24.615756
  },
  "latency_cold": {
    "count": 16382,
    "mean_us": 18.946169,
    "p50_us": 19.356528,
    "p99_us": 23.599483,
    "min_us": 0.623440,
    "max_us": 25.189196
  },
  "dispatch_cct_us": 25.189196,
  "combine_cct_us": 24.172923,
  "roundtrip_step_us": 55.362119,
  "e2e_step_us": 61.612119
}
