{
  "scenario": 1,
  "scheme": "ub_rg",
  "mode": "roundtrip",
  "batch": 256,
  "zipf_s": 0.700000,
  "topk": 8,
  "ep_size": 64,
  "seed": 64,
  "start_skew_us": 4.000000,
  "tau_g_ns": 143.360000,
  "grain_bytes": 7168,
  "total_tokens": 262144,
  "max_egress_load": 1381,
  "konig_us": 391.659520,
  "rtt_us": 0.600000,
  "barrier_us": 0.800000,
  "cct_us": 421.378556,
  "step_us": 844.170743,
  "gemv_us": 421.992188,
  "e2e_us": 843.370743,
  "throughput_GBs": 2225.910110,
  "latency_all": {
    "count": 262144,
    "mean_us": 44.004211,
    "p50_us": 26.681519,
    "p99_us": 171.352336,
    "min_us": 1.158043,
    "max_us": 213.711609
  },
  "latency_hot": {
    "count": 78580,
    "mean_us": 77.847417,
    "p50_us": 71.255054,
    "p99_us": 198.359424,
    "min_us": 1.213421,
    "max_us": 213.711609
  },
  "latency_cold": {
    "count": 70214,
    "mean_us": 22.897853,
    "p50_us": 22.682944,
    "p99_us": 39.971819,
    "min_us": 1.181936,
    "max_us": 47.468649
  },
  "dispatch_cct_us": 213.711609,
  "combine_cct_us": 207.666947,
  "roundtrip_step_us": 422.178556,
  "e2e_step_us": 844.170743
}
