{
  "scenario": 1,
  "scheme": "ub_rg_pop",
  "mode": "roundtrip",
  "batch": 512,
  "zipf_s": 0.300000,
  "topk": 8,
  "ep_size": 32,
  "seed": 66,
  "start_skew_us": 4.000000,
  "tau_g_ns": 143.360000,
  "grain_bytes": 7168,
  "total_tokens": 262144,
  "max_egress_load": 974,
  "konig_us": 273.817600,
  "rtt_us": 0.900000,
  "barrier_us": 0.800000,
  "cct_us": 299.872545,
  "step_us": 593.172545,
  "gemv_us": 292.500000,
  "e2e_us": 592.372545,
  "throughput_GBs": 3167.793601,
  "latency_all": {
    "count": 262144,
    "mean_us": 48.946112,
    "p50_us": 37.928498,
    "p99_us": 118.193567,
    "min_us": 1.462009,
    "max_us": 157.385625
  },
  "latency_hot": {
    "count": 39722,
    "mean_us": 69.745896,
    "p50_us": 69.250883,
    "p99_us": 138.213332,
    "min_us": 1.886440,
    "max_us": 157.385625
  },
  "latency_cold": {
    "count": 108594,
    "mean_us": 40.456288,
    "p50_us": 40.265223,
    "p99_us": 76.970222,
    "min_us": 1.462009,
    "max_us": 91.411827
  },
  "dispatch_cct_us": 157.385625,
  "combine_cct_us": 142.486920,
  "roundtrip_step_us": 300.672545,
  "e2e_step_us": 593.172545
}
