{
  "scenario": 1,
  "scheme": "islip",
  "mode": "roundtrip",
  "batch": 512,
  "zipf_s": 0.900000,
  "topk": 8,
  "ep_size": 64,
  "seed": 10,
  "start_skew_us": 4.000000,
  "tau_g_ns": 143.360000,
  "grain_bytes": 7168,
  "total_tokens": 524288,
  "max_egress_load": 3392,
  "konig_us": 968.683520,
  "rtt_us": 0.600000,
  "barrier_us": 0.800000,
  "cct_us": 979.754176,
  "step_us": 2031.843238,
  "gemv_us": 1051.289062,
  "e2e_us": 2031.043238,
  "throughput_GBs": 1849.599572,
  "latency_all": {
    "count": 524288,
    "mean_us": 85.598524,
    "p50_us": 33.276615,
    "p99_us": 192.346358,
    "min_us": 1.197237,
    "max_us": 489.997214
  },
  "latency_hot": {
    "count": 193166,
    "mean_us": 166.845043,
    "p50_us": 147.530196,
    "p99_us": 468.305851,
    "min_us": 1.441188,
    "max_us": 489.997214
  },
  "latency_cold": {
    "count": 109836,
    "mean_us": 19.293224,
    "p50_us": 18.674049,
    "p99_us": 42.165701,
    "min_us": 1.288382,
    "max_us": 48.852388
  },
  "dispatch_cct_us": 489.997214,
  "combine_cct_us": 489.756962,
  "roundtrip_step_us": 980.554176,
  "e2e_step_us": 2031.843238
}
