{
  "scenario": 4,
  "scheme": "ub_rg_pop",
  "mode": "roundtrip",
  "batch": 64,
  "zipf_s": 0.900000,
  "topk": 8,
  "ep_size": 256,
  "seed": 90,
  "start_skew_us": 4.000000,
  "tau_g_ns": 143.360000,
  "grain_bytes": 7168,
  "total_tokens": 262144,
  "max_egress_load": 1550,
  "konig_us": 422.481920,
  "rtt_us": 1.200000,
  "barrier_us": 1.600000,
  "cct_us": 471.087208,
  "step_us": 909.249708,
  "gemv_us": 436.562500,
  "e2e_us": 907.649708,
  "throughput_GBs": 2066.592022,
  "latency_all": {
    "count": 262144,
    "mean_us": 37.226547,
    "p50_us": 20.114383,
    "p99_us": 178.707591,
    "min_us": 1.415637,
    "max_us": 240.785523
  },
  "latency_hot": {
    "count": 132900,
    "mean_us": 55.615656,
    "p50_us": 39.608982,
    "p99_us": 199.639454,
    "min_us": 3.437421,
    "max_us": 240.785523
  },
  "latency_cold": {
    "count": 42086,
    "mean_us": 15.804543,
    "p50_us": 15.885927,
    "p99_us": 26.097885,
    "min_us": 1.712668,
    "max_us": 31.029221
  },
  "dispatch_cct_us": 240.785523,
  "combine_cct_us": 230.301685,
  "roundtrip_step_us": 472.687208,
  "e2e_step_us": 909.249708
}
