{
  "scenario": 1,
  "scheme": "packet_spray",
  "mode": "roundtrip",
  "batch": 512,
  "zipf_s": 0.900000,
  "topk": 8,
  "ep_size": 32,
  "seed": 2,
  "start_skew_us": 4.000000,
  "tau_g_ns": 143.360000,
  "grain_bytes": 7168,
  "total_tokens": 262144,
  "max_egress_load": 1913,
  "konig_us": 538.746880,
  "rtt_us": 0.000000,
  "barrier_us": 4.000000,
  "cct_us": 675.476471,
  "step_us": 1255.843658,
  "gemv_us": 576.367188,
  "e2e_us": 1251.843658,
  "throughput_GBs": 1496.243724,
  "latency_all": {
    "count": 262144,
    "mean_us": 146.467495,
    "p50_us": 116.177933,
    "p99_us": 295.234573,
    "min_us": 1.054698,
    "max_us": 343.976973
  },
  "latency_hot": {
    "count": 72666,
    "mean_us": 158.925585,
    "p50_us": 159.759373,
    "p99_us": 318.172173,
    "min_us": 1.054698,
    "max_us": 343.976973
  },
  "latency_cold": {
    "count": 66988,
    "mean_us": 141.751973,
    "p50_us": 104.201849,
    "p99_us": 320.604138,
    "min_us": 3.210253,
    "max_us": 331.499498
  },
  "dispatch_cct_us": 343.976973,
  "combine_cct_us": 331.499498,
  "roundtrip_step_us": 679.476471,
  "e2e_step_us": 1255.843658
}
