{
  "scenario": 1,
  "scheme": "ub_rg",
  "mode": "roundtrip",
  "batch": 16,
  "zipf_s": 0.700000,
  "topk": 8,
  "ep_size": 64,
  "seed": 61,
  "start_skew_us": 4.000000,
  "tau_g_ns": 143.360000,
  "grain_bytes": 7168,
  "total_tokens": 16384,
  "max_egress_load": 93,
  "konig_us": 25.661440,
  "rtt_us": 0.600000,
  "barrier_us": 0.800000,
  "cct_us": 57.712555,
  "step_us": 85.348492,
  "gemv_us": 26.835938,
  "e2e_us": 84.548492,
  "throughput_GBs": 1376.011558,
  "latency_all": {
    "count": 16384,
    "mean_us": 13.357483,
    "p50_us": 13.224107,
    "p99_us": 24.711937,
    "min_us": 1.178535,
    "max_us": 33.154629
  },
  "latency_hot": {
    "count": 4956,
    "mean_us": 15.993471,
    "p50_us": 16.156350,
    "p99_us": 27.784459,
    "min_us": 1.564559,
    "max_us": 33.154629
  },
  "latency_cold": {
    "count": 4338,
    "mean_us": 12.289314,
    "p50_us": 12.589562,
    "p99_us": 21.961382,
    "min_us": 1.232558,
    "max_us": 24.300454
  },
  "dispatch_cct_us": 33.154629,
  "combine_cct_us": 24.557926,
  "roundtrip_step_us": 58.512555,
  "e2e_step_us": 85.348492
}
