{
  "scenario": 1,
  "scheme": "ub_rg_pop",
  "mode": "roundtrip",
  "batch": 256,
  "zipf_s": 0.000000,
  "topk": 8,
  "ep_size": 128,
  "seed": 67,
  "start_skew_us": 4.000000,
  "tau_g_ns": 143.360000,
  "grain_bytes": 7168,
  "total_tokens": 524288,
  "max_egress_load": 305,
  "konig_us": 86.876160,
  "rtt_us": 0.900000,
  "barrier_us": 0.800000,
  "cct_us": 129.090876,
  "step_us": 213.640876,
  "gemv_us": 83.750000,
  "e2e_us": 212.840876,
  "throughput_GBs": 17590.717934,
  "latency_all": {
    "count": 524288,
    "mean_us": 31.699435,
    "p50_us": 27.197235,
    "p99_us": 45.244983,
    "min_us": 1.490528,
    "max_us": 66.048928
  },
  "latency_hot": {
    "count": 49006,
    "mean_us": 31.386911,
    "p50_us": 31.248562,
    "p99_us": 54.982805,
    "min_us": 3.197620,
    "max_us": 61.441988
  },
  "latency_cold": {
    "count": 262588,
    "mean_us": 31.440285,
    "p50_us": 26.920896,
    "p99_us": 53.621856,
    "min_us": 1.490528,
    "max_us": 63.511860
  },
  "dispatch_cct_us": 63.041948,
  "combine_cct_us": 66.048928,
  "roundtrip_step_us": 129.890876,
  "e2e_step_us": 213.640876
}
