{
  "scenario": 4,
  "scheme": "ub_rg",
  "mode": "roundtrip",
  "batch": 256,
  "zipf_s": 0.300000,
  "topk": 8,
  "ep_size": 128,
  "seed": 78,
  "start_skew_us": 4.000000,
  "tau_g_ns": 143.360000,
  "grain_bytes": 7168,
  "total_tokens": 524288,
  "max_egress_load": 834,
  "konig_us": 227.799040,
  "rtt_us": 0.800000,
  "barrier_us": 1.600000,
  "cct_us": 263.544591,
  "step_us": 500.964903,
  "gemv_us": 235.820312,
  "e2e_us": 499.364903,
  "throughput_GBs": 7501.715911,
  "latency_all": {
    "count": 524288,
    "mean_us": 32.890386,
    "p50_us": 27.941527,
    "p99_us": 49.985196,
    "min_us": 1.369750,
    "max_us": 135.650571
  },
  "latency_hot": {
    "count": 91340,
    "mean_us": 48.053104,
    "p50_us": 46.342432,
    "p99_us": 110.833895,
    "min_us": 2.963245,
    "max_us": 135.650571
  },
  "latency_cold": {
    "count": 207282,
    "mean_us": 26.539405,
    "p50_us": 25.856360,
    "p99_us": 47.013647,
    "min_us": 1.369750,
    "max_us": 58.752557
  },
  "dispatch_cct_us": 135.650571,
  "combine_cct_us": 127.894020,
  "roundtrip_step_us": 265.144591,
  "e2e_step_us": 500.964903
}
