{
  "scenario": 1,
  "scheme": "packet_spray",
  "mode": "roundtrip",
  "batch": 16,
  "zipf_s": 0.900000,
  "topk": 8,
  "ep_size": 128,
  "seed": 31,
  "start_skew_us": 4.000000,
  "tau_g_ns": 143.360000,
  "grain_bytes": 7168,
  "total_tokens": 32768,
  "max_egress_load": 202,
  "konig_us": 55.910400,
  "rtt_us": 0.000000,
  "barrier_us": 4.000000,
  "cct_us": 65.512833,
  "step_us": 128.184708,
  "gemv_us": 58.671875,
  "e2e_us": 124.184708,
  "throughput_GBs": 1832.363843,
  "latency_all": {
    "count": 32768,
    "mean_us": 12.330018,
    "p50_us": 9.543138,
    "p99_us": 29.510597,
    "min_us": 0.707318,
    "max_us": 33.851836
  },
  "latency_hot": {
    "count": 14652,
    "mean_us": 13.753190,
    "p50_us": 12.164037,
    "p99_us": 29.264316,
    "min_us": 0.766641,
    "max_us": 33.851836
  },
  "latency_cold": {
    "count": 5956,
    "mean_us": 11.110593,
    "p50_us": 6.473502,
    "p99_us": 29.940677,
    "min_us": 0.707318,
    "max_us": 31.660997
  },
  "dispatch_cct_us": 33.851836,
  "combine_cct_us": 31.660997,
  "roundtrip_step_us": 69.512833,
  "e2e_step_us": 128.184708
}
