{
  "scenario": 1,
  "scheme": "islip",
  "mode": "roundtrip",
  "batch": 512,
  "zipf_s": 0.000000,
  "topk": 8,
  "ep_size": 64,
  "seed": 1,
  "start_skew_us": 8.000000,
  "tau_g_ns": 143.360000,
  "grain_bytes": 7168,
  "total_tokens": 524288,
  "max_egress_load": 581,
  "konig_us": 164.147200,
  "rtt_us": 0.600000,
  "barrier_us": 0.800000,
  "cct_us": 232.174440,
  "step_us": 397.388503,
  "gemv_us": 164.414062,
  "e2e_us": 396.588503,
  "throughput_GBs": 9456.983170,
  "latency_all": {
    "count": 524288,
    "mean_us": 54.422996,
    "p50_us": 48.875180,
    "p99_us": 84.434873,
    "min_us": 1.145582,
    "max_us": 116.974832
  },
  "latency_hot": {
    "count": 49730,
    "mean_us": 55.605226,
    "p50_us": 55.540205,
    "p99_us": 101.285030,
    "min_us": 1.145582,
    "max_us": 115.059258
  },
  "latency_cold": {
    "count": 262120,
    "mean_us": 53.624987,
    "p50_us": 44.765725,
    "p99_us": 100.603442,
    "min_us": 1.165278,
    "max_us": 115.747791
  },
  "dispatch_cct_us": 116.974832,
  "combine_cct_us": 115.199608,
  "roundtrip_step_us": 232.974440,
  "e2e_step_us": 397.388503
}
