{
  "scenario": 1,
  "scheme": "packet_spray",
  "mode": "roundtrip",
  "batch": 64,
  "zipf_s": 0.900000,
  "topk": 8,
  "ep_size": 32,
  "seed": 63,
  "start_skew_us": 4.000000,
  "tau_g_ns": 143.360000,
  "grain_bytes": 7168,
  "total_tokens": 32768,
  "max_egress_load": 258,
  "konig_us": 70.389760,
  "rtt_us": 0.000000,
  "barrier_us": 4.000000,
  "cct_us": 92.507507,
  "step_us": 169.124695,
  "gemv_us": 72.617188,
  "e2e_us": 165.124695,
  "throughput_GBs": 1388.803830,
  "latency_all": {
    "count": 32768,
    "mean_us": 20.384041,
    "p50_us": 18.121320,
    "p99_us": 41.632360,
    "min_us": 0.580621,
    "max_us": 48.151307
  },
  "latency_hot": {
    "count": 9086,
    "mean_us": 22.123669,
    "p50_us": 22.135400,
    "p99_us": 42.703627,
    "min_us": 2.351720,
    "max_us": 48.151307
  },
  "latency_cold": {
    "count": 8364,
    "mean_us": 19.636094,
    "p50_us": 14.967400,
    "p99_us": 42.492520,
    "min_us": 0.580621,
    "max_us": 44.356200
  },
  "dispatch_cct_us": 48.151307,
  "combine_cct_us": 44.356200,
  "roundtrip_step_us": 96.507507,
  "e2e_step_us": 169.124695
}
