{
  "scenario": 4,
  "scheme": "ub_rg_pop",
  "mode": "roundtrip",
  "batch": 256,
  "zipf_s": 0.700000,
  "topk": 8,
  "ep_size": 256,
  "seed": 96,
  "start_skew_us": 4.000000,
  "tau_g_ns": 143.360000,
  "grain_bytes": 7168,
  "total_tokens": 1048576,
  "max_egress_load": 3923,
  "konig_us": 1079.214080,
  "rtt_us": 1.200000,
  "barrier_us": 1.600000,
  "cct_us": 1131.189978,
  "step_us": 2259.196228,
  "gemv_us": 1126.406250,
  "e2e_us": 2257.596228,
  "throughput_GBs": 3326.932240,
  "latency_all": {
    "count": 1048576,
    "mean_us": 56.076132,
    "p50_us": 13.784564,
    "p99_us": 195.511763,
    "min_us": 1.462035,
    "max_us": 566.565551
  },
  "latency_hot": {
    "count": 404618,
    "mean_us": 112.704731,
    "p50_us": 76.980804,
    "p99_us": 445.792502,
    "min_us": 1.747645,
    "max_us": 566.565551
  },
  "latency_cold": {
    "count": 242958,
    "mean_us": 13.790257,
    "p50_us": 12.016088,
    "p99_us": 26.338399,
    "min_us": 1.462035,
    "max_us": 42.904744
  },
  "dispatch_cct_us": 566.565551,
  "combine_cct_us": 564.624427,
  "roundtrip_step_us": 1132.789978,
  "e2e_step_us": 2259.196228
}
