{
  "scenario": 4,
  "scheme": "packet_spray",
  "mode": "roundtrip",
  "batch": 16,
  "zipf_s": 0.900000,
  "topk": 8,
  "ep_size": 512,
  "seed": 60,
  "start_skew_us": 4.000000,
  "tau_g_ns": 143.360000,
  "grain_bytes": 7168,
  "total_tokens": 131072,
  "max_egress_load": 725,
  "konig_us": 194.826240,
  "rtt_us": 0.000000,
  "barrier_us": 6.000000,
  "cct_us": 233.485010,
  "step_us": 437.453760,
  "gemv_us": 197.968750,
  "e2e_us": 431.453760,
  "throughput_GBs": 2147.710642,
  "latency_all": {
    "count": 131072,
    "mean_us": 44.103417,
    "p50_us": 33.245342,
    "p99_us": 105.642142,
    "min_us": 0.823440,
    "max_us": 117.971102
  },
  "latency_hot": {
    "count": 73104,
    "mean_us": 47.648120,
    "p50_us": 39.123102,
    "p99_us": 106.912308,
    "min_us": 1.053520,
    "max_us": 116.537502
  },
  "latency_cold": {
    "count": 18824,
    "mean_us": 38.984538,
    "p50_us": 22.862041,
    "p99_us": 104.781982,
    "min_us": 0.823440,
    "max_us": 117.971102
  },
  "dispatch_cct_us": 115.513908,
  "combine_cct_us": 117.971102,
  "roundtrip_step_us": 239.485010,
  "e2e_step_us": 437.453760
}
