{
  "scenario": 3,
  "scheme": "ub_rg",
  "mode": "roundtrip",
  "batch": 64,
  "zipf_s": 0.900000,
  "topk": 8,
  "ep_size": 1024,
  "seed": 20,
  "tau_g_ns": 143.360000,
  "grain_bytes": 7168,
  "total_tokens": 1048576,
  "max_egress_load": 4628,
  "konig_us": 1319.055360,
  "rtt_us": 1.100000,
  "barrier_us": 2.400000,
  "cct_us": 1330.997274,
  "step_us": 1333.397274,
  "throughput_GBs": 5636.874257,
  "latency_all": {
    "count": 1048576,
    "mean_us": 58.795768,
    "p50_us": 4.961732,
    "p99_us": 257.809442,
    "min_us": 2.043425,
    "max_us": 665.512631
  },
  "latency_hot": {
    "count": 617188,
    "mean_us": 95.858821,
    "p50_us": 21.785376,
    "p99_us": 257.849609,
    "min_us": 2.043425,
    "max_us": 665.512631
  },
  "latency_cold": {
    "count": 140770,
    "mean_us": 4.429460,
    "p50_us": 4.119328,
    "p99_us": 8.730988,
    "min_us": 2.043441,
    "max_us": 15.433728
  },
  "dispatch_cct_us": 665.512631,
  "combine_cct_us": 665.484643,
  "roundtrip_step_us": 1333.397274
}
