{
  "scenario": 4,
  "scheme": "packet_spray",
  "mode": "roundtrip",
  "batch": 512,
  "zipf_s": 0.900000,
  "topk": 8,
  "ep_size": 128,
  "seed": 62,
  "start_skew_us": 4.000000,
  "tau_g_ns": 143.360000,
  "grain_bytes": 7168,
  "total_tokens": 1048576,
  "max_egress_load": 6739,
  "konig_us": 1845.616640,
  "rtt_us": 0.000000,
  "barrier_us": 6.000000,
  "cct_us": 2024.958011,
  "step_us": 3947.911136,
  "gemv_us": 1916.953125,
  "e2e_us": 3941.911136,
  "throughput_GBs": 1903.840413,
  "latency_all": {
    "count": 1048576,
    "mean_us": 340.801327,
    "p50_us": 104.201330,
    "p99_us": 521.537544,
    "min_us": 1.153523,
    "max_us": 1058.756624
  },
  "latency_hot": {
    "count": 463836,
    "mean_us": 386.823678,
    "p50_us": 229.226070,
    "p99_us": 790.767624,
    "min_us": 3.898634,
    "max_us": 1018.615824
  },
  "latency_cold": {
    "count": 189850,
    "mean_us": 302.008272,
    "p50_us": 118.548444,
    "p99_us": 942.061584,
    "min_us": 4.627619,
    "max_us": 1058.756624
  },
  "dispatch_cct_us": 966.201387,
  "combine_cct_us": 1058.756624,
  "roundtrip_step_us": 2030.958011,
  "e2e_step_us": 3947.911136
}
