{
  "scenario": 1,
  "scheme": "ub_rg",
  "mode": "roundtrip",
  "batch": 16,
  "zipf_s": 0.700000,
  "topk": 8,
  "ep_size": 32,
  "seed": 65,
  "start_skew_us": 4.000000,
  "tau_g_ns": 143.360000,
  "grain_bytes": 7168,
  "total_tokens": 8192,
  "max_egress_load": 55,
  "konig_us": 15.196160,
  "rtt_us": 0.600000,
  "barrier_us": 0.800000,
  "cct_us": 24.010739,
  "step_us": 40.631052,
  "gemv_us": 15.820312,
  "e2e_us": 39.831052,
  "throughput_GBs": 1445.206403,
  "latency_all": {
    "count": 8192,
    "mean_us": 4.893214,
    "p50_us": 4.674460,
    "p99_us": 10.182526,
    "min_us": 1.341361,
    "max_us": 12.897651
  },
  "latency_hot": {
    "count": 1958,
    "mean_us": 6.461185,
    "p50_us": 6.366451,
    "p99_us": 11.068164,
    "min_us": 1.549666,
    "max_us": 12.897651
  },
  "latency_cold": {
    "count": 2596,
    "mean_us": 3.919063,
    "p50_us": 3.794525,
    "p99_us": 6.624372,
    "min_us": 1.388951,
    "max_us": 7.709503
  },
  "dispatch_cct_us": 12.897651,
  "combine_cct_us": 11.113088,
  "roundtrip_step_us": 24.810739,
  "e2e_step_us": 40.631052
}
