{
  "scenario": 4,
  "scheme": "packet_spray",
  "mode": "roundtrip",
  "batch": 64,
  "zipf_s": 0.000000,
  "topk": 8,
  "ep_size": 256,
  "seed": 73,
  "start_skew_us": 4.000000,
  "tau_g_ns": 143.360000,
  "grain_bytes": 7168,
  "total_tokens": 262144,
  "max_egress_load": 99,
  "konig_us": 26.521600,
  "rtt_us": 0.000000,
  "barrier_us": 6.000000,
  "cct_us": 48.564611,
  "step_us": 76.830236,
  "gemv_us": 22.265625,
  "e2e_us": 70.830236,
  "throughput_GBs": 24457.144569,
  "latency_all": {
    "count": 262144,
    "mean_us": 13.766127,
    "p50_us": 13.577005,
    "p99_us": 21.031725,
    "min_us": 0.258643,
    "max_us": 24.802448
  },
  "latency_hot": {
    "count": 25644,
    "mean_us": 11.416437,
    "p50_us": 11.456300,
    "p99_us": 20.862601,
    "min_us": 0.442565,
    "max_us": 23.431214
  },
  "latency_cold": {
    "count": 131104,
    "mean_us": 14.916974,
    "p50_us": 15.043241,
    "p99_us": 21.468403,
    "min_us": 0.402003,
    "max_us": 24.667260
  },
  "dispatch_cct_us": 24.802448,
  "combine_cct_us": 23.762163,
  "roundtrip_step_us": 54.564611,
  "e2e_step_us": 76.830236
}
