{
  "scenario": 4,
  "scheme": "ub_rg",
  "mode": "roundtrip",
  "batch": 64,
  "zipf_s": 0.700000,
  "topk": 8,
  "ep_size": 512,
  "seed": 4,
  "start_skew_us": 4.000000,
  "tau_g_ns": 143.360000,
  "grain_bytes": 7168,
  "total_tokens": 524288,
  "max_egress_load": 1676,
  "konig_us": 451.153920,
  "rtt_us": 0.800000,
  "barrier_us": 1.600000,
  "cct_us": 486.981767,
  "step_us": 947.995830,
  "gemv_us": 459.414062,
  "e2e_us": 946.395830,
  "throughput_GBs": 3964.254130,
  "latency_all": {
    "count": 524288,
    "mean_us": 21.028776,
    "p50_us": 9.114769,
    "p99_us": 37.871045,
    "min_us": 1.121041,
    "max_us": 244.761496
  },
  "latency_hot": {
    "count": 217138,
    "mean_us": 39.280286,
    "p50_us": 23.045759,
    "p99_us": 178.182824,
    "min_us": 1.179669,
    "max_us": 244.761496
  },
  "latency_cold": {
    "count": 116352,
    "mean_us": 6.233334,
    "p50_us": 6.170942,
    "p99_us": 10.866232,
    "min_us": 1.121041,
    "max_us": 20.651547
  },
  "dispatch_cct_us": 244.761496,
  "combine_cct_us": 242.220271,
  "roundtrip_step_us": 488.581767,
  "e2e_step_us": 947.995830
}
