{
  "scenario": 1,
  "scheme": "ub_rg_pop",
  "mode": "roundtrip",
  "batch": 512,
  "zipf_s": 0.000000,
  "topk": 8,
  "ep_size": 32,
  "seed": 76,
  "start_skew_us": 4.000000,
  "tau_g_ns": 143.360000,
  "grain_bytes": 7168,
  "total_tokens": 262144,
  "max_egress_load": 594,
  "konig_us": 165.867520,
  "rtt_us": 0.900000,
  "barrier_us": 0.800000,
  "cct_us": 189.691995,
  "step_us": 354.788870,
  "gemv_us": 164.296875,
  "e2e_us": 353.988870,
  "throughput_GBs": 5296.243341,
  "latency_all": {
    "count": 262144,
    "mean_us": 45.596013,
    "p50_us": 36.783386,
    "p99_us": 85.003013,
    "min_us": 1.443413,
    "max_us": 96.901426
  },
  "latency_hot": {
    "count": 24858,
    "mean_us": 44.039302,
    "p50_us": 43.873142,
    "p99_us": 85.935962,
    "min_us": 1.443413,
    "max_us": 96.901426
  },
  "latency_cold": {
    "count": 131054,
    "mean_us": 45.352379,
    "p50_us": 45.241367,
    "p99_us": 85.152612,
    "min_us": 1.900819,
    "max_us": 95.037768
  },
  "dispatch_cct_us": 96.901426,
  "combine_cct_us": 92.790569,
  "roundtrip_step_us": 190.491995,
  "e2e_step_us": 354.788870
}
