{
  "scenario": 4,
  "scheme": "ub_rg_pop",
  "mode": "roundtrip",
  "batch": 64,
  "zipf_s": 0.700000,
  "topk": 8,
  "ep_size": 256,
  "seed": 3,
  "start_skew_us": 4.000000,
  "tau_g_ns": 143.360000,
  "grain_bytes": 7168,
  "total_tokens": 262144,
  "max_egress_load": 1003,
  "konig_us": 271.380480,
  "rtt_us": 1.200000,
  "barrier_us": 1.600000,
  "cct_us": 296.555284,
  "step_us": 576.124034,
  "gemv_us": 277.968750,
  "e2e_us": 574.524034,
  "throughput_GBs": 3261.534114,
  "latency_all": {
    "count": 262144,
    "mean_us": 17.457611,
    "p50_us": 8.372897,
    "p99_us": 96.162177,
    "min_us": 1.468796,
    "max_us": 148.701206
  },
  "latency_hot": {
    "count": 101276,
    "mean_us": 31.592549,
    "p50_us": 23.194835,
    "p99_us": 122.343756,
    "min_us": 1.815813,
    "max_us": 148.701206
  },
  "latency_cold": {
    "count": 60832,
    "mean_us": 6.633530,
    "p50_us": 6.562301,
    "p99_us": 11.326468,
    "min_us": 1.623713,
    "max_us": 17.293413
  },
  "dispatch_cct_us": 148.701206,
  "combine_cct_us": 147.854079,
  "roundtrip_step_us": 298.155284,
  "e2e_step_us": 576.124034
}
