{
  "scenario": 4,
  "scheme": "ub_rg",
  "mode": "roundtrip",
  "batch": 16,
  "zipf_s": 0.900000,
  "topk": 8,
  "ep_size": 128,
  "seed": 74,
  "start_skew_us": 4.000000,
  "tau_g_ns": 143.360000,
  "grain_bytes": 7168,
  "total_tokens": 32768,
  "max_egress_load": 205,
  "konig_us": 57.200640,
  "rtt_us": 0.800000,
  "barrier_us": 1.600000,
  "cct_us": 92.110485,
  "step_us": 154.296422,
  "gemv_us": 60.585938,
  "e2e_us": 152.696422,
  "throughput_GBs": 1522.271355,
  "latency_all": {
    "count": 32768,
    "mean_us": 15.261304,
    "p50_us": 14.441754,
    "p99_us": 36.696621,
    "min_us": 1.064436,
    "max_us": 51.333413
  },
  "latency_hot": {
    "count": 14300,
    "mean_us": 18.667775,
    "p50_us": 17.737417,
    "p99_us": 38.912510,
    "min_us": 2.065121,
    "max_us": 51.333413
  },
  "latency_cold": {
    "count": 6176,
    "mean_us": 11.849444,
    "p50_us": 11.743481,
    "p99_us": 21.742770,
    "min_us": 1.064436,
    "max_us": 24.513236
  },
  "dispatch_cct_us": 51.333413,
  "combine_cct_us": 40.777072,
  "roundtrip_step_us": 93.710485,
  "e2e_step_us": 154.296422
}
