{
  "scenario": 2,
  "scheme": "packet_spray",
  "mode": "roundtrip",
  "batch": 16,
  "zipf_s": 0.900000,
  "topk": 8,
  "ep_size": 256,
  "seed": 88,
  "tau_g_ns": 143.360000,
  "grain_bytes": 7168,
  "total_tokens": 65536,
  "max_egress_load": 375,
  "konig_us": 103.362560,
  "rtt_us": 0.000000,
  "barrier_us": 8.000000,
  "cct_us": 109.566880,
  "step_us": 117.566880,
  "throughput_GBs": 3995.700558,
  "latency_all": {
    "count": 65536,
    "mean_us": 19.064566,
    "p50_us": 13.639120,
    "p99_us": 51.916240,
    "min_us": 0.880080,
    "max_us": 56.360400
  },
  "latency_hot": {
    "count": 33176,
    "mean_us": 20.233481,
    "p50_us": 15.502800,
    "p99_us": 50.769360,
    "min_us": 0.880080,
    "max_us": 56.360400
  },
  "latency_cold": {
    "count": 10450,
    "mean_us": 17.825067,
    "p50_us": 5.180880,
    "p99_us": 52.346320,
    "min_us": 0.880080,
    "max_us": 53.206480
  },
  "dispatch_cct_us": 56.360400,
  "combine_cct_us": 53.206480,
  "roundtrip_step_us": 117.566880
}
