{
  "scenario": 4,
  "scheme": "ub_rg",
  "mode": "roundtrip",
  "batch": 512,
  "zipf_s": 0.300000,
  "topk": 8,
  "ep_size": 256,
  "seed": 64,
  "start_skew_us": 4.000000,
  "tau_g_ns": 143.360000,
  "grain_bytes": 7168,
  "total_tokens": 2097152,
  "max_egress_load": 2100,
  "konig_us": 569.999360,
  "rtt_us": 0.800000,
  "barrier_us": 1.600000,
  "cct_us": 625.734790,
  "step_us": 1213.467602,
  "gemv_us": 586.132812,
  "e2e_us": 1211.867602,
  "throughput_GBs": 12387.957874,
  "latency_all": {
    "count": 2097152,
    "mean_us": 55.338914,
    "p50_us": 25.132337,
    "p99_us": 133.189875,
    "min_us": 1.358043,
    "max_us": 314.826958
  },
  "latency_hot": {
    "count": 389922,
    "mean_us": 88.261990,
    "p50_us": 83.892627,
    "p99_us": 247.912614,
    "min_us": 1.358043,
    "max_us": 314.826958
  },
  "latency_cold": {
    "count": 820586,
    "mean_us": 42.255670,
    "p50_us": 30.676532,
    "p99_us": 69.949481,
    "min_us": 1.409688,
    "max_us": 112.676531
  },
  "dispatch_cct_us": 314.826958,
  "combine_cct_us": 310.907831,
  "roundtrip_step_us": 627.334790,
  "e2e_step_us": 1213.467602
}
