{
  "scenario": 1,
  "scheme": "ub_rg_pop",
  "mode": "roundtrip",
  "batch": 256,
  "zipf_s": 0.000000,
  "topk": 8,
  "ep_size": 32,
  "seed": 62,
  "start_skew_us": 4.000000,
  "tau_g_ns": 143.360000,
  "grain_bytes": 7168,
  "total_tokens": 131072,
  "max_egress_load": 303,
  "konig_us": 86.302720,
  "rtt_us": 0.900000,
  "barrier_us": 0.800000,
  "cct_us": 114.995081,
  "step_us": 198.177894,
  "gemv_us": 82.382812,
  "e2e_us": 197.377894,
  "throughput_GBs": 4740.811796,
  "latency_all": {
    "count": 131072,
    "mean_us": 26.964922,
    "p50_us": 26.868629,
    "p99_us": 50.696157,
    "min_us": 1.526926,
    "max_us": 59.684650
  },
  "latency_hot": {
    "count": 12204,
    "mean_us": 26.946960,
    "p50_us": 26.884936,
    "p99_us": 49.771238,
    "min_us": 1.526926,
    "max_us": 55.976485
  },
  "latency_cold": {
    "count": 65582,
    "mean_us": 27.150024,
    "p50_us": 27.022284,
    "p99_us": 50.930801,
    "min_us": 1.572715,
    "max_us": 58.725105
  },
  "dispatch_cct_us": 59.684650,
  "combine_cct_us": 55.310431,
  "roundtrip_step_us": 115.795081,
  "e2e_step_us": 198.177894
}
