{
  "scenario": 4,
  "scheme": "ub_rg_pop",
  "mode": "roundtrip",
  "batch": 128,
  "zipf_s": 0.700000,
  "topk": 8,
  "ep_size": 128,
  "seed": 80,
  "start_skew_us": 4.000000,
  "tau_g_ns": 143.360000,
  "grain_bytes": 7168,
  "total_tokens": 262144,
  "max_egress_load": 1164,
  "konig_us": 325.140480,
  "rtt_us": 1.200000,
  "barrier_us": 1.600000,
  "cct_us": 362.163077,
  "step_us": 708.763077,
  "gemv_us": 345.000000,
  "e2e_us": 707.163077,
  "throughput_GBs": 2651.165464,
  "latency_all": {
    "count": 262144,
    "mean_us": 33.877907,
    "p50_us": 21.480162,
    "p99_us": 135.317568,
    "min_us": 1.647104,
    "max_us": 185.330467
  },
  "latency_hot": {
    "count": 90032,
    "mean_us": 56.014330,
    "p50_us": 47.401866,
    "p99_us": 161.885364,
    "min_us": 3.197294,
    "max_us": 185.330467
  },
  "latency_cold": {
    "count": 64250,
    "mean_us": 18.607113,
    "p50_us": 18.464328,
    "p99_us": 30.094168,
    "min_us": 2.013869,
    "max_us": 37.409377
  },
  "dispatch_cct_us": 185.330467,
  "combine_cct_us": 176.832610,
  "roundtrip_step_us": 363.763077,
  "e2e_step_us": 708.763077
}
