{
  "scenario": 1,
  "scheme": "islip",
  "mode": "roundtrip",
  "batch": 512,
  "zipf_s": 0.700000,
  "topk": 8,
  "ep_size": 64,
  "seed": 55,
  "start_skew_us": 4.000000,
  "tau_g_ns": 143.360000,
  "grain_bytes": 7168,
  "total_tokens": 524288,
  "max_egress_load": 2693,
  "konig_us": 765.829120,
  "rtt_us": 0.600000,
  "barrier_us": 0.800000,
  "cct_us": 808.497886,
  "step_us": 1636.915074,
  "gemv_us": 827.617188,
  "e2e_us": 1636.115074,
  "throughput_GBs": 2295.840783,
  "latency_all": {
    "count": 524288,
    "mean_us": 75.938689,
    "p50_us": 40.947528,
    "p99_us": 144.323155,
    "min_us": 1.160967,
    "max_us": 405.011139
  },
  "latency_hot": {
    "count": 155802,
    "mean_us": 143.203620,
    "p50_us": 129.988972,
    "p99_us": 381.151031,
    "min_us": 1.295968,
    "max_us": 405.011139
  },
  "latency_cold": {
    "count": 141026,
    "mean_us": 33.686126,
    "p50_us": 33.201624,
    "p99_us": 63.211352,
    "min_us": 1.170047,
    "max_us": 76.297860
  },
  "dispatch_cct_us": 403.486748,
  "combine_cct_us": 405.011139,
  "roundtrip_step_us": 809.297886,
  "e2e_step_us": 1636.915074
}
