{
  "scenario": 4,
  "scheme": "packet_spray",
  "mode": "roundtrip",
  "batch": 64,
  "zipf_s": 0.000000,
  "topk": 8,
  "ep_size": 256,
  "seed": 89,
  "start_skew_us": 4.000000,
  "tau_g_ns": 143.360000,
  "grain_bytes": 7168,
  "total_tokens": 262144,
  "max_egress_load": 100,
  "konig_us": 27.811840,
  "rtt_us": 0.000000,
  "barrier_us": 6.000000,
  "cct_us": 83.308197,
  "step_us": 112.042572,
  "gemv_us": 22.734375,
  "e2e_us": 106.042572,
  "throughput_GBs": 16770.841280,
  "latency_all": {
    "count": 262144,
    "mean_us": 27.415490,
    "p50_us": 26.704972,
    "p99_us": 35.493320,
    "min_us": 0.766800,
    "max_us": 42.510557
  },
  "latency_hot": {
    "count": 25892,
    "mean_us": 24.511131,
    "p50_us": 24.536490,
    "p99_us": 35.063240,
    "min_us": 2.513396,
    "max_us": 40.797640
  },
  "latency_cold": {
    "count": 131326,
    "mean_us": 28.793115,
    "p50_us": 29.142906,
    "p99_us": 38.200408,
    "min_us": 0.766800,
    "max_us": 42.510557
  },
  "dispatch_cct_us": 40.797640,
  "combine_cct_us": 42.510557,
  "roundtrip_step_us": 89.308197,
  "e2e_step_us": 112.042572
}
