{
  "scenario": 4,
  "scheme": "packet_spray",
  "mode": "roundtrip",
  "batch": 64,
  "zipf_s": 0.900000,
  "topk": 8,
  "ep_size": 256,
  "seed": 61,
  "start_skew_us": 4.000000,
  "tau_g_ns": 143.360000,
  "grain_bytes": 7168,
  "total_tokens": 262144,
  "max_egress_load": 1516,
  "konig_us": 416.747520,
  "rtt_us": 0.000000,
  "barrier_us": 6.000000,
  "cct_us": 466.060508,
  "step_us": 906.669883,
  "gemv_us": 434.609375,
  "e2e_us": 900.669883,
  "throughput_GBs": 2072.472270,
  "latency_all": {
    "count": 262144,
    "mean_us": 80.333188,
    "p50_us": 42.393477,
    "p99_us": 209.182519,
    "min_us": 0.766800,
    "max_us": 242.155319
  },
  "latency_hot": {
    "count": 133120,
    "mean_us": 88.575199,
    "p50_us": 71.170551,
    "p99_us": 211.619639,
    "min_us": 1.962512,
    "max_us": 236.850999
  },
  "latency_cold": {
    "count": 41790,
    "mean_us": 71.202638,
    "p50_us": 29.839159,
    "p99_us": 215.490359,
    "min_us": 1.770320,
    "max_us": 242.155319
  },
  "dispatch_cct_us": 223.905190,
  "combine_cct_us": 242.155319,
  "roundtrip_step_us": 472.060508,
  "e2e_step_us": 906.669883
}
