{
  "scenario": 4,
  "scheme": "ub_rg",
  "mode": "roundtrip",
  "batch": 512,
  "zipf_s": 0.300000,
  "topk": 8,
  "ep_size": 512,
  "seed": 47,
  "start_skew_us": 4.000000,
  "tau_g_ns": 143.360000,
  "grain_bytes": 7168,
  "total_tokens": 4194304,
  "max_egress_load": 2543,
  "konig_us": 693.002240,
  "rtt_us": 0.800000,
  "barrier_us": 1.600000,
  "cct_us": 738.471063,
  "step_us": 1455.930438,
  "gemv_us": 715.859375,
  "e2e_us": 1454.330438,
  "throughput_GBs": 20649.867803,
  "latency_all": {
    "count": 4194304,
    "mean_us": 48.508124,
    "p50_us": 21.600992,
    "p99_us": 159.343283,
    "min_us": 1.048965,
    "max_us": 369.811578
  },
  "latency_hot": {
    "count": 806138,
    "mean_us": 83.554034,
    "p50_us": 44.979518,
    "p99_us": 159.272909,
    "min_us": 1.236735,
    "max_us": 369.811578
  },
  "latency_cold": {
    "count": 1630424,
    "mean_us": 34.656693,
    "p50_us": 16.225866,
    "p99_us": 64.645108,
    "min_us": 1.148577,
    "max_us": 119.459642
  },
  "dispatch_cct_us": 368.659484,
  "combine_cct_us": 369.811578,
  "roundtrip_step_us": 740.071063,
  "e2e_step_us": 1455.930438
}
