{
  "scenario": 1,
  "scheme": "ub_rg_pop",
  "mode": "roundtrip",
  "batch": 256,
  "zipf_s": 0.000000,
  "topk": 8,
  "ep_size": 32,
  "seed": 65,
  "tau_g_ns": 143.360000,
  "grain_bytes": 7168,
  "total_tokens": 131072,
  "max_egress_load": 298,
  "konig_us": 84.725760,
  "rtt_us": 0.900000,
  "barrier_us": 0.800000,
  "cct_us": 88.641363,
  "step_us": 89.441363,
  "throughput_GBs": 10504.358035,
  "latency_all": {
    "count": 131072,
    "mean_us": 20.085368,
    "p50_us": 19.980870,
    "p99_us": 39.793376,
    "min_us": 1.443583,
    "max_us": 44.467435
  },
  "latency_hot": {
    "count": 12426,
    "mean_us": 20.289771,
    "p50_us": 20.172916,
    "p99_us": 40.182246,
    "min_us": 1.447421,
    "max_us": 44.467435
  },
  "latency_cold": {
    "count": 65374,
    "mean_us": 20.047715,
    "p50_us": 19.940914,
    "p99_us": 39.790642,
    "min_us": 1.443583,
    "max_us": 44.173927
  },
  "dispatch_cct_us": 44.467435,
  "combine_cct_us": 44.173927,
  "roundtrip_step_us": 89.441363
}
