{
  "scenario": 4,
  "scheme": "packet_spray",
  "mode": "roundtrip",
  "batch": 128,
  "zipf_s": 0.900000,
  "topk": 8,
  "ep_size": 512,
  "seed": 23,
  "start_skew_us": 4.000000,
  "tau_g_ns": 143.360000,
  "grain_bytes": 7168,
  "total_tokens": 1048576,
  "max_egress_load": 5578,
  "konig_us": 1524.776960,
  "rtt_us": 0.000000,
  "barrier_us": 6.000000,
  "cct_us": 1575.756366,
  "step_us": 3162.225116,
  "gemv_us": 1580.468750,
  "e2e_us": 3156.225116,
  "throughput_GBs": 2376.868342,
  "latency_all": {
    "count": 1048576,
    "mean_us": 228.382703,
    "p50_us": 26.717712,
    "p99_us": 324.043878,
    "min_us": 0.240285,
    "max_us": 823.737778
  },
  "latency_hot": {
    "count": 582334,
    "mean_us": 252.538285,
    "p50_us": 61.883548,
    "p99_us": 488.844859,
    "min_us": 0.365265,
    "max_us": 814.276018
  },
  "latency_cold": {
    "count": 153114,
    "mean_us": 197.634426,
    "p50_us": 27.369834,
    "p99_us": 727.829938,
    "min_us": 0.240285,
    "max_us": 823.737778
  },
  "dispatch_cct_us": 752.018588,
  "combine_cct_us": 823.737778,
  "roundtrip_step_us": 1581.756366,
  "e2e_step_us": 3162.225116
}
