{
  "scenario": 1,
  "scheme": "ub_rg_pop",
  "mode": "roundtrip",
  "batch": 256,
  "zipf_s": 0.000000,
  "topk": 8,
  "ep_size": 32,
  "seed": 93,
  "start_skew_us": 4.000000,
  "tau_g_ns": 143.360000,
  "grain_bytes": 7168,
  "total_tokens": 131072,
  "max_egress_load": 297,
  "konig_us": 85.012480,
  "rtt_us": 0.900000,
  "barrier_us": 0.800000,
  "cct_us": 94.328642,
  "step_us": 178.058330,
  "gemv_us": 82.929688,
  "e2e_us": 177.258330,
  "throughput_GBs": 5276.496179,
  "latency_all": {
    "count": 131072,
    "mean_us": 22.135082,
    "p50_us": 22.032249,
    "p99_us": 42.406961,
    "min_us": 1.500741,
    "max_us": 47.873346
  },
  "latency_hot": {
    "count": 12190,
    "mean_us": 21.825678,
    "p50_us": 21.694972,
    "p99_us": 42.690843,
    "min_us": 1.582118,
    "max_us": 47.873346
  },
  "latency_cold": {
    "count": 65430,
    "mean_us": 22.201516,
    "p50_us": 22.097758,
    "p99_us": 42.416159,
    "min_us": 1.511933,
    "max_us": 46.455296
  },
  "dispatch_cct_us": 47.873346,
  "combine_cct_us": 46.455296,
  "roundtrip_step_us": 95.128642,
  "e2e_step_us": 178.058330
}
