{
  "scenario": 1,
  "scheme": "ub_rg_pop",
  "mode": "roundtrip",
  "batch": 256,
  "zipf_s": 0.300000,
  "topk": 8,
  "ep_size": 128,
  "seed": 35,
  "start_skew_us": 4.000000,
  "tau_g_ns": 143.360000,
  "grain_bytes": 7168,
  "total_tokens": 524288,
  "max_egress_load": 756,
  "konig_us": 213.463040,
  "rtt_us": 0.900000,
  "barrier_us": 0.800000,
  "cct_us": 248.441169,
  "step_us": 478.030232,
  "gemv_us": 228.789062,
  "e2e_us": 477.230232,
  "throughput_GBs": 7861.629104,
  "latency_all": {
    "count": 524288,
    "mean_us": 33.065111,
    "p50_us": 27.279887,
    "p99_us": 49.212260,
    "min_us": 1.480738,
    "max_us": 127.427183
  },
  "latency_hot": {
    "count": 91330,
    "mean_us": 49.067629,
    "p50_us": 47.514675,
    "p99_us": 109.002417,
    "min_us": 3.631482,
    "max_us": 127.427183
  },
  "latency_cold": {
    "count": 206790,
    "mean_us": 27.012128,
    "p50_us": 26.336581,
    "p99_us": 46.117100,
    "min_us": 3.531038,
    "max_us": 58.823374
  },
  "dispatch_cct_us": 127.427183,
  "combine_cct_us": 121.013986,
  "roundtrip_step_us": 249.241169,
  "e2e_step_us": 478.030232
}
