{
  "scenario": 1,
  "scheme": "islip",
  "mode": "roundtrip",
  "batch": 512,
  "zipf_s": 0.900000,
  "topk": 8,
  "ep_size": 32,
  "seed": 50,
  "start_skew_us": 4.000000,
  "tau_g_ns": 143.360000,
  "grain_bytes": 7168,
  "total_tokens": 262144,
  "max_egress_load": 1866,
  "konig_us": 532.725760,
  "rtt_us": 0.600000,
  "barrier_us": 0.800000,
  "cct_us": 544.837303,
  "step_us": 1123.762303,
  "gemv_us": 578.125000,
  "e2e_us": 1122.962303,
  "throughput_GBs": 1672.104668,
  "latency_all": {
    "count": 262144,
    "mean_us": 61.203051,
    "p50_us": 31.332117,
    "p99_us": 232.861817,
    "min_us": 1.179803,
    "max_us": 272.438238
  },
  "latency_hot": {
    "count": 72876,
    "mean_us": 115.181613,
    "p50_us": 111.937164,
    "p99_us": 262.917548,
    "min_us": 1.305688,
    "max_us": 272.438238
  },
  "latency_cold": {
    "count": 66942,
    "mean_us": 22.613114,
    "p50_us": 22.003146,
    "p99_us": 49.496140,
    "min_us": 1.315615,
    "max_us": 56.213654
  },
  "dispatch_cct_us": 272.438238,
  "combine_cct_us": 272.399064,
  "roundtrip_step_us": 545.637303,
  "e2e_step_us": 1123.762303
}
