{
  "scenario": 1,
  "scheme": "islip",
  "mode": "roundtrip",
  "batch": 16,
  "zipf_s": 0.300000,
  "topk": 8,
  "ep_size": 64,
  "seed": 85,
  "start_skew_us": 4.000000,
  "tau_g_ns": 143.360000,
  "grain_bytes": 7168,
  "total_tokens": 16384,
  "max_egress_load": 48,
  "konig_us": 12.472320,
  "rtt_us": 0.600000,
  "barrier_us": 0.800000,
  "cct_us": 49.523609,
  "step_us": 62.237672,
  "gemv_us": 11.914062,
  "e2e_us": 61.437672,
  "throughput_GBs": 1886.968269,
  "latency_all": {
    "count": 16384,
    "mean_us": 11.337504,
    "p50_us": 11.137895,
    "p99_us": 20.874475,
    "min_us": 1.162025,
    "max_us": 28.240043
  },
  "latency_hot": {
    "count": 2700,
    "mean_us": 12.159112,
    "p50_us": 12.046759,
    "p99_us": 22.627764,
    "min_us": 1.473936,
    "max_us": 28.240043
  },
  "latency_cold": {
    "count": 6570,
    "mean_us": 10.953512,
    "p50_us": 10.881672,
    "p99_us": 20.510735,
    "min_us": 1.162025,
    "max_us": 27.230331
  },
  "dispatch_cct_us": 28.240043,
  "combine_cct_us": 21.283566,
  "roundtrip_step_us": 50.323609,
  "e2e_step_us": 62.237672
}
