{
  "scenario": 1,
  "scheme": "islip",
  "mode": "roundtrip",
  "batch": 16,
  "zipf_s": 0.900000,
  "topk": 8,
  "ep_size": 64,
  "seed": 30,
  "start_skew_us": 4.000000,
  "tau_g_ns": 143.360000,
  "grain_bytes": 7168,
  "total_tokens": 16384,
  "max_egress_load": 108,
  "konig_us": 30.535680,
  "rtt_us": 0.600000,
  "barrier_us": 0.800000,
  "cct_us": 39.881512,
  "step_us": 73.259637,
  "gemv_us": 32.578125,
  "e2e_us": 72.459637,
  "throughput_GBs": 1603.072535,
  "latency_all": {
    "count": 16384,
    "mean_us": 5.817530,
    "p50_us": 5.058708,
    "p99_us": 17.167588,
    "min_us": 1.190224,
    "max_us": 20.351436
  },
  "latency_hot": {
    "count": 6018,
    "mean_us": 8.233091,
    "p50_us": 7.656973,
    "p99_us": 18.304131,
    "min_us": 1.340065,
    "max_us": 20.351436
  },
  "latency_cold": {
    "count": 3438,
    "mean_us": 3.869702,
    "p50_us": 3.906771,
    "p99_us": 6.228417,
    "min_us": 1.200943,
    "max_us": 7.120717
  },
  "dispatch_cct_us": 20.351436,
  "combine_cct_us": 19.530076,
  "roundtrip_step_us": 40.681512,
  "e2e_step_us": 73.259637
}
