{
  "scenario": 1,
  "scheme": "islip",
  "mode": "roundtrip",
  "batch": 16,
  "zipf_s": 0.900000,
  "topk": 8,
  "ep_size": 128,
  "seed": 22,
  "start_skew_us": 4.000000,
  "tau_g_ns": 143.360000,
  "grain_bytes": 7168,
  "total_tokens": 32768,
  "max_egress_load": 200,
  "konig_us": 55.910400,
  "rtt_us": 0.600000,
  "barrier_us": 0.800000,
  "cct_us": 66.005505,
  "step_us": 126.102380,
  "gemv_us": 59.296875,
  "e2e_us": 125.302380,
  "throughput_GBs": 1862.621651,
  "latency_all": {
    "count": 32768,
    "mean_us": 7.187115,
    "p50_us": 5.258675,
    "p99_us": 28.102885,
    "min_us": 1.188562,
    "max_us": 33.180788
  },
  "latency_hot": {
    "count": 14562,
    "mean_us": 10.740972,
    "p50_us": 8.833154,
    "p99_us": 30.099597,
    "min_us": 1.276724,
    "max_us": 33.180788
  },
  "latency_cold": {
    "count": 5972,
    "mean_us": 3.781089,
    "p50_us": 3.777497,
    "p99_us": 6.257130,
    "min_us": 1.188562,
    "max_us": 6.910330
  },
  "dispatch_cct_us": 32.824718,
  "combine_cct_us": 33.180788,
  "roundtrip_step_us": 66.805505,
  "e2e_step_us": 126.102380
}
