{
  "scenario": 1,
  "scheme": "ub_rg",
  "mode": "roundtrip",
  "batch": 128,
  "zipf_s": 0.300000,
  "topk": 8,
  "ep_size": 64,
  "seed": 84,
  "start_skew_us": 4.000000,
  "tau_g_ns": 143.360000,
  "grain_bytes": 7168,
  "total_tokens": 131072,
  "max_egress_load": 301,
  "konig_us": 84.439040,
  "rtt_us": 0.600000,
  "barrier_us": 0.800000,
  "cct_us": 94.055601,
  "step_us": 184.660289,
  "gemv_us": 89.804688,
  "e2e_us": 183.860289,
  "throughput_GBs": 5087.851327,
  "latency_all": {
    "count": 131072,
    "mean_us": 13.625208,
    "p50_us": 12.724379,
    "p99_us": 35.495395,
    "min_us": 1.186106,
    "max_us": 47.610560
  },
  "latency_hot": {
    "count": 21118,
    "mean_us": 19.692925,
    "p50_us": 19.235771,
    "p99_us": 42.577031,
    "min_us": 1.186106,
    "max_us": 47.610560
  },
  "latency_cold": {
    "count": 52480,
    "mean_us": 10.948212,
    "p50_us": 10.805905,
    "p99_us": 20.661055,
    "min_us": 1.322349,
    "max_us": 24.756449
  },
  "dispatch_cct_us": 47.610560,
  "combine_cct_us": 46.445041,
  "roundtrip_step_us": 94.855601,
  "e2e_step_us": 184.660289
}
