{
  "scenario": 1,
  "scheme": "islip",
  "mode": "roundtrip",
  "batch": 16,
  "zipf_s": 0.900000,
  "topk": 8,
  "ep_size": 64,
  "seed": 60,
  "start_skew_us": 4.000000,
  "tau_g_ns": 143.360000,
  "grain_bytes": 7168,
  "total_tokens": 16384,
  "max_egress_load": 112,
  "konig_us": 31.252480,
  "rtt_us": 0.600000,
  "barrier_us": 0.800000,
  "cct_us": 61.231276,
  "step_us": 95.039088,
  "gemv_us": 33.007812,
  "e2e_us": 94.239088,
  "throughput_GBs": 1235.707480,
  "latency_all": {
    "count": 16384,
    "mean_us": 13.383535,
    "p50_us": 13.201268,
    "p99_us": 26.761273,
    "min_us": 1.164768,
    "max_us": 31.777101
  },
  "latency_hot": {
    "count": 6032,
    "mean_us": 15.965804,
    "p50_us": 15.974444,
    "p99_us": 28.150574,
    "min_us": 1.357284,
    "max_us": 31.777101
  },
  "latency_cold": {
    "count": 3410,
    "mean_us": 11.483948,
    "p50_us": 12.200128,
    "p99_us": 20.860740,
    "min_us": 1.164768,
    "max_us": 21.749505
  },
  "dispatch_cct_us": 31.777101,
  "combine_cct_us": 29.454175,
  "roundtrip_step_us": 62.031276,
  "e2e_step_us": 95.039088
}
