{
  "scenario": 4,
  "scheme": "packet_spray",
  "mode": "roundtrip",
  "batch": 64,
  "zipf_s": 0.700000,
  "topk": 8,
  "ep_size": 256,
  "seed": 15,
  "start_skew_us": 4.000000,
  "tau_g_ns": 143.360000,
  "grain_bytes": 7168,
  "total_tokens": 262144,
  "max_egress_load": 1047,
  "konig_us": 279.265280,
  "rtt_us": 0.000000,
  "barrier_us": 6.000000,
  "cct_us": 320.290585,
  "step_us": 607.657772,
  "gemv_us": 281.367188,
  "e2e_us": 601.657772,
  "throughput_GBs": 3092.280355,
  "latency_all": {
    "count": 262144,
    "mean_us": 57.818131,
    "p50_us": 33.520442,
    "p99_us": 141.185923,
    "min_us": 1.483600,
    "max_us": 166.130563
  },
  "latency_hot": {
    "count": 101020,
    "mean_us": 63.324994,
    "p50_us": 52.016003,
    "p99_us": 142.476163,
    "min_us": 3.322846,
    "max_us": 159.536003
  },
  "latency_cold": {
    "count": 60428,
    "mean_us": 54.261922,
    "p50_us": 29.597778,
    "p99_us": 147.493763,
    "min_us": 2.800446,
    "max_us": 166.130563
  },
  "dispatch_cct_us": 154.160022,
  "combine_cct_us": 166.130563,
  "roundtrip_step_us": 326.290585,
  "e2e_step_us": 607.657772
}
