{
  "scenario": 1,
  "scheme": "ub_rg_pop",
  "mode": "roundtrip",
  "batch": 128,
  "zipf_s": 0.700000,
  "topk": 8,
  "ep_size": 128,
  "seed": 78,
  "start_skew_us": 4.000000,
  "tau_g_ns": 143.360000,
  "grain_bytes": 7168,
  "total_tokens": 262144,
  "max_egress_load": 1137,
  "konig_us": 320.696320,
  "rtt_us": 0.900000,
  "barrier_us": 0.800000,
  "cct_us": 332.278418,
  "step_us": 676.711230,
  "gemv_us": 343.632812,
  "e2e_us": 675.911230,
  "throughput_GBs": 2776.735642,
  "latency_all": {
    "count": 262144,
    "mean_us": 24.064878,
    "p50_us": 11.289050,
    "p99_us": 125.251254,
    "min_us": 1.497765,
    "max_us": 167.439796
  },
  "latency_hot": {
    "count": 89924,
    "mean_us": 46.326069,
    "p50_us": 37.669009,
    "p99_us": 152.293717,
    "min_us": 1.937270,
    "max_us": 167.439796
  },
  "latency_cold": {
    "count": 65080,
    "mean_us": 8.922734,
    "p50_us": 8.763166,
    "p99_us": 16.415471,
    "min_us": 1.497765,
    "max_us": 19.778446
  },
  "dispatch_cct_us": 167.439796,
  "combine_cct_us": 164.838622,
  "roundtrip_step_us": 333.078418,
  "e2e_step_us": 676.711230
}
