{
  "scenario": 4,
  "scheme": "ub_rg_pop",
  "mode": "roundtrip",
  "batch": 16,
  "zipf_s": 0.000000,
  "topk": 8,
  "ep_size": 128,
  "seed": 43,
  "start_skew_us": 4.000000,
  "tau_g_ns": 143.360000,
  "grain_bytes": 7168,
  "total_tokens": 32768,
  "max_egress_load": 29,
  "konig_us": 8.314880,
  "rtt_us": 1.200000,
  "barrier_us": 1.600000,
  "cct_us": 19.193503,
  "step_us": 27.004440,
  "gemv_us": 6.210938,
  "e2e_us": 25.404440,
  "throughput_GBs": 8697.866813,
  "latency_all": {
    "count": 32768,
    "mean_us": 5.263764,
    "p50_us": 5.210505,
    "p99_us": 8.605684,
    "min_us": 1.557271,
    "max_us": 9.827856
  },
  "latency_hot": {
    "count": 3150,
    "mean_us": 5.422224,
    "p50_us": 5.390912,
    "p99_us": 8.645051,
    "min_us": 1.995295,
    "max_us": 9.587310
  },
  "latency_cold": {
    "count": 16320,
    "mean_us": 5.187829,
    "p50_us": 5.106614,
    "p99_us": 8.641213,
    "min_us": 1.557271,
    "max_us": 9.827856
  },
  "dispatch_cct_us": 9.827856,
  "combine_cct_us": 9.365647,
  "roundtrip_step_us": 20.793503,
  "e2e_step_us": 27.004440
}
