{
  "scenario": 1,
  "scheme": "islip",
  "mode": "roundtrip",
  "batch": 512,
  "zipf_s": 0.000000,
  "topk": 8,
  "ep_size": 32,
  "seed": 95,
  "start_skew_us": 4.000000,
  "tau_g_ns": 143.360000,
  "grain_bytes": 7168,
  "total_tokens": 262144,
  "max_egress_load": 572,
  "konig_us": 163.717120,
  "rtt_us": 0.600000,
  "barrier_us": 0.800000,
  "cct_us": 203.094604,
  "step_us": 368.113354,
  "gemv_us": 164.218750,
  "e2e_us": 367.313354,
  "throughput_GBs": 5104.536876,
  "latency_all": {
    "count": 262144,
    "mean_us": 49.777684,
    "p50_us": 40.962524,
    "p99_us": 89.518726,
    "min_us": 1.151520,
    "max_us": 102.020163
  },
  "latency_hot": {
    "count": 24358,
    "mean_us": 46.627463,
    "p50_us": 46.513805,
    "p99_us": 89.107183,
    "min_us": 1.153906,
    "max_us": 97.456320
  },
  "latency_cold": {
    "count": 131682,
    "mean_us": 49.931751,
    "p50_us": 49.810418,
    "p99_us": 91.342986,
    "min_us": 1.151520,
    "max_us": 102.020163
  },
  "dispatch_cct_us": 101.074442,
  "combine_cct_us": 102.020163,
  "roundtrip_step_us": 203.894604,
  "e2e_step_us": 368.113354
}
