{
  "scenario": 1,
  "scheme": "islip",
  "mode": "roundtrip",
  "batch": 256,
  "zipf_s": 0.700000,
  "topk": 8,
  "ep_size": 32,
  "seed": 70,
  "start_skew_us": 4.000000,
  "tau_g_ns": 143.360000,
  "grain_bytes": 7168,
  "total_tokens": 131072,
  "max_egress_load": 820,
  "konig_us": 232.673280,
  "rtt_us": 0.600000,
  "barrier_us": 0.800000,
  "cct_us": 242.141820,
  "step_us": 493.684007,
  "gemv_us": 250.742188,
  "e2e_us": 492.884007,
  "throughput_GBs": 1903.087972,
  "latency_all": {
    "count": 131072,
    "mean_us": 28.287651,
    "p50_us": 21.585435,
    "p99_us": 106.642022,
    "min_us": 1.164329,
    "max_us": 121.322212
  },
  "latency_hot": {
    "count": 31178,
    "mean_us": 51.270402,
    "p50_us": 49.683610,
    "p99_us": 115.702718,
    "min_us": 1.242989,
    "max_us": 121.322212
  },
  "latency_cold": {
    "count": 39228,
    "mean_us": 14.125410,
    "p50_us": 13.775506,
    "p99_us": 29.488021,
    "min_us": 1.221881,
    "max_us": 33.330897
  },
  "dispatch_cct_us": 120.819608,
  "combine_cct_us": 121.322212,
  "roundtrip_step_us": 242.941820,
  "e2e_step_us": 493.684007
}
