{
  "scenario": 4,
  "scheme": "packet_spray",
  "mode": "roundtrip",
  "batch": 512,
  "zipf_s": 0.000000,
  "topk": 8,
  "ep_size": 128,
  "seed": 90,
  "start_skew_us": 4.000000,
  "tau_g_ns": 143.360000,
  "grain_bytes": 7168,
  "total_tokens": 1048576,
  "max_egress_load": 644,
  "konig_us": 176.476160,
  "rtt_us": 0.000000,
  "barrier_us": 6.000000,
  "cct_us": 345.304368,
  "step_us": 516.929368,
  "gemv_us": 165.625000,
  "e2e_us": 510.929368,
  "throughput_GBs": 14540.076916,
  "latency_all": {
    "count": 1048576,
    "mean_us": 102.909958,
    "p50_us": 100.354068,
    "p99_us": 152.823828,
    "min_us": 1.340240,
    "max_us": 177.188562
  },
  "latency_hot": {
    "count": 98442,
    "mean_us": 85.535555,
    "p50_us": 86.202075,
    "p99_us": 158.408402,
    "min_us": 6.619810,
    "max_us": 168.586962
  },
  "latency_cold": {
    "count": 524718,
    "mean_us": 111.987447,
    "p50_us": 113.295452,
    "p99_us": 149.422172,
    "min_us": 2.200400,
    "max_us": 177.188562
  },
  "dispatch_cct_us": 177.188562,
  "combine_cct_us": 168.115806,
  "roundtrip_step_us": 351.304368,
  "e2e_step_us": 516.929368
}
