{
  "scenario": 1,
  "scheme": "packet_spray",
  "mode": "roundtrip",
  "batch": 256,
  "zipf_s": 0.700000,
  "topk": 8,
  "ep_size": 64,
  "seed": 34,
  "tau_g_ns": 143.360000,
  "grain_bytes": 7168,
  "total_tokens": 262144,
  "max_egress_load": 1360,
  "konig_us": 386.498560,
  "rtt_us": 0.000000,
  "barrier_us": 4.000000,
  "cct_us": 453.660960,
  "step_us": 457.660960,
  "throughput_GBs": 4105.764652,
  "latency_all": {
    "count": 262144,
    "mean_us": 89.143506,
    "p50_us": 59.887760,
    "p99_us": 200.810640,
    "min_us": 0.536720,
    "max_us": 227.332240
  },
  "latency_hot": {
    "count": 78074,
    "mean_us": 99.078655,
    "p50_us": 94.867600,
    "p99_us": 209.698960,
    "min_us": 0.536720,
    "max_us": 227.332240
  },
  "latency_cold": {
    "count": 70098,
    "mean_us": 85.605267,
    "p50_us": 52.719760,
    "p99_us": 218.587280,
    "min_us": 0.536720,
    "max_us": 226.328720
  },
  "dispatch_cct_us": 227.332240,
  "combine_cct_us": 226.328720,
  "roundtrip_step_us": 457.660960
}
