{
  "scenario": 1,
  "scheme": "ub_rg_pop",
  "mode": "roundtrip",
  "batch": 256,
  "zipf_s": 0.000000,
  "topk": 8,
  "ep_size": 64,
  "seed": 56,
  "tau_g_ns": 143.360000,
  "grain_bytes": 7168,
  "total_tokens": 262144,
  "max_egress_load": 308,
  "konig_us": 86.302720,
  "rtt_us": 0.900000,
  "barrier_us": 0.800000,
  "cct_us": 91.212238,
  "step_us": 92.012238,
  "throughput_GBs": 20421.720423,
  "latency_all": {
    "count": 262144,
    "mean_us": 20.297771,
    "p50_us": 15.811266,
    "p99_us": 39.791845,
    "min_us": 1.443434,
    "max_us": 45.660467
  },
  "latency_hot": {
    "count": 24438,
    "mean_us": 20.178933,
    "p50_us": 20.052794,
    "p99_us": 40.325202,
    "min_us": 1.444591,
    "max_us": 43.888530
  },
  "latency_cold": {
    "count": 130876,
    "mean_us": 20.269307,
    "p50_us": 20.130951,
    "p99_us": 40.212066,
    "min_us": 1.443434,
    "max_us": 44.993666
  },
  "dispatch_cct_us": 45.660467,
  "combine_cct_us": 45.551770,
  "roundtrip_step_us": 92.012238
}
