{
  "scenario": 4,
  "scheme": "ub_rg",
  "mode": "roundtrip",
  "batch": 256,
  "zipf_s": 0.300000,
  "topk": 8,
  "ep_size": 256,
  "seed": 49,
  "start_skew_us": 4.000000,
  "tau_g_ns": 143.360000,
  "grain_bytes": 7168,
  "total_tokens": 1048576,
  "max_egress_load": 1021,
  "konig_us": 278.978560,
  "rtt_us": 0.800000,
  "barrier_us": 1.600000,
  "cct_us": 299.715362,
  "step_us": 590.377862,
  "gemv_us": 289.062500,
  "e2e_us": 588.777862,
  "throughput_GBs": 12731.156181,
  "latency_all": {
    "count": 1048576,
    "mean_us": 25.709942,
    "p50_us": 13.396279,
    "p99_us": 51.977302,
    "min_us": 1.145668,
    "max_us": 149.985494
  },
  "latency_hot": {
    "count": 194012,
    "mean_us": 42.189097,
    "p50_us": 39.725700,
    "p99_us": 118.740808,
    "min_us": 1.485517,
    "max_us": 149.985494
  },
  "latency_cold": {
    "count": 409780,
    "mean_us": 19.189385,
    "p50_us": 19.494163,
    "p99_us": 35.695594,
    "min_us": 1.175563,
    "max_us": 60.727121
  },
  "dispatch_cct_us": 149.985494,
  "combine_cct_us": 149.729869,
  "roundtrip_step_us": 301.315362,
  "e2e_step_us": 590.377862
}
