{
  "scenario": 4,
  "scheme": "ub_rg_pop",
  "mode": "roundtrip",
  "batch": 256,
  "zipf_s": 0.000000,
  "topk": 8,
  "ep_size": 256,
  "seed": 80,
  "start_skew_us": 4.000000,
  "tau_g_ns": 143.360000,
  "grain_bytes": 7168,
  "total_tokens": 1048576,
  "max_egress_load": 327,
  "konig_us": 92.323840,
  "rtt_us": 1.200000,
  "barrier_us": 1.600000,
  "cct_us": 145.617438,
  "step_us": 232.803375,
  "gemv_us": 85.585938,
  "e2e_us": 231.203375,
  "throughput_GBs": 32285.583345,
  "latency_all": {
    "count": 1048576,
    "mean_us": 35.341157,
    "p50_us": 24.393067,
    "p99_us": 52.611448,
    "min_us": 1.783235,
    "max_us": 75.610042
  },
  "latency_hot": {
    "count": 102180,
    "mean_us": 35.390476,
    "p50_us": 35.246492,
    "p99_us": 60.272837,
    "min_us": 4.694473,
    "max_us": 75.610042
  },
  "latency_cold": {
    "count": 526172,
    "mean_us": 35.290289,
    "p50_us": 31.033042,
    "p99_us": 49.232109,
    "min_us": 1.862003,
    "max_us": 73.344237
  },
  "dispatch_cct_us": 70.007395,
  "combine_cct_us": 75.610042,
  "roundtrip_step_us": 147.217438,
  "e2e_step_us": 232.803375
}
