{
  "scenario": 1,
  "scheme": "packet_spray",
  "mode": "roundtrip",
  "batch": 64,
  "zipf_s": 0.300000,
  "topk": 8,
  "ep_size": 32,
  "seed": 11,
  "start_skew_us": 4.000000,
  "tau_g_ns": 143.360000,
  "grain_bytes": 7168,
  "total_tokens": 32768,
  "max_egress_load": 140,
  "konig_us": 37.703680,
  "rtt_us": 0.000000,
  "barrier_us": 4.000000,
  "cct_us": 78.736339,
  "step_us": 120.978526,
  "gemv_us": 38.242188,
  "e2e_us": 116.978526,
  "throughput_GBs": 1941.510046,
  "latency_all": {
    "count": 32768,
    "mean_us": 24.627952,
    "p50_us": 24.624821,
    "p99_us": 36.397738,
    "min_us": 9.297085,
    "max_us": 39.614760
  },
  "latency_hot": {
    "count": 4930,
    "mean_us": 24.021431,
    "p50_us": 24.355498,
    "p99_us": 36.174120,
    "min_us": 9.440445,
    "max_us": 39.614760
  },
  "latency_cold": {
    "count": 13458,
    "mean_us": 25.438795,
    "p50_us": 24.911541,
    "p99_us": 37.114538,
    "min_us": 9.297085,
    "max_us": 39.121578
  },
  "dispatch_cct_us": 39.614760,
  "combine_cct_us": 39.121578,
  "roundtrip_step_us": 82.736339,
  "e2e_step_us": 120.978526
}
