{
  "scenario": 1,
  "scheme": "packet_spray",
  "mode": "roundtrip",
  "batch": 256,
  "zipf_s": 0.300000,
  "topk": 8,
  "ep_size": 32,
  "seed": 80,
  "tau_g_ns": 143.360000,
  "grain_bytes": 7168,
  "total_tokens": 131072,
  "max_egress_load": 515,
  "konig_us": 141.496320,
  "rtt_us": 0.000000,
  "barrier_us": 4.000000,
  "cct_us": 210.522400,
  "step_us": 214.522400,
  "throughput_GBs": 4379.608358,
  "latency_all": {
    "count": 131072,
    "mean_us": 51.941176,
    "p50_us": 51.716240,
    "p99_us": 94.867600,
    "min_us": 0.536720,
    "max_us": 107.339920
  },
  "latency_hot": {
    "count": 19704,
    "mean_us": 49.266358,
    "p50_us": 50.282640,
    "p99_us": 97.448080,
    "min_us": 0.536720,
    "max_us": 107.339920
  },
  "latency_cold": {
    "count": 54508,
    "mean_us": 55.333082,
    "p50_us": 53.149840,
    "p99_us": 97.304720,
    "min_us": 0.536720,
    "max_us": 103.182480
  },
  "dispatch_cct_us": 107.339920,
  "combine_cct_us": 103.182480,
  "roundtrip_step_us": 214.522400
}
