{
  "scenario": 4,
  "scheme": "packet_spray",
  "mode": "roundtrip",
  "batch": 128,
  "zipf_s": 0.300000,
  "topk": 8,
  "ep_size": 256,
  "seed": 45,
  "start_skew_us": 4.000000,
  "tau_g_ns": 143.360000,
  "grain_bytes": 7168,
  "total_tokens": 524288,
  "max_egress_load": 482,
  "konig_us": 133.754880,
  "rtt_us": 0.000000,
  "barrier_us": 6.000000,
  "cct_us": 201.246620,
  "step_us": 347.910683,
  "gemv_us": 140.664062,
  "e2e_us": 341.910683,
  "throughput_GBs": 10801.899949,
  "latency_all": {
    "count": 524288,
    "mean_us": 48.348636,
    "p50_us": 39.315305,
    "p99_us": 64.976745,
    "min_us": 0.480080,
    "max_us": 102.950438
  },
  "latency_hot": {
    "count": 96754,
    "mean_us": 49.001893,
    "p50_us": 48.760358,
    "p99_us": 84.103542,
    "min_us": 3.233838,
    "max_us": 98.296182
  },
  "latency_cold": {
    "count": 204846,
    "mean_us": 49.320576,
    "p50_us": 42.933698,
    "p99_us": 92.055078,
    "min_us": 0.480080,
    "max_us": 102.950438
  },
  "dispatch_cct_us": 98.296182,
  "combine_cct_us": 102.950438,
  "roundtrip_step_us": 207.246620,
  "e2e_step_us": 347.910683
}
