{
  "scenario": 4,
  "scheme": "ub_rg",
  "mode": "roundtrip",
  "batch": 256,
  "zipf_s": 0.300000,
  "topk": 8,
  "ep_size": 512,
  "seed": 62,
  "start_skew_us": 4.000000,
  "tau_g_ns": 143.360000,
  "grain_bytes": 7168,
  "total_tokens": 2097152,
  "max_egress_load": 1266,
  "konig_us": 346.644480,
  "rtt_us": 0.800000,
  "barrier_us": 1.600000,
  "cct_us": 399.218338,
  "step_us": 760.583963,
  "gemv_us": 359.765625,
  "e2e_us": 758.983963,
  "throughput_GBs": 19764.268326,
  "latency_all": {
    "count": 2097152,
    "mean_us": 37.935854,
    "p50_us": 23.718199,
    "p99_us": 79.539701,
    "min_us": 1.459262,
    "max_us": 201.695780
  },
  "latency_hot": {
    "count": 402954,
    "mean_us": 55.734690,
    "p50_us": 54.844179,
    "p99_us": 136.140684,
    "min_us": 5.325153,
    "max_us": 201.695780
  },
  "latency_cold": {
    "count": 814220,
    "mean_us": 30.809640,
    "p50_us": 26.541120,
    "p99_us": 47.411587,
    "min_us": 2.326305,
    "max_us": 83.437452
  },
  "dispatch_cct_us": 197.522559,
  "combine_cct_us": 201.695780,
  "roundtrip_step_us": 400.818338,
  "e2e_step_us": 760.583963
}
