{
  "scenario": 4,
  "scheme": "packet_spray",
  "mode": "roundtrip",
  "batch": 16,
  "zipf_s": 0.700000,
  "topk": 8,
  "ep_size": 256,
  "seed": 53,
  "start_skew_us": 4.000000,
  "tau_g_ns": 143.360000,
  "grain_bytes": 7168,
  "total_tokens": 65536,
  "max_egress_load": 250,
  "konig_us": 68.239360,
  "rtt_us": 0.000000,
  "barrier_us": 6.000000,
  "cct_us": 102.339182,
  "step_us": 178.768869,
  "gemv_us": 70.429688,
  "e2e_us": 172.768869,
  "throughput_GBs": 2627.762040,
  "latency_all": {
    "count": 65536,
    "mean_us": 24.710427,
    "p50_us": 22.792563,
    "p99_us": 45.300083,
    "min_us": 0.193360,
    "max_us": 52.038003
  },
  "latency_hot": {
    "count": 24920,
    "mean_us": 26.356432,
    "p50_us": 24.506015,
    "p99_us": 46.446963,
    "min_us": 0.536720,
    "max_us": 52.038003
  },
  "latency_cold": {
    "count": 15194,
    "mean_us": 23.398283,
    "p50_us": 21.437546,
    "p99_us": 45.426939,
    "min_us": 0.193360,
    "max_us": 50.301179
  },
  "dispatch_cct_us": 52.038003,
  "combine_cct_us": 50.301179,
  "roundtrip_step_us": 108.339182,
  "e2e_step_us": 178.768869
}
