{
  "scenario": 1,
  "scheme": "packet_spray",
  "mode": "roundtrip",
  "batch": 16,
  "zipf_s": 0.000000,
  "topk": 8,
  "ep_size": 128,
  "seed": 90,
  "start_skew_us": 4.000000,
  "tau_g_ns": 143.360000,
  "grain_bytes": 7168,
  "total_tokens": 32768,
  "max_egress_load": 31,
  "konig_us": 8.601600,
  "rtt_us": 0.000000,
  "barrier_us": 4.000000,
  "cct_us": 19.267992,
  "step_us": 29.439867,
  "gemv_us": 6.171875,
  "e2e_us": 25.439867,
  "throughput_GBs": 7978.331693,
  "latency_all": {
    "count": 32768,
    "mean_us": 5.977688,
    "p50_us": 6.122945,
    "p99_us": 8.572483,
    "min_us": 0.600876,
    "max_us": 9.862440
  },
  "latency_hot": {
    "count": 3048,
    "mean_us": 4.958636,
    "p50_us": 5.004906,
    "p99_us": 8.572200,
    "min_us": 0.603109,
    "max_us": 9.827471
  },
  "latency_cold": {
    "count": 16542,
    "mean_us": 6.363381,
    "p50_us": 6.421800,
    "p99_us": 8.599539,
    "min_us": 0.620117,
    "max_us": 9.862440
  },
  "dispatch_cct_us": 9.862440,
  "combine_cct_us": 9.405552,
  "roundtrip_step_us": 23.267992,
  "e2e_step_us": 29.439867
}
