{
  "scenario": 1,
  "scheme": "islip",
  "mode": "roundtrip",
  "batch": 64,
  "zipf_s": 0.700000,
  "topk": 8,
  "ep_size": 64,
  "seed": 29,
  "start_skew_us": 4.000000,
  "tau_g_ns": 143.360000,
  "grain_bytes": 7168,
  "total_tokens": 65536,
  "max_egress_load": 348,
  "konig_us": 97.771520,
  "rtt_us": 0.600000,
  "barrier_us": 0.800000,
  "cct_us": 104.822931,
  "step_us": 209.841681,
  "gemv_us": 104.218750,
  "e2e_us": 209.041681,
  "throughput_GBs": 2238.649846,
  "latency_all": {
    "count": 65536,
    "mean_us": 11.064492,
    "p50_us": 8.140807,
    "p99_us": 44.515822,
    "min_us": 1.190224,
    "max_us": 53.006543
  },
  "latency_hot": {
    "count": 19394,
    "mean_us": 19.365187,
    "p50_us": 17.751804,
    "p99_us": 48.859439,
    "min_us": 1.198006,
    "max_us": 53.006543
  },
  "latency_cold": {
    "count": 17508,
    "mean_us": 5.833143,
    "p50_us": 5.733942,
    "p99_us": 10.518106,
    "min_us": 1.241021,
    "max_us": 12.952731
  },
  "dispatch_cct_us": 53.006543,
  "combine_cct_us": 51.816389,
  "roundtrip_step_us": 105.622931,
  "e2e_step_us": 209.841681
}
