{
  "scenario": 1,
  "scheme": "ub_rg",
  "mode": "roundtrip",
  "batch": 64,
  "zipf_s": 0.900000,
  "topk": 8,
  "ep_size": 64,
  "seed": 62,
  "tau_g_ns": 143.360000,
  "grain_bytes": 7168,
  "total_tokens": 65536,
  "max_egress_load": 429,
  "konig_us": 121.856000,
  "rtt_us": 0.600000,
  "barrier_us": 0.800000,
  "cct_us": 125.252434,
  "step_us": 126.052434,
  "throughput_GBs": 3726.719387,
  "latency_all": {
    "count": 65536,
    "mean_us": 11.821861,
    "p50_us": 6.928957,
    "p99_us": 55.603385,
    "min_us": 1.143611,
    "max_us": 62.664603
  },
  "latency_hot": {
    "count": 24068,
    "mean_us": 21.912282,
    "p50_us": 19.525681,
    "p99_us": 59.290275,
    "min_us": 1.148362,
    "max_us": 62.664603
  },
  "latency_cold": {
    "count": 13918,
    "mean_us": 3.592028,
    "p50_us": 3.465442,
    "p99_us": 7.062822,
    "min_us": 1.145333,
    "max_us": 8.014424
  },
  "dispatch_cct_us": 62.664603,
  "combine_cct_us": 62.587831,
  "roundtrip_step_us": 126.052434
}
