{
  "scenario": 4,
  "scheme": "ub_rg_pop",
  "mode": "roundtrip",
  "batch": 64,
  "zipf_s": 0.000000,
  "topk": 8,
  "ep_size": 128,
  "seed": 51,
  "start_skew_us": 4.000000,
  "tau_g_ns": 143.360000,
  "grain_bytes": 7168,
  "total_tokens": 131072,
  "max_egress_load": 93,
  "konig_us": 26.091520,
  "rtt_us": 1.200000,
  "barrier_us": 1.600000,
  "cct_us": 70.036254,
  "step_us": 93.315942,
  "gemv_us": 21.679688,
  "e2e_us": 91.715942,
  "throughput_GBs": 10068.205700,
  "latency_all": {
    "count": 131072,
    "mean_us": 17.532606,
    "p50_us": 17.460003,
    "p99_us": 29.227308,
    "min_us": 1.546513,
    "max_us": 35.136012
  },
  "latency_hot": {
    "count": 12248,
    "mean_us": 17.742179,
    "p50_us": 17.438480,
    "p99_us": 30.135886,
    "min_us": 3.726255,
    "max_us": 33.522025
  },
  "latency_cold": {
    "count": 65498,
    "mean_us": 17.626388,
    "p50_us": 17.556532,
    "p99_us": 28.966099,
    "min_us": 3.477479,
    "max_us": 34.900242
  },
  "dispatch_cct_us": 34.900242,
  "combine_cct_us": 35.136012,
  "roundtrip_step_us": 71.636254,
  "e2e_step_us": 93.315942
}
