{
  "scenario": 2,
  "scheme": "ub_rg_pop",
  "mode": "roundtrip",
  "batch": 64,
  "zipf_s": 0.900000,
  "topk": 8,
  "ep_size": 256,
  "seed": 95,
  "tau_g_ns": 143.360000,
  "grain_bytes": 7168,
  "total_tokens": 262144,
  "max_egress_load": 1413,
  "konig_us": 401.981440,
  "rtt_us": 1.650000,
  "barrier_us": 2.400000,
  "cct_us": 410.222692,
  "step_us": 412.622692,
  "throughput_GBs": 4553.913849,
  "latency_all": {
    "count": 262144,
    "mean_us": 26.301244,
    "p50_us": 7.779494,
    "p99_us": 166.119576,
    "min_us": 2.593657,
    "max_us": 205.120016
  },
  "latency_hot": {
    "count": 132496,
    "mean_us": 45.132266,
    "p50_us": 28.570475,
    "p99_us": 190.089270,
    "min_us": 2.594218,
    "max_us": 205.120016
  },
  "latency_cold": {
    "count": 42012,
    "mean_us": 4.695568,
    "p50_us": 4.607637,
    "p99_us": 7.659027,
    "min_us": 2.593682,
    "max_us": 9.955292
  },
  "dispatch_cct_us": 205.120016,
  "combine_cct_us": 205.102676,
  "roundtrip_step_us": 412.622692
}
