{
  "scenario": 1,
  "scheme": "packet_spray",
  "mode": "combine",
  "batch": 16,
  "zipf_s": 0.300000,
  "topk": 8,
  "ep_size": 128,
  "seed": 1,
  "start_skew_us": 4.000000,
  "tau_g_ns": 143.360000,
  "grain_bytes": 7168,
  "total_tokens": 16384,
  "max_egress_load": 28,
  "konig_us": 6.737920,
  "rtt_us": 0.000000,
  "barrier_us": 2.000000,
  "cct_us": 23.897271,
  "step_us": 25.897271,
  "gemv_us": 0.000000,
  "e2e_us": 0.000000,
  "throughput_GBs": 4914.390100,
  "latency_all": {
    "count": 16384,
    "mean_us": 18.346950,
    "p50_us": 18.893419,
    "p99_us": 22.694041,
    "min_us": 4.488157,
    "max_us": 23.897271
  },
  "latency_hot": {
    "count": 2860,
    "mean_us": 15.832475,
    "p50_us": 16.743019,
    "p99_us": 20.830361,
    "min_us": 4.488157,
    "max_us": 21.547161
  },
  "latency_cold": {
    "count": 6425,
    "mean_us": 19.525106,
    "p50_us": 19.970201,
    "p99_us": 22.980761,
    "min_us": 10.849020,
    "max_us": 23.897271
  }
}
