{
  "scenario": 1,
  "scheme": "ub_rg",
  "mode": "roundtrip",
  "batch": 256,
  "zipf_s": 0.900000,
  "topk": 8,
  "ep_size": 32,
  "seed": 88,
  "tau_g_ns": 143.360000,
  "grain_bytes": 7168,
  "total_tokens": 131072,
  "max_egress_load": 942,
  "konig_us": 267.223040,
  "rtt_us": 0.600000,
  "barrier_us": 0.800000,
  "cct_us": 272.453783,
  "step_us": 273.253783,
  "throughput_GBs": 3438.283950,
  "latency_all": {
    "count": 131072,
    "mean_us": 30.338656,
    "p50_us": 20.699469,
    "p99_us": 121.631288,
    "min_us": 1.145058,
    "max_us": 136.227898
  },
  "latency_hot": {
    "count": 36262,
    "mean_us": 57.054597,
    "p50_us": 55.424323,
    "p99_us": 130.146207,
    "min_us": 1.160989,
    "max_us": 136.227898
  },
  "latency_cold": {
    "count": 33142,
    "mean_us": 11.003804,
    "p50_us": 10.623344,
    "p99_us": 24.753878,
    "min_us": 1.145058,
    "max_us": 27.663288
  },
  "dispatch_cct_us": 136.227898,
  "combine_cct_us": 136.225885,
  "roundtrip_step_us": 273.253783
}
