{
  "scenario": 4,
  "scheme": "ub_rg",
  "mode": "roundtrip",
  "batch": 128,
  "zipf_s": 0.700000,
  "topk": 8,
  "ep_size": 128,
  "seed": 89,
  "start_skew_us": 4.000000,
  "tau_g_ns": 143.360000,
  "grain_bytes": 7168,
  "total_tokens": 262144,
  "max_egress_load": 1155,
  "konig_us": 324.710400,
  "rtt_us": 0.800000,
  "barrier_us": 1.600000,
  "cct_us": 339.307383,
  "step_us": 687.587070,
  "gemv_us": 346.679688,
  "e2e_us": 685.987070,
  "throughput_GBs": 2732.814901,
  "latency_all": {
    "count": 262144,
    "mean_us": 24.217269,
    "p50_us": 11.264650,
    "p99_us": 126.522640,
    "min_us": 1.188244,
    "max_us": 170.179171
  },
  "latency_hot": {
    "count": 90090,
    "mean_us": 46.909619,
    "p50_us": 38.005669,
    "p99_us": 155.292114,
    "min_us": 1.724538,
    "max_us": 170.179171
  },
  "latency_cold": {
    "count": 65184,
    "mean_us": 8.809023,
    "p50_us": 8.643561,
    "p99_us": 16.112357,
    "min_us": 1.276780,
    "max_us": 23.914887
  },
  "dispatch_cct_us": 169.128212,
  "combine_cct_us": 170.179171,
  "roundtrip_step_us": 340.907383,
  "e2e_step_us": 687.587070
}
