{
  "scenario": 4,
  "scheme": "ub_rg_pop",
  "mode": "roundtrip",
  "batch": 512,
  "zipf_s": 0.900000,
  "topk": 8,
  "ep_size": 128,
  "seed": 87,
  "start_skew_us": 4.000000,
  "tau_g_ns": 143.360000,
  "grain_bytes": 7168,
  "total_tokens": 1048576,
  "max_egress_load": 6494,
  "konig_us": 1809.633280,
  "rtt_us": 1.200000,
  "barrier_us": 1.600000,
  "cct_us": 1892.217801,
  "step_us": 3808.856863,
  "gemv_us": 1915.039062,
  "e2e_us": 3807.256863,
  "throughput_GBs": 1973.346082,
  "latency_all": {
    "count": 1048576,
    "mean_us": 134.621884,
    "p50_us": 30.192695,
    "p99_us": 466.137780,
    "min_us": 1.396013,
    "max_us": 951.676483
  },
  "latency_hot": {
    "count": 463902,
    "mean_us": 247.762009,
    "p50_us": 166.078865,
    "p99_us": 478.203814,
    "min_us": 3.141573,
    "max_us": 951.676483
  },
  "latency_cold": {
    "count": 190306,
    "mean_us": 26.722878,
    "p50_us": 26.250333,
    "p99_us": 49.133773,
    "min_us": 1.550648,
    "max_us": 62.911656
  },
  "dispatch_cct_us": 951.676483,
  "combine_cct_us": 940.541318,
  "roundtrip_step_us": 1893.817801,
  "e2e_step_us": 3808.856863
}
