{
  "scenario": 4,
  "scheme": "packet_spray",
  "mode": "roundtrip",
  "batch": 128,
  "zipf_s": 0.700000,
  "topk": 8,
  "ep_size": 256,
  "seed": 5,
  "start_skew_us": 4.000000,
  "tau_g_ns": 143.360000,
  "grain_bytes": 7168,
  "total_tokens": 524288,
  "max_egress_load": 1932,
  "konig_us": 534.016000,
  "rtt_us": 0.000000,
  "barrier_us": 6.000000,
  "cct_us": 587.694127,
  "step_us": 1153.850377,
  "gemv_us": 560.156250,
  "e2e_us": 1147.850377,
  "throughput_GBs": 3257.004947,
  "latency_all": {
    "count": 524288,
    "mean_us": 91.785416,
    "p50_us": 27.143849,
    "p99_us": 178.981915,
    "min_us": 0.463535,
    "max_us": 307.647375
  },
  "latency_hot": {
    "count": 202268,
    "mean_us": 102.907285,
    "p50_us": 79.134517,
    "p99_us": 261.628815,
    "min_us": 0.468690,
    "max_us": 296.035215
  },
  "latency_cold": {
    "count": 121610,
    "mean_us": 84.756027,
    "p50_us": 29.031672,
    "p99_us": 271.664015,
    "min_us": 0.463535,
    "max_us": 307.647375
  },
  "dispatch_cct_us": 280.046751,
  "combine_cct_us": 307.647375,
  "roundtrip_step_us": 593.694127,
  "e2e_step_us": 1153.850377
}
