{
  "scenario": 1,
  "scheme": "ub_rg",
  "mode": "roundtrip",
  "batch": 512,
  "zipf_s": 0.900000,
  "topk": 8,
  "ep_size": 32,
  "seed": 96,
  "start_skew_us": 4.000000,
  "tau_g_ns": 143.360000,
  "grain_bytes": 7168,
  "total_tokens": 262144,
  "max_egress_load": 1865,
  "konig_us": 532.439040,
  "rtt_us": 0.600000,
  "barrier_us": 0.800000,
  "cct_us": 540.825885,
  "step_us": 1119.321197,
  "gemv_us": 577.695312,
  "e2e_us": 1118.521197,
  "throughput_GBs": 1678.739040,
  "latency_all": {
    "count": 262144,
    "mean_us": 60.509976,
    "p50_us": 30.959635,
    "p99_us": 231.967890,
    "min_us": 1.191196,
    "max_us": 271.732004
  },
  "latency_hot": {
    "count": 72494,
    "mean_us": 114.007033,
    "p50_us": 110.629921,
    "p99_us": 260.729538,
    "min_us": 1.214198,
    "max_us": 271.732004
  },
  "latency_cold": {
    "count": 67224,
    "mean_us": 22.389922,
    "p50_us": 21.779810,
    "p99_us": 49.035122,
    "min_us": 1.191196,
    "max_us": 57.886447
  },
  "dispatch_cct_us": 271.732004,
  "combine_cct_us": 269.093881,
  "roundtrip_step_us": 541.625885,
  "e2e_step_us": 1119.321197
}
