{
  "scenario": 1,
  "scheme": "ub_rg_pop",
  "mode": "roundtrip",
  "batch": 512,
  "zipf_s": 0.000000,
  "topk": 8,
  "ep_size": 128,
  "seed": 87,
  "start_skew_us": 4.000000,
  "tau_g_ns": 143.360000,
  "grain_bytes": 7168,
  "total_tokens": 1048576,
  "max_egress_load": 609,
  "konig_us": 173.035520,
  "rtt_us": 0.900000,
  "barrier_us": 0.800000,
  "cct_us": 210.342087,
  "step_us": 377.353025,
  "gemv_us": 166.210938,
  "e2e_us": 376.553025,
  "throughput_GBs": 19918.199343,
  "latency_all": {
    "count": 1048576,
    "mean_us": 49.565086,
    "p50_us": 29.866608,
    "p99_us": 83.607062,
    "min_us": 1.451567,
    "max_us": 108.657511
  },
  "latency_hot": {
    "count": 99106,
    "mean_us": 50.075622,
    "p50_us": 49.901988,
    "p99_us": 90.899378,
    "min_us": 2.736253,
    "max_us": 107.272803
  },
  "latency_cold": {
    "count": 523956,
    "mean_us": 49.433834,
    "p50_us": 43.028011,
    "p99_us": 78.145604,
    "min_us": 2.215165,
    "max_us": 103.625618
  },
  "dispatch_cct_us": 108.657511,
  "combine_cct_us": 101.684576,
  "roundtrip_step_us": 211.142087,
  "e2e_step_us": 377.353025
}
