{
  "scenario": 4,
  "scheme": "ub_rg_pop",
  "mode": "roundtrip",
  "batch": 128,
  "zipf_s": 0.900000,
  "topk": 8,
  "ep_size": 256,
  "seed": 95,
  "start_skew_us": 4.000000,
  "tau_g_ns": 143.360000,
  "grain_bytes": 7168,
  "total_tokens": 524288,
  "max_egress_load": 3044,
  "konig_us": 834.498560,
  "rtt_us": 1.200000,
  "barrier_us": 1.600000,
  "cct_us": 904.040508,
  "step_us": 1773.374883,
  "gemv_us": 867.734375,
  "e2e_us": 1771.774883,
  "throughput_GBs": 2119.177631,
  "latency_all": {
    "count": 524288,
    "mean_us": 60.316473,
    "p50_us": 24.977198,
    "p99_us": 125.522253,
    "min_us": 1.406478,
    "max_us": 456.208259
  },
  "latency_hot": {
    "count": 265696,
    "mean_us": 97.379883,
    "p50_us": 50.343266,
    "p99_us": 375.845144,
    "min_us": 1.406478,
    "max_us": 456.208259
  },
  "latency_cold": {
    "count": 84284,
    "mean_us": 17.609557,
    "p50_us": 17.579109,
    "p99_us": 28.420415,
    "min_us": 2.048185,
    "max_us": 41.060442
  },
  "dispatch_cct_us": 456.208259,
  "combine_cct_us": 447.832249,
  "roundtrip_step_us": 905.640508,
  "e2e_step_us": 1773.374883
}
