{
  "scenario": 4,
  "scheme": "ub_rg_pop",
  "mode": "roundtrip",
  "batch": 16,
  "zipf_s": 0.900000,
  "topk": 8,
  "ep_size": 512,
  "seed": 92,
  "start_skew_us": 4.000000,
  "tau_g_ns": 143.360000,
  "grain_bytes": 7168,
  "total_tokens": 131072,
  "max_egress_load": 705,
  "konig_us": 191.672320,
  "rtt_us": 1.200000,
  "barrier_us": 1.600000,
  "cct_us": 211.562420,
  "step_us": 410.662420,
  "gemv_us": 197.500000,
  "e2e_us": 409.062420,
  "throughput_GBs": 2287.825839,
  "latency_all": {
    "count": 131072,
    "mean_us": 13.320582,
    "p50_us": 6.968735,
    "p99_us": 83.312720,
    "min_us": 1.512909,
    "max_us": 105.983344
  },
  "latency_hot": {
    "count": 72818,
    "mean_us": 19.996847,
    "p50_us": 11.965558,
    "p99_us": 88.533188,
    "min_us": 1.527319,
    "max_us": 105.983344
  },
  "latency_cold": {
    "count": 18952,
    "mean_us": 4.347803,
    "p50_us": 4.309773,
    "p99_us": 6.762110,
    "min_us": 1.512909,
    "max_us": 10.053134
  },
  "dispatch_cct_us": 105.579077,
  "combine_cct_us": 105.983344,
  "roundtrip_step_us": 213.162420,
  "e2e_step_us": 410.662420
}
