{
  "scenario": 4,
  "scheme": "ub_rg_pop",
  "mode": "roundtrip",
  "batch": 64,
  "zipf_s": 0.000000,
  "topk": 8,
  "ep_size": 128,
  "seed": 74,
  "start_skew_us": 4.000000,
  "tau_g_ns": 143.360000,
  "grain_bytes": 7168,
  "total_tokens": 131072,
  "max_egress_load": 93,
  "konig_us": 26.378240,
  "rtt_us": 1.200000,
  "barrier_us": 1.600000,
  "cct_us": 68.426833,
  "step_us": 92.604958,
  "gemv_us": 22.578125,
  "e2e_us": 91.004958,
  "throughput_GBs": 10145.505362,
  "latency_all": {
    "count": 131072,
    "mean_us": 16.990760,
    "p50_us": 16.983990,
    "p99_us": 28.730938,
    "min_us": 1.464436,
    "max_us": 35.071668
  },
  "latency_hot": {
    "count": 12070,
    "mean_us": 16.284807,
    "p50_us": 16.384524,
    "p99_us": 28.433427,
    "min_us": 2.655468,
    "max_us": 33.664078
  },
  "latency_cold": {
    "count": 65784,
    "mean_us": 16.935584,
    "p50_us": 16.873082,
    "p99_us": 28.544186,
    "min_us": 1.464436,
    "max_us": 35.071668
  },
  "dispatch_cct_us": 35.071668,
  "combine_cct_us": 33.355165,
  "roundtrip_step_us": 70.026833,
  "e2e_step_us": 92.604958
}
