{
  "scenario": 4,
  "scheme": "ub_rg",
  "mode": "roundtrip",
  "batch": 64,
  "zipf_s": 0.300000,
  "topk": 8,
  "ep_size": 128,
  "seed": 12,
  "start_skew_us": 4.000000,
  "tau_g_ns": 143.360000,
  "grain_bytes": 7168,
  "total_tokens": 131072,
  "max_egress_load": 203,
  "konig_us": 55.050240,
  "rtt_us": 0.800000,
  "barrier_us": 1.600000,
  "cct_us": 96.010041,
  "step_us": 154.133478,
  "gemv_us": 56.523438,
  "e2e_us": 152.533478,
  "throughput_GBs": 6095.522571,
  "latency_all": {
    "count": 131072,
    "mean_us": 19.415243,
    "p50_us": 19.071618,
    "p99_us": 35.771567,
    "min_us": 1.134426,
    "max_us": 49.612849
  },
  "latency_hot": {
    "count": 22770,
    "mean_us": 23.804366,
    "p50_us": 23.405897,
    "p99_us": 40.855760,
    "min_us": 2.008926,
    "max_us": 49.612849
  },
  "latency_cold": {
    "count": 51728,
    "mean_us": 17.732160,
    "p50_us": 17.745443,
    "p99_us": 29.366922,
    "min_us": 1.134426,
    "max_us": 35.797784
  },
  "dispatch_cct_us": 49.612849,
  "combine_cct_us": 46.397192,
  "roundtrip_step_us": 97.610041,
  "e2e_step_us": 154.133478
}
