{
  "scenario": 1,
  "scheme": "ub_rg_pop",
  "mode": "roundtrip",
  "batch": 16,
  "zipf_s": 0.700000,
  "topk": 8,
  "ep_size": 64,
  "seed": 27,
  "start_skew_us": 4.000000,
  "tau_g_ns": 143.360000,
  "grain_bytes": 7168,
  "total_tokens": 16384,
  "max_egress_load": 96,
  "konig_us": 25.661440,
  "rtt_us": 0.900000,
  "barrier_us": 0.800000,
  "cct_us": 55.248793,
  "step_us": 81.908168,
  "gemv_us": 25.859375,
  "e2e_us": 81.108168,
  "throughput_GBs": 1433.807090,
  "latency_all": {
    "count": 16384,
    "mean_us": 11.653471,
    "p50_us": 11.131725,
    "p99_us": 23.439271,
    "min_us": 1.468958,
    "max_us": 28.448532
  },
  "latency_hot": {
    "count": 4900,
    "mean_us": 14.556706,
    "p50_us": 14.248935,
    "p99_us": 24.720460,
    "min_us": 1.779990,
    "max_us": 28.448532
  },
  "latency_cold": {
    "count": 4376,
    "mean_us": 9.920954,
    "p50_us": 9.850283,
    "p99_us": 19.830093,
    "min_us": 1.604125,
    "max_us": 21.210327
  },
  "dispatch_cct_us": 28.448532,
  "combine_cct_us": 26.800261,
  "roundtrip_step_us": 56.048793,
  "e2e_step_us": 81.908168
}
