{
  "scenario": 1,
  "scheme": "islip",
  "mode": "roundtrip",
  "batch": 256,
  "zipf_s": 0.700000,
  "topk": 8,
  "ep_size": 64,
  "seed": 10,
  "start_skew_us": 4.000000,
  "tau_g_ns": 143.360000,
  "grain_bytes": 7168,
  "total_tokens": 262144,
  "max_egress_load": 1365,
  "konig_us": 386.211840,
  "rtt_us": 0.600000,
  "barrier_us": 0.800000,
  "cct_us": 399.103684,
  "step_us": 814.942747,
  "gemv_us": 415.039062,
  "e2e_us": 814.142747,
  "throughput_GBs": 2305.742580,
  "latency_all": {
    "count": 262144,
    "mean_us": 34.630557,
    "p50_us": 17.301576,
    "p99_us": 157.614515,
    "min_us": 1.197237,
    "max_us": 199.811687
  },
  "latency_hot": {
    "count": 77924,
    "mean_us": 68.103459,
    "p50_us": 61.478975,
    "p99_us": 186.770041,
    "min_us": 1.381503,
    "max_us": 199.811687
  },
  "latency_cold": {
    "count": 70164,
    "mean_us": 13.470563,
    "p50_us": 13.127713,
    "p99_us": 27.780829,
    "min_us": 1.290808,
    "max_us": 32.628211
  },
  "dispatch_cct_us": 199.811687,
  "combine_cct_us": 199.291997,
  "roundtrip_step_us": 399.903684,
  "e2e_step_us": 814.942747
}
