{
  "scenario": 1,
  "scheme": "islip",
  "mode": "roundtrip",
  "batch": 512,
  "zipf_s": 0.700000,
  "topk": 8,
  "ep_size": 128,
  "seed": 24,
  "start_skew_us": 4.000000,
  "tau_g_ns": 143.360000,
  "grain_bytes": 7168,
  "total_tokens": 1048576,
  "max_egress_load": 4439,
  "konig_us": 1265.152000,
  "rtt_us": 0.600000,
  "barrier_us": 0.800000,
  "cct_us": 1299.698549,
  "step_us": 2670.928236,
  "gemv_us": 1370.429688,
  "e2e_us": 2670.128236,
  "throughput_GBs": 2814.075147,
  "latency_all": {
    "count": 1048576,
    "mean_us": 91.405631,
    "p50_us": 28.861653,
    "p99_us": 288.127928,
    "min_us": 1.161027,
    "max_us": 653.912350
  },
  "latency_hot": {
    "count": 360380,
    "mean_us": 181.323133,
    "p50_us": 132.718426,
    "p99_us": 605.811951,
    "min_us": 1.179689,
    "max_us": 653.912350
  },
  "latency_cold": {
    "count": 258688,
    "mean_us": 30.522860,
    "p50_us": 25.930857,
    "p99_us": 57.484786,
    "min_us": 1.161816,
    "max_us": 71.955512
  },
  "dispatch_cct_us": 653.912350,
  "combine_cct_us": 645.786198,
  "roundtrip_step_us": 1300.498549,
  "e2e_step_us": 2670.928236
}
