{
  "scenario": 2,
  "scheme": "ub_rg",
  "mode": "roundtrip",
  "batch": 256,
  "zipf_s": 0.700000,
  "topk": 8,
  "ep_size": 1024,
  "seed": 87,
  "tau_g_ns": 143.360000,
  "grain_bytes": 7168,
  "total_tokens": 4194304,
  "max_egress_load": 9753,
  "konig_us": 2774.732800,
  "rtt_us": 1.100000,
  "barrier_us": 2.400000,
  "cct_us": 2800.371559,
  "step_us": 2802.771559,
  "throughput_GBs": 10726.800399,
  "latency_all": {
    "count": 4194304,
    "mean_us": 89.971994,
    "p50_us": 14.529450,
    "p99_us": 836.877845,
    "min_us": 2.043372,
    "max_us": 1400.279686
  },
  "latency_hot": {
    "count": 1824264,
    "mean_us": 182.797127,
    "p50_us": 26.016385,
    "p99_us": 836.906783,
    "min_us": 2.043388,
    "max_us": 1400.279686
  },
  "latency_cold": {
    "count": 893606,
    "mean_us": 13.166636,
    "p50_us": 7.964401,
    "p99_us": 22.055533,
    "min_us": 2.043387,
    "max_us": 41.380805
  },
  "dispatch_cct_us": 1400.279686,
  "combine_cct_us": 1400.091873,
  "roundtrip_step_us": 2802.771559
}
