{
  "scenario": 1,
  "scheme": "ub_rg",
  "mode": "roundtrip",
  "batch": 256,
  "zipf_s": 0.300000,
  "topk": 8,
  "ep_size": 128,
  "seed": 39,
  "start_skew_us": 4.000000,
  "tau_g_ns": 143.360000,
  "grain_bytes": 7168,
  "total_tokens": 524288,
  "max_egress_load": 755,
  "konig_us": 215.470080,
  "rtt_us": 0.600000,
  "barrier_us": 0.800000,
  "cct_us": 224.613099,
  "step_us": 459.163099,
  "gemv_us": 233.750000,
  "e2e_us": 458.363099,
  "throughput_GBs": 8184.665513,
  "latency_all": {
    "count": 524288,
    "mean_us": 24.655548,
    "p50_us": 19.072738,
    "p99_us": 40.369158,
    "min_us": 1.215124,
    "max_us": 112.492403
  },
  "latency_hot": {
    "count": 91750,
    "mean_us": 40.100729,
    "p50_us": 38.428990,
    "p99_us": 102.713884,
    "min_us": 1.468820,
    "max_us": 112.492403
  },
  "latency_cold": {
    "count": 206880,
    "mean_us": 18.589310,
    "p50_us": 17.936603,
    "p99_us": 35.241261,
    "min_us": 1.215124,
    "max_us": 42.678230
  },
  "dispatch_cct_us": 112.492403,
  "combine_cct_us": 112.120697,
  "roundtrip_step_us": 225.413099,
  "e2e_step_us": 459.163099
}
