{
  "scenario": 1,
  "scheme": "packet_spray",
  "mode": "roundtrip",
  "batch": 16,
  "zipf_s": 0.000000,
  "topk": 8,
  "ep_size": 128,
  "seed": 15,
  "start_skew_us": 4.000000,
  "tau_g_ns": 143.360000,
  "grain_bytes": 7168,
  "total_tokens": 32768,
  "max_egress_load": 30,
  "konig_us": 8.458240,
  "rtt_us": 0.000000,
  "barrier_us": 4.000000,
  "cct_us": 51.514141,
  "step_us": 61.881328,
  "gemv_us": 6.367188,
  "e2e_us": 57.881328,
  "throughput_GBs": 3795.668738,
  "latency_all": {
    "count": 32768,
    "mean_us": 18.156059,
    "p50_us": 18.125751,
    "p99_us": 26.125479,
    "min_us": 0.536720,
    "max_us": 27.729457
  },
  "latency_hot": {
    "count": 3050,
    "mean_us": 16.159861,
    "p50_us": 16.469156,
    "p99_us": 22.207724,
    "min_us": 0.536720,
    "max_us": 23.067884
  },
  "latency_cold": {
    "count": 16366,
    "mean_us": 19.048887,
    "p50_us": 19.013573,
    "p99_us": 26.412199,
    "min_us": 0.536720,
    "max_us": 27.729457
  },
  "dispatch_cct_us": 23.784684,
  "combine_cct_us": 27.729457,
  "roundtrip_step_us": 55.514141,
  "e2e_step_us": 61.881328
}
