{
  "scenario": 1,
  "scheme": "packet_spray",
  "mode": "roundtrip",
  "batch": 64,
  "zipf_s": 0.700000,
  "topk": 8,
  "ep_size": 32,
  "seed": 23,
  "tau_g_ns": 143.360000,
  "grain_bytes": 7168,
  "total_tokens": 32768,
  "max_egress_load": 225,
  "konig_us": 60.784640,
  "rtt_us": 0.000000,
  "barrier_us": 4.000000,
  "cct_us": 78.774560,
  "step_us": 82.774560,
  "throughput_GBs": 2837.599185,
  "latency_all": {
    "count": 32768,
    "mean_us": 16.523587,
    "p50_us": 14.586000,
    "p99_us": 35.086480,
    "min_us": 0.536720,
    "max_us": 40.964240
  },
  "latency_hot": {
    "count": 7838,
    "mean_us": 17.623008,
    "p50_us": 17.739920,
    "p99_us": 36.233360,
    "min_us": 0.536720,
    "max_us": 40.964240
  },
  "latency_cold": {
    "count": 9916,
    "mean_us": 16.503071,
    "p50_us": 13.009040,
    "p99_us": 35.946640,
    "min_us": 0.536720,
    "max_us": 37.810320
  },
  "dispatch_cct_us": 40.964240,
  "combine_cct_us": 37.810320,
  "roundtrip_step_us": 82.774560
}
