{
  "scenario": 1,
  "scheme": "ub_rg_pop",
  "mode": "roundtrip",
  "batch": 256,
  "zipf_s": 0.000000,
  "topk": 8,
  "ep_size": 32,
  "seed": 94,
  "start_skew_us": 4.000000,
  "tau_g_ns": 143.360000,
  "grain_bytes": 7168,
  "total_tokens": 131072,
  "max_egress_load": 292,
  "konig_us": 83.148800,
  "rtt_us": 0.900000,
  "barrier_us": 0.800000,
  "cct_us": 120.692186,
  "step_us": 204.421874,
  "gemv_us": 82.929688,
  "e2e_us": 203.621874,
  "throughput_GBs": 4596.005701,
  "latency_all": {
    "count": 131072,
    "mean_us": 30.883035,
    "p50_us": 30.773638,
    "p99_us": 54.443587,
    "min_us": 1.451520,
    "max_us": 62.165745
  },
  "latency_hot": {
    "count": 12314,
    "mean_us": 30.161097,
    "p50_us": 30.067829,
    "p99_us": 51.569761,
    "min_us": 1.520131,
    "max_us": 54.385081
  },
  "latency_cold": {
    "count": 65318,
    "mean_us": 30.867953,
    "p50_us": 30.754075,
    "p99_us": 55.098249,
    "min_us": 1.504388,
    "max_us": 62.165745
  },
  "dispatch_cct_us": 58.526441,
  "combine_cct_us": 62.165745,
  "roundtrip_step_us": 121.492186,
  "e2e_step_us": 204.421874
}
