{
  "scenario": 4,
  "scheme": "packet_spray",
  "mode": "roundtrip",
  "batch": 128,
  "zipf_s": 0.300000,
  "topk": 8,
  "ep_size": 512,
  "seed": 22,
  "start_skew_us": 4.000000,
  "tau_g_ns": 143.360000,
  "grain_bytes": 7168,
  "total_tokens": 1048576,
  "max_egress_load": 605,
  "konig_us": 169.881600,
  "rtt_us": 0.000000,
  "barrier_us": 6.000000,
  "cct_us": 221.243249,
  "step_us": 408.415124,
  "gemv_us": 181.171875,
  "e2e_us": 402.415124,
  "throughput_GBs": 18403.316442,
  "latency_all": {
    "count": 1048576,
    "mean_us": 41.084779,
    "p50_us": 23.049320,
    "p99_us": 44.542148,
    "min_us": 0.203239,
    "max_us": 117.032038
  },
  "latency_hot": {
    "count": 201170,
    "mean_us": 41.884580,
    "p50_us": 38.982411,
    "p99_us": 88.646758,
    "min_us": 0.203239,
    "max_us": 104.211211
  },
  "latency_cold": {
    "count": 406320,
    "mean_us": 42.044277,
    "p50_us": 25.987806,
    "p99_us": 35.581456,
    "min_us": 0.383556,
    "max_us": 117.032038
  },
  "dispatch_cct_us": 104.211211,
  "combine_cct_us": 117.032038,
  "roundtrip_step_us": 227.243249,
  "e2e_step_us": 408.415124
}
