{
  "scenario": 1,
  "scheme": "ub_rg",
  "mode": "roundtrip",
  "batch": 256,
  "zipf_s": 0.900000,
  "topk": 8,
  "ep_size": 32,
  "seed": 33,
  "start_skew_us": 4.000000,
  "tau_g_ns": 143.360000,
  "grain_bytes": 7168,
  "total_tokens": 131072,
  "max_egress_load": 929,
  "konig_us": 265.789440,
  "rtt_us": 0.600000,
  "barrier_us": 0.800000,
  "cct_us": 285.206867,
  "step_us": 574.952179,
  "gemv_us": 288.945312,
  "e2e_us": 574.152179,
  "throughput_GBs": 1634.090852,
  "latency_all": {
    "count": 131072,
    "mean_us": 35.414158,
    "p50_us": 26.047560,
    "p99_us": 126.846407,
    "min_us": 1.153643,
    "max_us": 147.097071
  },
  "latency_hot": {
    "count": 36402,
    "mean_us": 61.823465,
    "p50_us": 60.188053,
    "p99_us": 135.422984,
    "min_us": 1.495882,
    "max_us": 147.097071
  },
  "latency_cold": {
    "count": 33644,
    "mean_us": 17.145546,
    "p50_us": 16.808303,
    "p99_us": 33.128482,
    "min_us": 1.153643,
    "max_us": 40.906283
  },
  "dispatch_cct_us": 147.097071,
  "combine_cct_us": 138.109795,
  "roundtrip_step_us": 286.006867,
  "e2e_step_us": 574.952179
}
