{
  "scenario": 1,
  "scheme": "islip",
  "mode": "roundtrip",
  "batch": 512,
  "zipf_s": 0.000000,
  "topk": 8,
  "ep_size": 32,
  "seed": 52,
  "start_skew_us": 4.000000,
  "tau_g_ns": 143.360000,
  "grain_bytes": 7168,
  "total_tokens": 262144,
  "max_egress_load": 574,
  "konig_us": 163.143680,
  "rtt_us": 0.600000,
  "barrier_us": 0.800000,
  "cct_us": 192.717106,
  "step_us": 358.126481,
  "gemv_us": 164.609375,
  "e2e_us": 357.326481,
  "throughput_GBs": 5246.884244,
  "latency_all": {
    "count": 262144,
    "mean_us": 46.129460,
    "p50_us": 37.336449,
    "p99_us": 82.443433,
    "min_us": 1.173636,
    "max_us": 100.047711
  },
  "latency_hot": {
    "count": 24430,
    "mean_us": 46.956730,
    "p50_us": 46.908365,
    "p99_us": 87.188122,
    "min_us": 1.407328,
    "max_us": 92.939604
  },
  "latency_cold": {
    "count": 131560,
    "mean_us": 46.702748,
    "p50_us": 46.599367,
    "p99_us": 88.416096,
    "min_us": 1.177687,
    "max_us": 100.047711
  },
  "dispatch_cct_us": 92.669396,
  "combine_cct_us": 100.047711,
  "roundtrip_step_us": 193.517106,
  "e2e_step_us": 358.126481
}
