{
  "scenario": 4,
  "scheme": "packet_spray",
  "mode": "roundtrip",
  "batch": 64,
  "zipf_s": 0.900000,
  "topk": 8,
  "ep_size": 256,
  "seed": 52,
  "start_skew_us": 4.000000,
  "tau_g_ns": 143.360000,
  "grain_bytes": 7168,
  "total_tokens": 262144,
  "max_egress_load": 1481,
  "konig_us": 409.722880,
  "rtt_us": 0.000000,
  "barrier_us": 6.000000,
  "cct_us": 459.158607,
  "step_us": 895.236732,
  "gemv_us": 430.078125,
  "e2e_us": 889.236732,
  "throughput_GBs": 2098.940006,
  "latency_all": {
    "count": 262144,
    "mean_us": 78.750556,
    "p50_us": 41.459535,
    "p99_us": 205.987331,
    "min_us": 0.620293,
    "max_us": 236.809731
  },
  "latency_hot": {
    "count": 132534,
    "mean_us": 87.350335,
    "p50_us": 70.817356,
    "p99_us": 209.303116,
    "min_us": 1.626960,
    "max_us": 232.795651
  },
  "latency_cold": {
    "count": 42250,
    "mean_us": 69.372037,
    "p50_us": 29.166229,
    "p99_us": 211.578371,
    "min_us": 1.540240,
    "max_us": 236.809731
  },
  "dispatch_cct_us": 222.348876,
  "combine_cct_us": 236.809731,
  "roundtrip_step_us": 465.158607,
  "e2e_step_us": 895.236732
}
