{
  "scenario": 1,
  "scheme": "ub_rg",
  "mode": "roundtrip",
  "batch": 16,
  "zipf_s": 0.700000,
  "topk": 8,
  "ep_size": 128,
  "seed": 69,
  "start_skew_us": 4.000000,
  "tau_g_ns": 143.360000,
  "grain_bytes": 7168,
  "total_tokens": 32768,
  "max_egress_load": 152,
  "konig_us": 41.431040,
  "rtt_us": 0.600000,
  "barrier_us": 0.800000,
  "cct_us": 71.190488,
  "step_us": 114.568613,
  "gemv_us": 42.578125,
  "e2e_us": 113.768613,
  "throughput_GBs": 2050.134124,
  "latency_all": {
    "count": 32768,
    "mean_us": 14.526457,
    "p50_us": 14.104153,
    "p99_us": 29.069466,
    "min_us": 1.144534,
    "max_us": 39.348336
  },
  "latency_hot": {
    "count": 11180,
    "mean_us": 16.541858,
    "p50_us": 15.930317,
    "p99_us": 32.246003,
    "min_us": 2.752709,
    "max_us": 39.348336
  },
  "latency_cold": {
    "count": 8142,
    "mean_us": 12.241978,
    "p50_us": 12.340819,
    "p99_us": 21.826882,
    "min_us": 1.144534,
    "max_us": 23.620758
  },
  "dispatch_cct_us": 39.348336,
  "combine_cct_us": 31.842152,
  "roundtrip_step_us": 71.990488,
  "e2e_step_us": 114.568613
}
