{
  "scenario": 1,
  "scheme": "islip",
  "mode": "roundtrip",
  "batch": 64,
  "zipf_s": 0.700000,
  "topk": 8,
  "ep_size": 128,
  "seed": 65,
  "start_skew_us": 4.000000,
  "tau_g_ns": 143.360000,
  "grain_bytes": 7168,
  "total_tokens": 131072,
  "max_egress_load": 573,
  "konig_us": 161.280000,
  "rtt_us": 0.600000,
  "barrier_us": 0.800000,
  "cct_us": 171.536094,
  "step_us": 344.757969,
  "gemv_us": 172.421875,
  "e2e_us": 343.957969,
  "throughput_GBs": 2725.170066,
  "latency_all": {
    "count": 131072,
    "mean_us": 13.427325,
    "p50_us": 8.424811,
    "p99_us": 70.630762,
    "min_us": 1.160915,
    "max_us": 86.184283
  },
  "latency_hot": {
    "count": 45304,
    "mean_us": 24.670406,
    "p50_us": 20.280729,
    "p99_us": 78.276319,
    "min_us": 1.174123,
    "max_us": 86.184283
  },
  "latency_cold": {
    "count": 32494,
    "mean_us": 5.793196,
    "p50_us": 5.699879,
    "p99_us": 10.337815,
    "min_us": 1.196987,
    "max_us": 12.148264
  },
  "dispatch_cct_us": 86.184283,
  "combine_cct_us": 85.351810,
  "roundtrip_step_us": 172.336094,
  "e2e_step_us": 344.757969
}
