{
  "scenario": 1,
  "scheme": "islip",
  "mode": "roundtrip",
  "batch": 256,
  "zipf_s": 0.300000,
  "topk": 8,
  "ep_size": 32,
  "seed": 5,
  "start_skew_us": 4.000000,
  "tau_g_ns": 143.360000,
  "grain_bytes": 7168,
  "total_tokens": 131072,
  "max_egress_load": 499,
  "konig_us": 139.776000,
  "rtt_us": 0.600000,
  "barrier_us": 0.800000,
  "cct_us": 151.432570,
  "step_us": 300.787257,
  "gemv_us": 148.554688,
  "e2e_us": 299.987257,
  "throughput_GBs": 3123.550194,
  "latency_all": {
    "count": 131072,
    "mean_us": 22.938986,
    "p50_us": 21.707627,
    "p99_us": 61.151366,
    "min_us": 1.169620,
    "max_us": 76.497236
  },
  "latency_hot": {
    "count": 19880,
    "mean_us": 33.322606,
    "p50_us": 32.852706,
    "p99_us": 70.965487,
    "min_us": 1.261853,
    "max_us": 76.497236
  },
  "latency_cold": {
    "count": 54238,
    "mean_us": 18.751696,
    "p50_us": 18.618295,
    "p99_us": 36.135304,
    "min_us": 1.169620,
    "max_us": 39.839163
  },
  "dispatch_cct_us": 74.935334,
  "combine_cct_us": 76.497236,
  "roundtrip_step_us": 152.232570,
  "e2e_step_us": 300.787257
}
