{
  "scenario": 1,
  "scheme": "islip",
  "mode": "roundtrip",
  "batch": 512,
  "zipf_s": 0.000000,
  "topk": 8,
  "ep_size": 64,
  "seed": 70,
  "start_skew_us": 4.000000,
  "tau_g_ns": 143.360000,
  "grain_bytes": 7168,
  "total_tokens": 524288,
  "max_egress_load": 577,
  "konig_us": 165.007360,
  "rtt_us": 0.600000,
  "barrier_us": 0.800000,
  "cct_us": 174.034165,
  "step_us": 340.146665,
  "gemv_us": 165.312500,
  "e2e_us": 339.346665,
  "throughput_GBs": 11048.458705,
  "latency_all": {
    "count": 524288,
    "mean_us": 40.059297,
    "p50_us": 32.315707,
    "p99_us": 67.299519,
    "min_us": 1.164329,
    "max_us": 87.549957
  },
  "latency_hot": {
    "count": 49102,
    "mean_us": 40.192368,
    "p50_us": 40.080997,
    "p99_us": 78.733599,
    "min_us": 1.221881,
    "max_us": 86.370782
  },
  "latency_cold": {
    "count": 262234,
    "mean_us": 40.072990,
    "p50_us": 31.224579,
    "p99_us": 78.035967,
    "min_us": 1.164329,
    "max_us": 87.519738
  },
  "dispatch_cct_us": 86.484208,
  "combine_cct_us": 87.549957,
  "roundtrip_step_us": 174.834165,
  "e2e_step_us": 340.146665
}
