{
  "scenario": 1,
  "scheme": "packet_spray",
  "mode": "roundtrip",
  "batch": 16,
  "zipf_s": 0.700000,
  "topk": 8,
  "ep_size": 64,
  "seed": 68,
  "start_skew_us": 4.000000,
  "tau_g_ns": 143.360000,
  "grain_bytes": 7168,
  "total_tokens": 16384,
  "max_egress_load": 92,
  "konig_us": 24.801280,
  "rtt_us": 0.000000,
  "barrier_us": 4.000000,
  "cct_us": 33.854511,
  "step_us": 63.088886,
  "gemv_us": 25.234375,
  "e2e_us": 59.088886,
  "throughput_GBs": 1861.508722,
  "latency_all": {
    "count": 16384,
    "mean_us": 8.050917,
    "p50_us": 7.066979,
    "p99_us": 15.812000,
    "min_us": 1.042695,
    "max_us": 17.102240
  },
  "latency_hot": {
    "count": 4724,
    "mean_us": 8.527593,
    "p50_us": 8.294031,
    "p99_us": 15.020756,
    "min_us": 1.252081,
    "max_us": 16.752271
  },
  "latency_cold": {
    "count": 4464,
    "mean_us": 7.921454,
    "p50_us": 6.394065,
    "p99_us": 16.385440,
    "min_us": 1.042695,
    "max_us": 17.102240
  },
  "dispatch_cct_us": 16.752271,
  "combine_cct_us": 17.102240,
  "roundtrip_step_us": 37.854511,
  "e2e_step_us": 63.088886
}
