{
  "scenario": 1,
  "scheme": "packet_spray",
  "mode": "roundtrip",
  "batch": 16,
  "zipf_s": 0.700000,
  "topk": 8,
  "ep_size": 128,
  "seed": 27,
  "tau_g_ns": 143.360000,
  "grain_bytes": 7168,
  "total_tokens": 32768,
  "max_egress_load": 156,
  "konig_us": 42.577920,
  "rtt_us": 0.000000,
  "barrier_us": 4.000000,
  "cct_us": 48.095520,
  "step_us": 52.095520,
  "throughput_GBs": 4508.660706,
  "latency_all": {
    "count": 32768,
    "mean_us": 7.873389,
    "p50_us": 5.554320,
    "p99_us": 21.610640,
    "min_us": 0.536720,
    "max_us": 24.764560
  },
  "latency_hot": {
    "count": 11368,
    "mean_us": 8.916445,
    "p50_us": 7.561360,
    "p99_us": 20.893840,
    "min_us": 0.536720,
    "max_us": 24.764560
  },
  "latency_cold": {
    "count": 8114,
    "mean_us": 7.346762,
    "p50_us": 3.547280,
    "p99_us": 22.184080,
    "min_us": 0.536720,
    "max_us": 23.330960
  },
  "dispatch_cct_us": 24.764560,
  "combine_cct_us": 23.330960,
  "roundtrip_step_us": 52.095520
}
