{
  "scenario": 1,
  "scheme": "ub_rg",
  "mode": "roundtrip",
  "batch": 16,
  "zipf_s": 0.900000,
  "topk": 8,
  "ep_size": 64,
  "seed": 52,
  "start_skew_us": 4.000000,
  "tau_g_ns": 143.360000,
  "grain_bytes": 7168,
  "total_tokens": 16384,
  "max_egress_load": 109,
  "konig_us": 30.679040,
  "rtt_us": 0.600000,
  "barrier_us": 0.800000,
  "cct_us": 66.006011,
  "step_us": 99.462261,
  "gemv_us": 32.656250,
  "e2e_us": 98.662261,
  "throughput_GBs": 1180.754499,
  "latency_all": {
    "count": 16384,
    "mean_us": 14.887567,
    "p50_us": 14.587485,
    "p99_us": 26.700054,
    "min_us": 1.178504,
    "max_us": 38.850027
  },
  "latency_hot": {
    "count": 6012,
    "mean_us": 17.665600,
    "p50_us": 17.528965,
    "p99_us": 29.190174,
    "min_us": 2.176529,
    "max_us": 38.850027
  },
  "latency_cold": {
    "count": 3428,
    "mean_us": 13.394594,
    "p50_us": 13.385314,
    "p99_us": 22.261428,
    "min_us": 1.619032,
    "max_us": 25.045509
  },
  "dispatch_cct_us": 38.850027,
  "combine_cct_us": 27.155983,
  "roundtrip_step_us": 66.806011,
  "e2e_step_us": 99.462261
}
