{
  "scenario": 4,
  "scheme": "ub_rg",
  "mode": "roundtrip",
  "batch": 256,
  "zipf_s": 0.300000,
  "topk": 8,
  "ep_size": 128,
  "seed": 42,
  "start_skew_us": 4.000000,
  "tau_g_ns": 143.360000,
  "grain_bytes": 7168,
  "total_tokens": 524288,
  "max_egress_load": 792,
  "konig_us": 220.487680,
  "rtt_us": 0.800000,
  "barrier_us": 1.600000,
  "cct_us": 251.979098,
  "step_us": 486.469723,
  "gemv_us": 232.890625,
  "e2e_us": 484.869723,
  "throughput_GBs": 7725.242097,
  "latency_all": {
    "count": 524288,
    "mean_us": 31.188584,
    "p50_us": 24.067531,
    "p99_us": 46.000069,
    "min_us": 1.059602,
    "max_us": 126.370270
  },
  "latency_hot": {
    "count": 91086,
    "mean_us": 46.193941,
    "p50_us": 44.490594,
    "p99_us": 108.898838,
    "min_us": 2.306407,
    "max_us": 126.370270
  },
  "latency_cold": {
    "count": 207376,
    "mean_us": 25.349860,
    "p50_us": 24.609913,
    "p99_us": 43.545722,
    "min_us": 1.532690,
    "max_us": 54.915552
  },
  "dispatch_cct_us": 126.370270,
  "combine_cct_us": 125.608829,
  "roundtrip_step_us": 253.579098,
  "e2e_step_us": 486.469723
}
