{
  "scenario": 4,
  "scheme": "ub_rg",
  "mode": "roundtrip",
  "batch": 512,
  "zipf_s": 0.000000,
  "topk": 8,
  "ep_size": 256,
  "seed": 24,
  "start_skew_us": 4.000000,
  "tau_g_ns": 143.360000,
  "grain_bytes": 7168,
  "total_tokens": 2097152,
  "max_egress_load": 620,
  "konig_us": 177.049600,
  "rtt_us": 0.800000,
  "barrier_us": 1.600000,
  "cct_us": 215.388701,
  "step_us": 382.848076,
  "gemv_us": 165.859375,
  "e2e_us": 381.248076,
  "throughput_GBs": 39264.623386,
  "latency_all": {
    "count": 2097152,
    "mean_us": 50.346945,
    "p50_us": 24.652771,
    "p99_us": 88.773568,
    "min_us": 1.189543,
    "max_us": 110.064339
  },
  "latency_hot": {
    "count": 204890,
    "mean_us": 49.811345,
    "p50_us": 48.729790,
    "p99_us": 91.364809,
    "min_us": 3.186496,
    "max_us": 108.106017
  },
  "latency_cold": {
    "count": 1048608,
    "mean_us": 50.545217,
    "p50_us": 31.119079,
    "p99_us": 84.986712,
    "min_us": 1.953900,
    "max_us": 109.457657
  },
  "dispatch_cct_us": 110.064339,
  "combine_cct_us": 105.324362,
  "roundtrip_step_us": 216.988701,
  "e2e_step_us": 382.848076
}
