{
  "scenario": 4,
  "scheme": "packet_spray",
  "mode": "roundtrip",
  "batch": 128,
  "zipf_s": 0.900000,
  "topk": 8,
  "ep_size": 512,
  "seed": 72,
  "start_skew_us": 4.000000,
  "tau_g_ns": 143.360000,
  "grain_bytes": 7168,
  "total_tokens": 1048576,
  "max_egress_load": 5535,
  "konig_us": 1514.311680,
  "rtt_us": 0.000000,
  "barrier_us": 6.000000,
  "cct_us": 1587.134130,
  "step_us": 3164.384130,
  "gemv_us": 1571.250000,
  "e2e_us": 3158.384130,
  "throughput_GBs": 2375.246639,
  "latency_all": {
    "count": 1048576,
    "mean_us": 240.990585,
    "p50_us": 41.766266,
    "p99_us": 336.592924,
    "min_us": 1.053520,
    "max_us": 833.659397
  },
  "latency_hot": {
    "count": 580708,
    "mean_us": 265.047630,
    "p50_us": 75.534364,
    "p99_us": 496.430252,
    "min_us": 2.127501,
    "max_us": 825.631237
  },
  "latency_cold": {
    "count": 153104,
    "mean_us": 210.657499,
    "p50_us": 43.576101,
    "p99_us": 740.332037,
    "min_us": 3.117443,
    "max_us": 833.659397
  },
  "dispatch_cct_us": 753.474732,
  "combine_cct_us": 833.659397,
  "roundtrip_step_us": 1593.134130,
  "e2e_step_us": 3164.384130
}
