{
  "scenario": 1,
  "scheme": "ub_rg",
  "mode": "roundtrip",
  "batch": 16,
  "zipf_s": 0.000000,
  "topk": 8,
  "ep_size": 128,
  "seed": 46,
  "start_skew_us": 4.000000,
  "tau_g_ns": 143.360000,
  "grain_bytes": 7168,
  "total_tokens": 32768,
  "max_egress_load": 30,
  "konig_us": 8.458240,
  "rtt_us": 0.600000,
  "barrier_us": 0.800000,
  "cct_us": 17.952681,
  "step_us": 24.963618,
  "gemv_us": 6.210938,
  "e2e_us": 24.163618,
  "throughput_GBs": 9408.933502,
  "latency_all": {
    "count": 32768,
    "mean_us": 4.695457,
    "p50_us": 4.692898,
    "p99_us": 7.745548,
    "min_us": 1.186303,
    "max_us": 9.145385
  },
  "latency_hot": {
    "count": 3122,
    "mean_us": 4.659907,
    "p50_us": 4.654449,
    "p99_us": 7.770767,
    "min_us": 1.201631,
    "max_us": 8.496833
  },
  "latency_cold": {
    "count": 16300,
    "mean_us": 4.668578,
    "p50_us": 4.656799,
    "p99_us": 7.732832,
    "min_us": 1.230570,
    "max_us": 9.145385
  },
  "dispatch_cct_us": 9.145385,
  "combine_cct_us": 8.807296,
  "roundtrip_step_us": 18.752681,
  "e2e_step_us": 24.963618
}
