{
  "scenario": 4,
  "scheme": "ub_rg_pop",
  "mode": "roundtrip",
  "batch": 64,
  "zipf_s": 0.000000,
  "topk": 8,
  "ep_size": 512,
  "seed": 22,
  "start_skew_us": 4.000000,
  "tau_g_ns": 143.360000,
  "grain_bytes": 7168,
  "total_tokens": 524288,
  "max_egress_load": 96,
  "konig_us": 26.951680,
  "rtt_us": 1.200000,
  "barrier_us": 1.600000,
  "cct_us": 40.587102,
  "step_us": 64.921477,
  "gemv_us": 22.734375,
  "e2e_us": 63.321477,
  "throughput_GBs": 57886.797601,
  "latency_all": {
    "count": 524288,
    "mean_us": 9.719109,
    "p50_us": 9.495656,
    "p99_us": 14.886999,
    "min_us": 1.438562,
    "max_us": 21.722153
  },
  "latency_hot": {
    "count": 52052,
    "mean_us": 9.646179,
    "p50_us": 9.617432,
    "p99_us": 17.206159,
    "min_us": 1.892928,
    "max_us": 20.927353
  },
  "latency_cold": {
    "count": 262468,
    "mean_us": 9.712598,
    "p50_us": 8.534197,
    "p99_us": 17.499726,
    "min_us": 1.494419,
    "max_us": 21.722153
  },
  "dispatch_cct_us": 21.722153,
  "combine_cct_us": 18.864949,
  "roundtrip_step_us": 42.187102,
  "e2e_step_us": 64.921477
}
