{
  "scenario": 4,
  "scheme": "ub_rg_pop",
  "mode": "roundtrip",
  "batch": 512,
  "zipf_s": 0.300000,
  "topk": 8,
  "ep_size": 512,
  "seed": 78,
  "start_skew_us": 4.000000,
  "tau_g_ns": 143.360000,
  "grain_bytes": 7168,
  "total_tokens": 4194304,
  "max_egress_load": 2655,
  "konig_us": 715.223040,
  "rtt_us": 1.200000,
  "barrier_us": 1.600000,
  "cct_us": 768.016392,
  "step_us": 1498.835142,
  "gemv_us": 729.218750,
  "e2e_us": 1497.235142,
  "throughput_GBs": 20058.757789,
  "latency_all": {
    "count": 4194304,
    "mean_us": 48.967836,
    "p50_us": 22.020118,
    "p99_us": 160.381732,
    "min_us": 1.444152,
    "max_us": 385.207195
  },
  "latency_hot": {
    "count": 806124,
    "mean_us": 84.056040,
    "p50_us": 45.360530,
    "p99_us": 160.272435,
    "min_us": 1.719498,
    "max_us": 385.207195
  },
  "latency_cold": {
    "count": 1628936,
    "mean_us": 35.096706,
    "p50_us": 16.670532,
    "p99_us": 64.958634,
    "min_us": 1.580084,
    "max_us": 130.836684
  },
  "dispatch_cct_us": 385.207195,
  "combine_cct_us": 382.809196,
  "roundtrip_step_us": 769.616392,
  "e2e_step_us": 1498.835142
}
