{
  "scenario": 4,
  "scheme": "ub_rg_pop",
  "mode": "roundtrip",
  "batch": 128,
  "zipf_s": 0.700000,
  "topk": 8,
  "ep_size": 256,
  "seed": 54,
  "start_skew_us": 4.000000,
  "tau_g_ns": 143.360000,
  "grain_bytes": 7168,
  "total_tokens": 524288,
  "max_egress_load": 1974,
  "konig_us": 540.323840,
  "rtt_us": 1.200000,
  "barrier_us": 1.600000,
  "cct_us": 572.508970,
  "step_us": 1134.851158,
  "gemv_us": 560.742188,
  "e2e_us": 1133.251158,
  "throughput_GBs": 3311.532406,
  "latency_all": {
    "count": 524288,
    "mean_us": 30.623827,
    "p50_us": 12.996727,
    "p99_us": 59.466135,
    "min_us": 1.477251,
    "max_us": 286.957286
  },
  "latency_hot": {
    "count": 202840,
    "mean_us": 59.081218,
    "p50_us": 41.137073,
    "p99_us": 229.129251,
    "min_us": 1.907105,
    "max_us": 286.957286
  },
  "latency_cold": {
    "count": 121604,
    "mean_us": 9.136620,
    "p50_us": 9.005497,
    "p99_us": 16.350868,
    "min_us": 1.812170,
    "max_us": 31.103996
  },
  "dispatch_cct_us": 286.957286,
  "combine_cct_us": 285.551684,
  "roundtrip_step_us": 574.108970,
  "e2e_step_us": 1134.851158
}
