{
  "scenario": 1,
  "scheme": "ub_rg",
  "mode": "roundtrip",
  "batch": 16,
  "zipf_s": 0.000000,
  "topk": 8,
  "ep_size": 32,
  "seed": 20,
  "tau_g_ns": 143.360000,
  "grain_bytes": 7168,
  "total_tokens": 8192,
  "max_egress_load": 27,
  "konig_us": 7.598080,
  "rtt_us": 0.600000,
  "barrier_us": 0.800000,
  "cct_us": 10.159961,
  "step_us": 10.959961,
  "throughput_GBs": 5357.706893,
  "latency_all": {
    "count": 8192,
    "mean_us": 2.554905,
    "p50_us": 2.490489,
    "p99_us": 4.344483,
    "min_us": 1.143616,
    "max_us": 5.224478
  },
  "latency_hot": {
    "count": 788,
    "mean_us": 2.606116,
    "p50_us": 2.552143,
    "p99_us": 4.415842,
    "min_us": 1.158033,
    "max_us": 4.814741
  },
  "latency_cold": {
    "count": 4032,
    "mean_us": 2.533970,
    "p50_us": 2.470953,
    "p99_us": 4.326532,
    "min_us": 1.143616,
    "max_us": 4.881969
  },
  "dispatch_cct_us": 5.224478,
  "combine_cct_us": 4.935483,
  "roundtrip_step_us": 10.959961
}
