{
  "scenario": 4,
  "scheme": "ub_rg_pop",
  "mode": "roundtrip",
  "batch": 256,
  "zipf_s": 0.300000,
  "topk": 8,
  "ep_size": 256,
  "seed": 1,
  "start_skew_us": 4.000000,
  "tau_g_ns": 143.360000,
  "grain_bytes": 7168,
  "total_tokens": 1048576,
  "max_egress_load": 1058,
  "konig_us": 286.146560,
  "rtt_us": 1.200000,
  "barrier_us": 1.600000,
  "cct_us": 312.183282,
  "step_us": 606.712969,
  "gemv_us": 292.929688,
  "e2e_us": 605.112969,
  "throughput_GBs": 12388.383225,
  "latency_all": {
    "count": 1048576,
    "mean_us": 26.177347,
    "p50_us": 13.899047,
    "p99_us": 52.999592,
    "min_us": 1.620544,
    "max_us": 156.189816
  },
  "latency_hot": {
    "count": 195932,
    "mean_us": 42.779666,
    "p50_us": 40.221144,
    "p99_us": 121.329238,
    "min_us": 1.801595,
    "max_us": 156.189816
  },
  "latency_cold": {
    "count": 409720,
    "mean_us": 19.641553,
    "p50_us": 19.995361,
    "p99_us": 36.071766,
    "min_us": 1.647147,
    "max_us": 66.501868
  },
  "dispatch_cct_us": 156.189816,
  "combine_cct_us": 155.993465,
  "roundtrip_step_us": 313.783282,
  "e2e_step_us": 606.712969
}
