{
  "scenario": 1,
  "scheme": "ub_rg",
  "mode": "roundtrip",
  "batch": 256,
  "zipf_s": 0.000000,
  "topk": 8,
  "ep_size": 64,
  "seed": 60,
  "start_skew_us": 4.000000,
  "tau_g_ns": 143.360000,
  "grain_bytes": 7168,
  "total_tokens": 262144,
  "max_egress_load": 310,
  "konig_us": 87.879680,
  "rtt_us": 0.600000,
  "barrier_us": 0.800000,
  "cct_us": 94.624861,
  "step_us": 180.112361,
  "gemv_us": 84.687500,
  "e2e_us": 179.312361,
  "throughput_GBs": 10432.644264,
  "latency_all": {
    "count": 262144,
    "mean_us": 22.087354,
    "p50_us": 17.594490,
    "p99_us": 41.674850,
    "min_us": 1.362389,
    "max_us": 47.464545
  },
  "latency_hot": {
    "count": 24614,
    "mean_us": 22.086758,
    "p50_us": 21.942472,
    "p99_us": 42.538132,
    "min_us": 1.374429,
    "max_us": 46.783037
  },
  "latency_cold": {
    "count": 130062,
    "mean_us": 22.126877,
    "p50_us": 21.987655,
    "p99_us": 42.132402,
    "min_us": 1.362389,
    "max_us": 47.464545
  },
  "dispatch_cct_us": 47.160316,
  "combine_cct_us": 47.464545,
  "roundtrip_step_us": 95.424861,
  "e2e_step_us": 180.112361
}
