{
  "scenario": 1,
  "scheme": "islip",
  "mode": "roundtrip",
  "batch": 256,
  "zipf_s": 0.000000,
  "topk": 8,
  "ep_size": 64,
  "seed": 47,
  "start_skew_us": 4.000000,
  "tau_g_ns": 143.360000,
  "grain_bytes": 7168,
  "total_tokens": 262144,
  "max_egress_load": 306,
  "konig_us": 87.019520,
  "rtt_us": 0.600000,
  "barrier_us": 0.800000,
  "cct_us": 123.385575,
  "step_us": 207.662137,
  "gemv_us": 83.476562,
  "e2e_us": 206.862137,
  "throughput_GBs": 9048.583506,
  "latency_all": {
    "count": 262144,
    "mean_us": 30.159920,
    "p50_us": 25.676112,
    "p99_us": 52.327880,
    "min_us": 1.144081,
    "max_us": 63.245865
  },
  "latency_hot": {
    "count": 24524,
    "mean_us": 30.962120,
    "p50_us": 30.848201,
    "p99_us": 53.842016,
    "min_us": 1.447974,
    "max_us": 59.531642
  },
  "latency_cold": {
    "count": 130610,
    "mean_us": 30.039163,
    "p50_us": 29.906194,
    "p99_us": 53.964291,
    "min_us": 1.144081,
    "max_us": 60.374468
  },
  "dispatch_cct_us": 60.139710,
  "combine_cct_us": 63.245865,
  "roundtrip_step_us": 124.185575,
  "e2e_step_us": 207.662137
}
