{
  "scenario": 3,
  "scheme": "ub_rg",
  "mode": "roundtrip",
  "batch": 256,
  "zipf_s": 0.900000,
  "topk": 8,
  "ep_size": 256,
  "seed": 60,
  "tau_g_ns": 143.360000,
  "grain_bytes": 7168,
  "total_tokens": 1048576,
  "max_egress_load": 5615,
  "konig_us": 1600.327680,
  "rtt_us": 1.100000,
  "barrier_us": 2.400000,
  "cct_us": 1613.951570,
  "step_us": 1616.351570,
  "throughput_GBs": 4650.097731,
  "latency_all": {
    "count": 1048576,
    "mean_us": 95.458273,
    "p50_us": 11.820750,
    "p99_us": 379.816608,
    "min_us": 2.043393,
    "max_us": 807.064124
  },
  "latency_hot": {
    "count": 531978,
    "mean_us": 171.560182,
    "p50_us": 77.496788,
    "p99_us": 380.047119,
    "min_us": 2.043843,
    "max_us": 807.064124
  },
  "latency_cold": {
    "count": 168424,
    "mean_us": 9.915401,
    "p50_us": 9.372632,
    "p99_us": 22.064348,
    "min_us": 2.043393,
    "max_us": 40.191001
  },
  "dispatch_cct_us": 807.064124,
  "combine_cct_us": 806.887446,
  "roundtrip_step_us": 1616.351570
}
