{
  "scenario": 1,
  "scheme": "ub_rg",
  "mode": "roundtrip",
  "batch": 16,
  "zipf_s": 0.900000,
  "topk": 8,
  "ep_size": 32,
  "seed": 7,
  "tau_g_ns": 143.360000,
  "grain_bytes": 7168,
  "total_tokens": 8192,
  "max_egress_load": 61,
  "konig_us": 17.059840,
  "rtt_us": 0.600000,
  "barrier_us": 0.800000,
  "cct_us": 19.702306,
  "step_us": 20.502306,
  "throughput_GBs": 2864.080588,
  "latency_all": {
    "count": 8192,
    "mean_us": 3.201095,
    "p50_us": 2.622706,
    "p99_us": 8.751249,
    "min_us": 1.143389,
    "max_us": 9.851432
  },
  "latency_hot": {
    "count": 2312,
    "mean_us": 4.862286,
    "p50_us": 4.754945,
    "p99_us": 9.274394,
    "min_us": 1.143389,
    "max_us": 9.851432
  },
  "latency_cold": {
    "count": 2112,
    "mean_us": 1.986507,
    "p50_us": 1.913070,
    "p99_us": 3.229354,
    "min_us": 1.146643,
    "max_us": 3.830199
  },
  "dispatch_cct_us": 9.851432,
  "combine_cct_us": 9.850874,
  "roundtrip_step_us": 20.502306
}
