{
  "scenario": 4,
  "scheme": "packet_spray",
  "mode": "roundtrip",
  "batch": 16,
  "zipf_s": 0.000000,
  "topk": 8,
  "ep_size": 256,
  "seed": 79,
  "start_skew_us": 4.000000,
  "tau_g_ns": 143.360000,
  "grain_bytes": 7168,
  "total_tokens": 65536,
  "max_egress_load": 30,
  "konig_us": 8.601600,
  "rtt_us": 0.000000,
  "barrier_us": 6.000000,
  "cct_us": 55.192803,
  "step_us": 67.599053,
  "gemv_us": 6.406250,
  "e2e_us": 61.599053,
  "throughput_GBs": 6949.240099,
  "latency_all": {
    "count": 65536,
    "mean_us": 19.848149,
    "p50_us": 20.253206,
    "p99_us": 26.544180,
    "min_us": 0.336720,
    "max_us": 28.634708
  },
  "latency_hot": {
    "count": 6416,
    "mean_us": 17.948746,
    "p50_us": 18.686670,
    "p99_us": 25.066558,
    "min_us": 3.879724,
    "max_us": 26.414735
  },
  "latency_cold": {
    "count": 32890,
    "mean_us": 20.558002,
    "p50_us": 20.981998,
    "p99_us": 26.914388,
    "min_us": 0.336720,
    "max_us": 28.634708
  },
  "dispatch_cct_us": 26.558095,
  "combine_cct_us": 28.634708,
  "roundtrip_step_us": 61.192803,
  "e2e_step_us": 67.599053
}
