{
  "scenario": 2,
  "scheme": "ub_rg",
  "mode": "roundtrip",
  "batch": 64,
  "zipf_s": 0.700000,
  "topk": 8,
  "ep_size": 1024,
  "seed": 9,
  "tau_g_ns": 143.360000,
  "grain_bytes": 7168,
  "total_tokens": 1048576,
  "max_egress_load": 2426,
  "konig_us": 689.704960,
  "rtt_us": 1.100000,
  "barrier_us": 2.400000,
  "cct_us": 699.462359,
  "step_us": 701.862359,
  "throughput_GBs": 10708.927003,
  "latency_all": {
    "count": 1048576,
    "mean_us": 24.237279,
    "p50_us": 5.262069,
    "p99_us": 89.402145,
    "min_us": 2.043407,
    "max_us": 349.760659
  },
  "latency_hot": {
    "count": 455578,
    "mean_us": 47.273272,
    "p50_us": 20.418193,
    "p99_us": 104.142366,
    "min_us": 2.043435,
    "max_us": 349.760659
  },
  "latency_cold": {
    "count": 223158,
    "mean_us": 5.257433,
    "p50_us": 4.774230,
    "p99_us": 8.415127,
    "min_us": 2.043407,
    "max_us": 17.349329
  },
  "dispatch_cct_us": 349.760659,
  "combine_cct_us": 349.701699,
  "roundtrip_step_us": 701.862359
}
