{
  "scenario": 4,
  "scheme": "packet_spray",
  "mode": "roundtrip",
  "batch": 512,
  "zipf_s": 0.700000,
  "topk": 8,
  "ep_size": 256,
  "seed": 17,
  "start_skew_us": 4.000000,
  "tau_g_ns": 143.360000,
  "grain_bytes": 7168,
  "total_tokens": 2097152,
  "max_egress_load": 7851,
  "konig_us": 2155.130880,
  "rtt_us": 0.000000,
  "barrier_us": 6.000000,
  "cct_us": 2326.389311,
  "step_us": 4576.608061,
  "gemv_us": 2244.218750,
  "e2e_us": 4570.608061,
  "throughput_GBs": 3284.612826,
  "latency_all": {
    "count": 2097152,
    "mean_us": 364.861490,
    "p50_us": 98.813986,
    "p99_us": 632.543266,
    "min_us": 0.336720,
    "max_us": 1215.338183
  },
  "latency_hot": {
    "count": 810194,
    "mean_us": 410.718312,
    "p50_us": 161.721208,
    "p99_us": 644.557688,
    "min_us": 2.993727,
    "max_us": 1171.183303
  },
  "latency_cold": {
    "count": 485486,
    "mean_us": 336.446651,
    "p50_us": 98.792166,
    "p99_us": 133.447529,
    "min_us": 3.095549,
    "max_us": 1215.338183
  },
  "dispatch_cct_us": 1111.051128,
  "combine_cct_us": 1215.338183,
  "roundtrip_step_us": 2332.389311,
  "e2e_step_us": 4576.608061
}
