{
  "scenario": 1,
  "scheme": "packet_spray",
  "mode": "roundtrip",
  "batch": 64,
  "zipf_s": 0.000000,
  "topk": 8,
  "ep_size": 128,
  "seed": 83,
  "tau_g_ns": 143.360000,
  "grain_bytes": 7168,
  "total_tokens": 131072,
  "max_egress_load": 87,
  "konig_us": 24.084480,
  "rtt_us": 0.000000,
  "barrier_us": 4.000000,
  "cct_us": 41.644320,
  "step_us": 45.644320,
  "throughput_GBs": 20583.592789,
  "latency_all": {
    "count": 131072,
    "mean_us": 11.330036,
    "p50_us": 11.432080,
    "p99_us": 18.600080,
    "min_us": 0.536720,
    "max_us": 21.323920
  },
  "latency_hot": {
    "count": 12344,
    "mean_us": 9.259649,
    "p50_us": 9.281680,
    "p99_us": 18.313360,
    "min_us": 0.536720,
    "max_us": 20.177040
  },
  "latency_cold": {
    "count": 65456,
    "mean_us": 12.467152,
    "p50_us": 12.578960,
    "p99_us": 18.600080,
    "min_us": 0.536720,
    "max_us": 20.893840
  },
  "dispatch_cct_us": 21.323920,
  "combine_cct_us": 20.320400,
  "roundtrip_step_us": 45.644320
}
