{
  "scenario": 4,
  "scheme": "packet_spray",
  "mode": "roundtrip",
  "batch": 128,
  "zipf_s": 0.700000,
  "topk": 8,
  "ep_size": 256,
  "seed": 46,
  "start_skew_us": 4.000000,
  "tau_g_ns": 143.360000,
  "grain_bytes": 7168,
  "total_tokens": 524288,
  "max_egress_load": 1986,
  "konig_us": 538.316800,
  "rtt_us": 0.000000,
  "barrier_us": 6.000000,
  "cct_us": 582.675371,
  "step_us": 1141.370684,
  "gemv_us": 552.695312,
  "e2e_us": 1135.370684,
  "throughput_GBs": 3292.616884,
  "latency_all": {
    "count": 524288,
    "mean_us": 89.213138,
    "p50_us": 27.279309,
    "p99_us": 177.847461,
    "min_us": 0.399861,
    "max_us": 297.164550
  },
  "latency_hot": {
    "count": 202048,
    "mean_us": 100.668642,
    "p50_us": 78.355621,
    "p99_us": 257.125541,
    "min_us": 0.485606,
    "max_us": 285.982470
  },
  "latency_cold": {
    "count": 121742,
    "mean_us": 82.154238,
    "p50_us": 28.856269,
    "p99_us": 265.481990,
    "min_us": 0.411476,
    "max_us": 297.164550
  },
  "dispatch_cct_us": 285.510821,
  "combine_cct_us": 297.164550,
  "roundtrip_step_us": 588.675371,
  "e2e_step_us": 1141.370684
}
