{
  "scenario": 3,
  "scheme": "packet_spray",
  "mode": "roundtrip",
  "batch": 64,
  "zipf_s": 0.000000,
  "topk": 8,
  "ep_size": 1024,
  "seed": 6,
  "tau_g_ns": 143.360000,
  "grain_bytes": 7168,
  "total_tokens": 1048576,
  "max_egress_load": 101,
  "konig_us": 27.811840,
  "rtt_us": 0.000000,
  "barrier_us": 8.000000,
  "cct_us": 48.065440,
  "step_us": 56.065440,
  "throughput_GBs": 134061.068066,
  "latency_all": {
    "count": 1048576,
    "mean_us": 13.690326,
    "p50_us": 11.918800,
    "p99_us": 19.803600,
    "min_us": 0.880080,
    "max_us": 24.247760
  },
  "latency_hot": {
    "count": 105406,
    "mean_us": 10.678596,
    "p50_us": 10.341840,
    "p99_us": 20.663760,
    "min_us": 0.880080,
    "max_us": 22.670800
  },
  "latency_cold": {
    "count": 522918,
    "mean_us": 15.351416,
    "p50_us": 13.925840,
    "p99_us": 19.230160,
    "min_us": 0.880080,
    "max_us": 24.104400
  },
  "dispatch_cct_us": 24.247760,
  "combine_cct_us": 23.817680,
  "roundtrip_step_us": 56.065440
}
