{
  "scenario": 4,
  "scheme": "packet_spray",
  "mode": "roundtrip",
  "batch": 128,
  "zipf_s": 0.700000,
  "topk": 8,
  "ep_size": 128,
  "seed": 1,
  "start_skew_us": 4.000000,
  "tau_g_ns": 143.360000,
  "grain_bytes": 7168,
  "total_tokens": 262144,
  "max_egress_load": 1189,
  "konig_us": 328.867840,
  "rtt_us": 0.000000,
  "barrier_us": 6.000000,
  "cct_us": 373.208602,
  "step_us": 724.442977,
  "gemv_us": 345.234375,
  "e2e_us": 718.442977,
  "throughput_GBs": 2593.783435,
  "latency_all": {
    "count": 262144,
    "mean_us": 63.808330,
    "p50_us": 35.353598,
    "p99_us": 163.638227,
    "min_us": 0.363893,
    "max_us": 193.879053
  },
  "latency_hot": {
    "count": 90562,
    "mean_us": 72.092684,
    "p50_us": 61.852627,
    "p99_us": 167.430669,
    "min_us": 0.988165,
    "max_us": 183.270413
  },
  "latency_cold": {
    "count": 64906,
    "mean_us": 59.630897,
    "p50_us": 28.880661,
    "p99_us": 173.952013,
    "min_us": 0.547353,
    "max_us": 193.879053
  },
  "dispatch_cct_us": 179.329549,
  "combine_cct_us": 193.879053,
  "roundtrip_step_us": 379.208602,
  "e2e_step_us": 724.442977
}
