{
  "scenario": 4,
  "scheme": "ub_rg",
  "mode": "roundtrip",
  "batch": 512,
  "zipf_s": 0.300000,
  "topk": 8,
  "ep_size": 256,
  "seed": 92,
  "start_skew_us": 4.000000,
  "tau_g_ns": 143.360000,
  "grain_bytes": 7168,
  "total_tokens": 2097152,
  "max_egress_load": 1984,
  "konig_us": 548.782080,
  "rtt_us": 0.800000,
  "barrier_us": 1.600000,
  "cct_us": 578.091595,
  "step_us": 1155.902533,
  "gemv_us": 576.210938,
  "e2e_us": 1154.302533,
  "throughput_GBs": 13004.890211,
  "latency_all": {
    "count": 2097152,
    "mean_us": 46.779295,
    "p50_us": 14.950022,
    "p99_us": 122.857253,
    "min_us": 1.038965,
    "max_us": 289.070219
  },
  "latency_hot": {
    "count": 390940,
    "mean_us": 79.941191,
    "p50_us": 74.081415,
    "p99_us": 232.153093,
    "min_us": 1.059969,
    "max_us": 289.070219
  },
  "latency_cold": {
    "count": 818568,
    "mean_us": 33.719452,
    "p50_us": 20.503856,
    "p99_us": 58.773618,
    "min_us": 1.116187,
    "max_us": 98.331810
  },
  "dispatch_cct_us": 289.021376,
  "combine_cct_us": 289.070219,
  "roundtrip_step_us": 579.691595,
  "e2e_step_us": 1155.902533
}
