{
  "scenario": 4,
  "scheme": "packet_spray",
  "mode": "roundtrip",
  "batch": 256,
  "zipf_s": 0.300000,
  "topk": 8,
  "ep_size": 256,
  "seed": 92,
  "start_skew_us": 4.000000,
  "tau_g_ns": 143.360000,
  "grain_bytes": 7168,
  "total_tokens": 1048576,
  "max_egress_load": 981,
  "konig_us": 272.097280,
  "rtt_us": 0.000000,
  "barrier_us": 6.000000,
  "cct_us": 387.776252,
  "step_us": 680.260627,
  "gemv_us": 286.484375,
  "e2e_us": 674.260627,
  "throughput_GBs": 11048.989851,
  "latency_all": {
    "count": 1048576,
    "mean_us": 82.091535,
    "p50_us": 55.780106,
    "p99_us": 95.668052,
    "min_us": 0.910160,
    "max_us": 197.060521
  },
  "latency_hot": {
    "count": 195172,
    "mean_us": 83.205196,
    "p50_us": 81.799081,
    "p99_us": 157.192128,
    "min_us": 0.910160,
    "max_us": 190.715732
  },
  "latency_cold": {
    "count": 409576,
    "mean_us": 84.186960,
    "p50_us": 61.806868,
    "p99_us": 80.471892,
    "min_us": 2.191963,
    "max_us": 197.060521
  },
  "dispatch_cct_us": 190.715732,
  "combine_cct_us": 197.060521,
  "roundtrip_step_us": 393.776252,
  "e2e_step_us": 680.260627
}
