{
  "scenario": 2,
  "scheme": "ub_rg",
  "mode": "roundtrip",
  "batch": 64,
  "zipf_s": 0.900000,
  "topk": 8,
  "ep_size": 1024,
  "seed": 59,
  "tau_g_ns": 143.360000,
  "grain_bytes": 7168,
  "total_tokens": 1048576,
  "max_egress_load": 4635,
  "konig_us": 1322.782720,
  "rtt_us": 1.100000,
  "barrier_us": 2.400000,
  "cct_us": 1333.035101,
  "step_us": 1335.435101,
  "throughput_GBs": 5628.272587,
  "latency_all": {
    "count": 1048576,
    "mean_us": 59.090000,
    "p50_us": 4.962519,
    "p99_us": 260.092525,
    "min_us": 2.043362,
    "max_us": 666.560925
  },
  "latency_hot": {
    "count": 616728,
    "mean_us": 96.420493,
    "p50_us": 21.842726,
    "p99_us": 260.277297,
    "min_us": 2.043362,
    "max_us": 666.560925
  },
  "latency_cold": {
    "count": 140456,
    "mean_us": 4.429201,
    "p50_us": 4.121647,
    "p99_us": 8.694489,
    "min_us": 2.043459,
    "max_us": 14.960296
  },
  "dispatch_cct_us": 666.474176,
  "combine_cct_us": 666.560925,
  "roundtrip_step_us": 1335.435101
}
