{
  "scenario": 1,
  "scheme": "packet_spray",
  "mode": "roundtrip",
  "batch": 64,
  "zipf_s": 0.700000,
  "topk": 8,
  "ep_size": 64,
  "seed": 88,
  "start_skew_us": 4.000000,
  "tau_g_ns": 143.360000,
  "grain_bytes": 7168,
  "total_tokens": 65536,
  "max_egress_load": 349,
  "konig_us": 97.628160,
  "rtt_us": 0.000000,
  "barrier_us": 4.000000,
  "cct_us": 121.446455,
  "step_us": 228.923018,
  "gemv_us": 103.476562,
  "e2e_us": 224.923018,
  "throughput_GBs": 2052.052489,
  "latency_all": {
    "count": 65536,
    "mean_us": 24.998178,
    "p50_us": 20.412635,
    "p99_us": 55.732060,
    "min_us": 0.828356,
    "max_us": 61.987035
  },
  "latency_hot": {
    "count": 19274,
    "mean_us": 27.660548,
    "p50_us": 26.629980,
    "p99_us": 55.392475,
    "min_us": 3.118940,
    "max_us": 61.987035
  },
  "latency_cold": {
    "count": 17550,
    "mean_us": 24.101183,
    "p50_us": 16.104833,
    "p99_us": 57.165660,
    "min_us": 1.623326,
    "max_us": 59.459420
  },
  "dispatch_cct_us": 61.987035,
  "combine_cct_us": 59.459420,
  "roundtrip_step_us": 125.446455,
  "e2e_step_us": 228.923018
}
