{
  "scenario": 4,
  "scheme": "ub_rg_pop",
  "mode": "roundtrip",
  "batch": 128,
  "zipf_s": 0.900000,
  "topk": 8,
  "ep_size": 128,
  "seed": 13,
  "start_skew_us": 4.000000,
  "tau_g_ns": 143.360000,
  "grain_bytes": 7168,
  "total_tokens": 262144,
  "max_egress_load": 1632,
  "konig_us": 454.881280,
  "rtt_us": 1.200000,
  "barrier_us": 1.600000,
  "cct_us": 475.391951,
  "step_us": 958.359138,
  "gemv_us": 481.367188,
  "e2e_us": 956.759138,
  "throughput_GBs": 1960.693144,
  "latency_all": {
    "count": 262144,
    "mean_us": 34.816381,
    "p50_us": 12.127116,
    "p99_us": 188.851510,
    "min_us": 1.504772,
    "max_us": 239.153933
  },
  "latency_hot": {
    "count": 116058,
    "mean_us": 62.944193,
    "p50_us": 47.548405,
    "p99_us": 214.176405,
    "min_us": 1.915590,
    "max_us": 239.153933
  },
  "latency_cold": {
    "count": 47514,
    "mean_us": 7.847569,
    "p50_us": 7.701295,
    "p99_us": 14.028754,
    "min_us": 1.504772,
    "max_us": 19.699923
  },
  "dispatch_cct_us": 239.153933,
  "combine_cct_us": 236.238018,
  "roundtrip_step_us": 476.991951,
  "e2e_step_us": 958.359138
}
