{
  "scenario": 4,
  "scheme": "ub_rg_pop",
  "mode": "roundtrip",
  "batch": 64,
  "zipf_s": 0.700000,
  "topk": 8,
  "ep_size": 512,
  "seed": 15,
  "start_skew_us": 4.000000,
  "tau_g_ns": 143.360000,
  "grain_bytes": 7168,
  "total_tokens": 524288,
  "max_egress_load": 1637,
  "konig_us": 445.706240,
  "rtt_us": 1.200000,
  "barrier_us": 1.600000,
  "cct_us": 502.593559,
  "step_us": 963.998247,
  "gemv_us": 459.804688,
  "e2e_us": 962.398247,
  "throughput_GBs": 3898.447323,
  "latency_all": {
    "count": 524288,
    "mean_us": 31.734073,
    "p50_us": 19.187818,
    "p99_us": 48.157987,
    "min_us": 1.401130,
    "max_us": 254.110356
  },
  "latency_hot": {
    "count": 217992,
    "mean_us": 50.222270,
    "p50_us": 33.960044,
    "p99_us": 187.939456,
    "min_us": 4.449763,
    "max_us": 254.110356
  },
  "latency_cold": {
    "count": 115564,
    "mean_us": 16.726915,
    "p50_us": 16.571805,
    "p99_us": 26.382074,
    "min_us": 1.851760,
    "max_us": 32.825729
  },
  "dispatch_cct_us": 254.110356,
  "combine_cct_us": 248.483203,
  "roundtrip_step_us": 504.193559,
  "e2e_step_us": 963.998247
}
