{
  "scenario": 1,
  "scheme": "ub_rg_pop",
  "mode": "roundtrip",
  "batch": 128,
  "zipf_s": 0.000000,
  "topk": 8,
  "ep_size": 32,
  "seed": 11,
  "start_skew_us": 4.000000,
  "tau_g_ns": 143.360000,
  "grain_bytes": 7168,
  "total_tokens": 65536,
  "max_egress_load": 156,
  "konig_us": 44.154880,
  "rtt_us": 0.900000,
  "barrier_us": 0.800000,
  "cct_us": 74.550543,
  "step_us": 117.342731,
  "gemv_us": 41.992188,
  "e2e_us": 116.542731,
  "throughput_GBs": 4003.333191,
  "latency_all": {
    "count": 65536,
    "mean_us": 18.642061,
    "p50_us": 18.554733,
    "p99_us": 33.052534,
    "min_us": 1.465133,
    "max_us": 37.585808
  },
  "latency_hot": {
    "count": 6238,
    "mean_us": 17.566568,
    "p50_us": 17.547165,
    "p99_us": 32.485669,
    "min_us": 1.465133,
    "max_us": 35.553420
  },
  "latency_cold": {
    "count": 32666,
    "mean_us": 18.262935,
    "p50_us": 18.158241,
    "p99_us": 33.037679,
    "min_us": 1.778712,
    "max_us": 37.585808
  },
  "dispatch_cct_us": 37.585808,
  "combine_cct_us": 36.964735,
  "roundtrip_step_us": 75.350543,
  "e2e_step_us": 117.342731
}
