{
  "scenario": 4,
  "scheme": "ub_rg",
  "mode": "roundtrip",
  "batch": 256,
  "zipf_s": 0.900000,
  "topk": 8,
  "ep_size": 256,
  "seed": 68,
  "start_skew_us": 4.000000,
  "tau_g_ns": 143.360000,
  "grain_bytes": 7168,
  "total_tokens": 1048576,
  "max_egress_load": 6114,
  "konig_us": 1676.451840,
  "rtt_us": 0.800000,
  "barrier_us": 1.600000,
  "cct_us": 1759.955333,
  "step_us": 3505.305333,
  "gemv_us": 1743.750000,
  "e2e_us": 3503.705333,
  "throughput_GBs": 2144.233399,
  "latency_all": {
    "count": 1048576,
    "mean_us": 96.750057,
    "p50_us": 13.318370,
    "p99_us": 377.658595,
    "min_us": 1.075583,
    "max_us": 880.153422
  },
  "latency_hot": {
    "count": 530860,
    "mean_us": 172.659167,
    "p50_us": 79.176273,
    "p99_us": 377.565453,
    "min_us": 1.210413,
    "max_us": 880.153422
  },
  "latency_cold": {
    "count": 169130,
    "mean_us": 10.705734,
    "p50_us": 10.437878,
    "p99_us": 20.950591,
    "min_us": 1.169153,
    "max_us": 40.399279
  },
  "dispatch_cct_us": 879.801911,
  "combine_cct_us": 880.153422,
  "roundtrip_step_us": 1761.555333,
  "e2e_step_us": 3505.305333
}
