{
  "scenario": 1,
  "scheme": "ub_rg_pop",
  "mode": "roundtrip",
  "batch": 128,
  "zipf_s": 0.300000,
  "topk": 8,
  "ep_size": 32,
  "seed": 29,
  "start_skew_us": 4.000000,
  "tau_g_ns": 143.360000,
  "grain_bytes": 7168,
  "total_tokens": 65536,
  "max_egress_load": 247,
  "konig_us": 68.669440,
  "rtt_us": 0.900000,
  "barrier_us": 0.800000,
  "cct_us": 77.699847,
  "step_us": 150.921722,
  "gemv_us": 72.421875,
  "e2e_us": 150.121722,
  "throughput_GBs": 3112.620510,
  "latency_all": {
    "count": 65536,
    "mean_us": 13.320017,
    "p50_us": 12.695695,
    "p99_us": 31.487874,
    "min_us": 1.532649,
    "max_us": 39.878787
  },
  "latency_hot": {
    "count": 9754,
    "mean_us": 18.184220,
    "p50_us": 18.000187,
    "p99_us": 35.991355,
    "min_us": 1.801835,
    "max_us": 39.878787
  },
  "latency_cold": {
    "count": 27268,
    "mean_us": 11.095679,
    "p50_us": 10.958207,
    "p99_us": 20.828359,
    "min_us": 1.610873,
    "max_us": 24.575827
  },
  "dispatch_cct_us": 39.878787,
  "combine_cct_us": 37.821060,
  "roundtrip_step_us": 78.499847,
  "e2e_step_us": 150.921722
}
