{
  "scenario": 1,
  "scheme": "islip",
  "mode": "roundtrip",
  "batch": 64,
  "zipf_s": 0.300000,
  "topk": 8,
  "ep_size": 64,
  "seed": 13,
  "start_skew_us": 4.000000,
  "tau_g_ns": 143.360000,
  "grain_bytes": 7168,
  "total_tokens": 65536,
  "max_egress_load": 174,
  "konig_us": 46.878720,
  "rtt_us": 0.600000,
  "barrier_us": 0.800000,
  "cct_us": 56.642536,
  "step_us": 105.215973,
  "gemv_us": 47.773438,
  "e2e_us": 104.415973,
  "throughput_GBs": 4464.740799,
  "latency_all": {
    "count": 65536,
    "mean_us": 8.154962,
    "p50_us": 7.665360,
    "p99_us": 19.974860,
    "min_us": 1.158685,
    "max_us": 30.067860
  },
  "latency_hot": {
    "count": 10928,
    "mean_us": 11.046812,
    "p50_us": 10.719698,
    "p99_us": 23.697198,
    "min_us": 1.199565,
    "max_us": 30.067860
  },
  "latency_cold": {
    "count": 26028,
    "mean_us": 6.855938,
    "p50_us": 6.760398,
    "p99_us": 12.673408,
    "min_us": 1.180773,
    "max_us": 14.996869
  },
  "dispatch_cct_us": 30.067860,
  "combine_cct_us": 26.574676,
  "roundtrip_step_us": 57.442536,
  "e2e_step_us": 105.215973
}
