{
  "scenario": 1,
  "scheme": "islip",
  "mode": "roundtrip",
  "batch": 512,
  "zipf_s": 0.700000,
  "topk": 8,
  "ep_size": 64,
  "seed": 75,
  "start_skew_us": 4.000000,
  "tau_g_ns": 143.360000,
  "grain_bytes": 7168,
  "total_tokens": 524288,
  "max_egress_load": 2721,
  "konig_us": 772.710400,
  "rtt_us": 0.600000,
  "barrier_us": 0.800000,
  "cct_us": 804.941502,
  "step_us": 1639.764939,
  "gemv_us": 834.023438,
  "e2e_us": 1638.964939,
  "throughput_GBs": 2291.850676,
  "latency_all": {
    "count": 524288,
    "mean_us": 74.707680,
    "p50_us": 40.059333,
    "p99_us": 143.915270,
    "min_us": 1.163801,
    "max_us": 404.256266
  },
  "latency_hot": {
    "count": 156386,
    "mean_us": 141.476198,
    "p50_us": 127.896330,
    "p99_us": 379.206738,
    "min_us": 1.293206,
    "max_us": 404.256266
  },
  "latency_cold": {
    "count": 141130,
    "mean_us": 32.003844,
    "p50_us": 31.593490,
    "p99_us": 60.326169,
    "min_us": 1.163801,
    "max_us": 74.081226
  },
  "dispatch_cct_us": 404.256266,
  "combine_cct_us": 400.685236,
  "roundtrip_step_us": 805.741502,
  "e2e_step_us": 1639.764939
}
