{
  "scenario": 1,
  "scheme": "ub_rg_pop",
  "mode": "roundtrip",
  "batch": 16,
  "zipf_s": 0.700000,
  "topk": 8,
  "ep_size": 128,
  "seed": 50,
  "tau_g_ns": 143.360000,
  "grain_bytes": 7168,
  "total_tokens": 32768,
  "max_egress_load": 148,
  "konig_us": 40.857600,
  "rtt_us": 0.900000,
  "barrier_us": 0.800000,
  "cct_us": 45.307270,
  "step_us": 46.107270,
  "throughput_GBs": 5094.229659,
  "latency_all": {
    "count": 32768,
    "mean_us": 4.355401,
    "p50_us": 3.164229,
    "p99_us": 18.037723,
    "min_us": 1.443766,
    "max_us": 22.689009
  },
  "latency_hot": {
    "count": 11314,
    "mean_us": 7.170917,
    "p50_us": 6.269537,
    "p99_us": 20.027747,
    "min_us": 1.444177,
    "max_us": 22.689009
  },
  "latency_cold": {
    "count": 7998,
    "mean_us": 2.311183,
    "p50_us": 2.256894,
    "p99_us": 3.620527,
    "min_us": 1.443766,
    "max_us": 4.719845
  },
  "dispatch_cct_us": 22.689009,
  "combine_cct_us": 22.618262,
  "roundtrip_step_us": 46.107270
}
