{
  "scenario": 1,
  "scheme": "islip",
  "mode": "roundtrip",
  "batch": 16,
  "zipf_s": 0.000000,
  "topk": 8,
  "ep_size": 128,
  "seed": 36,
  "start_skew_us": 4.000000,
  "tau_g_ns": 143.360000,
  "grain_bytes": 7168,
  "total_tokens": 32768,
  "max_egress_load": 32,
  "konig_us": 8.601600,
  "rtt_us": 0.600000,
  "barrier_us": 0.800000,
  "cct_us": 18.109407,
  "step_us": 25.354719,
  "gemv_us": 6.445312,
  "e2e_us": 24.554719,
  "throughput_GBs": 9263.798991,
  "latency_all": {
    "count": 32768,
    "mean_us": 4.502392,
    "p50_us": 4.500588,
    "p99_us": 7.674623,
    "min_us": 1.227186,
    "max_us": 9.130155
  },
  "latency_hot": {
    "count": 2964,
    "mean_us": 4.654362,
    "p50_us": 4.672394,
    "p99_us": 7.424581,
    "min_us": 1.300126,
    "max_us": 8.043287
  },
  "latency_cold": {
    "count": 16554,
    "mean_us": 4.431822,
    "p50_us": 4.395415,
    "p99_us": 7.721829,
    "min_us": 1.227186,
    "max_us": 9.130155
  },
  "dispatch_cct_us": 8.979252,
  "combine_cct_us": 9.130155,
  "roundtrip_step_us": 18.909407,
  "e2e_step_us": 25.354719
}
