{
  "scenario": 4,
  "scheme": "ub_rg",
  "mode": "roundtrip",
  "batch": 128,
  "zipf_s": 0.900000,
  "topk": 8,
  "ep_size": 256,
  "seed": 69,
  "start_skew_us": 4.000000,
  "tau_g_ns": 143.360000,
  "grain_bytes": 7168,
  "total_tokens": 524288,
  "max_egress_load": 3036,
  "konig_us": 831.488000,
  "rtt_us": 0.800000,
  "barrier_us": 1.600000,
  "cct_us": 877.614486,
  "step_us": 1742.730111,
  "gemv_us": 863.515625,
  "e2e_us": 1741.130111,
  "throughput_GBs": 2156.441987,
  "latency_all": {
    "count": 524288,
    "mean_us": 50.232569,
    "p50_us": 13.979919,
    "p99_us": 116.167656,
    "min_us": 1.089441,
    "max_us": 439.108359
  },
  "latency_hot": {
    "count": 265164,
    "mean_us": 87.889156,
    "p50_us": 40.161846,
    "p99_us": 363.590589,
    "min_us": 1.295780,
    "max_us": 439.108359
  },
  "latency_cold": {
    "count": 84800,
    "mean_us": 7.317342,
    "p50_us": 7.198113,
    "p99_us": 13.116651,
    "min_us": 1.089441,
    "max_us": 29.406085
  },
  "dispatch_cct_us": 438.506127,
  "combine_cct_us": 439.108359,
  "roundtrip_step_us": 879.214486,
  "e2e_step_us": 1742.730111
}
