{
  "scenario": 1,
  "scheme": "islip",
  "mode": "roundtrip",
  "batch": 16,
  "zipf_s": 0.900000,
  "topk": 8,
  "ep_size": 64,
  "seed": 54,
  "start_skew_us": 4.000000,
  "tau_g_ns": 143.360000,
  "grain_bytes": 7168,
  "total_tokens": 16384,
  "max_egress_load": 113,
  "konig_us": 30.965760,
  "rtt_us": 0.600000,
  "barrier_us": 0.800000,
  "cct_us": 63.886322,
  "step_us": 96.717572,
  "gemv_us": 32.031250,
  "e2e_us": 95.917572,
  "throughput_GBs": 1214.262404,
  "latency_all": {
    "count": 16384,
    "mean_us": 12.570015,
    "p50_us": 12.092006,
    "p99_us": 29.432820,
    "min_us": 1.156569,
    "max_us": 33.834858
  },
  "latency_hot": {
    "count": 6020,
    "mean_us": 14.998381,
    "p50_us": 14.061252,
    "p99_us": 31.317188,
    "min_us": 1.156569,
    "max_us": 33.834858
  },
  "latency_cold": {
    "count": 3458,
    "mean_us": 10.446880,
    "p50_us": 10.577261,
    "p99_us": 21.760925,
    "min_us": 1.185243,
    "max_us": 23.241599
  },
  "dispatch_cct_us": 30.051465,
  "combine_cct_us": 33.834858,
  "roundtrip_step_us": 64.686322,
  "e2e_step_us": 96.717572
}
