{
  "scenario": 4,
  "scheme": "ub_rg",
  "mode": "roundtrip",
  "batch": 256,
  "zipf_s": 0.700000,
  "topk": 8,
  "ep_size": 128,
  "seed": 87,
  "start_skew_us": 4.000000,
  "tau_g_ns": 143.360000,
  "grain_bytes": 7168,
  "total_tokens": 524288,
  "max_egress_load": 2354,
  "konig_us": 653.578240,
  "rtt_us": 0.800000,
  "barrier_us": 1.600000,
  "cct_us": 681.389422,
  "step_us": 1371.895672,
  "gemv_us": 688.906250,
  "e2e_us": 1370.295672,
  "throughput_GBs": 2739.345607,
  "latency_all": {
    "count": 524288,
    "mean_us": 43.968678,
    "p50_us": 18.913237,
    "p99_us": 89.687409,
    "min_us": 1.088937,
    "max_us": 341.319295
  },
  "latency_hot": {
    "count": 180278,
    "mean_us": 88.966003,
    "p50_us": 71.337567,
    "p99_us": 304.787205,
    "min_us": 1.545370,
    "max_us": 341.319295
  },
  "latency_cold": {
    "count": 129338,
    "mean_us": 13.292299,
    "p50_us": 13.009447,
    "p99_us": 26.482710,
    "min_us": 1.088937,
    "max_us": 45.936374
  },
  "dispatch_cct_us": 340.070127,
  "combine_cct_us": 341.319295,
  "roundtrip_step_us": 682.989422,
  "e2e_step_us": 1371.895672
}
