{
  "scenario": 4,
  "scheme": "ub_rg_pop",
  "mode": "roundtrip",
  "batch": 128,
  "zipf_s": 0.700000,
  "topk": 8,
  "ep_size": 512,
  "seed": 18,
  "start_skew_us": 4.000000,
  "tau_g_ns": 143.360000,
  "grain_bytes": 7168,
  "total_tokens": 1048576,
  "max_egress_load": 3277,
  "konig_us": 889.262080,
  "rtt_us": 1.200000,
  "barrier_us": 1.600000,
  "cct_us": 970.877605,
  "step_us": 1886.813543,
  "gemv_us": 914.335938,
  "e2e_us": 1885.213543,
  "throughput_GBs": 3983.537640,
  "latency_all": {
    "count": 1048576,
    "mean_us": 47.610852,
    "p50_us": 17.655532,
    "p99_us": 143.175649,
    "min_us": 1.625821,
    "max_us": 486.004959
  },
  "latency_hot": {
    "count": 435488,
    "mean_us": 84.233600,
    "p50_us": 50.151852,
    "p99_us": 206.471900,
    "min_us": 4.216585,
    "max_us": 486.004959
  },
  "latency_cold": {
    "count": 231196,
    "mean_us": 17.992838,
    "p50_us": 17.072181,
    "p99_us": 29.122467,
    "min_us": 1.625821,
    "max_us": 46.463529
  },
  "dispatch_cct_us": 484.872647,
  "combine_cct_us": 486.004959,
  "roundtrip_step_us": 972.477605,
  "e2e_step_us": 1886.813543
}
