{
  "scenario": 1,
  "scheme": "ub_rg_pop",
  "mode": "roundtrip",
  "batch": 64,
  "zipf_s": 0.900000,
  "topk": 8,
  "ep_size": 128,
  "seed": 44,
  "tau_g_ns": 143.360000,
  "grain_bytes": 7168,
  "total_tokens": 131072,
  "max_egress_load": 777,
  "konig_us": 221.061120,
  "rtt_us": 0.900000,
  "barrier_us": 0.800000,
  "cct_us": 225.693188,
  "step_us": 226.493188,
  "throughput_GBs": 4148.134013,
  "latency_all": {
    "count": 131072,
    "mean_us": 17.197477,
    "p50_us": 8.346128,
    "p99_us": 99.369066,
    "min_us": 1.443417,
    "max_us": 112.887147
  },
  "latency_hot": {
    "count": 57710,
    "mean_us": 31.258035,
    "p50_us": 23.746587,
    "p99_us": 105.894288,
    "min_us": 1.443920,
    "max_us": 112.887147
  },
  "latency_cold": {
    "count": 23686,
    "mean_us": 3.677832,
    "p50_us": 3.586535,
    "p99_us": 6.816289,
    "min_us": 1.443417,
    "max_us": 8.781747
  },
  "dispatch_cct_us": 112.887147,
  "combine_cct_us": 112.806041,
  "roundtrip_step_us": 226.493188
}
