{
  "scenario": 4,
  "scheme": "ub_rg_pop",
  "mode": "roundtrip",
  "batch": 256,
  "zipf_s": 0.000000,
  "topk": 8,
  "ep_size": 512,
  "seed": 8,
  "start_skew_us": 4.000000,
  "tau_g_ns": 143.360000,
  "grain_bytes": 7168,
  "total_tokens": 2097152,
  "max_egress_load": 338,
  "konig_us": 96.194560,
  "rtt_us": 1.200000,
  "barrier_us": 1.600000,
  "cct_us": 147.130155,
  "step_us": 234.745780,
  "gemv_us": 86.015625,
  "e2e_us": 233.145780,
  "throughput_GBs": 64036.872360,
  "latency_all": {
    "count": 2097152,
    "mean_us": 34.029090,
    "p50_us": 20.761673,
    "p99_us": 55.426009,
    "min_us": 1.766882,
    "max_us": 75.080072
  },
  "latency_hot": {
    "count": 207834,
    "mean_us": 33.920059,
    "p50_us": 33.136076,
    "p99_us": 56.657155,
    "min_us": 2.115122,
    "max_us": 70.348862
  },
  "latency_cold": {
    "count": 1050468,
    "mean_us": 34.024093,
    "p50_us": 24.206144,
    "p99_us": 52.947582,
    "min_us": 1.766882,
    "max_us": 75.080072
  },
  "dispatch_cct_us": 75.080072,
  "combine_cct_us": 72.050082,
  "roundtrip_step_us": 148.730155,
  "e2e_step_us": 234.745780
}
