{
  "scenario": 4,
  "scheme": "packet_spray",
  "mode": "roundtrip",
  "batch": 512,
  "zipf_s": 0.900000,
  "topk": 8,
  "ep_size": 512,
  "seed": 88,
  "start_skew_us": 4.000000,
  "tau_g_ns": 143.360000,
  "grain_bytes": 7168,
  "total_tokens": 4194304,
  "max_egress_load": 22149,
  "konig_us": 6070.435840,
  "rtt_us": 0.000000,
  "barrier_us": 6.000000,
  "cct_us": 6236.897335,
  "step_us": 12553.717648,
  "gemv_us": 6310.820312,
  "e2e_us": 12547.717648,
  "throughput_GBs": 2394.889858,
  "latency_all": {
    "count": 4194304,
    "mean_us": 904.982832,
    "p50_us": 102.343005,
    "p99_us": 2321.914075,
    "min_us": 0.203855,
    "max_us": 3285.632860
  },
  "latency_hot": {
    "count": 2326288,
    "mean_us": 1000.490256,
    "p50_us": 146.346806,
    "p99_us": 2288.941275,
    "min_us": 0.203855,
    "max_us": 3251.226460
  },
  "latency_cold": {
    "count": 609404,
    "mean_us": 784.064528,
    "p50_us": 78.951628,
    "p99_us": 114.846666,
    "min_us": 0.205820,
    "max_us": 3285.632860
  },
  "dispatch_cct_us": 2951.264475,
  "combine_cct_us": 3285.632860,
  "roundtrip_step_us": 6242.897335,
  "e2e_step_us": 12553.717648
}
