{
  "scenario": 4,
  "scheme": "packet_spray",
  "mode": "roundtrip",
  "batch": 128,
  "zipf_s": 0.700000,
  "topk": 8,
  "ep_size": 256,
  "seed": 41,
  "start_skew_us": 4.000000,
  "tau_g_ns": 143.360000,
  "grain_bytes": 7168,
  "total_tokens": 524288,
  "max_egress_load": 1998,
  "konig_us": 543.191040,
  "rtt_us": 0.000000,
  "barrier_us": 6.000000,
  "cct_us": 605.971467,
  "step_us": 1171.619904,
  "gemv_us": 559.648438,
  "e2e_us": 1165.619904,
  "throughput_GBs": 3207.607152,
  "latency_all": {
    "count": 524288,
    "mean_us": 102.799078,
    "p50_us": 37.849319,
    "p99_us": 187.422922,
    "min_us": 0.480080,
    "max_us": 319.954032
  },
  "latency_hot": {
    "count": 201080,
    "mean_us": 113.920661,
    "p50_us": 90.256914,
    "p99_us": 273.935472,
    "min_us": 1.777511,
    "max_us": 307.768432
  },
  "latency_cold": {
    "count": 121350,
    "mean_us": 95.960243,
    "p50_us": 40.333799,
    "p99_us": 284.687472,
    "min_us": 1.483600,
    "max_us": 319.954032
  },
  "dispatch_cct_us": 286.017435,
  "combine_cct_us": 319.954032,
  "roundtrip_step_us": 611.971467,
  "e2e_step_us": 1171.619904
}
