{
  "scenario": 1,
  "scheme": "ub_rg",
  "mode": "roundtrip",
  "batch": 16,
  "zipf_s": 0.300000,
  "topk": 8,
  "ep_size": 32,
  "seed": 60,
  "start_skew_us": 4.000000,
  "tau_g_ns": 143.360000,
  "grain_bytes": 7168,
  "total_tokens": 8192,
  "max_egress_load": 38,
  "konig_us": 10.178560,
  "rtt_us": 0.600000,
  "barrier_us": 0.800000,
  "cct_us": 19.732650,
  "step_us": 29.946712,
  "gemv_us": 9.414062,
  "e2e_us": 29.146712,
  "throughput_GBs": 1960.824810,
  "latency_all": {
    "count": 8192,
    "mean_us": 4.587349,
    "p50_us": 4.512319,
    "p99_us": 8.301371,
    "min_us": 1.511165,
    "max_us": 10.022774
  },
  "latency_hot": {
    "count": 1204,
    "mean_us": 5.270368,
    "p50_us": 5.144653,
    "p99_us": 9.178436,
    "min_us": 1.626963,
    "max_us": 10.022774
  },
  "latency_cold": {
    "count": 3430,
    "mean_us": 4.317829,
    "p50_us": 4.274192,
    "p99_us": 7.258777,
    "min_us": 1.511165,
    "max_us": 7.936063
  },
  "dispatch_cct_us": 9.709875,
  "combine_cct_us": 10.022774,
  "roundtrip_step_us": 20.532650,
  "e2e_step_us": 29.946712
}
