{
  "scenario": 1,
  "scheme": "ub_rg",
  "mode": "dispatch",
  "batch": 256,
  "zipf_s": 0.000000,
  "topk": 8,
  "ep_size": 128,
  "seed": 1,
  "start_skew_us": 2.000000,
  "tau_g_ns": 143.360000,
  "grain_bytes": 7168,
  "total_tokens": 262144,
  "max_egress_load": 302,
  "konig_us": 43.294720,
  "rtt_us": 0.600000,
  "barrier_us": 0.400000,
  "cct_us": 53.796053,
  "step_us": 54.196053,
  "gemv_us": 0.000000,
  "e2e_us": 0.000000,
  "throughput_GBs": 34929.108584,
  "latency_all": {
    "count": 262144,
    "mean_us": 26.030324,
    "p50_us": 22.084857,
    "p99_us": 39.714699,
    "min_us": 2.317060,
    "max_us": 53.796053
  },
  "latency_hot": {
    "count": 24887,
    "mean_us": 26.274469,
    "p50_us": 26.155404,
    "p99_us": 47.454831,
    "min_us": 2.433616,
    "max_us": 51.365461
  },
  "latency_cold": {
    "count": 130984,
    "mean_us": 26.014729,
    "p50_us": 25.908869,
    "p99_us": 46.824087,
    "min_us": 2.317060,
    "max_us": 53.796053
  }
}
