{
  "scenario": 1,
  "scheme": "packet_spray",
  "mode": "roundtrip",
  "batch": 64,
  "zipf_s": 0.700000,
  "topk": 8,
  "ep_size": 128,
  "seed": 87,
  "start_skew_us": 4.000000,
  "tau_g_ns": 143.360000,
  "grain_bytes": 7168,
  "total_tokens": 131072,
  "max_egress_load": 604,
  "konig_us": 166.154240,
  "rtt_us": 0.000000,
  "barrier_us": 4.000000,
  "cct_us": 207.460630,
  "step_us": 384.702818,
  "gemv_us": 173.242188,
  "e2e_us": 380.702818,
  "throughput_GBs": 2442.207471,
  "latency_all": {
    "count": 131072,
    "mean_us": 43.305202,
    "p50_us": 35.172425,
    "p99_us": 92.803145,
    "min_us": 5.568180,
    "max_us": 109.639885
  },
  "latency_hot": {
    "count": 44884,
    "mean_us": 47.318424,
    "p50_us": 43.825210,
    "p99_us": 93.583565,
    "min_us": 8.496145,
    "max_us": 109.639885
  },
  "latency_cold": {
    "count": 32500,
    "mean_us": 41.161118,
    "p50_us": 29.355993,
    "p99_us": 94.236745,
    "min_us": 5.568180,
    "max_us": 97.820745
  },
  "dispatch_cct_us": 109.639885,
  "combine_cct_us": 97.820745,
  "roundtrip_step_us": 211.460630,
  "e2e_step_us": 384.702818
}
