{
  "scenario": 1,
  "scheme": "ub_rg",
  "mode": "roundtrip",
  "batch": 16,
  "zipf_s": 0.000000,
  "topk": 8,
  "ep_size": 128,
  "seed": 41,
  "start_skew_us": 4.000000,
  "tau_g_ns": 143.360000,
  "grain_bytes": 7168,
  "total_tokens": 32768,
  "max_egress_load": 30,
  "konig_us": 8.171520,
  "rtt_us": 0.600000,
  "barrier_us": 0.800000,
  "cct_us": 18.029151,
  "step_us": 25.508839,
  "gemv_us": 6.679688,
  "e2e_us": 24.708839,
  "throughput_GBs": 9207.828882,
  "latency_all": {
    "count": 32768,
    "mean_us": 4.588544,
    "p50_us": 4.536767,
    "p99_us": 7.884823,
    "min_us": 1.186914,
    "max_us": 9.430324
  },
  "latency_hot": {
    "count": 3112,
    "mean_us": 4.887862,
    "p50_us": 4.875295,
    "p99_us": 7.915701,
    "min_us": 1.419701,
    "max_us": 8.356909
  },
  "latency_cold": {
    "count": 16390,
    "mean_us": 4.586532,
    "p50_us": 4.513639,
    "p99_us": 7.923315,
    "min_us": 1.195061,
    "max_us": 9.430324
  },
  "dispatch_cct_us": 9.430324,
  "combine_cct_us": 8.598828,
  "roundtrip_step_us": 18.829151,
  "e2e_step_us": 25.508839
}
