{
  "scenario": 4,
  "scheme": "packet_spray",
  "mode": "roundtrip",
  "batch": 512,
  "zipf_s": 0.700000,
  "topk": 8,
  "ep_size": 128,
  "seed": 72,
  "start_skew_us": 4.000000,
  "tau_g_ns": 143.360000,
  "grain_bytes": 7168,
  "total_tokens": 1048576,
  "max_egress_load": 4908,
  "konig_us": 1329.233920,
  "rtt_us": 0.000000,
  "barrier_us": 6.000000,
  "cct_us": 1515.428835,
  "step_us": 2884.905397,
  "gemv_us": 1363.476562,
  "e2e_us": 2878.905397,
  "throughput_GBs": 2605.351557,
  "latency_all": {
    "count": 1048576,
    "mean_us": 258.707067,
    "p50_us": 99.900394,
    "p99_us": 354.358561,
    "min_us": 2.189994,
    "max_us": 780.616197
  },
  "latency_hot": {
    "count": 360754,
    "mean_us": 291.412688,
    "p50_us": 211.414349,
    "p99_us": 661.555677,
    "min_us": 5.763275,
    "max_us": 734.812637
  },
  "latency_cold": {
    "count": 258556,
    "mean_us": 242.047111,
    "p50_us": 109.695484,
    "p99_us": 683.274757,
    "min_us": 2.200400,
    "max_us": 780.616197
  },
  "dispatch_cct_us": 734.812637,
  "combine_cct_us": 780.616197,
  "roundtrip_step_us": 1521.428835,
  "e2e_step_us": 2884.905397
}
