{
  "scenario": 1,
  "scheme": "islip",
  "mode": "roundtrip",
  "batch": 64,
  "zipf_s": 0.300000,
  "topk": 8,
  "ep_size": 32,
  "seed": 34,
  "start_skew_us": 4.000000,
  "tau_g_ns": 143.360000,
  "grain_bytes": 7168,
  "total_tokens": 32768,
  "max_egress_load": 131,
  "konig_us": 35.983360,
  "rtt_us": 0.600000,
  "barrier_us": 0.800000,
  "cct_us": 44.060503,
  "step_us": 82.165190,
  "gemv_us": 37.304688,
  "e2e_us": 81.365190,
  "throughput_GBs": 2858.643958,
  "latency_all": {
    "count": 32768,
    "mean_us": 8.223789,
    "p50_us": 7.860930,
    "p99_us": 18.137675,
    "min_us": 1.287238,
    "max_us": 22.697794
  },
  "latency_hot": {
    "count": 5022,
    "mean_us": 10.666960,
    "p50_us": 10.528701,
    "p99_us": 20.589475,
    "min_us": 1.635459,
    "max_us": 22.697794
  },
  "latency_cold": {
    "count": 13464,
    "mean_us": 7.141278,
    "p50_us": 7.031568,
    "p99_us": 13.028666,
    "min_us": 1.287238,
    "max_us": 15.333202
  },
  "dispatch_cct_us": 21.362708,
  "combine_cct_us": 22.697794,
  "roundtrip_step_us": 44.860503,
  "e2e_step_us": 82.165190
}
