{
  "scenario": 4,
  "scheme": "packet_spray",
  "mode": "roundtrip",
  "batch": 16,
  "zipf_s": 0.300000,
  "topk": 8,
  "ep_size": 128,
  "seed": 91,
  "start_skew_us": 4.000000,
  "tau_g_ns": 143.360000,
  "grain_bytes": 7168,
  "total_tokens": 32768,
  "max_egress_load": 56,
  "konig_us": 14.909440,
  "rtt_us": 0.000000,
  "barrier_us": 6.000000,
  "cct_us": 56.621343,
  "step_us": 77.347905,
  "gemv_us": 14.726562,
  "e2e_us": 71.347905,
  "throughput_GBs": 3036.682414,
  "latency_all": {
    "count": 32768,
    "mean_us": 18.871314,
    "p50_us": 19.451486,
    "p99_us": 25.200293,
    "min_us": 0.480080,
    "max_us": 28.840570
  },
  "latency_hot": {
    "count": 5714,
    "mean_us": 18.461211,
    "p50_us": 19.136448,
    "p99_us": 25.773733,
    "min_us": 0.480080,
    "max_us": 27.780773
  },
  "latency_cold": {
    "count": 12876,
    "mean_us": 19.261981,
    "p50_us": 19.848856,
    "p99_us": 27.406970,
    "min_us": 1.626960,
    "max_us": 28.840570
  },
  "dispatch_cct_us": 27.780773,
  "combine_cct_us": 28.840570,
  "roundtrip_step_us": 62.621343,
  "e2e_step_us": 77.347905
}
