{
  "scenario": 1,
  "scheme": "ub_rg",
  "mode": "roundtrip",
  "batch": 256,
  "zipf_s": 0.700000,
  "topk": 8,
  "ep_size": 32,
  "seed": 72,
  "tau_g_ns": 143.360000,
  "grain_bytes": 7168,
  "total_tokens": 131072,
  "max_egress_load": 814,
  "konig_us": 231.096320,
  "rtt_us": 0.600000,
  "barrier_us": 0.800000,
  "cct_us": 235.673323,
  "step_us": 236.473323,
  "throughput_GBs": 3973.065903,
  "latency_all": {
    "count": 131072,
    "mean_us": 26.437664,
    "p50_us": 19.831107,
    "p99_us": 103.767062,
    "min_us": 1.144972,
    "max_us": 117.871188
  },
  "latency_hot": {
    "count": 31248,
    "mean_us": 49.352989,
    "p50_us": 47.936245,
    "p99_us": 112.714071,
    "min_us": 1.148524,
    "max_us": 117.871188
  },
  "latency_cold": {
    "count": 39890,
    "mean_us": 12.814507,
    "p50_us": 12.497119,
    "p99_us": 28.038699,
    "min_us": 1.145410,
    "max_us": 33.692757
  },
  "dispatch_cct_us": 117.802135,
  "combine_cct_us": 117.871188,
  "roundtrip_step_us": 236.473323
}
