{
  "scenario": 1,
  "scheme": "packet_spray",
  "mode": "roundtrip",
  "batch": 64,
  "zipf_s": 0.300000,
  "topk": 8,
  "ep_size": 64,
  "seed": 56,
  "tau_g_ns": 143.360000,
  "grain_bytes": 7168,
  "total_tokens": 65536,
  "max_egress_load": 160,
  "konig_us": 43.438080,
  "rtt_us": 0.000000,
  "barrier_us": 4.000000,
  "cct_us": 60.854560,
  "step_us": 64.854560,
  "throughput_GBs": 7243.315628,
  "latency_all": {
    "count": 65536,
    "mean_us": 14.093721,
    "p50_us": 13.439120,
    "p99_us": 27.345040,
    "min_us": 0.536720,
    "max_us": 30.785680
  },
  "latency_hot": {
    "count": 10776,
    "mean_us": 13.831644,
    "p50_us": 14.012560,
    "p99_us": 27.345040,
    "min_us": 0.536720,
    "max_us": 30.785680
  },
  "latency_cold": {
    "count": 26306,
    "mean_us": 14.798506,
    "p50_us": 13.439120,
    "p99_us": 28.205200,
    "min_us": 0.536720,
    "max_us": 30.068880
  },
  "dispatch_cct_us": 30.785680,
  "combine_cct_us": 30.068880,
  "roundtrip_step_us": 64.854560
}
