{
  "scenario": 1,
  "scheme": "ub_rg_pop",
  "mode": "roundtrip",
  "batch": 256,
  "zipf_s": 0.000000,
  "topk": 8,
  "ep_size": 32,
  "seed": 45,
  "start_skew_us": 4.000000,
  "tau_g_ns": 143.360000,
  "grain_bytes": 7168,
  "total_tokens": 131072,
  "max_egress_load": 295,
  "konig_us": 84.439040,
  "rtt_us": 0.900000,
  "barrier_us": 0.800000,
  "cct_us": 113.430347,
  "step_us": 197.706910,
  "gemv_us": 83.476562,
  "e2e_us": 196.906910,
  "throughput_GBs": 4752.105510,
  "latency_all": {
    "count": 131072,
    "mean_us": 26.188386,
    "p50_us": 26.068647,
    "p99_us": 49.359239,
    "min_us": 1.478736,
    "max_us": 58.488358
  },
  "latency_hot": {
    "count": 12234,
    "mean_us": 24.850060,
    "p50_us": 24.739393,
    "p99_us": 47.487520,
    "min_us": 1.838754,
    "max_us": 58.125858
  },
  "latency_cold": {
    "count": 65588,
    "mean_us": 26.428513,
    "p50_us": 26.316952,
    "p99_us": 49.130177,
    "min_us": 1.806387,
    "max_us": 57.688419
  },
  "dispatch_cct_us": 58.488358,
  "combine_cct_us": 54.941990,
  "roundtrip_step_us": 114.230347,
  "e2e_step_us": 197.706910
}
