{
  "scenario": 4,
  "scheme": "ub_rg_pop",
  "mode": "roundtrip",
  "batch": 512,
  "zipf_s": 0.900000,
  "topk": 8,
  "ep_size": 512,
  "seed": 68,
  "start_skew_us": 4.000000,
  "tau_g_ns": 143.360000,
  "grain_bytes": 7168,
  "total_tokens": 4194304,
  "max_egress_load": 22576,
  "konig_us": 6139.105280,
  "rtt_us": 1.200000,
  "barrier_us": 1.600000,
  "cct_us": 6506.556327,
  "step_us": 12835.148514,
  "gemv_us": 6326.992188,
  "e2e_us": 12833.548514,
  "throughput_GBs": 2342.378122,
  "latency_all": {
    "count": 4194304,
    "mean_us": 303.368098,
    "p50_us": 31.764506,
    "p99_us": 2306.714237,
    "min_us": 1.775878,
    "max_us": 3253.398115
  },
  "latency_hot": {
    "count": 2324526,
    "mean_us": 513.066731,
    "p50_us": 67.872838,
    "p99_us": 2306.693197,
    "min_us": 1.820222,
    "max_us": 3253.398115
  },
  "latency_cold": {
    "count": 612038,
    "mean_us": 27.951774,
    "p50_us": 24.599815,
    "p99_us": 38.985686,
    "min_us": 1.775878,
    "max_us": 88.999913
  },
  "dispatch_cct_us": 3253.158211,
  "combine_cct_us": 3253.398115,
  "roundtrip_step_us": 6508.156327,
  "e2e_step_us": 12835.148514
}
