{
  "scenario": 1,
  "scheme": "ub_rg",
  "mode": "roundtrip",
  "batch": 64,
  "zipf_s": 0.900000,
  "topk": 8,
  "ep_size": 32,
  "seed": 10,
  "tau_g_ns": 143.360000,
  "grain_bytes": 7168,
  "total_tokens": 32768,
  "max_egress_load": 239,
  "konig_us": 67.665920,
  "rtt_us": 0.600000,
  "barrier_us": 0.800000,
  "cct_us": 70.775203,
  "step_us": 71.575203,
  "throughput_GBs": 3281.597751,
  "latency_all": {
    "count": 32768,
    "mean_us": 8.658117,
    "p50_us": 6.245980,
    "p99_us": 31.524239,
    "min_us": 1.143424,
    "max_us": 35.445940
  },
  "latency_hot": {
    "count": 9134,
    "mean_us": 15.341885,
    "p50_us": 14.926722,
    "p99_us": 33.712713,
    "min_us": 1.144687,
    "max_us": 35.445940
  },
  "latency_cold": {
    "count": 8310,
    "mean_us": 3.827558,
    "p50_us": 3.688365,
    "p99_us": 7.654540,
    "min_us": 1.152253,
    "max_us": 9.419475
  },
  "dispatch_cct_us": 35.329263,
  "combine_cct_us": 35.445940,
  "roundtrip_step_us": 71.575203
}
