{
  "scenario": 1,
  "scheme": "ub_rg_pop",
  "mode": "roundtrip",
  "batch": 128,
  "zipf_s": 0.900000,
  "topk": 8,
  "ep_size": 64,
  "seed": 62,
  "start_skew_us": 4.000000,
  "tau_g_ns": 143.360000,
  "grain_bytes": 7168,
  "total_tokens": 131072,
  "max_egress_load": 855,
  "konig_us": 243.281920,
  "rtt_us": 0.900000,
  "barrier_us": 0.800000,
  "cct_us": 253.499124,
  "step_us": 517.306936,
  "gemv_us": 263.007812,
  "e2e_us": 516.506936,
  "throughput_GBs": 1816.183064,
  "latency_all": {
    "count": 131072,
    "mean_us": 24.353622,
    "p50_us": 14.651501,
    "p99_us": 112.830686,
    "min_us": 1.522230,
    "max_us": 126.911775
  },
  "latency_hot": {
    "count": 48038,
    "mean_us": 44.543173,
    "p50_us": 39.677426,
    "p99_us": 120.273321,
    "min_us": 1.522230,
    "max_us": 126.911775
  },
  "latency_cold": {
    "count": 27712,
    "mean_us": 8.039108,
    "p50_us": 7.838375,
    "p99_us": 15.076886,
    "min_us": 1.590341,
    "max_us": 18.405542
  },
  "dispatch_cct_us": 126.587348,
  "combine_cct_us": 126.911775,
  "roundtrip_step_us": 254.299124,
  "e2e_step_us": 517.306936
}
