{
  "scenario": 4,
  "scheme": "ub_rg_pop",
  "mode": "roundtrip",
  "batch": 512,
  "zipf_s": 0.900000,
  "topk": 8,
  "ep_size": 512,
  "seed": 94,
  "start_skew_us": 4.000000,
  "tau_g_ns": 143.360000,
  "grain_bytes": 7168,
  "total_tokens": 4194304,
  "max_egress_load": 22389,
  "konig_us": 6098.964480,
  "rtt_us": 1.200000,
  "barrier_us": 1.600000,
  "cct_us": 6426.976571,
  "step_us": 12726.701571,
  "gemv_us": 6298.125000,
  "e2e_us": 12725.101571,
  "throughput_GBs": 2362.338026,
  "latency_all": {
    "count": 4194304,
    "mean_us": 292.519261,
    "p50_us": 21.663653,
    "p99_us": 2283.846381,
    "min_us": 1.451655,
    "max_us": 3215.021379
  },
  "latency_hot": {
    "count": 2323630,
    "mean_us": 502.255150,
    "p50_us": 57.871492,
    "p99_us": 2284.043921,
    "min_us": 1.790621,
    "max_us": 3215.021379
  },
  "latency_cold": {
    "count": 609540,
    "mean_us": 17.094736,
    "p50_us": 14.682687,
    "p99_us": 28.069998,
    "min_us": 1.473585,
    "max_us": 64.856469
  },
  "dispatch_cct_us": 3215.021379,
  "combine_cct_us": 3211.955192,
  "roundtrip_step_us": 6428.576571,
  "e2e_step_us": 12726.701571
}
