{
  "scenario": 1,
  "scheme": "ub_rg",
  "mode": "roundtrip",
  "batch": 64,
  "zipf_s": 0.700000,
  "topk": 8,
  "ep_size": 64,
  "seed": 68,
  "start_skew_us": 4.000000,
  "tau_g_ns": 143.360000,
  "grain_bytes": 7168,
  "total_tokens": 65536,
  "max_egress_load": 352,
  "konig_us": 98.058240,
  "rtt_us": 0.600000,
  "barrier_us": 0.800000,
  "cct_us": 107.612425,
  "step_us": 211.928050,
  "gemv_us": 103.515625,
  "e2e_us": 211.128050,
  "throughput_GBs": 2216.611010,
  "latency_all": {
    "count": 65536,
    "mean_us": 11.255177,
    "p50_us": 8.376264,
    "p99_us": 44.911354,
    "min_us": 1.315883,
    "max_us": 53.971616
  },
  "latency_hot": {
    "count": 19292,
    "mean_us": 19.666629,
    "p50_us": 18.132712,
    "p99_us": 49.275436,
    "min_us": 1.424552,
    "max_us": 53.971616
  },
  "latency_cold": {
    "count": 17726,
    "mean_us": 6.003228,
    "p50_us": 5.914155,
    "p99_us": 10.804983,
    "min_us": 1.316717,
    "max_us": 12.406000
  },
  "dispatch_cct_us": 53.640809,
  "combine_cct_us": 53.971616,
  "roundtrip_step_us": 108.412425,
  "e2e_step_us": 211.928050
}
