{
  "scenario": 1,
  "scheme": "packet_spray",
  "mode": "roundtrip",
  "batch": 512,
  "zipf_s": 0.000000,
  "topk": 8,
  "ep_size": 128,
  "seed": 89,
  "start_skew_us": 4.000000,
  "tau_g_ns": 143.360000,
  "grain_bytes": 7168,
  "total_tokens": 1048576,
  "max_egress_load": 584,
  "konig_us": 161.136640,
  "rtt_us": 0.000000,
  "barrier_us": 4.000000,
  "cct_us": 308.401529,
  "step_us": 480.917154,
  "gemv_us": 168.515625,
  "e2e_us": 476.917154,
  "throughput_GBs": 15628.872268,
  "latency_all": {
    "count": 1048576,
    "mean_us": 92.809957,
    "p50_us": 87.941442,
    "p99_us": 140.841282,
    "min_us": 3.118940,
    "max_us": 156.874596
  },
  "latency_hot": {
    "count": 98730,
    "mean_us": 76.165611,
    "p50_us": 76.305276,
    "p99_us": 146.002242,
    "min_us": 3.262300,
    "max_us": 155.510620
  },
  "latency_cold": {
    "count": 524438,
    "mean_us": 101.914320,
    "p50_us": 101.033820,
    "p99_us": 136.253762,
    "min_us": 3.118940,
    "max_us": 156.514140
  },
  "dispatch_cct_us": 156.874596,
  "combine_cct_us": 151.526933,
  "roundtrip_step_us": 312.401529,
  "e2e_step_us": 480.917154
}
