{
  "scenario": 1,
  "scheme": "ub_rg",
  "mode": "roundtrip",
  "batch": 16,
  "zipf_s": 0.000000,
  "topk": 8,
  "ep_size": 64,
  "seed": 94,
  "start_skew_us": 4.000000,
  "tau_g_ns": 143.360000,
  "grain_bytes": 7168,
  "total_tokens": 16384,
  "max_egress_load": 29,
  "konig_us": 8.028160,
  "rtt_us": 0.600000,
  "barrier_us": 0.800000,
  "cct_us": 47.746034,
  "step_us": 55.108534,
  "gemv_us": 6.562500,
  "e2e_us": 54.308534,
  "throughput_GBs": 2131.076682,
  "latency_all": {
    "count": 16384,
    "mean_us": 14.118231,
    "p50_us": 14.567750,
    "p99_us": 22.613185,
    "min_us": 1.151520,
    "max_us": 24.532710
  },
  "latency_hot": {
    "count": 1598,
    "mean_us": 14.476493,
    "p50_us": 14.344651,
    "p99_us": 22.741396,
    "min_us": 1.738346,
    "max_us": 23.873069
  },
  "latency_cold": {
    "count": 8068,
    "mean_us": 14.033428,
    "p50_us": 14.635821,
    "p99_us": 22.204254,
    "min_us": 1.778472,
    "max_us": 23.653578
  },
  "dispatch_cct_us": 23.213324,
  "combine_cct_us": 24.532710,
  "roundtrip_step_us": 48.546034,
  "e2e_step_us": 55.108534
}
