{
  "scenario": 4,
  "scheme": "ub_rg_pop",
  "mode": "roundtrip",
  "batch": 256,
  "zipf_s": 0.300000,
  "topk": 8,
  "ep_size": 512,
  "seed": 11,
  "start_skew_us": 4.000000,
  "tau_g_ns": 143.360000,
  "grain_bytes": 7168,
  "total_tokens": 2097152,
  "max_egress_load": 1315,
  "konig_us": 356.106240,
  "rtt_us": 1.200000,
  "barrier_us": 1.600000,
  "cct_us": 412.757091,
  "step_us": 779.396154,
  "gemv_us": 365.039062,
  "e2e_us": 777.796154,
  "throughput_GBs": 19287.220576,
  "latency_all": {
    "count": 2097152,
    "mean_us": 37.687671,
    "p50_us": 22.585793,
    "p99_us": 78.375186,
    "min_us": 1.745575,
    "max_us": 207.047413
  },
  "latency_hot": {
    "count": 403648,
    "mean_us": 55.542799,
    "p50_us": 53.769390,
    "p99_us": 134.529288,
    "min_us": 3.473870,
    "max_us": 207.047413
  },
  "latency_cold": {
    "count": 813786,
    "mean_us": 30.591119,
    "p50_us": 25.511368,
    "p99_us": 46.208330,
    "min_us": 2.106281,
    "max_us": 78.050398
  },
  "dispatch_cct_us": 205.709678,
  "combine_cct_us": 207.047413,
  "roundtrip_step_us": 414.357091,
  "e2e_step_us": 779.396154
}
