{
  "scenario": 1,
  "scheme": "ub_rg",
  "mode": "roundtrip",
  "batch": 16,
  "zipf_s": 0.700000,
  "topk": 8,
  "ep_size": 32,
  "seed": 91,
  "start_skew_us": 4.000000,
  "tau_g_ns": 143.360000,
  "grain_bytes": 7168,
  "total_tokens": 8192,
  "max_egress_load": 54,
  "konig_us": 14.909440,
  "rtt_us": 0.600000,
  "barrier_us": 0.800000,
  "cct_us": 48.129205,
  "step_us": 64.397955,
  "gemv_us": 15.468750,
  "e2e_us": 63.597955,
  "throughput_GBs": 911.834176,
  "latency_all": {
    "count": 8192,
    "mean_us": 11.263807,
    "p50_us": 11.275276,
    "p99_us": 22.496774,
    "min_us": 1.145280,
    "max_us": 24.823630
  },
  "latency_hot": {
    "count": 1966,
    "mean_us": 13.096648,
    "p50_us": 12.774963,
    "p99_us": 23.625009,
    "min_us": 1.329848,
    "max_us": 24.823630
  },
  "latency_cold": {
    "count": 2464,
    "mean_us": 10.632713,
    "p50_us": 10.804490,
    "p99_us": 21.714914,
    "min_us": 1.145280,
    "max_us": 22.732667
  },
  "dispatch_cct_us": 23.305574,
  "combine_cct_us": 24.823630,
  "roundtrip_step_us": 48.929205,
  "e2e_step_us": 64.397955
}
