{
  "scenario": 2,
  "scheme": "packet_spray",
  "mode": "roundtrip",
  "batch": 16,
  "zipf_s": 0.900000,
  "topk": 8,
  "ep_size": 1024,
  "seed": 45,
  "tau_g_ns": 143.360000,
  "grain_bytes": 7168,
  "total_tokens": 262144,
  "max_egress_load": 1200,
  "konig_us": 335.892480,
  "rtt_us": 0.000000,
  "barrier_us": 8.000000,
  "cct_us": 342.670240,
  "step_us": 350.670240,
  "throughput_GBs": 5358.447845,
  "latency_all": {
    "count": 262144,
    "mean_us": 51.534373,
    "p50_us": 17.223120,
    "p99_us": 162.733520,
    "min_us": 0.880080,
    "max_us": 174.632400
  },
  "latency_hot": {
    "count": 154530,
    "mean_us": 55.679032,
    "p50_us": 37.436880,
    "p99_us": 164.310480,
    "min_us": 0.880080,
    "max_us": 174.632400
  },
  "latency_cold": {
    "count": 35286,
    "mean_us": 45.701381,
    "p50_us": 5.037520,
    "p99_us": 166.460880,
    "min_us": 0.880080,
    "max_us": 168.037840
  },
  "dispatch_cct_us": 174.632400,
  "combine_cct_us": 168.037840,
  "roundtrip_step_us": 350.670240
}
