{
  "scenario": 1,
  "scheme": "ub_rg",
  "mode": "roundtrip",
  "batch": 512,
  "zipf_s": 0.300000,
  "topk": 8,
  "ep_size": 32,
  "seed": 71,
  "start_skew_us": 4.000000,
  "tau_g_ns": 143.360000,
  "grain_bytes": 7168,
  "total_tokens": 262144,
  "max_egress_load": 979,
  "konig_us": 275.968000,
  "rtt_us": 0.600000,
  "barrier_us": 0.800000,
  "cct_us": 304.992068,
  "step_us": 601.221756,
  "gemv_us": 295.429688,
  "e2e_us": 600.421756,
  "throughput_GBs": 3125.382896,
  "latency_all": {
    "count": 262144,
    "mean_us": 48.733202,
    "p50_us": 37.574540,
    "p99_us": 115.594409,
    "min_us": 1.144972,
    "max_us": 153.737760
  },
  "latency_hot": {
    "count": 39630,
    "mean_us": 70.326630,
    "p50_us": 69.500358,
    "p99_us": 143.528413,
    "min_us": 1.503382,
    "max_us": 153.737760
  },
  "latency_cold": {
    "count": 109212,
    "mean_us": 39.861113,
    "p50_us": 39.672599,
    "p99_us": 76.432310,
    "min_us": 1.144972,
    "max_us": 85.108670
  },
  "dispatch_cct_us": 151.254309,
  "combine_cct_us": 153.737760,
  "roundtrip_step_us": 305.792068,
  "e2e_step_us": 601.221756
}
