{
  "scenario": 4,
  "scheme": "ub_rg_pop",
  "mode": "roundtrip",
  "batch": 64,
  "zipf_s": 0.000000,
  "topk": 8,
  "ep_size": 128,
  "seed": 68,
  "start_skew_us": 4.000000,
  "tau_g_ns": 143.360000,
  "grain_bytes": 7168,
  "total_tokens": 131072,
  "max_egress_load": 97,
  "konig_us": 26.951680,
  "rtt_us": 1.200000,
  "barrier_us": 1.600000,
  "cct_us": 72.139447,
  "step_us": 96.122259,
  "gemv_us": 22.382812,
  "e2e_us": 94.522259,
  "throughput_GBs": 9774.261498,
  "latency_all": {
    "count": 131072,
    "mean_us": 19.067700,
    "p50_us": 19.103294,
    "p99_us": 30.143025,
    "min_us": 1.791826,
    "max_us": 37.107971
  },
  "latency_hot": {
    "count": 12188,
    "mean_us": 18.614565,
    "p50_us": 18.604009,
    "p99_us": 29.362097,
    "min_us": 1.820222,
    "max_us": 37.107971
  },
  "latency_cold": {
    "count": 65584,
    "mean_us": 19.199079,
    "p50_us": 19.257202,
    "p99_us": 30.334079,
    "min_us": 1.791826,
    "max_us": 36.543955
  },
  "dispatch_cct_us": 37.107971,
  "combine_cct_us": 35.031476,
  "roundtrip_step_us": 73.739447,
  "e2e_step_us": 96.122259
}
