{
  "scenario": 4,
  "scheme": "ub_rg",
  "mode": "roundtrip",
  "batch": 128,
  "zipf_s": 0.900000,
  "topk": 8,
  "ep_size": 256,
  "seed": 89,
  "start_skew_us": 4.000000,
  "tau_g_ns": 143.360000,
  "grain_bytes": 7168,
  "total_tokens": 524288,
  "max_egress_load": 3063,
  "konig_us": 839.659520,
  "rtt_us": 0.800000,
  "barrier_us": 1.600000,
  "cct_us": 888.106396,
  "step_us": 1762.675146,
  "gemv_us": 872.968750,
  "e2e_us": 1761.075146,
  "throughput_GBs": 2132.041399,
  "latency_all": {
    "count": 524288,
    "mean_us": 50.693924,
    "p50_us": 13.947674,
    "p99_us": 116.295482,
    "min_us": 1.091762,
    "max_us": 444.399495
  },
  "latency_hot": {
    "count": 265010,
    "mean_us": 88.931565,
    "p50_us": 40.527194,
    "p99_us": 367.961320,
    "min_us": 1.135595,
    "max_us": 444.399495
  },
  "latency_cold": {
    "count": 84936,
    "mean_us": 7.278950,
    "p50_us": 7.122263,
    "p99_us": 13.401837,
    "min_us": 1.340991,
    "max_us": 28.158754
  },
  "dispatch_cct_us": 444.399495,
  "combine_cct_us": 443.706900,
  "roundtrip_step_us": 889.706396,
  "e2e_step_us": 1762.675146
}
