{
  "scenario": 1,
  "scheme": "islip",
  "mode": "roundtrip",
  "batch": 16,
  "zipf_s": 0.000000,
  "topk": 8,
  "ep_size": 128,
  "seed": 71,
  "start_skew_us": 4.000000,
  "tau_g_ns": 143.360000,
  "grain_bytes": 7168,
  "total_tokens": 32768,
  "max_egress_load": 36,
  "konig_us": 9.318400,
  "rtt_us": 0.600000,
  "barrier_us": 0.800000,
  "cct_us": 54.206475,
  "step_us": 61.373663,
  "gemv_us": 6.367188,
  "e2e_us": 60.573663,
  "throughput_GBs": 3827.065447,
  "latency_all": {
    "count": 32768,
    "mean_us": 13.801768,
    "p50_us": 13.725049,
    "p99_us": 23.765165,
    "min_us": 1.144972,
    "max_us": 27.294975
  },
  "latency_hot": {
    "count": 3170,
    "mean_us": 13.922493,
    "p50_us": 13.693583,
    "p99_us": 22.106924,
    "min_us": 1.320583,
    "max_us": 24.804160
  },
  "latency_cold": {
    "count": 16360,
    "mean_us": 14.096418,
    "p50_us": 14.040352,
    "p99_us": 22.567994,
    "min_us": 1.158405,
    "max_us": 27.294975
  },
  "dispatch_cct_us": 27.294975,
  "combine_cct_us": 26.911501,
  "roundtrip_step_us": 55.006475,
  "e2e_step_us": 61.373663
}
