{
  "scenario": 1,
  "scheme": "packet_spray",
  "mode": "roundtrip",
  "batch": 512,
  "zipf_s": 0.700000,
  "topk": 8,
  "ep_size": 32,
  "seed": 6,
  "start_skew_us": 4.000000,
  "tau_g_ns": 143.360000,
  "grain_bytes": 7168,
  "total_tokens": 262144,
  "max_egress_load": 1654,
  "konig_us": 468.070400,
  "rtt_us": 0.000000,
  "barrier_us": 4.000000,
  "cct_us": 605.705390,
  "step_us": 1112.869452,
  "gemv_us": 503.164062,
  "e2e_us": 1108.869452,
  "throughput_GBs": 1688.471355,
  "latency_all": {
    "count": 262144,
    "mean_us": 135.138770,
    "p50_us": 112.104335,
    "p99_us": 263.635855,
    "min_us": 1.446174,
    "max_us": 306.500495
  },
  "latency_hot": {
    "count": 62368,
    "mean_us": 143.361903,
    "p50_us": 144.647055,
    "p99_us": 288.342415,
    "min_us": 1.446174,
    "max_us": 306.500495
  },
  "latency_cold": {
    "count": 79508,
    "mean_us": 134.513315,
    "p50_us": 107.422095,
    "p99_us": 287.592734,
    "min_us": 4.440975,
    "max_us": 299.204894
  },
  "dispatch_cct_us": 306.500495,
  "combine_cct_us": 299.204894,
  "roundtrip_step_us": 609.705390,
  "e2e_step_us": 1112.869452
}
