{
  "scenario": 4,
  "scheme": "ub_rg",
  "mode": "roundtrip",
  "batch": 256,
  "zipf_s": 0.300000,
  "topk": 8,
  "ep_size": 256,
  "seed": 54,
  "start_skew_us": 4.000000,
  "tau_g_ns": 143.360000,
  "grain_bytes": 7168,
  "total_tokens": 1048576,
  "max_egress_load": 1023,
  "konig_us": 278.405120,
  "rtt_us": 0.800000,
  "barrier_us": 1.600000,
  "cct_us": 298.679462,
  "step_us": 587.310712,
  "gemv_us": 287.031250,
  "e2e_us": 585.710712,
  "throughput_GBs": 12797.642910,
  "latency_all": {
    "count": 1048576,
    "mean_us": 25.793402,
    "p50_us": 13.388481,
    "p99_us": 52.266595,
    "min_us": 1.209048,
    "max_us": 149.985883
  },
  "latency_hot": {
    "count": 195034,
    "mean_us": 42.377948,
    "p50_us": 39.978568,
    "p99_us": 117.025060,
    "min_us": 1.497894,
    "max_us": 149.985883
  },
  "latency_cold": {
    "count": 409312,
    "mean_us": 19.170004,
    "p50_us": 19.485801,
    "p99_us": 35.615768,
    "min_us": 1.210903,
    "max_us": 61.277390
  },
  "dispatch_cct_us": 149.985883,
  "combine_cct_us": 148.693579,
  "roundtrip_step_us": 300.279462,
  "e2e_step_us": 587.310712
}
