{
  "scenario": 1,
  "scheme": "ub_rg",
  "mode": "roundtrip",
  "batch": 512,
  "zipf_s": 0.700000,
  "topk": 8,
  "ep_size": 32,
  "seed": 7,
  "start_skew_us": 4.000000,
  "tau_g_ns": 143.360000,
  "grain_bytes": 7168,
  "total_tokens": 262144,
  "max_egress_load": 1620,
  "konig_us": 462.479360,
  "rtt_us": 0.600000,
  "barrier_us": 0.800000,
  "cct_us": 470.383409,
  "step_us": 972.784972,
  "gemv_us": 501.601562,
  "e2e_us": 971.984972,
  "throughput_GBs": 1931.617209,
  "latency_all": {
    "count": 262144,
    "mean_us": 53.670555,
    "p50_us": 31.435460,
    "p99_us": 197.736097,
    "min_us": 1.268358,
    "max_us": 236.687963
  },
  "latency_hot": {
    "count": 62686,
    "mean_us": 99.666565,
    "p50_us": 96.814790,
    "p99_us": 226.983657,
    "min_us": 1.484700,
    "max_us": 236.687963
  },
  "latency_cold": {
    "count": 79524,
    "mean_us": 26.096395,
    "p50_us": 25.634498,
    "p99_us": 55.653295,
    "min_us": 1.268358,
    "max_us": 63.583090
  },
  "dispatch_cct_us": 236.687963,
  "combine_cct_us": 233.695446,
  "roundtrip_step_us": 471.183409,
  "e2e_step_us": 972.784972
}
