{
  "scenario": 1,
  "scheme": "packet_spray",
  "mode": "roundtrip",
  "batch": 64,
  "zipf_s": 0.300000,
  "topk": 8,
  "ep_size": 32,
  "seed": 71,
  "start_skew_us": 4.000000,
  "tau_g_ns": 143.360000,
  "grain_bytes": 7168,
  "total_tokens": 32768,
  "max_egress_load": 132,
  "konig_us": 35.983360,
  "rtt_us": 0.000000,
  "barrier_us": 4.000000,
  "cct_us": 59.183587,
  "step_us": 100.175774,
  "gemv_us": 36.992188,
  "e2e_us": 96.175774,
  "throughput_GBs": 2344.688885,
  "latency_all": {
    "count": 32768,
    "mean_us": 15.740390,
    "p50_us": 15.665931,
    "p99_us": 26.742520,
    "min_us": 2.369323,
    "max_us": 30.147306
  },
  "latency_hot": {
    "count": 4956,
    "mean_us": 14.975736,
    "p50_us": 15.130360,
    "p99_us": 27.710186,
    "min_us": 2.801400,
    "max_us": 30.147306
  },
  "latency_cold": {
    "count": 13594,
    "mean_us": 16.574150,
    "p50_us": 15.967720,
    "p99_us": 27.315960,
    "min_us": 2.369323,
    "max_us": 29.036280
  },
  "dispatch_cct_us": 30.147306,
  "combine_cct_us": 29.036280,
  "roundtrip_step_us": 63.183587,
  "e2e_step_us": 100.175774
}
