{
  "scenario": 1,
  "scheme": "ub_rg",
  "mode": "roundtrip",
  "batch": 512,
  "zipf_s": 0.300000,
  "topk": 8,
  "ep_size": 128,
  "seed": 8,
  "start_skew_us": 4.000000,
  "tau_g_ns": 143.360000,
  "grain_bytes": 7168,
  "total_tokens": 1048576,
  "max_egress_load": 1525,
  "konig_us": 430.653440,
  "rtt_us": 0.600000,
  "barrier_us": 0.800000,
  "cct_us": 443.480958,
  "step_us": 906.351271,
  "gemv_us": 462.070312,
  "e2e_us": 905.551271,
  "throughput_GBs": 8292.803257,
  "latency_all": {
    "count": 1048576,
    "mean_us": 45.015482,
    "p50_us": 20.273335,
    "p99_us": 94.321136,
    "min_us": 1.183499,
    "max_us": 222.401316
  },
  "latency_hot": {
    "count": 181718,
    "mean_us": 75.144945,
    "p50_us": 71.793730,
    "p99_us": 199.368024,
    "min_us": 1.345270,
    "max_us": 222.401316
  },
  "latency_cold": {
    "count": 414416,
    "mean_us": 33.166001,
    "p50_us": 32.529985,
    "p99_us": 61.929744,
    "min_us": 1.230531,
    "max_us": 74.866962
  },
  "dispatch_cct_us": 221.079642,
  "combine_cct_us": 222.401316,
  "roundtrip_step_us": 444.280958,
  "e2e_step_us": 906.351271
}
