{
  "scenario": 1,
  "scheme": "packet_spray",
  "mode": "roundtrip",
  "batch": 256,
  "zipf_s": 0.000000,
  "topk": 8,
  "ep_size": 64,
  "seed": 21,
  "start_skew_us": 4.000000,
  "tau_g_ns": 143.360000,
  "grain_bytes": 7168,
  "total_tokens": 262144,
  "max_egress_load": 294,
  "konig_us": 80.568320,
  "rtt_us": 0.000000,
  "barrier_us": 4.000000,
  "cct_us": 156.485171,
  "step_us": 244.157046,
  "gemv_us": 83.671875,
  "e2e_us": 240.157046,
  "throughput_GBs": 7696.063762,
  "latency_all": {
    "count": 262144,
    "mean_us": 46.965330,
    "p50_us": 46.514742,
    "p99_us": 73.472912,
    "min_us": 1.733628,
    "max_us": 78.717948
  },
  "latency_hot": {
    "count": 24360,
    "mean_us": 38.554475,
    "p50_us": 38.486582,
    "p99_us": 73.126908,
    "min_us": 1.733628,
    "max_us": 78.574588
  },
  "latency_cold": {
    "count": 131152,
    "mean_us": 51.588292,
    "p50_us": 51.817492,
    "p99_us": 73.692285,
    "min_us": 1.876988,
    "max_us": 78.717948
  },
  "dispatch_cct_us": 78.717948,
  "combine_cct_us": 77.767222,
  "roundtrip_step_us": 160.485171,
  "e2e_step_us": 244.157046
}
