{
  "scenario": 1,
  "scheme": "ub_rg",
  "mode": "roundtrip",
  "batch": 64,
  "zipf_s": 0.700000,
  "topk": 8,
  "ep_size": 32,
  "seed": 43,
  "start_skew_us": 4.000000,
  "tau_g_ns": 143.360000,
  "grain_bytes": 7168,
  "total_tokens": 32768,
  "max_egress_load": 210,
  "konig_us": 58.920960,
  "rtt_us": 0.600000,
  "barrier_us": 0.800000,
  "cct_us": 67.752372,
  "step_us": 131.091434,
  "gemv_us": 62.539062,
  "e2e_us": 130.291434,
  "throughput_GBs": 1791.734337,
  "latency_all": {
    "count": 32768,
    "mean_us": 9.693779,
    "p50_us": 8.045004,
    "p99_us": 29.244280,
    "min_us": 1.336315,
    "max_us": 34.038932
  },
  "latency_hot": {
    "count": 7846,
    "mean_us": 15.740396,
    "p50_us": 15.426682,
    "p99_us": 31.941923,
    "min_us": 1.446389,
    "max_us": 34.038932
  },
  "latency_cold": {
    "count": 9782,
    "mean_us": 5.853294,
    "p50_us": 5.763877,
    "p99_us": 11.032904,
    "min_us": 1.336315,
    "max_us": 12.428008
  },
  "dispatch_cct_us": 33.713440,
  "combine_cct_us": 34.038932,
  "roundtrip_step_us": 68.552372,
  "e2e_step_us": 131.091434
}
