{
  "scenario": 1,
  "scheme": "packet_spray",
  "mode": "roundtrip",
  "batch": 256,
  "zipf_s": 0.700000,
  "topk": 8,
  "ep_size": 128,
  "seed": 60,
  "start_skew_us": 4.000000,
  "tau_g_ns": 143.360000,
  "grain_bytes": 7168,
  "total_tokens": 524288,
  "max_egress_load": 2238,
  "konig_us": 635.228160,
  "rtt_us": 0.000000,
  "barrier_us": 4.000000,
  "cct_us": 727.527377,
  "step_us": 1416.761752,
  "gemv_us": 685.234375,
  "e2e_us": 1412.761752,
  "throughput_GBs": 2652.595879,
  "latency_all": {
    "count": 524288,
    "mean_us": 137.556262,
    "p50_us": 63.547666,
    "p99_us": 251.929415,
    "min_us": 2.854914,
    "max_us": 364.267315
  },
  "latency_hot": {
    "count": 181868,
    "mean_us": 153.147011,
    "p50_us": 134.461235,
    "p99_us": 332.724382,
    "min_us": 10.168115,
    "max_us": 364.267315
  },
  "latency_cold": {
    "count": 128732,
    "mean_us": 129.456037,
    "p50_us": 67.078302,
    "p99_us": 352.508062,
    "min_us": 2.854914,
    "max_us": 363.260062
  },
  "dispatch_cct_us": 364.267315,
  "combine_cct_us": 363.260062,
  "roundtrip_step_us": 731.527377,
  "e2e_step_us": 1416.761752
}
