{
  "scenario": 1,
  "scheme": "islip",
  "mode": "roundtrip",
  "batch": 256,
  "zipf_s": 0.700000,
  "topk": 8,
  "ep_size": 128,
  "seed": 1,
  "start_skew_us": 8.000000,
  "tau_g_ns": 143.360000,
  "grain_bytes": 7168,
  "total_tokens": 524288,
  "max_egress_load": 2281,
  "konig_us": 645.263360,
  "rtt_us": 0.600000,
  "barrier_us": 0.800000,
  "cct_us": 712.187346,
  "step_us": 1406.659221,
  "gemv_us": 693.671875,
  "e2e_us": 1405.859221,
  "throughput_GBs": 2671.646642,
  "latency_all": {
    "count": 524288,
    "mean_us": 62.088041,
    "p50_us": 38.315070,
    "p99_us": 110.003585,
    "min_us": 1.145582,
    "max_us": 359.304047
  },
  "latency_hot": {
    "count": 181018,
    "mean_us": 108.040063,
    "p50_us": 90.227913,
    "p99_us": 326.264428,
    "min_us": 1.320022,
    "max_us": 359.304047
  },
  "latency_cold": {
    "count": 129918,
    "mean_us": 30.742962,
    "p50_us": 30.744495,
    "p99_us": 52.699827,
    "min_us": 1.165278,
    "max_us": 70.727530
  },
  "dispatch_cct_us": 359.304047,
  "combine_cct_us": 352.883299,
  "roundtrip_step_us": 712.987346,
  "e2e_step_us": 1406.659221
}
