{
  "scenario": 4,
  "scheme": "ub_rg_pop",
  "mode": "roundtrip",
  "batch": 128,
  "zipf_s": 0.700000,
  "topk": 8,
  "ep_size": 256,
  "seed": 17,
  "start_skew_us": 4.000000,
  "tau_g_ns": 143.360000,
  "grain_bytes": 7168,
  "total_tokens": 524288,
  "max_egress_load": 1927,
  "konig_us": 534.016000,
  "rtt_us": 1.200000,
  "barrier_us": 1.600000,
  "cct_us": 581.669300,
  "step_us": 1144.909925,
  "gemv_us": 561.640625,
  "e2e_us": 1143.309925,
  "throughput_GBs": 3282.438473,
  "latency_all": {
    "count": 524288,
    "mean_us": 39.537684,
    "p50_us": 23.880072,
    "p99_us": 69.694796,
    "min_us": 1.481097,
    "max_us": 299.161854
  },
  "latency_hot": {
    "count": 203280,
    "mean_us": 67.922895,
    "p50_us": 50.513596,
    "p99_us": 246.652697,
    "min_us": 3.199090,
    "max_us": 299.161854
  },
  "latency_cold": {
    "count": 121152,
    "mean_us": 18.072803,
    "p50_us": 17.837203,
    "p99_us": 31.526005,
    "min_us": 1.828629,
    "max_us": 43.426693
  },
  "dispatch_cct_us": 299.161854,
  "combine_cct_us": 282.507445,
  "roundtrip_step_us": 583.269300,
  "e2e_step_us": 1144.909925
}
