{
  "scenario": 4,
  "scheme": "ub_rg",
  "mode": "roundtrip",
  "batch": 256,
  "zipf_s": 0.300000,
  "topk": 8,
  "ep_size": 512,
  "seed": 45,
  "start_skew_us": 4.000000,
  "tau_g_ns": 143.360000,
  "grain_bytes": 7168,
  "total_tokens": 2097152,
  "max_egress_load": 1262,
  "konig_us": 345.354240,
  "rtt_us": 0.800000,
  "barrier_us": 1.600000,
  "cct_us": 370.761045,
  "step_us": 730.603233,
  "gemv_us": 358.242188,
  "e2e_us": 729.003233,
  "throughput_GBs": 20575.306620,
  "latency_all": {
    "count": 2097152,
    "mean_us": 27.129616,
    "p50_us": 12.330626,
    "p99_us": 66.928212,
    "min_us": 1.056556,
    "max_us": 185.690965
  },
  "latency_hot": {
    "count": 403294,
    "mean_us": 44.631498,
    "p50_us": 42.985981,
    "p99_us": 122.801591,
    "min_us": 1.409978,
    "max_us": 185.690965
  },
  "latency_cold": {
    "count": 812352,
    "mean_us": 20.034113,
    "p50_us": 14.732680,
    "p99_us": 34.302071,
    "min_us": 1.207375,
    "max_us": 66.691405
  },
  "dispatch_cct_us": 185.070081,
  "combine_cct_us": 185.690965,
  "roundtrip_step_us": 372.361045,
  "e2e_step_us": 730.603233
}
