{
  "scenario": 3,
  "scheme": "ub_rg_pop",
  "mode": "roundtrip",
  "batch": 256,
  "zipf_s": 0.700000,
  "topk": 8,
  "ep_size": 256,
  "seed": 96,
  "tau_g_ns": 143.360000,
  "grain_bytes": 7168,
  "total_tokens": 1048576,
  "max_egress_load": 3677,
  "konig_us": 1043.947520,
  "rtt_us": 1.650000,
  "barrier_us": 2.400000,
  "cct_us": 1059.376972,
  "step_us": 1061.776972,
  "throughput_GBs": 7078.880937,
  "latency_all": {
    "count": 1048576,
    "mean_us": 55.039675,
    "p50_us": 12.629064,
    "p99_us": 194.136093,
    "min_us": 2.593360,
    "max_us": 529.688826
  },
  "latency_hot": {
    "count": 404618,
    "mean_us": 111.862129,
    "p50_us": 75.811844,
    "p99_us": 444.580720,
    "min_us": 2.594667,
    "max_us": 529.688826
  },
  "latency_cold": {
    "count": 242958,
    "mean_us": 12.603328,
    "p50_us": 10.830664,
    "p99_us": 24.741134,
    "min_us": 2.593360,
    "max_us": 29.759284
  },
  "dispatch_cct_us": 529.688826,
  "combine_cct_us": 529.688146,
  "roundtrip_step_us": 1061.776972
}
