{
  "scenario": 4,
  "scheme": "ub_rg_pop",
  "mode": "roundtrip",
  "batch": 128,
  "zipf_s": 0.900000,
  "topk": 8,
  "ep_size": 512,
  "seed": 66,
  "start_skew_us": 4.000000,
  "tau_g_ns": 143.360000,
  "grain_bytes": 7168,
  "total_tokens": 1048576,
  "max_egress_load": 5669,
  "konig_us": 1535.959040,
  "rtt_us": 1.200000,
  "barrier_us": 1.600000,
  "cct_us": 1633.105858,
  "step_us": 3211.112108,
  "gemv_us": 1576.406250,
  "e2e_us": 3209.512108,
  "throughput_GBs": 2340.682142,
  "latency_all": {
    "count": 1048576,
    "mean_us": 76.771655,
    "p50_us": 10.053066,
    "p99_us": 315.410343,
    "min_us": 1.422154,
    "max_us": 817.261197
  },
  "latency_hot": {
    "count": 579858,
    "mean_us": 129.284612,
    "p50_us": 43.412112,
    "p99_us": 315.452889,
    "min_us": 1.819322,
    "max_us": 817.261197
  },
  "latency_cold": {
    "count": 152594,
    "mean_us": 7.522561,
    "p50_us": 7.413024,
    "p99_us": 13.269696,
    "min_us": 1.513974,
    "max_us": 30.416576
  },
  "dispatch_cct_us": 817.261197,
  "combine_cct_us": 815.844661,
  "roundtrip_step_us": 1634.705858,
  "e2e_step_us": 3211.112108
}
