{
  "scenario": 1,
  "scheme": "ub_rg",
  "mode": "roundtrip",
  "batch": 16,
  "zipf_s": 0.900000,
  "topk": 8,
  "ep_size": 128,
  "seed": 13,
  "start_skew_us": 4.000000,
  "tau_g_ns": 143.360000,
  "grain_bytes": 7168,
  "total_tokens": 32768,
  "max_egress_load": 200,
  "konig_us": 56.340480,
  "rtt_us": 0.600000,
  "barrier_us": 0.800000,
  "cct_us": 90.126620,
  "step_us": 151.121933,
  "gemv_us": 60.195312,
  "e2e_us": 150.321933,
  "throughput_GBs": 1554.248414,
  "latency_all": {
    "count": 32768,
    "mean_us": 17.223803,
    "p50_us": 16.458279,
    "p99_us": 36.605889,
    "min_us": 1.205183,
    "max_us": 51.747509
  },
  "latency_hot": {
    "count": 14692,
    "mean_us": 20.276339,
    "p50_us": 19.293557,
    "p99_us": 39.586345,
    "min_us": 1.643181,
    "max_us": 51.747509
  },
  "latency_cold": {
    "count": 5910,
    "mean_us": 13.991883,
    "p50_us": 14.286728,
    "p99_us": 23.463111,
    "min_us": 1.205183,
    "max_us": 26.082436
  },
  "dispatch_cct_us": 51.747509,
  "combine_cct_us": 38.379111,
  "roundtrip_step_us": 90.926620,
  "e2e_step_us": 151.121933
}
