{
  "scenario": 1,
  "scheme": "ub_rg_pop",
  "mode": "roundtrip",
  "batch": 512,
  "zipf_s": 0.000000,
  "topk": 8,
  "ep_size": 32,
  "seed": 77,
  "start_skew_us": 4.000000,
  "tau_g_ns": 143.360000,
  "grain_bytes": 7168,
  "total_tokens": 262144,
  "max_egress_load": 571,
  "konig_us": 162.283520,
  "rtt_us": 0.900000,
  "barrier_us": 0.800000,
  "cct_us": 191.962025,
  "step_us": 357.332338,
  "gemv_us": 164.570312,
  "e2e_us": 356.532338,
  "throughput_GBs": 5258.545037,
  "latency_all": {
    "count": 262144,
    "mean_us": 45.476535,
    "p50_us": 36.665281,
    "p99_us": 83.877599,
    "min_us": 1.514493,
    "max_us": 97.982345
  },
  "latency_hot": {
    "count": 24374,
    "mean_us": 44.597619,
    "p50_us": 44.465967,
    "p99_us": 83.864983,
    "min_us": 1.684838,
    "max_us": 90.264839
  },
  "latency_cold": {
    "count": 131616,
    "mean_us": 45.790146,
    "p50_us": 45.693577,
    "p99_us": 86.873497,
    "min_us": 1.514493,
    "max_us": 97.982345
  },
  "dispatch_cct_us": 93.979681,
  "combine_cct_us": 97.982345,
  "roundtrip_step_us": 192.762025,
  "e2e_step_us": 357.332338
}
