{
  "scenario": 1,
  "scheme": "ub_rg_pop",
  "mode": "roundtrip",
  "batch": 256,
  "zipf_s": 0.900000,
  "topk": 8,
  "ep_size": 64,
  "seed": 25,
  "start_skew_us": 4.000000,
  "tau_g_ns": 143.360000,
  "grain_bytes": 7168,
  "total_tokens": 262144,
  "max_egress_load": 1742,
  "konig_us": 493.588480,
  "rtt_us": 0.900000,
  "barrier_us": 0.800000,
  "cct_us": 518.783298,
  "step_us": 1051.067673,
  "gemv_us": 531.484375,
  "e2e_us": 1050.267673,
  "throughput_GBs": 1787.751865,
  "latency_all": {
    "count": 262144,
    "mean_us": 51.427177,
    "p50_us": 25.376684,
    "p99_us": 216.567231,
    "min_us": 1.548598,
    "max_us": 264.253697
  },
  "latency_hot": {
    "count": 97134,
    "mean_us": 91.095202,
    "p50_us": 81.740735,
    "p99_us": 241.833078,
    "min_us": 2.188330,
    "max_us": 264.253697
  },
  "latency_cold": {
    "count": 55154,
    "mean_us": 18.718044,
    "p50_us": 18.454479,
    "p99_us": 33.302114,
    "min_us": 2.081775,
    "max_us": 38.640036
  },
  "dispatch_cct_us": 264.253697,
  "combine_cct_us": 254.529600,
  "roundtrip_step_us": 519.583298,
  "e2e_step_us": 1051.067673
}
