{
  "scenario": 4,
  "scheme": "ub_rg",
  "mode": "roundtrip",
  "batch": 512,
  "zipf_s": 0.900000,
  "topk": 8,
  "ep_size": 128,
  "seed": 84,
  "start_skew_us": 4.000000,
  "tau_g_ns": 143.360000,
  "grain_bytes": 7168,
  "total_tokens": 1048576,
  "max_egress_load": 6467,
  "konig_us": 1804.042240,
  "rtt_us": 0.800000,
  "barrier_us": 1.600000,
  "cct_us": 1878.325962,
  "step_us": 3791.371274,
  "gemv_us": 1911.445312,
  "e2e_us": 3789.771274,
  "throughput_GBs": 1982.447042,
  "latency_all": {
    "count": 1048576,
    "mean_us": 132.571031,
    "p50_us": 27.672423,
    "p99_us": 462.996152,
    "min_us": 1.362025,
    "max_us": 940.812706
  },
  "latency_hot": {
    "count": 463684,
    "mean_us": 245.656500,
    "p50_us": 163.584050,
    "p99_us": 475.625284,
    "min_us": 2.447391,
    "max_us": 940.812706
  },
  "latency_cold": {
    "count": 190584,
    "mean_us": 25.319255,
    "p50_us": 24.682947,
    "p99_us": 49.104329,
    "min_us": 1.362025,
    "max_us": 67.204911
  },
  "dispatch_cct_us": 940.812706,
  "combine_cct_us": 937.513256,
  "roundtrip_step_us": 1879.925962,
  "e2e_step_us": 3791.371274
}
