{
  "scenario": 1,
  "scheme": "ub_rg",
  "mode": "roundtrip",
  "batch": 16,
  "zipf_s": 0.700000,
  "topk": 8,
  "ep_size": 64,
  "seed": 13,
  "start_skew_us": 4.000000,
  "tau_g_ns": 143.360000,
  "grain_bytes": 7168,
  "total_tokens": 16384,
  "max_egress_load": 93,
  "konig_us": 25.374720,
  "rtt_us": 0.600000,
  "barrier_us": 0.800000,
  "cct_us": 52.727772,
  "step_us": 79.660585,
  "gemv_us": 26.132812,
  "e2e_us": 78.860585,
  "throughput_GBs": 1474.261236,
  "latency_all": {
    "count": 16384,
    "mean_us": 11.853123,
    "p50_us": 11.822284,
    "p99_us": 21.589810,
    "min_us": 1.162788,
    "max_us": 30.846781
  },
  "latency_hot": {
    "count": 4988,
    "mean_us": 13.008386,
    "p50_us": 12.607767,
    "p99_us": 23.818173,
    "min_us": 1.597418,
    "max_us": 30.846781
  },
  "latency_cold": {
    "count": 4410,
    "mean_us": 11.166543,
    "p50_us": 11.321969,
    "p99_us": 20.449128,
    "min_us": 1.162788,
    "max_us": 22.135300
  },
  "dispatch_cct_us": 30.846781,
  "combine_cct_us": 21.880991,
  "roundtrip_step_us": 53.527772,
  "e2e_step_us": 79.660585
}
