{
  "scenario": 4,
  "scheme": "packet_spray",
  "mode": "roundtrip",
  "batch": 512,
  "zipf_s": 0.000000,
  "topk": 8,
  "ep_size": 256,
  "seed": 38,
  "start_skew_us": 4.000000,
  "tau_g_ns": 143.360000,
  "grain_bytes": 7168,
  "total_tokens": 2097152,
  "max_egress_load": 627,
  "konig_us": 174.469120,
  "rtt_us": 0.000000,
  "barrier_us": 6.000000,
  "cct_us": 351.827619,
  "step_us": 526.577619,
  "gemv_us": 168.750000,
  "e2e_us": 520.577619,
  "throughput_GBs": 28547.330892,
  "latency_all": {
    "count": 2097152,
    "mean_us": 105.633647,
    "p50_us": 93.417328,
    "p99_us": 156.166078,
    "min_us": 0.623440,
    "max_us": 175.949758
  },
  "latency_hot": {
    "count": 205104,
    "mean_us": 89.218526,
    "p50_us": 90.291941,
    "p99_us": 158.459838,
    "min_us": 4.613731,
    "max_us": 175.949758
  },
  "latency_cold": {
    "count": 1049454,
    "mean_us": 114.591320,
    "p50_us": 99.538878,
    "p99_us": 152.553357,
    "min_us": 0.623440,
    "max_us": 175.877861
  },
  "dispatch_cct_us": 175.949758,
  "combine_cct_us": 175.877861,
  "roundtrip_step_us": 357.827619,
  "e2e_step_us": 526.577619
}
