{
  "scenario": 1,
  "scheme": "ub_rg_pop",
  "mode": "roundtrip",
  "batch": 256,
  "zipf_s": 0.300000,
  "topk": 8,
  "ep_size": 64,
  "seed": 77,
  "start_skew_us": 4.000000,
  "tau_g_ns": 143.360000,
  "grain_bytes": 7168,
  "total_tokens": 262144,
  "max_egress_load": 617,
  "konig_us": 173.752320,
  "rtt_us": 0.900000,
  "barrier_us": 0.800000,
  "cct_us": 183.705120,
  "step_us": 370.247308,
  "gemv_us": 185.742188,
  "e2e_us": 369.447308,
  "throughput_GBs": 5075.116425,
  "latency_all": {
    "count": 262144,
    "mean_us": 23.812808,
    "p50_us": 17.744260,
    "p99_us": 64.264192,
    "min_us": 1.678857,
    "max_us": 92.100616
  },
  "latency_hot": {
    "count": 42746,
    "mean_us": 36.346127,
    "p50_us": 35.318053,
    "p99_us": 84.625132,
    "min_us": 1.904177,
    "max_us": 92.100616
  },
  "latency_cold": {
    "count": 106094,
    "mean_us": 18.729232,
    "p50_us": 18.562600,
    "p99_us": 36.152067,
    "min_us": 1.678857,
    "max_us": 41.042700
  },
  "dispatch_cct_us": 92.100616,
  "combine_cct_us": 91.604504,
  "roundtrip_step_us": 184.505120,
  "e2e_step_us": 370.247308
}
