{
  "scenario": 1,
  "scheme": "packet_spray",
  "mode": "roundtrip",
  "batch": 256,
  "zipf_s": 0.900000,
  "topk": 8,
  "ep_size": 128,
  "seed": 18,
  "start_skew_us": 4.000000,
  "tau_g_ns": 143.360000,
  "grain_bytes": 7168,
  "total_tokens": 524288,
  "max_egress_load": 3135,
  "konig_us": 889.835520,
  "rtt_us": 0.000000,
  "barrier_us": 4.000000,
  "cct_us": 978.554220,
  "step_us": 1942.397970,
  "gemv_us": 959.843750,
  "e2e_us": 1938.397970,
  "throughput_GBs": 1934.771577,
  "latency_all": {
    "count": 524288,
    "mean_us": 180.185594,
    "p50_us": 70.552051,
    "p99_us": 346.233331,
    "min_us": 5.093063,
    "max_us": 489.775558
  },
  "latency_hot": {
    "count": 230878,
    "mean_us": 203.185950,
    "p50_us": 163.449331,
    "p99_us": 455.519142,
    "min_us": 5.093063,
    "max_us": 489.775558
  },
  "latency_cold": {
    "count": 95158,
    "mean_us": 160.324570,
    "p50_us": 67.684851,
    "p99_us": 477.023142,
    "min_us": 5.093063,
    "max_us": 488.778662
  },
  "dispatch_cct_us": 489.775558,
  "combine_cct_us": 488.778662,
  "roundtrip_step_us": 982.554220,
  "e2e_step_us": 1942.397970
}
