{
  "scenario": 4,
  "scheme": "ub_rg_pop",
  "mode": "roundtrip",
  "batch": 64,
  "zipf_s": 0.700000,
  "topk": 8,
  "ep_size": 128,
  "seed": 33,
  "start_skew_us": 4.000000,
  "tau_g_ns": 143.360000,
  "grain_bytes": 7168,
  "total_tokens": 131072,
  "max_egress_load": 598,
  "konig_us": 165.724160,
  "rtt_us": 1.200000,
  "barrier_us": 1.600000,
  "cct_us": 178.849593,
  "step_us": 354.824593,
  "gemv_us": 174.375000,
  "e2e_us": 353.224593,
  "throughput_GBs": 2647.855062,
  "latency_all": {
    "count": 131072,
    "mean_us": 14.358456,
    "p50_us": 9.564324,
    "p99_us": 71.468746,
    "min_us": 1.586459,
    "max_us": 90.863092
  },
  "latency_hot": {
    "count": 45300,
    "mean_us": 25.281318,
    "p50_us": 21.097146,
    "p99_us": 79.315160,
    "min_us": 1.967875,
    "max_us": 90.863092
  },
  "latency_cold": {
    "count": 32496,
    "mean_us": 6.793318,
    "p50_us": 6.748365,
    "p99_us": 11.373277,
    "min_us": 1.625910,
    "max_us": 16.531621
  },
  "dispatch_cct_us": 90.863092,
  "combine_cct_us": 87.986501,
  "roundtrip_step_us": 180.449593,
  "e2e_step_us": 354.824593
}
