{
  "scenario": 4,
  "scheme": "ub_rg_pop",
  "mode": "roundtrip",
  "batch": 128,
  "zipf_s": 0.300000,
  "topk": 8,
  "ep_size": 256,
  "seed": 93,
  "start_skew_us": 4.000000,
  "tau_g_ns": 143.360000,
  "grain_bytes": 7168,
  "total_tokens": 524288,
  "max_egress_load": 501,
  "konig_us": 137.912320,
  "rtt_us": 1.200000,
  "barrier_us": 1.600000,
  "cct_us": 151.403330,
  "step_us": 297.026767,
  "gemv_us": 144.023438,
  "e2e_us": 295.426767,
  "throughput_GBs": 12652.382883,
  "latency_all": {
    "count": 524288,
    "mean_us": 15.620391,
    "p50_us": 13.028449,
    "p99_us": 24.271770,
    "min_us": 1.515480,
    "max_us": 76.681110
  },
  "latency_hot": {
    "count": 97082,
    "mean_us": 23.872770,
    "p50_us": 22.681742,
    "p99_us": 61.201795,
    "min_us": 1.829296,
    "max_us": 76.681110
  },
  "latency_cold": {
    "count": 204446,
    "mean_us": 12.347839,
    "p50_us": 12.093104,
    "p99_us": 21.952903,
    "min_us": 1.515480,
    "max_us": 28.632991
  },
  "dispatch_cct_us": 76.681110,
  "combine_cct_us": 74.722220,
  "roundtrip_step_us": 153.003330,
  "e2e_step_us": 297.026767
}
