{
  "scenario": 4,
  "scheme": "ub_rg",
  "mode": "roundtrip",
  "batch": 256,
  "zipf_s": 0.700000,
  "topk": 8,
  "ep_size": 256,
  "seed": 32,
  "start_skew_us": 4.000000,
  "tau_g_ns": 143.360000,
  "grain_bytes": 7168,
  "total_tokens": 1048576,
  "max_egress_load": 3965,
  "konig_us": 1083.801600,
  "rtt_us": 0.800000,
  "barrier_us": 1.600000,
  "cct_us": 1168.362153,
  "step_us": 2293.204340,
  "gemv_us": 1123.242188,
  "e2e_us": 2291.604340,
  "throughput_GBs": 3277.593992,
  "latency_all": {
    "count": 1048576,
    "mean_us": 64.908218,
    "p50_us": 22.993801,
    "p99_us": 204.562545,
    "min_us": 1.095703,
    "max_us": 586.802764
  },
  "latency_hot": {
    "count": 405196,
    "mean_us": 121.807967,
    "p50_us": 86.432955,
    "p99_us": 448.594745,
    "min_us": 3.875441,
    "max_us": 586.802764
  },
  "latency_cold": {
    "count": 241884,
    "mean_us": 22.124590,
    "p50_us": 20.356437,
    "p99_us": 38.309275,
    "min_us": 1.352786,
    "max_us": 57.903406
  },
  "dispatch_cct_us": 586.802764,
  "combine_cct_us": 581.559388,
  "roundtrip_step_us": 1169.962153,
  "e2e_step_us": 2293.204340
}
