{
  "scenario": 1,
  "scheme": "packet_spray",
  "mode": "roundtrip",
  "batch": 128,
  "zipf_s": 0.700000,
  "topk": 8,
  "ep_size": 128,
  "seed": 18,
  "start_skew_us": 4.000000,
  "tau_g_ns": 143.360000,
  "grain_bytes": 7168,
  "total_tokens": 262144,
  "max_egress_load": 1148,
  "konig_us": 322.416640,
  "rtt_us": 0.000000,
  "barrier_us": 4.000000,
  "cct_us": 360.849085,
  "step_us": 708.872522,
  "gemv_us": 344.023438,
  "e2e_us": 704.872522,
  "throughput_GBs": 2650.756141,
  "latency_all": {
    "count": 262144,
    "mean_us": 65.140408,
    "p50_us": 35.900375,
    "p99_us": 163.090316,
    "min_us": 1.334573,
    "max_us": 181.234980
  },
  "latency_hot": {
    "count": 90038,
    "mean_us": 73.117770,
    "p50_us": 63.409453,
    "p99_us": 163.888420,
    "min_us": 1.334573,
    "max_us": 181.234980
  },
  "latency_cold": {
    "count": 64772,
    "mean_us": 60.970578,
    "p50_us": 29.086104,
    "p99_us": 174.166424,
    "min_us": 1.334573,
    "max_us": 179.614104
  },
  "dispatch_cct_us": 181.234980,
  "combine_cct_us": 179.614104,
  "roundtrip_step_us": 364.849085,
  "e2e_step_us": 708.872522
}
