{
  "scenario": 4,
  "scheme": "ub_rg_pop",
  "mode": "roundtrip",
  "batch": 512,
  "zipf_s": 0.700000,
  "topk": 8,
  "ep_size": 128,
  "seed": 53,
  "start_skew_us": 4.000000,
  "tau_g_ns": 143.360000,
  "grain_bytes": 7168,
  "total_tokens": 1048576,
  "max_egress_load": 4652,
  "konig_us": 1293.250560,
  "rtt_us": 1.200000,
  "barrier_us": 1.600000,
  "cct_us": 1354.699519,
  "step_us": 2721.533894,
  "gemv_us": 1365.234375,
  "e2e_us": 2719.933894,
  "throughput_GBs": 2761.748728,
  "latency_all": {
    "count": 1048576,
    "mean_us": 91.858252,
    "p50_us": 29.876538,
    "p99_us": 287.103728,
    "min_us": 1.584193,
    "max_us": 679.385201
  },
  "latency_hot": {
    "count": 359916,
    "mean_us": 181.497646,
    "p50_us": 133.540298,
    "p99_us": 603.702334,
    "min_us": 2.900943,
    "max_us": 679.385201
  },
  "latency_cold": {
    "count": 258610,
    "mean_us": 30.523729,
    "p50_us": 25.888789,
    "p99_us": 57.858889,
    "min_us": 1.584193,
    "max_us": 73.891025
  },
  "dispatch_cct_us": 679.385201,
  "combine_cct_us": 675.314318,
  "roundtrip_step_us": 1356.299519,
  "e2e_step_us": 2721.533894
}
