{
  "scenario": 4,
  "scheme": "ub_rg",
  "mode": "roundtrip",
  "batch": 512,
  "zipf_s": 0.300000,
  "topk": 8,
  "ep_size": 512,
  "seed": 27,
  "start_skew_us": 4.000000,
  "tau_g_ns": 143.360000,
  "grain_bytes": 7168,
  "total_tokens": 4194304,
  "max_egress_load": 2536,
  "konig_us": 694.579200,
  "rtt_us": 0.800000,
  "barrier_us": 1.600000,
  "cct_us": 761.278077,
  "step_us": 1484.362452,
  "gemv_us": 721.484375,
  "e2e_us": 1482.762452,
  "throughput_GBs": 20254.332776,
  "latency_all": {
    "count": 4194304,
    "mean_us": 58.897679,
    "p50_us": 31.135845,
    "p99_us": 169.440335,
    "min_us": 1.229400,
    "max_us": 380.964953
  },
  "latency_hot": {
    "count": 805978,
    "mean_us": 93.693608,
    "p50_us": 54.528442,
    "p99_us": 169.433607,
    "min_us": 1.504125,
    "max_us": 380.964953
  },
  "latency_cold": {
    "count": 1629218,
    "mean_us": 45.151333,
    "p50_us": 25.680547,
    "p99_us": 75.063851,
    "min_us": 1.229400,
    "max_us": 134.248406
  },
  "dispatch_cct_us": 380.313124,
  "combine_cct_us": 380.964953,
  "roundtrip_step_us": 762.878077,
  "e2e_step_us": 1484.362452
}
