{
  "scenario": 1,
  "scheme": "ub_rg",
  "mode": "roundtrip",
  "batch": 64,
  "zipf_s": 0.300000,
  "topk": 8,
  "ep_size": 64,
  "seed": 87,
  "tau_g_ns": 143.360000,
  "grain_bytes": 7168,
  "total_tokens": 65536,
  "max_egress_load": 166,
  "konig_us": 45.445120,
  "rtt_us": 0.600000,
  "barrier_us": 0.800000,
  "cct_us": 49.801394,
  "step_us": 50.601394,
  "throughput_GBs": 9283.579239,
  "latency_all": {
    "count": 65536,
    "mean_us": 6.632353,
    "p50_us": 6.139881,
    "p99_us": 18.203725,
    "min_us": 1.143412,
    "max_us": 24.986111
  },
  "latency_hot": {
    "count": 10788,
    "mean_us": 9.865655,
    "p50_us": 9.566760,
    "p99_us": 22.085652,
    "min_us": 1.148022,
    "max_us": 24.986111
  },
  "latency_cold": {
    "count": 26332,
    "mean_us": 5.328929,
    "p50_us": 5.213402,
    "p99_us": 10.323118,
    "min_us": 1.143412,
    "max_us": 12.331353
  },
  "dispatch_cct_us": 24.986111,
  "combine_cct_us": 24.815283,
  "roundtrip_step_us": 50.601394
}
