{
  "scenario": 4,
  "scheme": "ub_rg",
  "mode": "roundtrip",
  "batch": 64,
  "zipf_s": 0.700000,
  "topk": 8,
  "ep_size": 128,
  "seed": 8,
  "start_skew_us": 4.000000,
  "tau_g_ns": 143.360000,
  "grain_bytes": 7168,
  "total_tokens": 131072,
  "max_egress_load": 584,
  "konig_us": 161.710080,
  "rtt_us": 0.800000,
  "barrier_us": 1.600000,
  "cct_us": 175.761079,
  "step_us": 347.204829,
  "gemv_us": 169.843750,
  "e2e_us": 345.604829,
  "throughput_GBs": 2705.964947,
  "latency_all": {
    "count": 131072,
    "mean_us": 14.005359,
    "p50_us": 9.177089,
    "p99_us": 69.901170,
    "min_us": 1.113833,
    "max_us": 88.086292
  },
  "latency_hot": {
    "count": 45078,
    "mean_us": 25.107878,
    "p50_us": 21.023433,
    "p99_us": 78.028907,
    "min_us": 1.383775,
    "max_us": 88.086292
  },
  "latency_cold": {
    "count": 32314,
    "mean_us": 6.300164,
    "p50_us": 6.236936,
    "p99_us": 11.159734,
    "min_us": 1.175783,
    "max_us": 13.151155
  },
  "dispatch_cct_us": 88.086292,
  "combine_cct_us": 87.674787,
  "roundtrip_step_us": 177.361079,
  "e2e_step_us": 347.204829
}
