{
  "scenario": 1,
  "scheme": "ub_rg",
  "mode": "roundtrip",
  "batch": 128,
  "zipf_s": 0.700000,
  "topk": 8,
  "ep_size": 64,
  "seed": 73,
  "start_skew_us": 4.000000,
  "tau_g_ns": 143.360000,
  "grain_bytes": 7168,
  "total_tokens": 131072,
  "max_egress_load": 682,
  "konig_us": 193.105920,
  "rtt_us": 0.600000,
  "barrier_us": 0.800000,
  "cct_us": 220.320098,
  "step_us": 428.893536,
  "gemv_us": 207.773438,
  "e2e_us": 428.093536,
  "throughput_GBs": 2190.576489,
  "latency_all": {
    "count": 131072,
    "mean_us": 26.390958,
    "p50_us": 20.924362,
    "p99_us": 94.052433,
    "min_us": 1.177638,
    "max_us": 111.442750
  },
  "latency_hot": {
    "count": 39210,
    "mean_us": 42.937472,
    "p50_us": 39.661462,
    "p99_us": 102.514108,
    "min_us": 1.576096,
    "max_us": 111.442750
  },
  "latency_cold": {
    "count": 35436,
    "mean_us": 16.314026,
    "p50_us": 16.264979,
    "p99_us": 27.540384,
    "min_us": 1.643308,
    "max_us": 32.833786
  },
  "dispatch_cct_us": 111.442750,
  "combine_cct_us": 108.877349,
  "roundtrip_step_us": 221.120098,
  "e2e_step_us": 428.893536
}
