{
  "scenario": 4,
  "scheme": "ub_rg_pop",
  "mode": "roundtrip",
  "batch": 128,
  "zipf_s": 0.300000,
  "topk": 8,
  "ep_size": 128,
  "seed": 23,
  "start_skew_us": 4.000000,
  "tau_g_ns": 143.360000,
  "grain_bytes": 7168,
  "total_tokens": 262144,
  "max_egress_load": 413,
  "konig_us": 113.684480,
  "rtt_us": 1.200000,
  "barrier_us": 1.600000,
  "cct_us": 144.371335,
  "step_us": 264.682273,
  "gemv_us": 118.710938,
  "e2e_us": 263.082273,
  "throughput_GBs": 7099.259696,
  "latency_all": {
    "count": 262144,
    "mean_us": 23.890885,
    "p50_us": 20.506095,
    "p99_us": 47.697688,
    "min_us": 1.761027,
    "max_us": 76.445970
  },
  "latency_hot": {
    "count": 45520,
    "mean_us": 31.488651,
    "p50_us": 30.600729,
    "p99_us": 61.425716,
    "min_us": 3.205082,
    "max_us": 76.445970
  },
  "latency_cold": {
    "count": 103852,
    "mean_us": 21.081262,
    "p50_us": 20.956891,
    "p99_us": 36.263173,
    "min_us": 1.761027,
    "max_us": 49.997104
  },
  "dispatch_cct_us": 76.445970,
  "combine_cct_us": 67.925366,
  "roundtrip_step_us": 145.971335,
  "e2e_step_us": 264.682273
}
