{
  "scenario": 4,
  "scheme": "ub_rg_pop",
  "mode": "roundtrip",
  "batch": 256,
  "zipf_s": 0.000000,
  "topk": 8,
  "ep_size": 512,
  "seed": 49,
  "start_skew_us": 4.000000,
  "tau_g_ns": 143.360000,
  "grain_bytes": 7168,
  "total_tokens": 2097152,
  "max_egress_load": 341,
  "konig_us": 95.764480,
  "rtt_us": 1.200000,
  "barrier_us": 1.600000,
  "cct_us": 110.856342,
  "step_us": 198.667279,
  "gemv_us": 86.210938,
  "e2e_us": 197.067279,
  "throughput_GBs": 75666.136779,
  "latency_all": {
    "count": 2097152,
    "mean_us": 24.635882,
    "p50_us": 12.755324,
    "p99_us": 45.282996,
    "min_us": 1.508477,
    "max_us": 59.208324
  },
  "latency_hot": {
    "count": 208848,
    "mean_us": 24.739464,
    "p50_us": 23.886489,
    "p99_us": 46.400942,
    "min_us": 1.926912,
    "max_us": 56.524964
  },
  "latency_cold": {
    "count": 1049342,
    "mean_us": 24.631023,
    "p50_us": 15.740793,
    "p99_us": 43.083264,
    "min_us": 1.508477,
    "max_us": 59.208324
  },
  "dispatch_cct_us": 59.208324,
  "combine_cct_us": 51.648018,
  "roundtrip_step_us": 112.456342,
  "e2e_step_us": 198.667279
}
