{
  "scenario": 4,
  "scheme": "ub_rg_pop",
  "mode": "roundtrip",
  "batch": 512,
  "zipf_s": 0.000000,
  "topk": 8,
  "ep_size": 512,
  "seed": 37,
  "start_skew_us": 4.000000,
  "tau_g_ns": 143.360000,
  "grain_bytes": 7168,
  "total_tokens": 4194304,
  "max_egress_load": 656,
  "konig_us": 187.084800,
  "rtt_us": 1.200000,
  "barrier_us": 1.600000,
  "cct_us": 201.452564,
  "step_us": 370.669751,
  "gemv_us": 167.617188,
  "e2e_us": 369.069751,
  "throughput_GBs": 81109.318960,
  "latency_all": {
    "count": 4194304,
    "mean_us": 43.163940,
    "p50_us": 21.914340,
    "p99_us": 83.815938,
    "min_us": 1.584320,
    "max_us": 102.167410
  },
  "latency_hot": {
    "count": 417830,
    "mean_us": 42.978540,
    "p50_us": 43.361546,
    "p99_us": 80.161914,
    "min_us": 1.992771,
    "max_us": 100.969520
  },
  "latency_cold": {
    "count": 2095802,
    "mean_us": 43.161638,
    "p50_us": 17.444517,
    "p99_us": 80.716011,
    "min_us": 1.624489,
    "max_us": 102.167410
  },
  "dispatch_cct_us": 102.167410,
  "combine_cct_us": 99.285154,
  "roundtrip_step_us": 203.052564,
  "e2e_step_us": 370.669751
}
