{
  "scenario": 1,
  "scheme": "ub_rg",
  "mode": "roundtrip",
  "batch": 256,
  "zipf_s": 0.700000,
  "topk": 8,
  "ep_size": 128,
  "seed": 48,
  "start_skew_us": 4.000000,
  "tau_g_ns": 143.360000,
  "grain_bytes": 7168,
  "total_tokens": 524288,
  "max_egress_load": 2223,
  "konig_us": 631.357440,
  "rtt_us": 0.600000,
  "barrier_us": 0.800000,
  "cct_us": 645.195985,
  "step_us": 1327.480360,
  "gemv_us": 681.484375,
  "e2e_us": 1326.680360,
  "throughput_GBs": 2830.999611,
  "latency_all": {
    "count": 524288,
    "mean_us": 43.655593,
    "p50_us": 19.024064,
    "p99_us": 90.110382,
    "min_us": 1.198115,
    "max_us": 322.857370
  },
  "latency_hot": {
    "count": 180178,
    "mean_us": 88.240582,
    "p50_us": 71.084629,
    "p99_us": 300.208575,
    "min_us": 1.223793,
    "max_us": 322.857370
  },
  "latency_cold": {
    "count": 129158,
    "mean_us": 13.190934,
    "p50_us": 12.911459,
    "p99_us": 26.355554,
    "min_us": 1.198115,
    "max_us": 31.434249
  },
  "dispatch_cct_us": 322.338615,
  "combine_cct_us": 322.857370,
  "roundtrip_step_us": 645.995985,
  "e2e_step_us": 1327.480360
}
