{
  "scenario": 1,
  "scheme": "ub_rg",
  "mode": "roundtrip",
  "batch": 512,
  "zipf_s": 0.900000,
  "topk": 8,
  "ep_size": 64,
  "seed": 34,
  "start_skew_us": 4.000000,
  "tau_g_ns": 143.360000,
  "grain_bytes": 7168,
  "total_tokens": 524288,
  "max_egress_load": 3416,
  "konig_us": 974.704640,
  "rtt_us": 0.600000,
  "barrier_us": 0.800000,
  "cct_us": 987.870760,
  "step_us": 2045.858260,
  "gemv_us": 1057.187500,
  "e2e_us": 2045.058260,
  "throughput_GBs": 1836.929008,
  "latency_all": {
    "count": 524288,
    "mean_us": 86.225239,
    "p50_us": 33.762385,
    "p99_us": 194.052347,
    "min_us": 1.348553,
    "max_us": 494.283970
  },
  "latency_hot": {
    "count": 193908,
    "mean_us": 167.803637,
    "p50_us": 148.242293,
    "p99_us": 471.151772,
    "min_us": 1.433858,
    "max_us": 494.283970
  },
  "latency_cold": {
    "count": 109740,
    "mean_us": 19.322425,
    "p50_us": 18.753406,
    "p99_us": 41.650269,
    "min_us": 1.348553,
    "max_us": 48.070585
  },
  "dispatch_cct_us": 494.283970,
  "combine_cct_us": 493.586791,
  "roundtrip_step_us": 988.670760,
  "e2e_step_us": 2045.858260
}
