{
  "scenario": 4,
  "scheme": "packet_spray",
  "mode": "roundtrip",
  "batch": 256,
  "zipf_s": 0.000000,
  "topk": 8,
  "ep_size": 256,
  "seed": 96,
  "start_skew_us": 4.000000,
  "tau_g_ns": 143.360000,
  "grain_bytes": 7168,
  "total_tokens": 1048576,
  "max_egress_load": 329,
  "konig_us": 91.750400,
  "rtt_us": 0.000000,
  "barrier_us": 6.000000,
  "cct_us": 199.797462,
  "step_us": 290.406837,
  "gemv_us": 84.609375,
  "e2e_us": 284.406837,
  "throughput_GBs": 25881.597195,
  "latency_all": {
    "count": 1048576,
    "mean_us": 61.391597,
    "p50_us": 57.439453,
    "p99_us": 84.750909,
    "min_us": 0.966800,
    "max_us": 101.510677
  },
  "latency_hot": {
    "count": 102380,
    "mean_us": 50.347083,
    "p50_us": 49.831392,
    "p99_us": 88.733505,
    "min_us": 2.562728,
    "max_us": 97.209877
  },
  "latency_cold": {
    "count": 525278,
    "mean_us": 66.201674,
    "p50_us": 64.138133,
    "p99_us": 83.734037,
    "min_us": 1.253520,
    "max_us": 100.077077
  },
  "dispatch_cct_us": 101.510677,
  "combine_cct_us": 98.286785,
  "roundtrip_step_us": 205.797462,
  "e2e_step_us": 290.406837
}
