{
  "scenario": 1,
  "scheme": "packet_spray",
  "mode": "roundtrip",
  "batch": 128,
  "zipf_s": 0.300000,
  "topk": 8,
  "ep_size": 128,
  "seed": 53,
  "start_skew_us": 4.000000,
  "tau_g_ns": 143.360000,
  "grain_bytes": 7168,
  "total_tokens": 262144,
  "max_egress_load": 385,
  "konig_us": 108.810240,
  "rtt_us": 0.000000,
  "barrier_us": 4.000000,
  "cct_us": 165.437487,
  "step_us": 286.273425,
  "gemv_us": 116.835938,
  "e2e_us": 282.273425,
  "throughput_GBs": 6563.823355,
  "latency_all": {
    "count": 262144,
    "mean_us": 42.247452,
    "p50_us": 39.780039,
    "p99_us": 67.380925,
    "min_us": 2.400400,
    "max_us": 86.014323
  },
  "latency_hot": {
    "count": 45174,
    "mean_us": 42.018962,
    "p50_us": 42.866365,
    "p99_us": 75.692403,
    "min_us": 7.169725,
    "max_us": 86.014323
  },
  "latency_cold": {
    "count": 104064,
    "mean_us": 43.494097,
    "p50_us": 40.328979,
    "p99_us": 74.979005,
    "min_us": 2.400400,
    "max_us": 79.423165
  },
  "dispatch_cct_us": 86.014323,
  "combine_cct_us": 79.423165,
  "roundtrip_step_us": 169.437487,
  "e2e_step_us": 286.273425
}
