{
  "scenario": 4,
  "scheme": "ub_rg_pop",
  "mode": "roundtrip",
  "batch": 16,
  "zipf_s": 0.900000,
  "topk": 8,
  "ep_size": 128,
  "seed": 64,
  "start_skew_us": 4.000000,
  "tau_g_ns": 143.360000,
  "grain_bytes": 7168,
  "total_tokens": 32768,
  "max_egress_load": 204,
  "konig_us": 56.913920,
  "rtt_us": 1.200000,
  "barrier_us": 1.600000,
  "cct_us": 64.878420,
  "step_us": 126.634670,
  "gemv_us": 60.156250,
  "e2e_us": 125.034670,
  "throughput_GBs": 1854.792403,
  "latency_all": {
    "count": 32768,
    "mean_us": 7.930385,
    "p50_us": 6.201629,
    "p99_us": 27.500111,
    "min_us": 1.604363,
    "max_us": 33.586595
  },
  "latency_hot": {
    "count": 14480,
    "mean_us": 11.420570,
    "p50_us": 9.870659,
    "p99_us": 29.186377,
    "min_us": 1.816544,
    "max_us": 33.586595
  },
  "latency_cold": {
    "count": 5774,
    "mean_us": 4.430584,
    "p50_us": 4.447894,
    "p99_us": 6.877509,
    "min_us": 1.604363,
    "max_us": 7.623967
  },
  "dispatch_cct_us": 33.586595,
  "combine_cct_us": 31.291825,
  "roundtrip_step_us": 66.478420,
  "e2e_step_us": 126.634670
}
