{
  "scenario": 1,
  "scheme": "packet_spray",
  "mode": "roundtrip",
  "batch": 128,
  "zipf_s": 0.900000,
  "topk": 8,
  "ep_size": 32,
  "seed": 81,
  "start_skew_us": 4.000000,
  "tau_g_ns": 143.360000,
  "grain_bytes": 7168,
  "total_tokens": 65536,
  "max_egress_load": 503,
  "konig_us": 138.199040,
  "rtt_us": 0.000000,
  "barrier_us": 4.000000,
  "cct_us": 192.083513,
  "step_us": 340.106951,
  "gemv_us": 144.023438,
  "e2e_us": 336.106951,
  "throughput_GBs": 1381.218606,
  "latency_all": {
    "count": 65536,
    "mean_us": 47.761930,
    "p50_us": 46.622710,
    "p99_us": 88.053750,
    "min_us": 5.782446,
    "max_us": 102.963190
  },
  "latency_hot": {
    "count": 18238,
    "mean_us": 50.398143,
    "p50_us": 51.703363,
    "p99_us": 94.791670,
    "min_us": 5.782446,
    "max_us": 102.963190
  },
  "latency_cold": {
    "count": 16898,
    "mean_us": 46.000866,
    "p50_us": 42.751990,
    "p99_us": 86.253123,
    "min_us": 5.782446,
    "max_us": 89.120323
  },
  "dispatch_cct_us": 102.963190,
  "combine_cct_us": 89.120323,
  "roundtrip_step_us": 196.083513,
  "e2e_step_us": 340.106951
}
