{
  "scenario": 1,
  "scheme": "ub_rg_pop",
  "mode": "roundtrip",
  "batch": 512,
  "zipf_s": 0.900000,
  "topk": 8,
  "ep_size": 32,
  "seed": 17,
  "start_skew_us": 4.000000,
  "tau_g_ns": 143.360000,
  "grain_bytes": 7168,
  "total_tokens": 262144,
  "max_egress_load": 1858,
  "konig_us": 530.145280,
  "rtt_us": 0.900000,
  "barrier_us": 0.800000,
  "cct_us": 538.708290,
  "step_us": 1114.469227,
  "gemv_us": 574.960938,
  "e2e_us": 1113.669227,
  "throughput_GBs": 1686.047623,
  "latency_all": {
    "count": 262144,
    "mean_us": 61.701227,
    "p50_us": 31.949020,
    "p99_us": 231.463936,
    "min_us": 1.541584,
    "max_us": 270.132494
  },
  "latency_hot": {
    "count": 72708,
    "mean_us": 114.931984,
    "p50_us": 111.998524,
    "p99_us": 260.168862,
    "min_us": 1.724723,
    "max_us": 270.132494
  },
  "latency_cold": {
    "count": 66906,
    "mean_us": 23.145522,
    "p50_us": 22.542163,
    "p99_us": 50.001912,
    "min_us": 1.541584,
    "max_us": 57.286100
  },
  "dispatch_cct_us": 270.132494,
  "combine_cct_us": 268.575796,
  "roundtrip_step_us": 539.508290,
  "e2e_step_us": 1114.469227
}
