{
  "scenario": 4,
  "scheme": "ub_rg_pop",
  "mode": "roundtrip",
  "batch": 16,
  "zipf_s": 0.300000,
  "topk": 8,
  "ep_size": 512,
  "seed": 78,
  "start_skew_us": 4.000000,
  "tau_g_ns": 143.360000,
  "grain_bytes": 7168,
  "total_tokens": 131072,
  "max_egress_load": 93,
  "konig_us": 24.657920,
  "rtt_us": 1.200000,
  "barrier_us": 1.600000,
  "cct_us": 33.993725,
  "step_us": 60.007787,
  "gemv_us": 24.414062,
  "e2e_us": 58.407787,
  "throughput_GBs": 15656.702944,
  "latency_all": {
    "count": 131072,
    "mean_us": 5.600139,
    "p50_us": 5.496863,
    "p99_us": 10.395041,
    "min_us": 1.522197,
    "max_us": 18.254475
  },
  "latency_hot": {
    "count": 25406,
    "mean_us": 6.890342,
    "p50_us": 6.784256,
    "p99_us": 12.608942,
    "min_us": 1.825012,
    "max_us": 18.254475
  },
  "latency_cold": {
    "count": 51190,
    "mean_us": 5.075685,
    "p50_us": 5.076106,
    "p99_us": 7.964312,
    "min_us": 1.675307,
    "max_us": 9.505138
  },
  "dispatch_cct_us": 18.254475,
  "combine_cct_us": 15.739250,
  "roundtrip_step_us": 35.593725,
  "e2e_step_us": 60.007787
}
