{
  "scenario": 4,
  "scheme": "packet_spray",
  "mode": "roundtrip",
  "batch": 128,
  "zipf_s": 0.700000,
  "topk": 8,
  "ep_size": 512,
  "seed": 18,
  "start_skew_us": 4.000000,
  "tau_g_ns": 143.360000,
  "grain_bytes": 7168,
  "total_tokens": 1048576,
  "max_egress_load": 3214,
  "konig_us": 880.230400,
  "rtt_us": 0.000000,
  "barrier_us": 6.000000,
  "cct_us": 960.103736,
  "step_us": 1880.439674,
  "gemv_us": 914.335938,
  "e2e_us": 1874.439674,
  "throughput_GBs": 3997.040093,
  "latency_all": {
    "count": 1048576,
    "mean_us": 146.890155,
    "p50_us": 36.951922,
    "p99_us": 185.203565,
    "min_us": 0.515625,
    "max_us": 500.222411
  },
  "latency_hot": {
    "count": 435488,
    "mean_us": 163.395452,
    "p50_us": 69.254397,
    "p99_us": 382.036845,
    "min_us": 0.873674,
    "max_us": 487.893451
  },
  "latency_cold": {
    "count": 231196,
    "mean_us": 134.808730,
    "p50_us": 39.560745,
    "p99_us": 438.720971,
    "min_us": 0.778319,
    "max_us": 500.222411
  },
  "dispatch_cct_us": 459.881325,
  "combine_cct_us": 500.222411,
  "roundtrip_step_us": 966.103736,
  "e2e_step_us": 1880.439674
}
