{
  "scenario": 4,
  "scheme": "packet_spray",
  "mode": "roundtrip",
  "batch": 512,
  "zipf_s": 0.000000,
  "topk": 8,
  "ep_size": 512,
  "seed": 94,
  "start_skew_us": 4.000000,
  "tau_g_ns": 143.360000,
  "grain_bytes": 7168,
  "total_tokens": 4194304,
  "max_egress_load": 633,
  "konig_us": 176.906240,
  "rtt_us": 0.000000,
  "barrier_us": 6.000000,
  "cct_us": 350.027741,
  "step_us": 523.723053,
  "gemv_us": 167.695312,
  "e2e_us": 517.723053,
  "throughput_GBs": 57405.857717,
  "latency_all": {
    "count": 4194304,
    "mean_us": 104.567264,
    "p50_us": 97.631918,
    "p99_us": 158.086457,
    "min_us": 0.766800,
    "max_us": 176.049838
  },
  "latency_hot": {
    "count": 417856,
    "mean_us": 88.281841,
    "p50_us": 118.159168,
    "p99_us": 156.839598,
    "min_us": 0.873520,
    "max_us": 175.189678
  },
  "latency_cold": {
    "count": 2098318,
    "mean_us": 113.528714,
    "p50_us": 92.996870,
    "p99_us": 155.387447,
    "min_us": 2.214272,
    "max_us": 176.049838
  },
  "dispatch_cct_us": 176.049838,
  "combine_cct_us": 173.977903,
  "roundtrip_step_us": 356.027741,
  "e2e_step_us": 523.723053
}
