{
  "scenario": 1,
  "scheme": "ub_rg_pop",
  "mode": "roundtrip",
  "batch": 64,
  "zipf_s": 0.000000,
  "topk": 8,
  "ep_size": 32,
  "seed": 31,
  "tau_g_ns": 143.360000,
  "grain_bytes": 7168,
  "total_tokens": 32768,
  "max_egress_load": 85,
  "konig_us": 23.797760,
  "rtt_us": 0.900000,
  "barrier_us": 0.800000,
  "cct_us": 27.248798,
  "step_us": 28.048798,
  "throughput_GBs": 8374.013938,
  "latency_all": {
    "count": 32768,
    "mean_us": 6.307154,
    "p50_us": 6.213598,
    "p99_us": 11.913560,
    "min_us": 1.443734,
    "max_us": 13.654625
  },
  "latency_hot": {
    "count": 3034,
    "mean_us": 6.235733,
    "p50_us": 6.148848,
    "p99_us": 11.642606,
    "min_us": 1.445054,
    "max_us": 12.674182
  },
  "latency_cold": {
    "count": 16288,
    "mean_us": 6.280862,
    "p50_us": 6.191550,
    "p99_us": 11.854232,
    "min_us": 1.443999,
    "max_us": 13.056191
  },
  "dispatch_cct_us": 13.594172,
  "combine_cct_us": 13.654625,
  "roundtrip_step_us": 28.048798
}
