{
  "scenario": 4,
  "scheme": "packet_spray",
  "mode": "roundtrip",
  "batch": 512,
  "zipf_s": 0.000000,
  "topk": 8,
  "ep_size": 512,
  "seed": 89,
  "start_skew_us": 4.000000,
  "tau_g_ns": 143.360000,
  "grain_bytes": 7168,
  "total_tokens": 4194304,
  "max_egress_load": 633,
  "konig_us": 177.336320,
  "rtt_us": 0.000000,
  "barrier_us": 6.000000,
  "cct_us": 348.519233,
  "step_us": 522.253608,
  "gemv_us": 167.734375,
  "e2e_us": 516.253608,
  "throughput_GBs": 57567.378413,
  "latency_all": {
    "count": 4194304,
    "mean_us": 103.862273,
    "p50_us": 96.488654,
    "p99_us": 156.852251,
    "min_us": 0.336720,
    "max_us": 174.554010
  },
  "latency_hot": {
    "count": 419736,
    "mean_us": 87.838250,
    "p50_us": 116.636570,
    "p99_us": 156.202440,
    "min_us": 3.761867,
    "max_us": 173.095698
  },
  "latency_cold": {
    "count": 2097190,
    "mean_us": 112.746726,
    "p50_us": 91.379384,
    "p99_us": 153.885458,
    "min_us": 0.336720,
    "max_us": 173.965223
  },
  "dispatch_cct_us": 174.554010,
  "combine_cct_us": 173.965223,
  "roundtrip_step_us": 354.519233,
  "e2e_step_us": 522.253608
}
