{
  "scenario": 1,
  "scheme": "packet_spray",
  "mode": "roundtrip",
  "batch": 64,
  "zipf_s": 0.900000,
  "topk": 8,
  "ep_size": 32,
  "seed": 78,
  "tau_g_ns": 143.360000,
  "grain_bytes": 7168,
  "total_tokens": 32768,
  "max_egress_load": 246,
  "konig_us": 68.669440,
  "rtt_us": 0.000000,
  "barrier_us": 4.000000,
  "cct_us": 86.085920,
  "step_us": 90.085920,
  "throughput_GBs": 2607.300053,
  "latency_all": {
    "count": 32768,
    "mean_us": 18.146966,
    "p50_us": 15.732880,
    "p99_us": 39.530640,
    "min_us": 0.536720,
    "max_us": 43.974800
  },
  "latency_hot": {
    "count": 9050,
    "mean_us": 19.803148,
    "p50_us": 19.746960,
    "p99_us": 39.817360,
    "min_us": 0.536720,
    "max_us": 43.974800
  },
  "latency_cold": {
    "count": 8480,
    "mean_us": 17.404106,
    "p50_us": 12.722320,
    "p99_us": 40.534160,
    "min_us": 0.536720,
    "max_us": 42.111120
  },
  "dispatch_cct_us": 43.974800,
  "combine_cct_us": 42.111120,
  "roundtrip_step_us": 90.085920
}
