{
  "scenario": 1,
  "scheme": "ub_rg",
  "mode": "roundtrip",
  "batch": 128,
  "zipf_s": 0.000000,
  "topk": 8,
  "ep_size": 64,
  "seed": 60,
  "start_skew_us": 4.000000,
  "tau_g_ns": 143.360000,
  "grain_bytes": 7168,
  "total_tokens": 131072,
  "max_egress_load": 155,
  "konig_us": 44.298240,
  "rtt_us": 0.600000,
  "barrier_us": 0.800000,
  "cct_us": 53.250151,
  "step_us": 96.472026,
  "gemv_us": 42.421875,
  "e2e_us": 95.672026,
  "throughput_GBs": 9738.824152,
  "latency_all": {
    "count": 131072,
    "mean_us": 12.892497,
    "p50_us": 12.771132,
    "p99_us": 23.878306,
    "min_us": 1.323486,
    "max_us": 26.857654
  },
  "latency_hot": {
    "count": 12362,
    "mean_us": 12.897760,
    "p50_us": 12.785833,
    "p99_us": 23.940197,
    "min_us": 1.456806,
    "max_us": 25.670736
  },
  "latency_cold": {
    "count": 64892,
    "mean_us": 12.988496,
    "p50_us": 12.873804,
    "p99_us": 23.846678,
    "min_us": 1.362389,
    "max_us": 26.392497
  },
  "dispatch_cct_us": 26.857654,
  "combine_cct_us": 26.392497,
  "roundtrip_step_us": 54.050151,
  "e2e_step_us": 96.472026
}
