{
  "scenario": 1,
  "scheme": "ub_rg",
  "mode": "roundtrip",
  "batch": 512,
  "zipf_s": 0.000000,
  "topk": 8,
  "ep_size": 64,
  "seed": 17,
  "start_skew_us": 4.000000,
  "tau_g_ns": 143.360000,
  "grain_bytes": 7168,
  "total_tokens": 524288,
  "max_egress_load": 583,
  "konig_us": 165.437440,
  "rtt_us": 0.600000,
  "barrier_us": 0.800000,
  "cct_us": 212.994578,
  "step_us": 378.833640,
  "gemv_us": 165.039062,
  "e2e_us": 378.033640,
  "throughput_GBs": 9920.175999,
  "latency_all": {
    "count": 524288,
    "mean_us": 48.912072,
    "p50_us": 42.862058,
    "p99_us": 78.119180,
    "min_us": 1.215526,
    "max_us": 109.924476
  },
  "latency_hot": {
    "count": 49078,
    "mean_us": 49.718728,
    "p50_us": 49.541617,
    "p99_us": 93.035055,
    "min_us": 1.706951,
    "max_us": 103.847410
  },
  "latency_cold": {
    "count": 261446,
    "mean_us": 48.712754,
    "p50_us": 39.954131,
    "p99_us": 90.539716,
    "min_us": 1.268947,
    "max_us": 107.801026
  },
  "dispatch_cct_us": 109.924476,
  "combine_cct_us": 103.070101,
  "roundtrip_step_us": 213.794578,
  "e2e_step_us": 378.833640
}
