{
  "scenario": 1,
  "scheme": "packet_spray",
  "mode": "roundtrip",
  "batch": 512,
  "zipf_s": 0.000000,
  "topk": 8,
  "ep_size": 128,
  "seed": 64,
  "start_skew_us": 4.000000,
  "tau_g_ns": 143.360000,
  "grain_bytes": 7168,
  "total_tokens": 1048576,
  "max_egress_load": 573,
  "konig_us": 157.982720,
  "rtt_us": 0.000000,
  "barrier_us": 4.000000,
  "cct_us": 306.620440,
  "step_us": 475.659503,
  "gemv_us": 165.039062,
  "e2e_us": 471.659503,
  "throughput_GBs": 15801.624319,
  "latency_all": {
    "count": 1048576,
    "mean_us": 92.183127,
    "p50_us": 87.937640,
    "p99_us": 141.008805,
    "min_us": 0.849801,
    "max_us": 156.102799
  },
  "latency_hot": {
    "count": 98652,
    "mean_us": 75.592562,
    "p50_us": 75.776640,
    "p99_us": 145.709517,
    "min_us": 0.849801,
    "max_us": 154.771365
  },
  "latency_cold": {
    "count": 523692,
    "mean_us": 101.384834,
    "p50_us": 101.126760,
    "p99_us": 136.104397,
    "min_us": 2.351720,
    "max_us": 155.460200
  },
  "dispatch_cct_us": 156.102799,
  "combine_cct_us": 150.517641,
  "roundtrip_step_us": 310.620440,
  "e2e_step_us": 475.659503
}
