{
  "scenario": 1,
  "scheme": "ub_rg",
  "mode": "roundtrip",
  "batch": 64,
  "zipf_s": 0.700000,
  "topk": 8,
  "ep_size": 128,
  "seed": 70,
  "tau_g_ns": 143.360000,
  "grain_bytes": 7168,
  "total_tokens": 131072,
  "max_egress_load": 569,
  "konig_us": 159.703040,
  "rtt_us": 0.600000,
  "barrier_us": 0.800000,
  "cct_us": 165.526444,
  "step_us": 166.326444,
  "throughput_GBs": 5648.675416,
  "latency_all": {
    "count": 131072,
    "mean_us": 11.756678,
    "p50_us": 6.781949,
    "p99_us": 67.527151,
    "min_us": 1.143887,
    "max_us": 82.780971
  },
  "latency_hot": {
    "count": 45056,
    "mean_us": 22.802751,
    "p50_us": 18.706799,
    "p99_us": 75.226518,
    "min_us": 1.144534,
    "max_us": 82.780971
  },
  "latency_cold": {
    "count": 31936,
    "mean_us": 4.024621,
    "p50_us": 3.923076,
    "p99_us": 7.778163,
    "min_us": 1.143887,
    "max_us": 9.815690
  },
  "dispatch_cct_us": 82.745473,
  "combine_cct_us": 82.780971,
  "roundtrip_step_us": 166.326444
}
