{
  "scenario": 4,
  "scheme": "ub_rg_pop",
  "mode": "roundtrip",
  "batch": 512,
  "zipf_s": 0.700000,
  "topk": 8,
  "ep_size": 128,
  "seed": 41,
  "start_skew_us": 4.000000,
  "tau_g_ns": 143.360000,
  "grain_bytes": 7168,
  "total_tokens": 1048576,
  "max_egress_load": 4678,
  "konig_us": 1297.838080,
  "rtt_us": 1.200000,
  "barrier_us": 1.600000,
  "cct_us": 1346.824662,
  "step_us": 2715.377787,
  "gemv_us": 1366.953125,
  "e2e_us": 2713.777787,
  "throughput_GBs": 2768.009963,
  "latency_all": {
    "count": 1048576,
    "mean_us": 83.829140,
    "p50_us": 20.578746,
    "p99_us": 277.605651,
    "min_us": 1.535433,
    "max_us": 673.740703
  },
  "latency_hot": {
    "count": 359630,
    "mean_us": 173.564808,
    "p50_us": 124.056524,
    "p99_us": 595.550378,
    "min_us": 2.080814,
    "max_us": 673.740703
  },
  "latency_cold": {
    "count": 258474,
    "mean_us": 22.916427,
    "p50_us": 18.286407,
    "p99_us": 47.084556,
    "min_us": 1.535433,
    "max_us": 61.726907
  },
  "dispatch_cct_us": 673.740703,
  "combine_cct_us": 673.083959,
  "roundtrip_step_us": 1348.424662,
  "e2e_step_us": 2715.377787
}
