{
  "scenario": 1,
  "scheme": "packet_spray",
  "mode": "roundtrip",
  "batch": 64,
  "zipf_s": 0.300000,
  "topk": 8,
  "ep_size": 64,
  "seed": 14,
  "start_skew_us": 4.000000,
  "tau_g_ns": 143.360000,
  "grain_bytes": 7168,
  "total_tokens": 65536,
  "max_egress_load": 159,
  "konig_us": 44.728320,
  "rtt_us": 0.000000,
  "barrier_us": 4.000000,
  "cct_us": 89.922735,
  "step_us": 141.578985,
  "gemv_us": 47.656250,
  "e2e_us": 137.578985,
  "throughput_GBs": 3318.021022,
  "latency_all": {
    "count": 65536,
    "mean_us": 27.849082,
    "p50_us": 27.422715,
    "p99_us": 43.434687,
    "min_us": 6.137491,
    "max_us": 46.588607
  },
  "latency_hot": {
    "count": 10662,
    "mean_us": 27.411820,
    "p50_us": 27.951807,
    "p99_us": 40.021445,
    "min_us": 6.137491,
    "max_us": 43.334128
  },
  "latency_cold": {
    "count": 26236,
    "mean_us": 28.568231,
    "p50_us": 27.521727,
    "p99_us": 44.438207,
    "min_us": 6.137491,
    "max_us": 46.588607
  },
  "dispatch_cct_us": 43.334128,
  "combine_cct_us": 46.588607,
  "roundtrip_step_us": 93.922735,
  "e2e_step_us": 141.578985
}
