{
  "scenario": 1,
  "scheme": "islip",
  "mode": "roundtrip",
  "batch": 16,
  "zipf_s": 0.700000,
  "topk": 8,
  "ep_size": 64,
  "seed": 2,
  "start_skew_us": 4.000000,
  "tau_g_ns": 143.360000,
  "grain_bytes": 7168,
  "total_tokens": 16384,
  "max_egress_load": 93,
  "konig_us": 25.661440,
  "rtt_us": 0.600000,
  "barrier_us": 0.800000,
  "cct_us": 50.774801,
  "step_us": 78.215426,
  "gemv_us": 26.640625,
  "e2e_us": 77.415426,
  "throughput_GBs": 1501.500634,
  "latency_all": {
    "count": 16384,
    "mean_us": 11.094840,
    "p50_us": 11.349902,
    "p99_us": 21.263574,
    "min_us": 1.165278,
    "max_us": 28.467029
  },
  "latency_hot": {
    "count": 4928,
    "mean_us": 12.650361,
    "p50_us": 12.458661,
    "p99_us": 22.961733,
    "min_us": 1.205713,
    "max_us": 28.467029
  },
  "latency_cold": {
    "count": 4410,
    "mean_us": 10.389601,
    "p50_us": 10.477996,
    "p99_us": 19.077712,
    "min_us": 1.229186,
    "max_us": 20.181352
  },
  "dispatch_cct_us": 28.467029,
  "combine_cct_us": 22.307772,
  "roundtrip_step_us": 51.574801,
  "e2e_step_us": 78.215426
}
