{
  "scenario": 1,
  "scheme": "packet_spray",
  "mode": "roundtrip",
  "batch": 128,
  "zipf_s": 0.300000,
  "topk": 8,
  "ep_size": 128,
  "seed": 48,
  "start_skew_us": 4.000000,
  "tau_g_ns": 143.360000,
  "grain_bytes": 7168,
  "total_tokens": 262144,
  "max_egress_load": 406,
  "konig_us": 110.960640,
  "rtt_us": 0.000000,
  "barrier_us": 4.000000,
  "cct_us": 173.824164,
  "step_us": 292.785101,
  "gemv_us": 114.960938,
  "e2e_us": 288.785101,
  "throughput_GBs": 6417.840885,
  "latency_all": {
    "count": 262144,
    "mean_us": 45.291796,
    "p50_us": 41.902603,
    "p99_us": 71.570720,
    "min_us": 10.361465,
    "max_us": 89.351044
  },
  "latency_hot": {
    "count": 45352,
    "mean_us": 45.165691,
    "p50_us": 45.765920,
    "p99_us": 76.832375,
    "min_us": 12.150312,
    "max_us": 89.351044
  },
  "latency_cold": {
    "count": 103758,
    "mean_us": 46.601047,
    "p50_us": 42.762763,
    "p99_us": 80.172320,
    "min_us": 11.577967,
    "max_us": 84.473120
  },
  "dispatch_cct_us": 89.351044,
  "combine_cct_us": 84.473120,
  "roundtrip_step_us": 177.824164,
  "e2e_step_us": 292.785101
}
