{
  "scenario": 1,
  "scheme": "islip",
  "mode": "roundtrip",
  "batch": 64,
  "zipf_s": 0.300000,
  "topk": 8,
  "ep_size": 128,
  "seed": 55,
  "start_skew_us": 4.000000,
  "tau_g_ns": 143.360000,
  "grain_bytes": 7168,
  "total_tokens": 131072,
  "max_egress_load": 195,
  "konig_us": 54.620160,
  "rtt_us": 0.600000,
  "barrier_us": 0.800000,
  "cct_us": 96.717788,
  "step_us": 155.525601,
  "gemv_us": 58.007812,
  "e2e_us": 154.725601,
  "throughput_GBs": 6040.961049,
  "latency_all": {
    "count": 131072,
    "mean_us": 18.657582,
    "p50_us": 18.470939,
    "p99_us": 35.748389,
    "min_us": 1.160967,
    "max_us": 49.674943
  },
  "latency_hot": {
    "count": 22796,
    "mean_us": 21.912342,
    "p50_us": 21.596483,
    "p99_us": 42.562161,
    "min_us": 1.294915,
    "max_us": 49.674943
  },
  "latency_cold": {
    "count": 51862,
    "mean_us": 17.032649,
    "p50_us": 17.074510,
    "p99_us": 27.415316,
    "min_us": 1.160967,
    "max_us": 31.389921
  },
  "dispatch_cct_us": 49.674943,
  "combine_cct_us": 47.042845,
  "roundtrip_step_us": 97.517788,
  "e2e_step_us": 155.525601
}
