{
  "scenario": 1,
  "scheme": "ub_rg",
  "mode": "roundtrip",
  "batch": 128,
  "zipf_s": 0.000000,
  "topk": 8,
  "ep_size": 64,
  "seed": 82,
  "start_skew_us": 4.000000,
  "tau_g_ns": 143.360000,
  "grain_bytes": 7168,
  "total_tokens": 131072,
  "max_egress_load": 155,
  "konig_us": 44.441600,
  "rtt_us": 0.600000,
  "barrier_us": 0.800000,
  "cct_us": 76.031642,
  "step_us": 119.644142,
  "gemv_us": 42.812500,
  "e2e_us": 118.844142,
  "throughput_GBs": 7852.654407,
  "latency_all": {
    "count": 131072,
    "mean_us": 19.036020,
    "p50_us": 18.947179,
    "p99_us": 33.862925,
    "min_us": 1.190899,
    "max_us": 39.522638
  },
  "latency_hot": {
    "count": 12508,
    "mean_us": 18.998222,
    "p50_us": 18.943859,
    "p99_us": 32.513378,
    "min_us": 1.644257,
    "max_us": 35.224639
  },
  "latency_cold": {
    "count": 65616,
    "mean_us": 18.410371,
    "p50_us": 18.307409,
    "p99_us": 33.371022,
    "min_us": 1.190899,
    "max_us": 39.522638
  },
  "dispatch_cct_us": 36.509004,
  "combine_cct_us": 39.522638,
  "roundtrip_step_us": 76.831642,
  "e2e_step_us": 119.644142
}
