{
  "scenario": 1,
  "scheme": "islip",
  "mode": "roundtrip",
  "batch": 512,
  "zipf_s": 0.700000,
  "topk": 8,
  "ep_size": 128,
  "seed": 83,
  "start_skew_us": 4.000000,
  "tau_g_ns": 143.360000,
  "grain_bytes": 7168,
  "total_tokens": 1048576,
  "max_egress_load": 4467,
  "konig_us": 1267.015680,
  "rtt_us": 0.600000,
  "barrier_us": 0.800000,
  "cct_us": 1287.827611,
  "step_us": 2654.291674,
  "gemv_us": 1365.664062,
  "e2e_us": 2653.491674,
  "throughput_GBs": 2831.713200,
  "latency_all": {
    "count": 1048576,
    "mean_us": 82.873192,
    "p50_us": 19.117729,
    "p99_us": 278.204317,
    "min_us": 1.197234,
    "max_us": 644.838210
  },
  "latency_hot": {
    "count": 360582,
    "mean_us": 172.607466,
    "p50_us": 123.115114,
    "p99_us": 593.960662,
    "min_us": 1.244247,
    "max_us": 644.838210
  },
  "latency_cold": {
    "count": 258950,
    "mean_us": 21.946358,
    "p50_us": 17.274993,
    "p99_us": 45.696669,
    "min_us": 1.224014,
    "max_us": 57.501731
  },
  "dispatch_cct_us": 644.838210,
  "combine_cct_us": 642.989401,
  "roundtrip_step_us": 1288.627611,
  "e2e_step_us": 2654.291674
}
