{
  "scenario": 1,
  "scheme": "packet_spray",
  "mode": "roundtrip",
  "batch": 16,
  "zipf_s": 0.000000,
  "topk": 8,
  "ep_size": 64,
  "seed": 53,
  "start_skew_us": 4.000000,
  "tau_g_ns": 143.360000,
  "grain_bytes": 7168,
  "total_tokens": 16384,
  "max_egress_load": 29,
  "konig_us": 7.884800,
  "rtt_us": 0.000000,
  "barrier_us": 4.000000,
  "cct_us": 43.035882,
  "step_us": 52.739007,
  "gemv_us": 5.703125,
  "e2e_us": 48.739007,
  "throughput_GBs": 2226.824480,
  "latency_all": {
    "count": 16384,
    "mean_us": 16.127651,
    "p50_us": 16.567384,
    "p99_us": 22.219123,
    "min_us": 0.536720,
    "max_us": 23.509363
  },
  "latency_hot": {
    "count": 1552,
    "mean_us": 13.368213,
    "p50_us": 12.849503,
    "p99_us": 21.789043,
    "min_us": 0.536720,
    "max_us": 22.219123
  },
  "latency_cold": {
    "count": 8470,
    "mean_us": 16.835280,
    "p50_us": 16.950447,
    "p99_us": 22.362483,
    "min_us": 0.536720,
    "max_us": 23.509363
  },
  "dispatch_cct_us": 23.509363,
  "combine_cct_us": 19.526519,
  "roundtrip_step_us": 47.035882,
  "e2e_step_us": 52.739007
}
