{
  "scenario": 4,
  "scheme": "packet_spray",
  "mode": "roundtrip",
  "batch": 512,
  "zipf_s": 0.700000,
  "topk": 8,
  "ep_size": 512,
  "seed": 40,
  "start_skew_us": 4.000000,
  "tau_g_ns": 143.360000,
  "grain_bytes": 7168,
  "total_tokens": 4194304,
  "max_egress_load": 12890,
  "konig_us": 3533.393920,
  "rtt_us": 0.000000,
  "barrier_us": 6.000000,
  "cct_us": 3676.728332,
  "step_us": 7356.556457,
  "gemv_us": 3673.828125,
  "e2e_us": 7350.556457,
  "throughput_GBs": 4086.799476,
  "latency_all": {
    "count": 4194304,
    "mean_us": 533.081499,
    "p50_us": 93.583521,
    "p99_us": 1140.424804,
    "min_us": 0.249952,
    "max_us": 1937.488808
  },
  "latency_hot": {
    "count": 1743480,
    "mean_us": 594.688507,
    "p50_us": 122.347572,
    "p99_us": 1142.784052,
    "min_us": 0.249952,
    "max_us": 1896.344488
  },
  "latency_cold": {
    "count": 925896,
    "mean_us": 489.993227,
    "p50_us": 79.162307,
    "p99_us": 107.357684,
    "min_us": 0.387436,
    "max_us": 1937.488808
  },
  "dispatch_cct_us": 1739.239524,
  "combine_cct_us": 1937.488808,
  "roundtrip_step_us": 3682.728332,
  "e2e_step_us": 7356.556457
}
