{
  "scenario": 1,
  "scheme": "islip",
  "mode": "roundtrip",
  "batch": 128,
  "zipf_s": 0.000000,
  "topk": 8,
  "ep_size": 128,
  "seed": 95,
  "start_skew_us": 4.000000,
  "tau_g_ns": 143.360000,
  "grain_bytes": 7168,
  "total_tokens": 262144,
  "max_egress_load": 172,
  "konig_us": 47.452160,
  "rtt_us": 0.600000,
  "barrier_us": 0.800000,
  "cct_us": 95.360641,
  "step_us": 139.520016,
  "gemv_us": 43.359375,
  "e2e_us": 138.720016,
  "throughput_GBs": 13467.947080,
  "latency_all": {
    "count": 262144,
    "mean_us": 22.755913,
    "p50_us": 20.377722,
    "p99_us": 36.823285,
    "min_us": 1.151520,
    "max_us": 51.792537
  },
  "latency_hot": {
    "count": 24304,
    "mean_us": 22.475010,
    "p50_us": 22.515451,
    "p99_us": 38.614557,
    "min_us": 1.153906,
    "max_us": 44.104264
  },
  "latency_cold": {
    "count": 131790,
    "mean_us": 22.962298,
    "p50_us": 22.861501,
    "p99_us": 38.702784,
    "min_us": 1.151520,
    "max_us": 51.792537
  },
  "dispatch_cct_us": 43.568104,
  "combine_cct_us": 51.792537,
  "roundtrip_step_us": 96.160641,
  "e2e_step_us": 139.520016
}
