{
  "scenario": 1,
  "scheme": "ub_rg",
  "mode": "roundtrip",
  "batch": 128,
  "zipf_s": 0.900000,
  "topk": 8,
  "ep_size": 64,
  "seed": 74,
  "start_skew_us": 4.000000,
  "tau_g_ns": 143.360000,
  "grain_bytes": 7168,
  "total_tokens": 131072,
  "max_egress_load": 866,
  "konig_us": 245.288960,
  "rtt_us": 0.600000,
  "barrier_us": 0.800000,
  "cct_us": 255.599896,
  "step_us": 520.306146,
  "gemv_us": 263.906250,
  "e2e_us": 519.506146,
  "throughput_GBs": 1805.714006,
  "latency_all": {
    "count": 131072,
    "mean_us": 24.056749,
    "p50_us": 14.343037,
    "p99_us": 112.717850,
    "min_us": 1.212299,
    "max_us": 127.890125
  },
  "latency_hot": {
    "count": 48204,
    "mean_us": 44.279560,
    "p50_us": 39.674863,
    "p99_us": 120.174804,
    "min_us": 1.404304,
    "max_us": 127.890125
  },
  "latency_cold": {
    "count": 27696,
    "mean_us": 7.647551,
    "p50_us": 7.482320,
    "p99_us": 14.027364,
    "min_us": 1.583203,
    "max_us": 16.941338
  },
  "dispatch_cct_us": 127.890125,
  "combine_cct_us": 127.709772,
  "roundtrip_step_us": 256.399896,
  "e2e_step_us": 520.306146
}
