{
  "scenario": 4,
  "scheme": "ub_rg_pop",
  "mode": "roundtrip",
  "batch": 256,
  "zipf_s": 0.000000,
  "topk": 8,
  "ep_size": 512,
  "seed": 79,
  "start_skew_us": 4.000000,
  "tau_g_ns": 143.360000,
  "grain_bytes": 7168,
  "total_tokens": 2097152,
  "max_egress_load": 334,
  "konig_us": 95.191040,
  "rtt_us": 1.200000,
  "barrier_us": 1.600000,
  "cct_us": 111.975187,
  "step_us": 198.028312,
  "gemv_us": 84.453125,
  "e2e_us": 196.428312,
  "throughput_GBs": 75910.284524,
  "latency_all": {
    "count": 2097152,
    "mean_us": 24.636868,
    "p50_us": 12.827097,
    "p99_us": 45.228986,
    "min_us": 1.529644,
    "max_us": 59.393163
  },
  "latency_hot": {
    "count": 208814,
    "mean_us": 24.603528,
    "p50_us": 23.715082,
    "p99_us": 46.496437,
    "min_us": 1.757531,
    "max_us": 57.056291
  },
  "latency_cold": {
    "count": 1048786,
    "mean_us": 24.659090,
    "p50_us": 15.731437,
    "p99_us": 43.030817,
    "min_us": 1.622607,
    "max_us": 58.541591
  },
  "dispatch_cct_us": 59.393163,
  "combine_cct_us": 52.582024,
  "roundtrip_step_us": 113.575187,
  "e2e_step_us": 198.028312
}
