{
  "scenario": 4,
  "scheme": "packet_spray",
  "mode": "roundtrip",
  "batch": 64,
  "zipf_s": 0.300000,
  "topk": 8,
  "ep_size": 256,
  "seed": 55,
  "start_skew_us": 4.000000,
  "tau_g_ns": 143.360000,
  "grain_bytes": 7168,
  "total_tokens": 262144,
  "max_egress_load": 252,
  "konig_us": 68.382720,
  "rtt_us": 0.000000,
  "barrier_us": 6.000000,
  "cct_us": 96.616412,
  "step_us": 172.928912,
  "gemv_us": 70.312500,
  "e2e_us": 166.928912,
  "throughput_GBs": 10866.015249,
  "latency_all": {
    "count": 262144,
    "mean_us": 19.544349,
    "p50_us": 16.346935,
    "p99_us": 37.707575,
    "min_us": 0.258843,
    "max_us": 48.316215
  },
  "latency_hot": {
    "count": 48200,
    "mean_us": 19.818071,
    "p50_us": 19.500855,
    "p99_us": 38.137655,
    "min_us": 0.488470,
    "max_us": 48.300197
  },
  "latency_cold": {
    "count": 103060,
    "mean_us": 20.061021,
    "p50_us": 16.843981,
    "p99_us": 42.581815,
    "min_us": 0.486393,
    "max_us": 48.316215
  },
  "dispatch_cct_us": 48.300197,
  "combine_cct_us": 48.316215,
  "roundtrip_step_us": 102.616412,
  "e2e_step_us": 172.928912
}
