{
  "scenario": 1,
  "scheme": "packet_spray",
  "mode": "roundtrip",
  "batch": 512,
  "zipf_s": 0.900000,
  "topk": 8,
  "ep_size": 32,
  "seed": 58,
  "start_skew_us": 4.000000,
  "tau_g_ns": 143.360000,
  "grain_bytes": 7168,
  "total_tokens": 262144,
  "max_egress_load": 1897,
  "konig_us": 536.166400,
  "rtt_us": 0.000000,
  "barrier_us": 4.000000,
  "cct_us": 676.553311,
  "step_us": 1256.490811,
  "gemv_us": 575.937500,
  "e2e_us": 1252.490811,
  "throughput_GBs": 1495.473087,
  "latency_all": {
    "count": 262144,
    "mean_us": 150.554038,
    "p50_us": 120.850380,
    "p99_us": 299.656752,
    "min_us": 4.733999,
    "max_us": 342.091312
  },
  "latency_hot": {
    "count": 72724,
    "mean_us": 162.899258,
    "p50_us": 163.751472,
    "p99_us": 322.450992,
    "min_us": 4.733999,
    "max_us": 342.091312
  },
  "latency_cold": {
    "count": 66990,
    "mean_us": 146.375374,
    "p50_us": 110.057290,
    "p99_us": 323.996719,
    "min_us": 7.345712,
    "max_us": 334.461999
  },
  "dispatch_cct_us": 342.091312,
  "combine_cct_us": 334.461999,
  "roundtrip_step_us": 680.553311,
  "e2e_step_us": 1256.490811
}
