{
  "scenario": 4,
  "scheme": "ub_rg_pop",
  "mode": "roundtrip",
  "batch": 64,
  "zipf_s": 0.300000,
  "topk": 8,
  "ep_size": 128,
  "seed": 9,
  "start_skew_us": 4.000000,
  "tau_g_ns": 143.360000,
  "grain_bytes": 7168,
  "total_tokens": 131072,
  "max_egress_load": 205,
  "konig_us": 55.623680,
  "rtt_us": 1.200000,
  "barrier_us": 1.600000,
  "cct_us": 68.418927,
  "step_us": 127.167365,
  "gemv_us": 57.148438,
  "e2e_us": 125.567365,
  "throughput_GBs": 7388.091261,
  "latency_all": {
    "count": 131072,
    "mean_us": 9.550311,
    "p50_us": 9.009721,
    "p99_us": 22.974777,
    "min_us": 1.466260,
    "max_us": 34.351865
  },
  "latency_hot": {
    "count": 22506,
    "mean_us": 13.099111,
    "p50_us": 12.656481,
    "p99_us": 28.742928,
    "min_us": 1.825838,
    "max_us": 34.351865
  },
  "latency_cold": {
    "count": 52132,
    "mean_us": 8.165078,
    "p50_us": 8.079787,
    "p99_us": 14.108341,
    "min_us": 1.698685,
    "max_us": 17.632279
  },
  "dispatch_cct_us": 34.067063,
  "combine_cct_us": 34.351865,
  "roundtrip_step_us": 70.018927,
  "e2e_step_us": 127.167365
}
