{
  "scenario": 1,
  "scheme": "packet_spray",
  "mode": "roundtrip",
  "batch": 16,
  "zipf_s": 0.900000,
  "topk": 8,
  "ep_size": 64,
  "seed": 84,
  "start_skew_us": 4.000000,
  "tau_g_ns": 143.360000,
  "grain_bytes": 7168,
  "total_tokens": 16384,
  "max_egress_load": 130,
  "konig_us": 33.832960,
  "rtt_us": 0.000000,
  "barrier_us": 4.000000,
  "cct_us": 61.287497,
  "step_us": 98.217184,
  "gemv_us": 32.929688,
  "e2e_us": 94.217184,
  "throughput_GBs": 1195.722649,
  "latency_all": {
    "count": 16384,
    "mean_us": 17.625889,
    "p50_us": 17.725932,
    "p99_us": 29.338092,
    "min_us": 0.536720,
    "max_us": 34.929132
  },
  "latency_hot": {
    "count": 6028,
    "mean_us": 18.945658,
    "p50_us": 19.446252,
    "p99_us": 31.201772,
    "min_us": 1.683600,
    "max_us": 34.929132
  },
  "latency_cold": {
    "count": 3524,
    "mean_us": 16.472326,
    "p50_us": 16.552757,
    "p99_us": 25.354845,
    "min_us": 0.536720,
    "max_us": 26.358365
  },
  "dispatch_cct_us": 34.929132,
  "combine_cct_us": 26.358365,
  "roundtrip_step_us": 65.287497,
  "e2e_step_us": 98.217184
}
