{
  "scenario": 1,
  "scheme": "packet_spray",
  "mode": "roundtrip",
  "batch": 128,
  "zipf_s": 0.300000,
  "topk": 8,
  "ep_size": 32,
  "seed": 55,
  "start_skew_us": 4.000000,
  "tau_g_ns": 143.360000,
  "grain_bytes": 7168,
  "total_tokens": 65536,
  "max_egress_load": 258,
  "konig_us": 70.676480,
  "rtt_us": 0.000000,
  "barrier_us": 4.000000,
  "cct_us": 139.884124,
  "step_us": 217.087249,
  "gemv_us": 73.203125,
  "e2e_us": 213.087249,
  "throughput_GBs": 2163.932014,
  "latency_all": {
    "count": 65536,
    "mean_us": 42.152681,
    "p50_us": 41.592817,
    "p99_us": 64.960497,
    "min_us": 7.128364,
    "max_us": 70.479467
  },
  "latency_hot": {
    "count": 9846,
    "mean_us": 40.952159,
    "p50_us": 41.377387,
    "p99_us": 65.031787,
    "min_us": 17.149547,
    "max_us": 70.479467
  },
  "latency_cold": {
    "count": 27266,
    "mean_us": 43.747289,
    "p50_us": 42.022897,
    "p99_us": 66.250737,
    "min_us": 7.128364,
    "max_us": 69.404657
  },
  "dispatch_cct_us": 70.479467,
  "combine_cct_us": 69.404657,
  "roundtrip_step_us": 143.884124,
  "e2e_step_us": 217.087249
}
