{
  "scenario": 1,
  "scheme": "ub_rg_pop",
  "mode": "roundtrip",
  "batch": 256,
  "zipf_s": 0.700000,
  "topk": 8,
  "ep_size": 128,
  "seed": 91,
  "tau_g_ns": 143.360000,
  "grain_bytes": 7168,
  "total_tokens": 524288,
  "max_egress_load": 2221,
  "konig_us": 632.360960,
  "rtt_us": 0.900000,
  "barrier_us": 0.800000,
  "cct_us": 639.532507,
  "step_us": 640.332507,
  "throughput_GBs": 5868.976423,
  "latency_all": {
    "count": 524288,
    "mean_us": 41.973085,
    "p50_us": 17.136397,
    "p99_us": 87.799945,
    "min_us": 1.443526,
    "max_us": 319.782789
  },
  "latency_hot": {
    "count": 180440,
    "mean_us": 86.632680,
    "p50_us": 69.490039,
    "p99_us": 299.259905,
    "min_us": 1.448429,
    "max_us": 319.782789
  },
  "latency_cold": {
    "count": 129162,
    "mean_us": 11.482213,
    "p50_us": 11.227592,
    "p99_us": 24.003105,
    "min_us": 1.443526,
    "max_us": 29.172990
  },
  "dispatch_cct_us": 319.749718,
  "combine_cct_us": 319.782789,
  "roundtrip_step_us": 640.332507
}
