{
  "scenario": 1,
  "scheme": "islip",
  "mode": "roundtrip",
  "batch": 128,
  "zipf_s": 0.900000,
  "topk": 8,
  "ep_size": 128,
  "seed": 5,
  "start_skew_us": 4.000000,
  "tau_g_ns": 143.360000,
  "grain_bytes": 7168,
  "total_tokens": 262144,
  "max_egress_load": 1590,
  "konig_us": 448.430080,
  "rtt_us": 0.600000,
  "barrier_us": 0.800000,
  "cct_us": 487.922339,
  "step_us": 969.269214,
  "gemv_us": 480.546875,
  "e2e_us": 968.469214,
  "throughput_GBs": 1938.623621,
  "latency_all": {
    "count": 262144,
    "mean_us": 43.597093,
    "p50_us": 21.778745,
    "p99_us": 195.290450,
    "min_us": 1.156219,
    "max_us": 244.436361
  },
  "latency_hot": {
    "count": 115860,
    "mean_us": 72.277282,
    "p50_us": 57.488806,
    "p99_us": 223.752167,
    "min_us": 1.173088,
    "max_us": 244.436361
  },
  "latency_cold": {
    "count": 47584,
    "mean_us": 16.627056,
    "p50_us": 16.873860,
    "p99_us": 27.926472,
    "min_us": 1.156219,
    "max_us": 33.575531
  },
  "dispatch_cct_us": 244.436361,
  "combine_cct_us": 243.485977,
  "roundtrip_step_us": 488.722339,
  "e2e_step_us": 969.269214
}
