{
  "scenario": 4,
  "scheme": "ub_rg",
  "mode": "roundtrip",
  "batch": 64,
  "zipf_s": 0.300000,
  "topk": 8,
  "ep_size": 256,
  "seed": 96,
  "start_skew_us": 4.000000,
  "tau_g_ns": 143.360000,
  "grain_bytes": 7168,
  "total_tokens": 262144,
  "max_egress_load": 262,
  "konig_us": 70.533120,
  "rtt_us": 0.800000,
  "barrier_us": 1.600000,
  "cct_us": 107.471322,
  "step_us": 180.790072,
  "gemv_us": 71.718750,
  "e2e_us": 179.190072,
  "throughput_GBs": 10393.536384,
  "latency_all": {
    "count": 262144,
    "mean_us": 18.828964,
    "p50_us": 16.778398,
    "p99_us": 35.511094,
    "min_us": 1.026909,
    "max_us": 60.468909
  },
  "latency_hot": {
    "count": 48210,
    "mean_us": 22.597095,
    "p50_us": 22.299966,
    "p99_us": 42.227170,
    "min_us": 1.422107,
    "max_us": 60.468909
  },
  "latency_cold": {
    "count": 102768,
    "mean_us": 17.354521,
    "p50_us": 17.340970,
    "p99_us": 29.179506,
    "min_us": 1.026909,
    "max_us": 38.818116
  },
  "dispatch_cct_us": 60.468909,
  "combine_cct_us": 47.002413,
  "roundtrip_step_us": 109.071322,
  "e2e_step_us": 180.790072
}
