{
  "scenario": 1,
  "scheme": "islip",
  "mode": "roundtrip",
  "batch": 16,
  "zipf_s": 0.300000,
  "topk": 8,
  "ep_size": 64,
  "seed": 28,
  "start_skew_us": 4.000000,
  "tau_g_ns": 143.360000,
  "grain_bytes": 7168,
  "total_tokens": 16384,
  "max_egress_load": 45,
  "konig_us": 12.185600,
  "rtt_us": 0.600000,
  "barrier_us": 0.800000,
  "cct_us": 48.509438,
  "step_us": 61.614125,
  "gemv_us": 12.304688,
  "e2e_us": 60.814125,
  "throughput_GBs": 1906.064752,
  "latency_all": {
    "count": 16384,
    "mean_us": 11.756932,
    "p50_us": 11.698074,
    "p99_us": 21.819658,
    "min_us": 1.168958,
    "max_us": 25.181224
  },
  "latency_hot": {
    "count": 2648,
    "mean_us": 12.854368,
    "p50_us": 12.614858,
    "p99_us": 24.321233,
    "min_us": 1.479463,
    "max_us": 25.181224
  },
  "latency_cold": {
    "count": 6636,
    "mean_us": 11.516882,
    "p50_us": 11.428983,
    "p99_us": 19.452570,
    "min_us": 1.172172,
    "max_us": 21.724985
  },
  "dispatch_cct_us": 23.328214,
  "combine_cct_us": 25.181224,
  "roundtrip_step_us": 49.309438,
  "e2e_step_us": 61.614125
}
