{
  "scenario": 1,
  "scheme": "packet_spray",
  "mode": "roundtrip",
  "batch": 16,
  "zipf_s": 0.000000,
  "topk": 8,
  "ep_size": 64,
  "seed": 71,
  "start_skew_us": 4.000000,
  "tau_g_ns": 143.360000,
  "grain_bytes": 7168,
  "total_tokens": 16384,
  "max_egress_load": 30,
  "konig_us": 8.028160,
  "rtt_us": 0.000000,
  "barrier_us": 4.000000,
  "cct_us": 19.865672,
  "step_us": 29.881297,
  "gemv_us": 6.015625,
  "e2e_us": 25.881297,
  "throughput_GBs": 3930.234813,
  "latency_all": {
    "count": 16384,
    "mean_us": 6.220213,
    "p50_us": 6.301647,
    "p99_us": 8.789788,
    "min_us": 0.709539,
    "max_us": 9.984287
  },
  "latency_hot": {
    "count": 1628,
    "mean_us": 5.616302,
    "p50_us": 5.789160,
    "p99_us": 8.734505,
    "min_us": 0.709539,
    "max_us": 9.451305
  },
  "latency_cold": {
    "count": 8132,
    "mean_us": 6.517899,
    "p50_us": 6.584105,
    "p99_us": 8.933148,
    "min_us": 0.847165,
    "max_us": 9.984287
  },
  "dispatch_cct_us": 9.881385,
  "combine_cct_us": 9.984287,
  "roundtrip_step_us": 23.865672,
  "e2e_step_us": 29.881297
}
