{
  "scenario": 4,
  "scheme": "ub_rg_pop",
  "mode": "roundtrip",
  "batch": 512,
  "zipf_s": 0.700000,
  "topk": 8,
  "ep_size": 128,
  "seed": 71,
  "start_skew_us": 4.000000,
  "tau_g_ns": 143.360000,
  "grain_bytes": 7168,
  "total_tokens": 1048576,
  "max_egress_load": 4686,
  "konig_us": 1303.142400,
  "rtt_us": 1.200000,
  "barrier_us": 1.600000,
  "cct_us": 1352.366864,
  "step_us": 2730.216864,
  "gemv_us": 1376.250000,
  "e2e_us": 2728.616864,
  "throughput_GBs": 2752.965476,
  "latency_all": {
    "count": 1048576,
    "mean_us": 84.555656,
    "p50_us": 20.645908,
    "p99_us": 281.099315,
    "min_us": 1.616654,
    "max_us": 676.893863
  },
  "latency_hot": {
    "count": 362144,
    "mean_us": 174.900585,
    "p50_us": 126.044565,
    "p99_us": 599.722176,
    "min_us": 1.924840,
    "max_us": 676.893863
  },
  "latency_cold": {
    "count": 257398,
    "mean_us": 22.876876,
    "p50_us": 18.309653,
    "p99_us": 46.867230,
    "min_us": 1.674608,
    "max_us": 68.593247
  },
  "dispatch_cct_us": 676.893863,
  "combine_cct_us": 675.473001,
  "roundtrip_step_us": 1353.966864,
  "e2e_step_us": 2730.216864
}
