{
  "scenario": 1,
  "scheme": "islip",
  "mode": "roundtrip",
  "batch": 16,
  "zipf_s": 0.000000,
  "topk": 8,
  "ep_size": 128,
  "seed": 77,
  "start_skew_us": 4.000000,
  "tau_g_ns": 143.360000,
  "grain_bytes": 7168,
  "total_tokens": 32768,
  "max_egress_load": 29,
  "konig_us": 8.171520,
  "rtt_us": 0.600000,
  "barrier_us": 0.800000,
  "cct_us": 50.489213,
  "step_us": 57.109525,
  "gemv_us": 5.820312,
  "e2e_us": 56.309525,
  "throughput_GBs": 4112.816946,
  "latency_all": {
    "count": 32768,
    "mean_us": 12.842957,
    "p50_us": 12.746959,
    "p99_us": 22.806722,
    "min_us": 1.143413,
    "max_us": 26.180943
  },
  "latency_hot": {
    "count": 2970,
    "mean_us": 12.140439,
    "p50_us": 12.244790,
    "p99_us": 19.289064,
    "min_us": 1.350281,
    "max_us": 23.018929
  },
  "latency_cold": {
    "count": 16646,
    "mean_us": 12.765872,
    "p50_us": 12.679986,
    "p99_us": 22.072914,
    "min_us": 1.143413,
    "max_us": 24.630303
  },
  "dispatch_cct_us": 24.308270,
  "combine_cct_us": 26.180943,
  "roundtrip_step_us": 51.289213,
  "e2e_step_us": 57.109525
}
