{
  "scenario": 4,
  "scheme": "ub_rg_pop",
  "mode": "roundtrip",
  "batch": 512,
  "zipf_s": 0.700000,
  "topk": 8,
  "ep_size": 128,
  "seed": 39,
  "start_skew_us": 4.000000,
  "tau_g_ns": 143.360000,
  "grain_bytes": 7168,
  "total_tokens": 1048576,
  "max_egress_load": 4728,
  "konig_us": 1306.439680,
  "rtt_us": 1.200000,
  "barrier_us": 1.600000,
  "cct_us": 1387.422807,
  "step_us": 2759.335307,
  "gemv_us": 1370.312500,
  "e2e_us": 2757.735307,
  "throughput_GBs": 2723.914251,
  "latency_all": {
    "count": 1048576,
    "mean_us": 92.632200,
    "p50_us": 29.912654,
    "p99_us": 288.733987,
    "min_us": 1.461985,
    "max_us": 694.556362
  },
  "latency_hot": {
    "count": 360940,
    "mean_us": 182.445102,
    "p50_us": 134.316813,
    "p99_us": 606.061654,
    "min_us": 2.741671,
    "max_us": 694.556362
  },
  "latency_cold": {
    "count": 258378,
    "mean_us": 31.663490,
    "p50_us": 27.001443,
    "p99_us": 58.233738,
    "min_us": 1.810539,
    "max_us": 78.345349
  },
  "dispatch_cct_us": 694.556362,
  "combine_cct_us": 692.866445,
  "roundtrip_step_us": 1389.022807,
  "e2e_step_us": 2759.335307
}
