{
  "scenario": 4,
  "scheme": "packet_spray",
  "mode": "roundtrip",
  "batch": 128,
  "zipf_s": 0.000000,
  "topk": 8,
  "ep_size": 256,
  "seed": 95,
  "start_skew_us": 4.000000,
  "tau_g_ns": 143.360000,
  "grain_bytes": 7168,
  "total_tokens": 524288,
  "max_egress_load": 178,
  "konig_us": 49.459200,
  "rtt_us": 0.000000,
  "barrier_us": 6.000000,
  "cct_us": 121.448521,
  "step_us": 170.612583,
  "gemv_us": 43.164062,
  "e2e_us": 164.612583,
  "throughput_GBs": 22027.076274,
  "latency_all": {
    "count": 524288,
    "mean_us": 39.506674,
    "p50_us": 39.478056,
    "p99_us": 50.516776,
    "min_us": 0.193360,
    "max_us": 61.226517
  },
  "latency_hot": {
    "count": 50636,
    "mean_us": 33.654103,
    "p50_us": 34.279184,
    "p99_us": 52.767284,
    "min_us": 0.193360,
    "max_us": 59.505204
  },
  "latency_cold": {
    "count": 262702,
    "mean_us": 42.050472,
    "p50_us": 41.332970,
    "p99_us": 53.375210,
    "min_us": 1.131848,
    "max_us": 61.226517
  },
  "dispatch_cct_us": 60.222004,
  "combine_cct_us": 61.226517,
  "roundtrip_step_us": 127.448521,
  "e2e_step_us": 170.612583
}
