{
  "scenario": 1,
  "scheme": "packet_spray",
  "mode": "roundtrip",
  "batch": 128,
  "zipf_s": 0.900000,
  "topk": 8,
  "ep_size": 64,
  "seed": 62,
  "start_skew_us": 4.000000,
  "tau_g_ns": 143.360000,
  "grain_bytes": 7168,
  "total_tokens": 131072,
  "max_egress_load": 892,
  "konig_us": 248.586240,
  "rtt_us": 0.000000,
  "barrier_us": 4.000000,
  "cct_us": 307.070523,
  "step_us": 574.078336,
  "gemv_us": 263.007812,
  "e2e_us": 570.078336,
  "throughput_GBs": 1636.578211,
  "latency_all": {
    "count": 131072,
    "mean_us": 65.979534,
    "p50_us": 54.575147,
    "p99_us": 143.398416,
    "min_us": 7.374556,
    "max_us": 155.500587
  },
  "latency_hot": {
    "count": 48038,
    "mean_us": 72.741336,
    "p50_us": 68.851216,
    "p99_us": 139.240976,
    "min_us": 10.745430,
    "max_us": 155.500587
  },
  "latency_cold": {
    "count": 27712,
    "mean_us": 61.279140,
    "p50_us": 38.983644,
    "p99_us": 147.555856,
    "min_us": 7.374556,
    "max_us": 151.569936
  },
  "dispatch_cct_us": 155.500587,
  "combine_cct_us": 151.569936,
  "roundtrip_step_us": 311.070523,
  "e2e_step_us": 574.078336
}
