{
  "scenario": 4,
  "scheme": "ub_rg_pop",
  "mode": "roundtrip",
  "batch": 256,
  "zipf_s": 0.900000,
  "topk": 8,
  "ep_size": 512,
  "seed": 82,
  "start_skew_us": 4.000000,
  "tau_g_ns": 143.360000,
  "grain_bytes": 7168,
  "total_tokens": 2097152,
  "max_egress_load": 11329,
  "konig_us": 3073.208320,
  "rtt_us": 1.200000,
  "barrier_us": 1.600000,
  "cct_us": 3268.142981,
  "step_us": 6428.375793,
  "gemv_us": 3158.632812,
  "e2e_us": 6426.775793,
  "throughput_GBs": 2338.442247,
  "latency_all": {
    "count": 2097152,
    "mean_us": 157.502542,
    "p50_us": 18.673852,
    "p99_us": 903.706563,
    "min_us": 1.771172,
    "max_us": 1635.262246
  },
  "latency_hot": {
    "count": 1163156,
    "mean_us": 262.461266,
    "p50_us": 55.205397,
    "p99_us": 903.883208,
    "min_us": 2.589583,
    "max_us": 1635.262246
  },
  "latency_cold": {
    "count": 306406,
    "mean_us": 19.090843,
    "p50_us": 16.811073,
    "p99_us": 31.418625,
    "min_us": 1.830281,
    "max_us": 53.574346
  },
  "dispatch_cct_us": 1635.262246,
  "combine_cct_us": 1632.880735,
  "roundtrip_step_us": 3269.742981,
  "e2e_step_us": 6428.375793
}
