{
  "scenario": 4,
  "scheme": "packet_spray",
  "mode": "roundtrip",
  "batch": 512,
  "zipf_s": 0.700000,
  "topk": 8,
  "ep_size": 512,
  "seed": 27,
  "start_skew_us": 4.000000,
  "tau_g_ns": 143.360000,
  "grain_bytes": 7168,
  "total_tokens": 4194304,
  "max_egress_load": 13000,
  "konig_us": 3549.880320,
  "rtt_us": 0.000000,
  "barrier_us": 6.000000,
  "cct_us": 3711.067964,
  "step_us": 7392.419526,
  "gemv_us": 3675.351562,
  "e2e_us": 7386.419526,
  "throughput_GBs": 4066.973061,
  "latency_all": {
    "count": 4194304,
    "mean_us": 544.092409,
    "p50_us": 103.882048,
    "p99_us": 1151.567695,
    "min_us": 0.336720,
    "max_us": 1956.656327
  },
  "latency_hot": {
    "count": 1740442,
    "mean_us": 605.449895,
    "p50_us": 131.863156,
    "p99_us": 1144.256335,
    "min_us": 0.336720,
    "max_us": 1915.942087
  },
  "latency_cold": {
    "count": 924444,
    "mean_us": 500.824006,
    "p50_us": 90.099013,
    "p99_us": 118.490207,
    "min_us": 2.057040,
    "max_us": 1956.656327
  },
  "dispatch_cct_us": 1754.411636,
  "combine_cct_us": 1956.656327,
  "roundtrip_step_us": 3717.067964,
  "e2e_step_us": 7392.419526
}
