{
  "scenario": 4,
  "scheme": "ub_rg_pop",
  "mode": "roundtrip",
  "batch": 512,
  "zipf_s": 0.900000,
  "topk": 8,
  "ep_size": 256,
  "seed": 43,
  "start_skew_us": 4.000000,
  "tau_g_ns": 143.360000,
  "grain_bytes": 7168,
  "total_tokens": 2097152,
  "max_egress_load": 12123,
  "konig_us": 3331.829760,
  "rtt_us": 1.200000,
  "barrier_us": 1.600000,
  "cct_us": 3511.818340,
  "step_us": 6987.793340,
  "gemv_us": 3474.375000,
  "e2e_us": 6986.193340,
  "throughput_GBs": 2151.234990,
  "latency_all": {
    "count": 2097152,
    "mean_us": 199.884183,
    "p50_us": 26.478069,
    "p99_us": 1045.228868,
    "min_us": 1.453466,
    "max_us": 1757.268414
  },
  "latency_hot": {
    "count": 1063954,
    "mean_us": 352.363693,
    "p50_us": 98.321394,
    "p99_us": 1045.205137,
    "min_us": 5.471331,
    "max_us": 1757.268414
  },
  "latency_cold": {
    "count": 336276,
    "mean_us": 26.851998,
    "p50_us": 26.554219,
    "p99_us": 48.630045,
    "min_us": 1.453466,
    "max_us": 64.532031
  },
  "dispatch_cct_us": 1754.549926,
  "combine_cct_us": 1757.268414,
  "roundtrip_step_us": 3513.418340,
  "e2e_step_us": 6987.793340
}
