{
  "scenario": 4,
  "scheme": "ub_rg_pop",
  "mode": "roundtrip",
  "batch": 64,
  "zipf_s": 0.000000,
  "topk": 8,
  "ep_size": 512,
  "seed": 56,
  "start_skew_us": 4.000000,
  "tau_g_ns": 143.360000,
  "grain_bytes": 7168,
  "total_tokens": 524288,
  "max_egress_load": 99,
  "konig_us": 27.811840,
  "rtt_us": 1.200000,
  "barrier_us": 1.600000,
  "cct_us": 80.659144,
  "step_us": 105.110707,
  "gemv_us": 22.851562,
  "e2e_us": 103.510707,
  "throughput_GBs": 35753.697307,
  "latency_all": {
    "count": 524288,
    "mean_us": 21.715907,
    "p50_us": 22.932808,
    "p99_us": 30.118067,
    "min_us": 1.747326,
    "max_us": 43.466323
  },
  "latency_hot": {
    "count": 52220,
    "mean_us": 21.778846,
    "p50_us": 21.726986,
    "p99_us": 34.186023,
    "min_us": 1.933440,
    "max_us": 41.573219
  },
  "latency_cold": {
    "count": 261526,
    "mean_us": 21.646692,
    "p50_us": 20.604678,
    "p99_us": 34.689793,
    "min_us": 1.747326,
    "max_us": 43.466323
  },
  "dispatch_cct_us": 43.466323,
  "combine_cct_us": 37.192821,
  "roundtrip_step_us": 82.259144,
  "e2e_step_us": 105.110707
}
