{
  "scenario": 1,
  "scheme": "islip",
  "mode": "roundtrip",
  "batch": 128,
  "zipf_s": 0.900000,
  "topk": 8,
  "ep_size": 64,
  "seed": 28,
  "start_skew_us": 4.000000,
  "tau_g_ns": 143.360000,
  "grain_bytes": 7168,
  "total_tokens": 131072,
  "max_egress_load": 875,
  "konig_us": 247.582720,
  "rtt_us": 0.600000,
  "barrier_us": 0.800000,
  "cct_us": 255.431434,
  "step_us": 522.403309,
  "gemv_us": 266.171875,
  "e2e_us": 521.603309,
  "throughput_GBs": 1798.465055,
  "latency_all": {
    "count": 131072,
    "mean_us": 23.678635,
    "p50_us": 13.924205,
    "p99_us": 112.579130,
    "min_us": 1.262566,
    "max_us": 128.711248
  },
  "latency_hot": {
    "count": 48202,
    "mean_us": 43.784246,
    "p50_us": 38.822238,
    "p99_us": 120.107726,
    "min_us": 1.271855,
    "max_us": 128.711248
  },
  "latency_cold": {
    "count": 27630,
    "mean_us": 7.264290,
    "p50_us": 7.078715,
    "p99_us": 13.993031,
    "min_us": 1.262566,
    "max_us": 16.921355
  },
  "dispatch_cct_us": 128.711248,
  "combine_cct_us": 126.720186,
  "roundtrip_step_us": 256.231434,
  "e2e_step_us": 522.403309
}
