{
  "scenario": 4,
  "scheme": "ub_rg_pop",
  "mode": "roundtrip",
  "batch": 16,
  "zipf_s": 0.300000,
  "topk": 8,
  "ep_size": 512,
  "seed": 76,
  "start_skew_us": 4.000000,
  "tau_g_ns": 143.360000,
  "grain_bytes": 7168,
  "total_tokens": 131072,
  "max_egress_load": 83,
  "konig_us": 22.364160,
  "rtt_us": 1.200000,
  "barrier_us": 1.600000,
  "cct_us": 33.965797,
  "step_us": 58.222047,
  "gemv_us": 22.656250,
  "e2e_us": 56.622047,
  "throughput_GBs": 16136.912709,
  "latency_all": {
    "count": 131072,
    "mean_us": 5.497498,
    "p50_us": 5.412511,
    "p99_us": 10.422537,
    "min_us": 1.468844,
    "max_us": 17.154703
  },
  "latency_hot": {
    "count": 25416,
    "mean_us": 6.754152,
    "p50_us": 6.628238,
    "p99_us": 13.126465,
    "min_us": 1.803309,
    "max_us": 17.154703
  },
  "latency_cold": {
    "count": 50758,
    "mean_us": 4.998322,
    "p50_us": 5.015195,
    "p99_us": 7.920800,
    "min_us": 1.480783,
    "max_us": 9.510189
  },
  "dispatch_cct_us": 17.154703,
  "combine_cct_us": 16.811094,
  "roundtrip_step_us": 35.565797,
  "e2e_step_us": 58.222047
}
