{
  "scenario": 1,
  "scheme": "islip",
  "mode": "roundtrip",
  "batch": 64,
  "zipf_s": 0.300000,
  "topk": 8,
  "ep_size": 128,
  "seed": 64,
  "start_skew_us": 4.000000,
  "tau_g_ns": 143.360000,
  "grain_bytes": 7168,
  "total_tokens": 131072,
  "max_egress_load": 206,
  "konig_us": 57.774080,
  "rtt_us": 0.600000,
  "barrier_us": 0.800000,
  "cct_us": 65.303464,
  "step_us": 127.470652,
  "gemv_us": 61.367188,
  "e2e_us": 126.670652,
  "throughput_GBs": 7370.512990,
  "latency_all": {
    "count": 131072,
    "mean_us": 8.554469,
    "p50_us": 7.881799,
    "p99_us": 22.839323,
    "min_us": 1.174123,
    "max_us": 34.253047
  },
  "latency_hot": {
    "count": 23312,
    "mean_us": 12.475664,
    "p50_us": 11.989357,
    "p99_us": 28.438881,
    "min_us": 1.250313,
    "max_us": 34.253047
  },
  "latency_cold": {
    "count": 51372,
    "mean_us": 6.969513,
    "p50_us": 6.851575,
    "p99_us": 12.825306,
    "min_us": 1.174123,
    "max_us": 15.420165
  },
  "dispatch_cct_us": 34.253047,
  "combine_cct_us": 31.050417,
  "roundtrip_step_us": 66.103464,
  "e2e_step_us": 127.470652
}
