{
  "scenario": 3,
  "scheme": "packet_spray",
  "mode": "roundtrip",
  "batch": 64,
  "zipf_s": 0.000000,
  "topk": 8,
  "ep_size": 256,
  "seed": 66,
  "tau_g_ns": 143.360000,
  "grain_bytes": 7168,
  "total_tokens": 262144,
  "max_egress_load": 92,
  "konig_us": 26.091520,
  "rtt_us": 0.000000,
  "barrier_us": 8.000000,
  "cct_us": 45.198240,
  "step_us": 53.198240,
  "throughput_GBs": 35321.623272,
  "latency_all": {
    "count": 262144,
    "mean_us": 13.167128,
    "p50_us": 12.778960,
    "p99_us": 20.663760,
    "min_us": 0.880080,
    "max_us": 22.670800
  },
  "latency_hot": {
    "count": 25882,
    "mean_us": 10.659706,
    "p50_us": 10.485200,
    "p99_us": 20.520400,
    "min_us": 0.880080,
    "max_us": 22.384080
  },
  "latency_cold": {
    "count": 131278,
    "mean_us": 14.455366,
    "p50_us": 14.499280,
    "p99_us": 20.520400,
    "min_us": 0.880080,
    "max_us": 22.670800
  },
  "dispatch_cct_us": 22.670800,
  "combine_cct_us": 22.527440,
  "roundtrip_step_us": 53.198240
}
