{
  "scenario": 1,
  "scheme": "packet_spray",
  "mode": "roundtrip",
  "batch": 128,
  "zipf_s": 0.000000,
  "topk": 8,
  "ep_size": 128,
  "seed": 81,
  "start_skew_us": 4.000000,
  "tau_g_ns": 143.360000,
  "grain_bytes": 7168,
  "total_tokens": 262144,
  "max_egress_load": 169,
  "konig_us": 44.298240,
  "rtt_us": 0.000000,
  "barrier_us": 4.000000,
  "cct_us": 117.917785,
  "step_us": 165.199035,
  "gemv_us": 43.281250,
  "e2e_us": 161.199035,
  "throughput_GBs": 11374.450167,
  "latency_all": {
    "count": 262144,
    "mean_us": 38.330486,
    "p50_us": 39.424692,
    "p99_us": 61.216314,
    "min_us": 6.713652,
    "max_us": 66.520634
  },
  "latency_hot": {
    "count": 24574,
    "mean_us": 33.441774,
    "p50_us": 31.613471,
    "p99_us": 58.922554,
    "min_us": 7.000372,
    "max_us": 63.653434
  },
  "latency_cold": {
    "count": 130788,
    "mean_us": 40.601045,
    "p50_us": 40.389307,
    "p99_us": 60.499514,
    "min_us": 6.713652,
    "max_us": 66.233914
  },
  "dispatch_cct_us": 66.520634,
  "combine_cct_us": 51.397151,
  "roundtrip_step_us": 121.917785,
  "e2e_step_us": 165.199035
}
