{
  "scenario": 1,
  "scheme": "ub_rg",
  "mode": "roundtrip",
  "batch": 16,
  "zipf_s": 0.700000,
  "topk": 8,
  "ep_size": 32,
  "seed": 81,
  "tau_g_ns": 143.360000,
  "grain_bytes": 7168,
  "total_tokens": 8192,
  "max_egress_load": 54,
  "konig_us": 14.766080,
  "rtt_us": 0.600000,
  "barrier_us": 0.800000,
  "cct_us": 17.741528,
  "step_us": 18.541528,
  "throughput_GBs": 3166.958905,
  "latency_all": {
    "count": 8192,
    "mean_us": 2.924122,
    "p50_us": 2.525719,
    "p99_us": 7.548624,
    "min_us": 1.143596,
    "max_us": 8.924698
  },
  "latency_hot": {
    "count": 1936,
    "mean_us": 4.286074,
    "p50_us": 4.208106,
    "p99_us": 8.285017,
    "min_us": 1.176369,
    "max_us": 8.924698
  },
  "latency_cold": {
    "count": 2554,
    "mean_us": 2.101925,
    "p50_us": 2.040020,
    "p99_us": 3.467159,
    "min_us": 1.143596,
    "max_us": 4.221135
  },
  "dispatch_cct_us": 8.816830,
  "combine_cct_us": 8.924698,
  "roundtrip_step_us": 18.541528
}
