{
  "scenario": 4,
  "scheme": "ub_rg_pop",
  "mode": "roundtrip",
  "batch": 64,
  "zipf_s": 0.700000,
  "topk": 8,
  "ep_size": 512,
  "seed": 4,
  "start_skew_us": 4.000000,
  "tau_g_ns": 143.360000,
  "grain_bytes": 7168,
  "total_tokens": 524288,
  "max_egress_load": 1676,
  "konig_us": 451.153920,
  "rtt_us": 1.200000,
  "barrier_us": 1.600000,
  "cct_us": 507.631960,
  "step_us": 968.646022,
  "gemv_us": 459.414062,
  "e2e_us": 967.046022,
  "throughput_GBs": 3879.741719,
  "latency_all": {
    "count": 524288,
    "mean_us": 32.270941,
    "p50_us": 23.001179,
    "p99_us": 51.546421,
    "min_us": 1.766832,
    "max_us": 263.988306
  },
  "latency_hot": {
    "count": 217138,
    "mean_us": 50.308948,
    "p50_us": 35.001501,
    "p99_us": 201.768597,
    "min_us": 3.484098,
    "max_us": 263.988306
  },
  "latency_cold": {
    "count": 116352,
    "mean_us": 17.621827,
    "p50_us": 17.526705,
    "p99_us": 29.350393,
    "min_us": 1.766832,
    "max_us": 39.292566
  },
  "dispatch_cct_us": 263.988306,
  "combine_cct_us": 243.643654,
  "roundtrip_step_us": 509.231960,
  "e2e_step_us": 968.646022
}
