{
  "scenario": 4,
  "scheme": "ub_rg_pop",
  "mode": "roundtrip",
  "batch": 64,
  "zipf_s": 0.300000,
  "topk": 8,
  "ep_size": 256,
  "seed": 16,
  "start_skew_us": 4.000000,
  "tau_g_ns": 143.360000,
  "grain_bytes": 7168,
  "total_tokens": 262144,
  "max_egress_load": 254,
  "konig_us": 68.812800,
  "rtt_us": 1.200000,
  "barrier_us": 1.600000,
  "cct_us": 111.072491,
  "step_us": 183.258429,
  "gemv_us": 70.585938,
  "e2e_us": 181.658429,
  "throughput_GBs": 10253.543059,
  "latency_all": {
    "count": 262144,
    "mean_us": 20.606200,
    "p50_us": 18.534501,
    "p99_us": 35.886732,
    "min_us": 1.544738,
    "max_us": 55.542191
  },
  "latency_hot": {
    "count": 48658,
    "mean_us": 24.625811,
    "p50_us": 24.004946,
    "p99_us": 45.749480,
    "min_us": 5.767114,
    "max_us": 55.542191
  },
  "latency_cold": {
    "count": 102442,
    "mean_us": 18.912652,
    "p50_us": 18.888309,
    "p99_us": 30.508873,
    "min_us": 1.850086,
    "max_us": 37.387968
  },
  "dispatch_cct_us": 55.542191,
  "combine_cct_us": 55.530301,
  "roundtrip_step_us": 112.672491,
  "e2e_step_us": 183.258429
}
