{
  "scenario": 1,
  "scheme": "ub_rg",
  "mode": "roundtrip",
  "batch": 16,
  "zipf_s": 0.900000,
  "topk": 8,
  "ep_size": 64,
  "seed": 58,
  "tau_g_ns": 143.360000,
  "grain_bytes": 7168,
  "total_tokens": 16384,
  "max_egress_load": 109,
  "konig_us": 30.822400,
  "rtt_us": 0.600000,
  "barrier_us": 0.800000,
  "cct_us": 33.333013,
  "step_us": 34.133013,
  "throughput_GBs": 3440.672272,
  "latency_all": {
    "count": 16384,
    "mean_us": 4.009728,
    "p50_us": 2.885461,
    "p99_us": 14.778401,
    "min_us": 1.145009,
    "max_us": 16.703123
  },
  "latency_hot": {
    "count": 5976,
    "mean_us": 6.490250,
    "p50_us": 5.944834,
    "p99_us": 15.773686,
    "min_us": 1.158770,
    "max_us": 16.703123
  },
  "latency_cold": {
    "count": 3440,
    "mean_us": 1.901203,
    "p50_us": 1.837646,
    "p99_us": 3.098718,
    "min_us": 1.145852,
    "max_us": 3.707146
  },
  "dispatch_cct_us": 16.703123,
  "combine_cct_us": 16.629890,
  "roundtrip_step_us": 34.133013
}
