{
  "scenario": 4,
  "scheme": "packet_spray",
  "mode": "roundtrip",
  "batch": 16,
  "zipf_s": 0.300000,
  "topk": 8,
  "ep_size": 512,
  "seed": 23,
  "start_skew_us": 4.000000,
  "tau_g_ns": 143.360000,
  "grain_bytes": 7168,
  "total_tokens": 131072,
  "max_egress_load": 85,
  "konig_us": 22.507520,
  "rtt_us": 0.000000,
  "barrier_us": 6.000000,
  "cct_us": 33.525532,
  "step_us": 61.791157,
  "gemv_us": 22.265625,
  "e2e_us": 55.791157,
  "throughput_GBs": 15204.830949,
  "latency_all": {
    "count": 131072,
    "mean_us": 6.680922,
    "p50_us": 6.442418,
    "p99_us": 12.750258,
    "min_us": 0.257632,
    "max_us": 17.334634
  },
  "latency_hot": {
    "count": 25264,
    "mean_us": 6.848959,
    "p50_us": 6.745734,
    "p99_us": 12.893618,
    "min_us": 0.339993,
    "max_us": 17.334634
  },
  "latency_cold": {
    "count": 51102,
    "mean_us": 6.789238,
    "p50_us": 6.456863,
    "p99_us": 13.180338,
    "min_us": 0.257632,
    "max_us": 16.190898
  },
  "dispatch_cct_us": 17.334634,
  "combine_cct_us": 16.190898,
  "roundtrip_step_us": 39.525532,
  "e2e_step_us": 61.791157
}
