{
  "scenario": 4,
  "scheme": "ub_rg",
  "mode": "roundtrip",
  "batch": 512,
  "zipf_s": 0.900000,
  "topk": 8,
  "ep_size": 128,
  "seed": 74,
  "start_skew_us": 4.000000,
  "tau_g_ns": 143.360000,
  "grain_bytes": 7168,
  "total_tokens": 1048576,
  "max_egress_load": 6515,
  "konig_us": 1813.073920,
  "rtt_us": 0.800000,
  "barrier_us": 1.600000,
  "cct_us": 1896.892783,
  "step_us": 3814.469346,
  "gemv_us": 1915.976562,
  "e2e_us": 3812.869346,
  "throughput_GBs": 1970.442567,
  "latency_all": {
    "count": 1048576,
    "mean_us": 133.557406,
    "p50_us": 28.570828,
    "p99_us": 465.340547,
    "min_us": 1.064436,
    "max_us": 951.560362
  },
  "latency_hot": {
    "count": 463640,
    "mean_us": 246.697973,
    "p50_us": 164.421171,
    "p99_us": 478.383557,
    "min_us": 2.141669,
    "max_us": 951.560362
  },
  "latency_cold": {
    "count": 190436,
    "mean_us": 25.802593,
    "p50_us": 25.268936,
    "p99_us": 47.805132,
    "min_us": 1.282132,
    "max_us": 69.448849
  },
  "dispatch_cct_us": 951.560362,
  "combine_cct_us": 945.332422,
  "roundtrip_step_us": 1898.492783,
  "e2e_step_us": 3814.469346
}
