{
  "scenario": 4,
  "scheme": "packet_spray",
  "mode": "roundtrip",
  "batch": 256,
  "zipf_s": 0.700000,
  "topk": 8,
  "ep_size": 256,
  "seed": 92,
  "start_skew_us": 4.000000,
  "tau_g_ns": 143.360000,
  "grain_bytes": 7168,
  "total_tokens": 1048576,
  "max_egress_load": 3945,
  "konig_us": 1081.507840,
  "rtt_us": 0.000000,
  "barrier_us": 6.000000,
  "cct_us": 1167.442710,
  "step_us": 2298.013023,
  "gemv_us": 1124.570312,
  "e2e_us": 2292.013023,
  "throughput_GBs": 3270.735498,
  "latency_all": {
    "count": 1048576,
    "mean_us": 179.849695,
    "p50_us": 46.123583,
    "p99_us": 226.117798,
    "min_us": 0.196827,
    "max_us": 612.099323
  },
  "latency_hot": {
    "count": 404846,
    "mean_us": 202.671612,
    "p50_us": 106.522159,
    "p99_us": 499.792038,
    "min_us": 0.221629,
    "max_us": 589.161723
  },
  "latency_cold": {
    "count": 242154,
    "mean_us": 165.596370,
    "p50_us": 50.501585,
    "p99_us": 535.975163,
    "min_us": 0.524643,
    "max_us": 612.099323
  },
  "dispatch_cct_us": 555.343387,
  "combine_cct_us": 612.099323,
  "roundtrip_step_us": 1173.442710,
  "e2e_step_us": 2298.013023
}
