{
  "scenario": 4,
  "scheme": "ub_rg_pop",
  "mode": "roundtrip",
  "batch": 128,
  "zipf_s": 0.000000,
  "topk": 8,
  "ep_size": 512,
  "seed": 96,
  "start_skew_us": 4.000000,
  "tau_g_ns": 143.360000,
  "grain_bytes": 7168,
  "total_tokens": 1048576,
  "max_egress_load": 181,
  "konig_us": 51.466240,
  "rtt_us": 1.200000,
  "barrier_us": 1.600000,
  "cct_us": 102.513811,
  "step_us": 147.668499,
  "gemv_us": 43.554688,
  "e2e_us": 146.068499,
  "throughput_GBs": 50899.093711,
  "latency_all": {
    "count": 1048576,
    "mean_us": 24.678594,
    "p50_us": 20.927831,
    "p99_us": 37.530325,
    "min_us": 1.479034,
    "max_us": 52.289230
  },
  "latency_hot": {
    "count": 104464,
    "mean_us": 24.608610,
    "p50_us": 24.558122,
    "p99_us": 41.312958,
    "min_us": 2.686353,
    "max_us": 50.224582
  },
  "latency_cold": {
    "count": 525372,
    "mean_us": 24.658892,
    "p50_us": 24.730618,
    "p99_us": 35.254986,
    "min_us": 1.689951,
    "max_us": 51.556631
  },
  "dispatch_cct_us": 52.289230,
  "combine_cct_us": 50.224582,
  "roundtrip_step_us": 104.113811,
  "e2e_step_us": 147.668499
}
