{
  "scenario": 4,
  "scheme": "packet_spray",
  "mode": "roundtrip",
  "batch": 16,
  "zipf_s": 0.700000,
  "topk": 8,
  "ep_size": 512,
  "seed": 74,
  "start_skew_us": 4.000000,
  "tau_g_ns": 143.360000,
  "grain_bytes": 7168,
  "total_tokens": 131072,
  "max_egress_load": 403,
  "konig_us": 109.240320,
  "rtt_us": 0.000000,
  "barrier_us": 6.000000,
  "cct_us": 148.811469,
  "step_us": 266.998969,
  "gemv_us": 112.187500,
  "e2e_us": 260.998969,
  "throughput_GBs": 3518.830425,
  "latency_all": {
    "count": 131072,
    "mean_us": 28.111258,
    "p50_us": 23.545128,
    "p99_us": 63.191484,
    "min_us": 0.193360,
    "max_us": 77.735185
  },
  "latency_hot": {
    "count": 54120,
    "mean_us": 30.614959,
    "p50_us": 26.731130,
    "p99_us": 64.051644,
    "min_us": 0.193360,
    "max_us": 77.735185
  },
  "latency_cold": {
    "count": 29194,
    "mean_us": 25.943599,
    "p50_us": 20.470204,
    "p99_us": 63.478204,
    "min_us": 0.941805,
    "max_us": 71.076284
  },
  "dispatch_cct_us": 77.735185,
  "combine_cct_us": 71.076284,
  "roundtrip_step_us": 154.811469,
  "e2e_step_us": 266.998969
}
