{
  "scenario": 4,
  "scheme": "ub_rg_pop",
  "mode": "roundtrip",
  "batch": 512,
  "zipf_s": 0.000000,
  "topk": 8,
  "ep_size": 128,
  "seed": 18,
  "start_skew_us": 4.000000,
  "tau_g_ns": 143.360000,
  "grain_bytes": 7168,
  "total_tokens": 1048576,
  "max_egress_load": 642,
  "konig_us": 181.207040,
  "rtt_us": 1.200000,
  "barrier_us": 1.600000,
  "cct_us": 215.205434,
  "step_us": 382.781996,
  "gemv_us": 165.976562,
  "e2e_us": 381.181996,
  "throughput_GBs": 19635.700858,
  "latency_all": {
    "count": 1048576,
    "mean_us": 49.959164,
    "p50_us": 28.528789,
    "p99_us": 82.629999,
    "min_us": 1.836510,
    "max_us": 110.234918
  },
  "latency_hot": {
    "count": 98578,
    "mean_us": 50.439042,
    "p50_us": 50.261604,
    "p99_us": 91.095072,
    "min_us": 2.656752,
    "max_us": 106.768435
  },
  "latency_cold": {
    "count": 524352,
    "mean_us": 49.653031,
    "p50_us": 41.682836,
    "p99_us": 76.993534,
    "min_us": 1.836510,
    "max_us": 105.553324
  },
  "dispatch_cct_us": 110.234918,
  "combine_cct_us": 104.970516,
  "roundtrip_step_us": 216.805434,
  "e2e_step_us": 382.781996
}
