{
  "scenario": 1,
  "scheme": "ub_rg_pop",
  "mode": "roundtrip",
  "batch": 64,
  "zipf_s": 0.700000,
  "topk": 8,
  "ep_size": 64,
  "seed": 26,
  "start_skew_us": 4.000000,
  "tau_g_ns": 143.360000,
  "grain_bytes": 7168,
  "total_tokens": 65536,
  "max_egress_load": 339,
  "konig_us": 95.477760,
  "rtt_us": 0.900000,
  "barrier_us": 0.800000,
  "cct_us": 123.375713,
  "step_us": 226.324150,
  "gemv_us": 102.148438,
  "e2e_us": 225.524150,
  "throughput_GBs": 2075.616089,
  "latency_all": {
    "count": 65536,
    "mean_us": 18.517129,
    "p50_us": 16.402748,
    "p99_us": 51.279896,
    "min_us": 1.490799,
    "max_us": 66.203944
  },
  "latency_hot": {
    "count": 19782,
    "mean_us": 26.821604,
    "p50_us": 25.512689,
    "p99_us": 55.901401,
    "min_us": 2.324899,
    "max_us": 66.203944
  },
  "latency_cold": {
    "count": 17354,
    "mean_us": 12.893809,
    "p50_us": 12.845273,
    "p99_us": 22.988428,
    "min_us": 1.490799,
    "max_us": 26.035476
  },
  "dispatch_cct_us": 66.203944,
  "combine_cct_us": 57.171769,
  "roundtrip_step_us": 124.175713,
  "e2e_step_us": 226.324150
}
