{
  "scenario": 1,
  "scheme": "ub_rg_pop",
  "mode": "roundtrip",
  "batch": 128,
  "zipf_s": 0.700000,
  "topk": 8,
  "ep_size": 128,
  "seed": 25,
  "start_skew_us": 4.000000,
  "tau_g_ns": 143.360000,
  "grain_bytes": 7168,
  "total_tokens": 262144,
  "max_egress_load": 1138,
  "konig_us": 321.413120,
  "rtt_us": 0.900000,
  "barrier_us": 0.800000,
  "cct_us": 346.534632,
  "step_us": 692.295570,
  "gemv_us": 344.960938,
  "e2e_us": 691.495570,
  "throughput_GBs": 2714.228249,
  "latency_all": {
    "count": 262144,
    "mean_us": 31.734886,
    "p50_us": 19.506386,
    "p99_us": 133.198211,
    "min_us": 1.513568,
    "max_us": 178.655527
  },
  "latency_hot": {
    "count": 90816,
    "mean_us": 53.420024,
    "p50_us": 45.398307,
    "p99_us": 157.875464,
    "min_us": 1.513568,
    "max_us": 178.655527
  },
  "latency_cold": {
    "count": 64508,
    "mean_us": 16.603663,
    "p50_us": 16.566963,
    "p99_us": 27.994633,
    "min_us": 2.107795,
    "max_us": 35.236809
  },
  "dispatch_cct_us": 178.655527,
  "combine_cct_us": 167.879105,
  "roundtrip_step_us": 347.334632,
  "e2e_step_us": 692.295570
}
