{
  "scenario": 1,
  "scheme": "packet_spray",
  "mode": "roundtrip",
  "batch": 256,
  "zipf_s": 0.000000,
  "topk": 8,
  "ep_size": 128,
  "seed": 52,
  "start_skew_us": 4.000000,
  "tau_g_ns": 143.360000,
  "grain_bytes": 7168,
  "total_tokens": 524288,
  "max_egress_load": 309,
  "konig_us": 83.865600,
  "rtt_us": 0.000000,
  "barrier_us": 4.000000,
  "cct_us": 186.038227,
  "step_us": 276.210102,
  "gemv_us": 86.171875,
  "e2e_us": 272.210102,
  "throughput_GBs": 13605.933853,
  "latency_all": {
    "count": 524288,
    "mean_us": 59.121724,
    "p50_us": 63.219276,
    "p99_us": 82.297624,
    "min_us": 8.329696,
    "max_us": 97.338956
  },
  "latency_hot": {
    "count": 49002,
    "mean_us": 50.577823,
    "p50_us": 50.135431,
    "p99_us": 87.590476,
    "min_us": 8.329696,
    "max_us": 94.185036
  },
  "latency_cold": {
    "count": 262896,
    "mean_us": 63.724362,
    "p50_us": 63.374104,
    "p99_us": 88.163916,
    "min_us": 8.329696,
    "max_us": 97.338956
  },
  "dispatch_cct_us": 97.338956,
  "combine_cct_us": 88.699271,
  "roundtrip_step_us": 190.038227,
  "e2e_step_us": 276.210102
}
