{
  "scenario": 4,
  "scheme": "ub_rg",
  "mode": "combine",
  "batch": 16,
  "zipf_s": 0.300000,
  "topk": 8,
  "ep_size": 512,
  "seed": 1,
  "start_skew_us": 8.000000,
  "tau_g_ns": 143.360000,
  "grain_bytes": 7168,
  "total_tokens": 65536,
  "max_egress_load": 45,
  "konig_us": 11.468800,
  "rtt_us": 0.800000,
  "barrier_us": 0.800000,
  "cct_us": 19.276753,
  "step_us": 20.076753,
  "gemv_us": 0.000000,
  "e2e_us": 0.000000,
  "throughput_GBs": 24369.355727,
  "latency_all": {
    "count": 65536,
    "mean_us": 7.023706,
    "p50_us": 7.080336,
    "p99_us": 13.060462,
    "min_us": 1.309085,
    "max_us": 19.276753
  },
  "latency_hot": {
    "count": 12704,
    "mean_us": 8.099067,
    "p50_us": 8.095755,
    "p99_us": 15.779963,
    "min_us": 1.472586,
    "max_us": 19.276753
  },
  "latency_cold": {
    "count": 25443,
    "mean_us": 6.772165,
    "p50_us": 6.865083,
    "p99_us": 11.143747,
    "min_us": 1.392764,
    "max_us": 12.689875
  }
}
