{
  "scenario": 4,
  "scheme": "ub_rg_pop",
  "mode": "combine",
  "batch": 16,
  "zipf_s": 0.000000,
  "topk": 8,
  "ep_size": 512,
  "seed": 1,
  "start_skew_us": 8.000000,
  "tau_g_ns": 143.360000,
  "grain_bytes": 7168,
  "total_tokens": 65536,
  "max_egress_load": 32,
  "konig_us": 4.587520,
  "rtt_us": 1.200000,
  "barrier_us": 0.800000,
  "cct_us": 47.068018,
  "step_us": 47.868018,
  "gemv_us": 0.000000,
  "e2e_us": 0.000000,
  "throughput_GBs": 9980.493453,
  "latency_all": {
    "count": 65536,
    "mean_us": 26.341880,
    "p50_us": 26.474598,
    "p99_us": 43.761427,
    "min_us": 1.765278,
    "max_us": 47.068018
  },
  "latency_hot": {
    "count": 6559,
    "mean_us": 26.937156,
    "p50_us": 27.070476,
    "p99_us": 43.988073,
    "min_us": 10.889976,
    "max_us": 45.948306
  },
  "latency_cold": {
    "count": 32731,
    "mean_us": 26.062023,
    "p50_us": 26.264292,
    "p99_us": 43.494214,
    "min_us": 1.765278,
    "max_us": 45.825587
  }
}
