{
  "scenario": 1,
  "scheme": "packet_spray",
  "mode": "roundtrip",
  "batch": 64,
  "zipf_s": 0.900000,
  "topk": 8,
  "ep_size": 64,
  "seed": 51,
  "start_skew_us": 4.000000,
  "tau_g_ns": 143.360000,
  "grain_bytes": 7168,
  "total_tokens": 65536,
  "max_egress_load": 466,
  "konig_us": 127.447040,
  "rtt_us": 0.000000,
  "barrier_us": 4.000000,
  "cct_us": 148.204017,
  "step_us": 284.157142,
  "gemv_us": 131.953125,
  "e2e_us": 280.157142,
  "throughput_GBs": 1653.176986,
  "latency_all": {
    "count": 65536,
    "mean_us": 28.371845,
    "p50_us": 22.961186,
    "p99_us": 66.840127,
    "min_us": 0.695092,
    "max_us": 78.066610
  },
  "latency_hot": {
    "count": 24228,
    "mean_us": 32.121934,
    "p50_us": 30.426687,
    "p99_us": 67.888050,
    "min_us": 0.838452,
    "max_us": 78.066610
  },
  "latency_cold": {
    "count": 13906,
    "mean_us": 25.804700,
    "p50_us": 15.192063,
    "p99_us": 68.130367,
    "min_us": 0.695092,
    "max_us": 70.137407
  },
  "dispatch_cct_us": 78.066610,
  "combine_cct_us": 70.137407,
  "roundtrip_step_us": 152.204017,
  "e2e_step_us": 284.157142
}
