{
  "scenario": 1,
  "scheme": "ub_rg_pop",
  "mode": "roundtrip",
  "batch": 64,
  "zipf_s": 0.300000,
  "topk": 8,
  "ep_size": 64,
  "seed": 52,
  "tau_g_ns": 143.360000,
  "grain_bytes": 7168,
  "total_tokens": 65536,
  "max_egress_load": 175,
  "konig_us": 47.165440,
  "rtt_us": 0.900000,
  "barrier_us": 0.800000,
  "cct_us": 53.081661,
  "step_us": 53.881661,
  "throughput_GBs": 8718.403172,
  "latency_all": {
    "count": 65536,
    "mean_us": 6.915458,
    "p50_us": 6.432636,
    "p99_us": 18.550856,
    "min_us": 1.446045,
    "max_us": 26.598102
  },
  "latency_hot": {
    "count": 10710,
    "mean_us": 10.150528,
    "p50_us": 9.815967,
    "p99_us": 23.503009,
    "min_us": 1.448376,
    "max_us": 26.598102
  },
  "latency_cold": {
    "count": 26622,
    "mean_us": 5.653465,
    "p50_us": 5.555674,
    "p99_us": 10.542040,
    "min_us": 1.446589,
    "max_us": 12.931705
  },
  "dispatch_cct_us": 26.483560,
  "combine_cct_us": 26.598102,
  "roundtrip_step_us": 53.881661
}
