{
  "scenario": 1,
  "scheme": "packet_spray",
  "mode": "roundtrip",
  "batch": 64,
  "zipf_s": 0.700000,
  "topk": 8,
  "ep_size": 32,
  "seed": 42,
  "tau_g_ns": 143.360000,
  "grain_bytes": 7168,
  "total_tokens": 32768,
  "max_egress_load": 210,
  "konig_us": 58.634240,
  "rtt_us": 0.000000,
  "barrier_us": 4.000000,
  "cct_us": 75.047200,
  "step_us": 79.047200,
  "throughput_GBs": 2971.402200,
  "latency_all": {
    "count": 32768,
    "mean_us": 16.432565,
    "p50_us": 14.586000,
    "p99_us": 34.799760,
    "min_us": 0.536720,
    "max_us": 37.666960
  },
  "latency_hot": {
    "count": 7778,
    "mean_us": 17.529359,
    "p50_us": 17.596560,
    "p99_us": 34.943120,
    "min_us": 0.536720,
    "max_us": 37.380240
  },
  "latency_cold": {
    "count": 10122,
    "mean_us": 16.397262,
    "p50_us": 13.009040,
    "p99_us": 35.946640,
    "min_us": 0.536720,
    "max_us": 37.666960
  },
  "dispatch_cct_us": 37.380240,
  "combine_cct_us": 37.666960,
  "roundtrip_step_us": 79.047200
}
