{
  "scenario": 4,
  "scheme": "packet_spray",
  "mode": "roundtrip",
  "batch": 512,
  "zipf_s": 0.000000,
  "topk": 8,
  "ep_size": 128,
  "seed": 77,
  "start_skew_us": 4.000000,
  "tau_g_ns": 143.360000,
  "grain_bytes": 7168,
  "total_tokens": 1048576,
  "max_egress_load": 637,
  "konig_us": 175.472640,
  "rtt_us": 0.000000,
  "barrier_us": 6.000000,
  "cct_us": 320.817244,
  "step_us": 493.575057,
  "gemv_us": 166.757812,
  "e2e_us": 487.575057,
  "throughput_GBs": 15228.064432,
  "latency_all": {
    "count": 1048576,
    "mean_us": 90.626239,
    "p50_us": 87.130128,
    "p99_us": 139.798403,
    "min_us": 0.297316,
    "max_us": 162.493174
  },
  "latency_hot": {
    "count": 98276,
    "mean_us": 74.478854,
    "p50_us": 74.622151,
    "p99_us": 144.937670,
    "min_us": 0.297316,
    "max_us": 158.666768
  },
  "latency_cold": {
    "count": 524316,
    "mean_us": 99.435832,
    "p50_us": 99.844854,
    "p99_us": 136.760923,
    "min_us": 0.404362,
    "max_us": 162.493174
  },
  "dispatch_cct_us": 162.493174,
  "combine_cct_us": 158.324071,
  "roundtrip_step_us": 326.817244,
  "e2e_step_us": 493.575057
}
