{
  "scenario": 1,
  "scheme": "packet_spray",
  "mode": "roundtrip",
  "batch": 256,
  "zipf_s": 0.000000,
  "topk": 8,
  "ep_size": 64,
  "seed": 77,
  "start_skew_us": 4.000000,
  "tau_g_ns": 143.360000,
  "grain_bytes": 7168,
  "total_tokens": 262144,
  "max_egress_load": 313,
  "konig_us": 83.722240,
  "rtt_us": 0.000000,
  "barrier_us": 4.000000,
  "cct_us": 170.440514,
  "step_us": 258.971764,
  "gemv_us": 84.531250,
  "e2e_us": 254.971764,
  "throughput_GBs": 7255.803346,
  "latency_all": {
    "count": 262144,
    "mean_us": 52.277530,
    "p50_us": 52.711803,
    "p99_us": 80.311751,
    "min_us": 2.392335,
    "max_us": 88.483271
  },
  "latency_hot": {
    "count": 24454,
    "mean_us": 43.736527,
    "p50_us": 42.963323,
    "p99_us": 79.738311,
    "min_us": 2.392335,
    "max_us": 85.472711
  },
  "latency_cold": {
    "count": 131754,
    "mean_us": 56.840835,
    "p50_us": 57.157772,
    "p99_us": 80.168391,
    "min_us": 2.392335,
    "max_us": 87.193031
  },
  "dispatch_cct_us": 88.483271,
  "combine_cct_us": 81.957243,
  "roundtrip_step_us": 174.440514,
  "e2e_step_us": 258.971764
}
