{
  "scenario": 1,
  "scheme": "packet_spray",
  "mode": "roundtrip",
  "batch": 256,
  "zipf_s": 0.700000,
  "topk": 8,
  "ep_size": 64,
  "seed": 84,
  "start_skew_us": 4.000000,
  "tau_g_ns": 143.360000,
  "grain_bytes": 7168,
  "total_tokens": 262144,
  "max_egress_load": 1374,
  "konig_us": 388.362240,
  "rtt_us": 0.000000,
  "barrier_us": 4.000000,
  "cct_us": 471.555882,
  "step_us": 892.743382,
  "gemv_us": 417.187500,
  "e2e_us": 888.743382,
  "throughput_GBs": 2104.802153,
  "latency_all": {
    "count": 262144,
    "mean_us": 98.031833,
    "p50_us": 70.769132,
    "p99_us": 208.855645,
    "min_us": 2.543760,
    "max_us": 237.468877
  },
  "latency_hot": {
    "count": 77876,
    "mean_us": 107.658575,
    "p50_us": 103.916125,
    "p99_us": 218.835378,
    "min_us": 7.662797,
    "max_us": 237.468877
  },
  "latency_cold": {
    "count": 70694,
    "mean_us": 94.586247,
    "p50_us": 64.286365,
    "p99_us": 226.202205,
    "min_us": 2.543760,
    "max_us": 234.087005
  },
  "dispatch_cct_us": 237.468877,
  "combine_cct_us": 234.087005,
  "roundtrip_step_us": 475.555882,
  "e2e_step_us": 892.743382
}
