{
  "scenario": 4,
  "scheme": "ub_rg_pop",
  "mode": "roundtrip",
  "batch": 128,
  "zipf_s": 0.900000,
  "topk": 8,
  "ep_size": 128,
  "seed": 89,
  "start_skew_us": 4.000000,
  "tau_g_ns": 143.360000,
  "grain_bytes": 7168,
  "total_tokens": 262144,
  "max_egress_load": 1601,
  "konig_us": 450.007040,
  "rtt_us": 1.200000,
  "barrier_us": 1.600000,
  "cct_us": 468.420787,
  "step_us": 950.528600,
  "gemv_us": 480.507812,
  "e2e_us": 948.928600,
  "throughput_GBs": 1976.845507,
  "latency_all": {
    "count": 262144,
    "mean_us": 35.009917,
    "p50_us": 12.319246,
    "p99_us": 188.429096,
    "min_us": 1.619982,
    "max_us": 234.517731
  },
  "latency_hot": {
    "count": 115562,
    "mean_us": 63.517898,
    "p50_us": 48.086573,
    "p99_us": 215.116111,
    "min_us": 2.154703,
    "max_us": 234.517731
  },
  "latency_cold": {
    "count": 48000,
    "mean_us": 7.978640,
    "p50_us": 7.812871,
    "p99_us": 14.247067,
    "min_us": 1.727759,
    "max_us": 20.506950
  },
  "dispatch_cct_us": 233.903056,
  "combine_cct_us": 234.517731,
  "roundtrip_step_us": 470.020787,
  "e2e_step_us": 950.528600
}
