{
  "scenario": 4,
  "scheme": "ub_rg",
  "mode": "roundtrip",
  "batch": 256,
  "zipf_s": 0.000000,
  "topk": 8,
  "ep_size": 512,
  "seed": 96,
  "start_skew_us": 4.000000,
  "tau_g_ns": 143.360000,
  "grain_bytes": 7168,
  "total_tokens": 2097152,
  "max_egress_load": 348,
  "konig_us": 97.771520,
  "rtt_us": 0.800000,
  "barrier_us": 1.600000,
  "cct_us": 110.163237,
  "step_us": 197.700737,
  "gemv_us": 85.937500,
  "e2e_us": 196.100737,
  "throughput_GBs": 76036.062255,
  "latency_all": {
    "count": 2097152,
    "mean_us": 24.199806,
    "p50_us": 12.371024,
    "p99_us": 45.033288,
    "min_us": 1.062035,
    "max_us": 57.776192
  },
  "latency_hot": {
    "count": 209320,
    "mean_us": 24.129774,
    "p50_us": 23.206544,
    "p99_us": 46.174123,
    "min_us": 1.354773,
    "max_us": 54.216287
  },
  "latency_cold": {
    "count": 1049228,
    "mean_us": 24.188784,
    "p50_us": 15.357782,
    "p99_us": 42.749408,
    "min_us": 1.146619,
    "max_us": 56.518033
  },
  "dispatch_cct_us": 57.776192,
  "combine_cct_us": 52.387045,
  "roundtrip_step_us": 111.763237,
  "e2e_step_us": 197.700737
}
