{
  "scenario": 4,
  "scheme": "ub_rg",
  "mode": "roundtrip",
  "batch": 256,
  "zipf_s": 0.000000,
  "topk": 8,
  "ep_size": 128,
  "seed": 68,
  "start_skew_us": 4.000000,
  "tau_g_ns": 143.360000,
  "grain_bytes": 7168,
  "total_tokens": 524288,
  "max_egress_load": 329,
  "konig_us": 92.753920,
  "rtt_us": 0.800000,
  "barrier_us": 1.600000,
  "cct_us": 102.538350,
  "step_us": 189.607100,
  "gemv_us": 85.468750,
  "e2e_us": 188.007100,
  "throughput_GBs": 19820.441213,
  "latency_all": {
    "count": 524288,
    "mean_us": 22.536148,
    "p50_us": 18.867968,
    "p99_us": 36.549612,
    "min_us": 1.063716,
    "max_us": 51.763885
  },
  "latency_hot": {
    "count": 49356,
    "mean_us": 22.651255,
    "p50_us": 22.520561,
    "p99_us": 42.980475,
    "min_us": 1.590450,
    "max_us": 46.452395
  },
  "latency_cold": {
    "count": 261974,
    "mean_us": 22.555498,
    "p50_us": 18.019392,
    "p99_us": 43.123240,
    "min_us": 1.185339,
    "max_us": 50.793485
  },
  "dispatch_cct_us": 51.763885,
  "combine_cct_us": 50.774465,
  "roundtrip_step_us": 104.138350,
  "e2e_step_us": 189.607100
}
