{
  "scenario": 1,
  "scheme": "ub_rg_pop",
  "mode": "roundtrip",
  "batch": 128,
  "zipf_s": 0.300000,
  "topk": 8,
  "ep_size": 64,
  "seed": 20,
  "start_skew_us": 4.000000,
  "tau_g_ns": 143.360000,
  "grain_bytes": 7168,
  "total_tokens": 131072,
  "max_egress_load": 310,
  "konig_us": 86.016000,
  "rtt_us": 0.900000,
  "barrier_us": 0.800000,
  "cct_us": 95.649192,
  "step_us": 186.996067,
  "gemv_us": 90.546875,
  "e2e_us": 186.196067,
  "throughput_GBs": 5024.298694,
  "latency_all": {
    "count": 131072,
    "mean_us": 14.144169,
    "p50_us": 13.251662,
    "p99_us": 36.076459,
    "min_us": 1.637565,
    "max_us": 48.315986
  },
  "latency_hot": {
    "count": 21582,
    "mean_us": 20.255863,
    "p50_us": 19.849789,
    "p99_us": 43.332948,
    "min_us": 1.819604,
    "max_us": 48.315986
  },
  "latency_cold": {
    "count": 52694,
    "mean_us": 11.522898,
    "p50_us": 11.401583,
    "p99_us": 20.889191,
    "min_us": 1.653286,
    "max_us": 24.706397
  },
  "dispatch_cct_us": 48.315986,
  "combine_cct_us": 47.333206,
  "roundtrip_step_us": 96.449192,
  "e2e_step_us": 186.996067
}
