{
  "scenario": 1,
  "scheme": "islip",
  "mode": "roundtrip",
  "batch": 64,
  "zipf_s": 0.700000,
  "topk": 8,
  "ep_size": 64,
  "seed": 15,
  "start_skew_us": 4.000000,
  "tau_g_ns": 143.360000,
  "grain_bytes": 7168,
  "total_tokens": 65536,
  "max_egress_load": 343,
  "konig_us": 96.768000,
  "rtt_us": 0.600000,
  "barrier_us": 0.800000,
  "cct_us": 126.443008,
  "step_us": 230.914883,
  "gemv_us": 103.671875,
  "e2e_us": 230.114883,
  "throughput_GBs": 2034.351541,
  "latency_all": {
    "count": 65536,
    "mean_us": 20.308256,
    "p50_us": 18.523150,
    "p99_us": 53.541742,
    "min_us": 1.151130,
    "max_us": 64.032750
  },
  "latency_hot": {
    "count": 19530,
    "mean_us": 28.666516,
    "p50_us": 27.219750,
    "p99_us": 58.587203,
    "min_us": 1.171680,
    "max_us": 64.032750
  },
  "latency_cold": {
    "count": 17490,
    "mean_us": 14.855777,
    "p50_us": 14.794634,
    "p99_us": 27.500056,
    "min_us": 1.151130,
    "max_us": 29.813954
  },
  "dispatch_cct_us": 64.032750,
  "combine_cct_us": 62.410258,
  "roundtrip_step_us": 127.243008,
  "e2e_step_us": 230.914883
}
