{
  "scenario": 4,
  "scheme": "packet_spray",
  "mode": "roundtrip",
  "batch": 256,
  "zipf_s": 0.000000,
  "topk": 8,
  "ep_size": 128,
  "seed": 15,
  "start_skew_us": 4.000000,
  "tau_g_ns": 143.360000,
  "grain_bytes": 7168,
  "total_tokens": 524288,
  "max_egress_load": 326,
  "konig_us": 90.316800,
  "rtt_us": 0.000000,
  "barrier_us": 6.000000,
  "cct_us": 167.898178,
  "step_us": 258.155990,
  "gemv_us": 84.257812,
  "e2e_us": 252.155990,
  "throughput_GBs": 14557.463407,
  "latency_all": {
    "count": 524288,
    "mean_us": 47.022426,
    "p50_us": 50.039077,
    "p99_us": 68.901357,
    "min_us": 0.343057,
    "max_us": 84.588837
  },
  "latency_hot": {
    "count": 49176,
    "mean_us": 38.799759,
    "p50_us": 39.235935,
    "p99_us": 73.180057,
    "min_us": 0.887925,
    "max_us": 83.645337
  },
  "latency_cold": {
    "count": 261998,
    "mean_us": 51.445529,
    "p50_us": 50.909981,
    "p99_us": 73.855374,
    "min_us": 0.343057,
    "max_us": 83.309341
  },
  "dispatch_cct_us": 84.588837,
  "combine_cct_us": 83.309341,
  "roundtrip_step_us": 173.898178,
  "e2e_step_us": 258.155990
}
