{
  "scenario": 1,
  "scheme": "islip",
  "mode": "roundtrip",
  "batch": 512,
  "zipf_s": 0.300000,
  "topk": 8,
  "ep_size": 32,
  "seed": 27,
  "start_skew_us": 4.000000,
  "tau_g_ns": 143.360000,
  "grain_bytes": 7168,
  "total_tokens": 262144,
  "max_egress_load": 967,
  "konig_us": 273.244160,
  "rtt_us": 0.600000,
  "barrier_us": 0.800000,
  "cct_us": 301.891276,
  "step_us": 595.894401,
  "gemv_us": 293.203125,
  "e2e_us": 595.094401,
  "throughput_GBs": 3153.324127,
  "latency_all": {
    "count": 262144,
    "mean_us": 47.998469,
    "p50_us": 36.893599,
    "p99_us": 115.266599,
    "min_us": 1.168958,
    "max_us": 151.444603
  },
  "latency_hot": {
    "count": 39282,
    "mean_us": 70.548912,
    "p50_us": 69.787817,
    "p99_us": 142.551180,
    "min_us": 1.347283,
    "max_us": 151.444603
  },
  "latency_cold": {
    "count": 108594,
    "mean_us": 39.307172,
    "p50_us": 39.111499,
    "p99_us": 75.116846,
    "min_us": 1.168958,
    "max_us": 83.908834
  },
  "dispatch_cct_us": 150.446673,
  "combine_cct_us": 151.444603,
  "roundtrip_step_us": 302.691276,
  "e2e_step_us": 595.894401
}
