{
  "scenario": 4,
  "scheme": "ub_rg_pop",
  "mode": "roundtrip",
  "batch": 16,
  "zipf_s": 0.900000,
  "topk": 8,
  "ep_size": 512,
  "seed": 78,
  "start_skew_us": 4.000000,
  "tau_g_ns": 143.360000,
  "grain_bytes": 7168,
  "total_tokens": 131072,
  "max_egress_load": 704,
  "konig_us": 191.672320,
  "rtt_us": 1.200000,
  "barrier_us": 1.600000,
  "cct_us": 232.431593,
  "step_us": 431.805030,
  "gemv_us": 197.773438,
  "e2e_us": 430.205030,
  "throughput_GBs": 2175.806278,
  "latency_all": {
    "count": 131072,
    "mean_us": 22.853582,
    "p50_us": 17.912155,
    "p99_us": 91.368105,
    "min_us": 1.528709,
    "max_us": 119.433502
  },
  "latency_hot": {
    "count": 72358,
    "mean_us": 29.583290,
    "p50_us": 22.939004,
    "p99_us": 96.612535,
    "min_us": 2.786156,
    "max_us": 119.433502
  },
  "latency_cold": {
    "count": 19292,
    "mean_us": 14.125213,
    "p50_us": 14.193099,
    "p99_us": 24.917799,
    "min_us": 1.528709,
    "max_us": 28.095518
  },
  "dispatch_cct_us": 119.433502,
  "combine_cct_us": 112.998091,
  "roundtrip_step_us": 234.031593,
  "e2e_step_us": 431.805030
}
