{
  "scenario": 1,
  "scheme": "ub_rg_pop",
  "mode": "roundtrip",
  "batch": 16,
  "zipf_s": 0.000000,
  "topk": 8,
  "ep_size": 128,
  "seed": 68,
  "tau_g_ns": 143.360000,
  "grain_bytes": 7168,
  "total_tokens": 32768,
  "max_egress_load": 28,
  "konig_us": 8.028160,
  "rtt_us": 0.900000,
  "barrier_us": 0.800000,
  "cct_us": 11.533444,
  "step_us": 12.333444,
  "throughput_GBs": 19044.236293,
  "latency_all": {
    "count": 32768,
    "mean_us": 3.023134,
    "p50_us": 2.984239,
    "p99_us": 4.955219,
    "min_us": 1.443530,
    "max_us": 6.017900
  },
  "latency_hot": {
    "count": 3062,
    "mean_us": 3.009935,
    "p50_us": 2.984491,
    "p99_us": 4.918005,
    "min_us": 1.444630,
    "max_us": 5.507333
  },
  "latency_cold": {
    "count": 16364,
    "mean_us": 3.023344,
    "p50_us": 2.976557,
    "p99_us": 5.027918,
    "min_us": 1.443530,
    "max_us": 6.017900
  },
  "dispatch_cct_us": 6.017900,
  "combine_cct_us": 5.515545,
  "roundtrip_step_us": 12.333444
}
