{
  "scenario": 4,
  "scheme": "packet_spray",
  "mode": "roundtrip",
  "batch": 16,
  "zipf_s": 0.700000,
  "topk": 8,
  "ep_size": 128,
  "seed": 49,
  "start_skew_us": 4.000000,
  "tau_g_ns": 143.360000,
  "grain_bytes": 7168,
  "total_tokens": 32768,
  "max_egress_load": 145,
  "konig_us": 39.710720,
  "rtt_us": 0.000000,
  "barrier_us": 6.000000,
  "cct_us": 70.948337,
  "step_us": 118.198337,
  "gemv_us": 41.250000,
  "e2e_us": 112.198337,
  "throughput_GBs": 1987.177058,
  "latency_all": {
    "count": 32768,
    "mean_us": 20.314962,
    "p50_us": 19.626572,
    "p99_us": 32.669176,
    "min_us": 0.536720,
    "max_us": 36.131677
  },
  "latency_hot": {
    "count": 11148,
    "mean_us": 21.358763,
    "p50_us": 20.910740,
    "p99_us": 32.666260,
    "min_us": 0.910160,
    "max_us": 36.131677
  },
  "latency_cold": {
    "count": 8358,
    "mean_us": 19.427783,
    "p50_us": 18.760340,
    "p99_us": 33.096340,
    "min_us": 0.536720,
    "max_us": 34.816660
  },
  "dispatch_cct_us": 36.131677,
  "combine_cct_us": 34.816660,
  "roundtrip_step_us": 76.948337,
  "e2e_step_us": 118.198337
}
