{
  "scenario": 4,
  "scheme": "ub_rg_pop",
  "mode": "roundtrip",
  "batch": 256,
  "zipf_s": 0.700000,
  "topk": 8,
  "ep_size": 256,
  "seed": 1,
  "start_skew_us": 2.000000,
  "tau_g_ns": 143.360000,
  "grain_bytes": 7168,
  "total_tokens": 1048576,
  "max_egress_load": 3933,
  "konig_us": 1081.794560,
  "rtt_us": 1.200000,
  "barrier_us": 1.600000,
  "cct_us": 1143.237726,
  "step_us": 2273.861163,
  "gemv_us": 1129.023438,
  "e2e_us": 2272.261163,
  "throughput_GBs": 3305.475677,
  "latency_all": {
    "count": 1048576,
    "mean_us": 60.299506,
    "p50_us": 17.451901,
    "p99_us": 201.427192,
    "min_us": 1.765278,
    "max_us": 572.553759
  },
  "latency_hot": {
    "count": 405906,
    "mean_us": 117.576750,
    "p50_us": 80.658123,
    "p99_us": 439.704851,
    "min_us": 3.235315,
    "max_us": 572.553759
  },
  "latency_cold": {
    "count": 243270,
    "mean_us": 17.570643,
    "p50_us": 15.766582,
    "p99_us": 30.636509,
    "min_us": 1.765278,
    "max_us": 58.964280
  },
  "dispatch_cct_us": 570.683966,
  "combine_cct_us": 572.553759,
  "roundtrip_step_us": 1144.837726,
  "e2e_step_us": 2273.861163
}
