{
  "scenario": 4,
  "scheme": "ub_rg_pop",
  "mode": "roundtrip",
  "batch": 64,
  "zipf_s": 0.300000,
  "topk": 8,
  "ep_size": 128,
  "seed": 11,
  "start_skew_us": 4.000000,
  "tau_g_ns": 143.360000,
  "grain_bytes": 7168,
  "total_tokens": 131072,
  "max_egress_load": 218,
  "konig_us": 59.064320,
  "rtt_us": 1.200000,
  "barrier_us": 1.600000,
  "cct_us": 70.392550,
  "step_us": 132.383175,
  "gemv_us": 60.390625,
  "e2e_us": 130.783175,
  "throughput_GBs": 7097.005309,
  "latency_all": {
    "count": 131072,
    "mean_us": 9.582649,
    "p50_us": 8.973458,
    "p99_us": 23.487920,
    "min_us": 1.464100,
    "max_us": 35.391086
  },
  "latency_hot": {
    "count": 23036,
    "mean_us": 13.615187,
    "p50_us": 13.193035,
    "p99_us": 30.035085,
    "min_us": 2.484990,
    "max_us": 35.391086
  },
  "latency_cold": {
    "count": 51826,
    "mean_us": 8.044558,
    "p50_us": 7.973106,
    "p99_us": 13.750725,
    "min_us": 1.464100,
    "max_us": 19.275261
  },
  "dispatch_cct_us": 35.001464,
  "combine_cct_us": 35.391086,
  "roundtrip_step_us": 71.992550,
  "e2e_step_us": 132.383175
}
