{
  "scenario": 3,
  "scheme": "packet_spray",
  "mode": "roundtrip",
  "batch": 256,
  "zipf_s": 0.900000,
  "topk": 8,
  "ep_size": 256,
  "seed": 32,
  "tau_g_ns": 143.360000,
  "grain_bytes": 7168,
  "total_tokens": 1048576,
  "max_egress_load": 5707,
  "konig_us": 1617.244160,
  "rtt_us": 0.000000,
  "barrier_us": 8.000000,
  "cct_us": 1688.103840,
  "step_us": 1696.103840,
  "throughput_GBs": 4431.446112,
  "latency_all": {
    "count": 1048576,
    "mean_us": 306.971759,
    "p50_us": 55.356880,
    "p99_us": 411.893200,
    "min_us": 0.880080,
    "max_us": 853.298640
  },
  "latency_hot": {
    "count": 531906,
    "mean_us": 323.735394,
    "p50_us": 115.998160,
    "p99_us": 608.009680,
    "min_us": 0.880080,
    "max_us": 853.298640
  },
  "latency_cold": {
    "count": 168332,
    "mean_us": 283.610556,
    "p50_us": 55.930320,
    "p99_us": 828.067280,
    "min_us": 0.880080,
    "max_us": 834.805200
  },
  "dispatch_cct_us": 853.298640,
  "combine_cct_us": 834.805200,
  "roundtrip_step_us": 1696.103840
}
