{
  "scenario": 1,
  "scheme": "packet_spray",
  "mode": "roundtrip",
  "batch": 64,
  "zipf_s": 0.000000,
  "topk": 8,
  "ep_size": 32,
  "seed": 17,
  "start_skew_us": 4.000000,
  "tau_g_ns": 143.360000,
  "grain_bytes": 7168,
  "total_tokens": 32768,
  "max_egress_load": 87,
  "konig_us": 22.507520,
  "rtt_us": 0.000000,
  "barrier_us": 4.000000,
  "cct_us": 73.834251,
  "step_us": 99.084251,
  "gemv_us": 21.250000,
  "e2e_us": 95.084251,
  "throughput_GBs": 2370.518235,
  "latency_all": {
    "count": 32768,
    "mean_us": 27.069333,
    "p50_us": 27.397141,
    "p99_us": 38.898608,
    "min_us": 3.688579,
    "max_us": 40.905648
  },
  "latency_hot": {
    "count": 2998,
    "mean_us": 18.001479,
    "p50_us": 18.293635,
    "p99_us": 30.277232,
    "min_us": 3.688579,
    "max_us": 31.956843
  },
  "latency_cold": {
    "count": 16598,
    "mean_us": 29.292821,
    "p50_us": 29.436848,
    "p99_us": 39.472048,
    "min_us": 12.057621,
    "max_us": 40.905648
  },
  "dispatch_cct_us": 32.928603,
  "combine_cct_us": 40.905648,
  "roundtrip_step_us": 77.834251,
  "e2e_step_us": 99.084251
}
