{
  "scenario": 1,
  "scheme": "ub_rg_pop",
  "mode": "roundtrip",
  "batch": 256,
  "zipf_s": 0.000000,
  "topk": 8,
  "ep_size": 32,
  "seed": 80,
  "start_skew_us": 4.000000,
  "tau_g_ns": 143.360000,
  "grain_bytes": 7168,
  "total_tokens": 131072,
  "max_egress_load": 304,
  "konig_us": 85.155840,
  "rtt_us": 0.900000,
  "barrier_us": 0.800000,
  "cct_us": 120.906307,
  "step_us": 204.284432,
  "gemv_us": 82.578125,
  "e2e_us": 203.484432,
  "throughput_GBs": 4599.097873,
  "latency_all": {
    "count": 131072,
    "mean_us": 27.660215,
    "p50_us": 27.559218,
    "p99_us": 52.080363,
    "min_us": 1.562003,
    "max_us": 66.832588
  },
  "latency_hot": {
    "count": 12284,
    "mean_us": 26.585887,
    "p50_us": 26.476471,
    "p99_us": 50.637186,
    "min_us": 1.785490,
    "max_us": 55.734271
  },
  "latency_cold": {
    "count": 65416,
    "mean_us": 28.007710,
    "p50_us": 27.927810,
    "p99_us": 51.681860,
    "min_us": 1.770558,
    "max_us": 57.939303
  },
  "dispatch_cct_us": 54.073719,
  "combine_cct_us": 66.832588,
  "roundtrip_step_us": 121.706307,
  "e2e_step_us": 204.284432
}
