{
  "scenario": 4,
  "scheme": "packet_spray",
  "mode": "roundtrip",
  "batch": 512,
  "zipf_s": 0.900000,
  "topk": 8,
  "ep_size": 256,
  "seed": 39,
  "start_skew_us": 4.000000,
  "tau_g_ns": 143.360000,
  "grain_bytes": 7168,
  "total_tokens": 2097152,
  "max_egress_load": 12212,
  "konig_us": 3348.459520,
  "rtt_us": 0.000000,
  "barrier_us": 6.000000,
  "cct_us": 3511.292892,
  "step_us": 6999.831954,
  "gemv_us": 3482.539062,
  "e2e_us": 6993.831954,
  "throughput_GBs": 2147.535203,
  "latency_all": {
    "count": 2097152,
    "mean_us": 536.951687,
    "p50_us": 91.214583,
    "p99_us": 1079.029103,
    "min_us": 0.304495,
    "max_us": 1844.057709
  },
  "latency_hot": {
    "count": 1062814,
    "mean_us": 603.522832,
    "p50_us": 158.961469,
    "p99_us": 1083.759983,
    "min_us": 0.331823,
    "max_us": 1809.077869
  },
  "latency_cold": {
    "count": 336730,
    "mean_us": 466.727523,
    "p50_us": 85.928680,
    "p99_us": 1555.330669,
    "min_us": 0.675183,
    "max_us": 1844.057709
  },
  "dispatch_cct_us": 1667.235183,
  "combine_cct_us": 1844.057709,
  "roundtrip_step_us": 3517.292892,
  "e2e_step_us": 6999.831954
}
