{
  "scenario": 1,
  "scheme": "islip",
  "mode": "roundtrip",
  "batch": 64,
  "zipf_s": 0.900000,
  "topk": 8,
  "ep_size": 64,
  "seed": 17,
  "start_skew_us": 4.000000,
  "tau_g_ns": 143.360000,
  "grain_bytes": 7168,
  "total_tokens": 65536,
  "max_egress_load": 435,
  "konig_us": 121.856000,
  "rtt_us": 0.600000,
  "barrier_us": 0.800000,
  "cct_us": 158.619315,
  "step_us": 288.989628,
  "gemv_us": 129.570312,
  "e2e_us": 288.189628,
  "throughput_GBs": 1625.532554,
  "latency_all": {
    "count": 65536,
    "mean_us": 21.885693,
    "p50_us": 18.459251,
    "p99_us": 62.607569,
    "min_us": 1.143677,
    "max_us": 92.033439
  },
  "latency_hot": {
    "count": 23946,
    "mean_us": 31.924993,
    "p50_us": 30.485759,
    "p99_us": 68.633092,
    "min_us": 1.297760,
    "max_us": 92.033439
  },
  "latency_cold": {
    "count": 14024,
    "mean_us": 13.839551,
    "p50_us": 13.655423,
    "p99_us": 26.553808,
    "min_us": 1.143677,
    "max_us": 35.126699
  },
  "dispatch_cct_us": 92.033439,
  "combine_cct_us": 66.585877,
  "roundtrip_step_us": 159.419315,
  "e2e_step_us": 288.989628
}
