{
  "scenario": 1,
  "scheme": "ub_rg",
  "mode": "roundtrip",
  "batch": 256,
  "zipf_s": 0.700000,
  "topk": 8,
  "ep_size": 64,
  "seed": 93,
  "start_skew_us": 4.000000,
  "tau_g_ns": 143.360000,
  "grain_bytes": 7168,
  "total_tokens": 262144,
  "max_egress_load": 1372,
  "konig_us": 388.648960,
  "rtt_us": 0.600000,
  "barrier_us": 0.800000,
  "cct_us": 400.384219,
  "step_us": 819.465469,
  "gemv_us": 418.281250,
  "e2e_us": 818.665469,
  "throughput_GBs": 2293.016927,
  "latency_all": {
    "count": 262144,
    "mean_us": 35.081402,
    "p50_us": 17.701280,
    "p99_us": 159.266447,
    "min_us": 1.201655,
    "max_us": 201.518387
  },
  "latency_hot": {
    "count": 78324,
    "mean_us": 68.536362,
    "p50_us": 61.989372,
    "p99_us": 187.627489,
    "min_us": 1.207453,
    "max_us": 201.518387
  },
  "latency_cold": {
    "count": 70050,
    "mean_us": 13.768704,
    "p50_us": 13.498094,
    "p99_us": 27.469917,
    "min_us": 1.229194,
    "max_us": 31.866495
  },
  "dispatch_cct_us": 201.518387,
  "combine_cct_us": 198.865832,
  "roundtrip_step_us": 401.184219,
  "e2e_step_us": 819.465469
}
