{
  "scenario": 3,
  "scheme": "packet_spray",
  "mode": "roundtrip",
  "batch": 64,
  "zipf_s": 0.700000,
  "topk": 8,
  "ep_size": 256,
  "seed": 79,
  "tau_g_ns": 143.360000,
  "grain_bytes": 7168,
  "total_tokens": 262144,
  "max_egress_load": 959,
  "konig_us": 267.366400,
  "rtt_us": 0.000000,
  "barrier_us": 8.000000,
  "cct_us": 286.329760,
  "step_us": 294.329760,
  "throughput_GBs": 6384.159699,
  "latency_all": {
    "count": 262144,
    "mean_us": 52.203386,
    "p50_us": 25.107920,
    "p99_us": 133.344720,
    "min_us": 0.880080,
    "max_us": 145.817040
  },
  "latency_hot": {
    "count": 100482,
    "mean_us": 54.668513,
    "p50_us": 41.020880,
    "p99_us": 132.341200,
    "min_us": 0.880080,
    "max_us": 145.817040
  },
  "latency_cold": {
    "count": 60190,
    "mean_us": 50.107587,
    "p50_us": 17.796560,
    "p99_us": 138.649040,
    "min_us": 0.880080,
    "max_us": 140.512720
  },
  "dispatch_cct_us": 145.817040,
  "combine_cct_us": 140.512720,
  "roundtrip_step_us": 294.329760
}
