{
  "scenario": 1,
  "scheme": "ub_rg_pop",
  "mode": "roundtrip",
  "batch": 16,
  "zipf_s": 0.300000,
  "topk": 8,
  "ep_size": 128,
  "seed": 78,
  "tau_g_ns": 143.360000,
  "grain_bytes": 7168,
  "total_tokens": 32768,
  "max_egress_load": 59,
  "konig_us": 15.482880,
  "rtt_us": 0.900000,
  "barrier_us": 0.800000,
  "cct_us": 19.788170,
  "step_us": 20.588170,
  "throughput_GBs": 11408.543249,
  "latency_all": {
    "count": 32768,
    "mean_us": 3.161187,
    "p50_us": 2.991928,
    "p99_us": 6.789336,
    "min_us": 1.443605,
    "max_us": 9.901892
  },
  "latency_hot": {
    "count": 5722,
    "mean_us": 4.210849,
    "p50_us": 4.087328,
    "p99_us": 8.229956,
    "min_us": 1.447979,
    "max_us": 9.901892
  },
  "latency_cold": {
    "count": 13092,
    "mean_us": 2.744338,
    "p50_us": 2.705541,
    "p99_us": 4.378618,
    "min_us": 1.443605,
    "max_us": 5.090234
  },
  "dispatch_cct_us": 9.886278,
  "combine_cct_us": 9.901892,
  "roundtrip_step_us": 20.588170
}
