{
  "scenario": 4,
  "scheme": "ub_rg_pop",
  "mode": "roundtrip",
  "batch": 16,
  "zipf_s": 0.900000,
  "topk": 8,
  "ep_size": 512,
  "seed": 62,
  "start_skew_us": 4.000000,
  "tau_g_ns": 143.360000,
  "grain_bytes": 7168,
  "total_tokens": 131072,
  "max_egress_load": 697,
  "konig_us": 189.952000,
  "rtt_us": 1.200000,
  "barrier_us": 1.600000,
  "cct_us": 243.060882,
  "step_us": 440.793695,
  "gemv_us": 196.132812,
  "e2e_us": 439.193695,
  "throughput_GBs": 2131.437239,
  "latency_all": {
    "count": 131072,
    "mean_us": 24.192941,
    "p50_us": 19.233658,
    "p99_us": 96.395337,
    "min_us": 1.778329,
    "max_us": 122.687690
  },
  "latency_hot": {
    "count": 72554,
    "mean_us": 30.994547,
    "p50_us": 24.000791,
    "p99_us": 102.011209,
    "min_us": 2.796713,
    "max_us": 122.687690
  },
  "latency_cold": {
    "count": 19088,
    "mean_us": 15.101101,
    "p50_us": 15.104309,
    "p99_us": 24.431466,
    "min_us": 1.908403,
    "max_us": 29.748746
  },
  "dispatch_cct_us": 122.687690,
  "combine_cct_us": 120.373192,
  "roundtrip_step_us": 244.660882,
  "e2e_step_us": 440.793695
}
