{
  "scenario": 1,
  "scheme": "packet_spray",
  "mode": "roundtrip",
  "batch": 64,
  "zipf_s": 0.900000,
  "topk": 8,
  "ep_size": 64,
  "seed": 54,
  "start_skew_us": 4.000000,
  "tau_g_ns": 143.360000,
  "grain_bytes": 7168,
  "total_tokens": 65536,
  "max_egress_load": 454,
  "konig_us": 125.009920,
  "rtt_us": 0.000000,
  "barrier_us": 4.000000,
  "cct_us": 143.528401,
  "step_us": 278.153401,
  "gemv_us": 130.625000,
  "e2e_us": 274.153401,
  "throughput_GBs": 1688.859625,
  "latency_all": {
    "count": 65536,
    "mean_us": 27.715457,
    "p50_us": 21.959351,
    "p99_us": 65.827511,
    "min_us": 0.678045,
    "max_us": 73.830169
  },
  "latency_hot": {
    "count": 24228,
    "mean_us": 30.971714,
    "p50_us": 29.270711,
    "p99_us": 64.157452,
    "min_us": 0.678045,
    "max_us": 73.830169
  },
  "latency_cold": {
    "count": 13842,
    "mean_us": 25.674665,
    "p50_us": 15.000920,
    "p99_us": 67.834551,
    "min_us": 0.678045,
    "max_us": 69.698231
  },
  "dispatch_cct_us": 73.830169,
  "combine_cct_us": 69.698231,
  "roundtrip_step_us": 147.528401,
  "e2e_step_us": 278.153401
}
