{
  "scenario": 1,
  "scheme": "islip",
  "mode": "roundtrip",
  "batch": 256,
  "zipf_s": 0.700000,
  "topk": 8,
  "ep_size": 64,
  "seed": 62,
  "start_skew_us": 4.000000,
  "tau_g_ns": 143.360000,
  "grain_bytes": 7168,
  "total_tokens": 262144,
  "max_egress_load": 1331,
  "konig_us": 379.473920,
  "rtt_us": 0.600000,
  "barrier_us": 0.800000,
  "cct_us": 411.596216,
  "step_us": 823.450904,
  "gemv_us": 411.054688,
  "e2e_us": 822.650904,
  "throughput_GBs": 2281.918914,
  "latency_all": {
    "count": 262144,
    "mean_us": 40.691898,
    "p50_us": 23.515856,
    "p99_us": 163.359640,
    "min_us": 1.178329,
    "max_us": 206.373947
  },
  "latency_hot": {
    "count": 77926,
    "mean_us": 74.278805,
    "p50_us": 67.585723,
    "p99_us": 194.038104,
    "min_us": 1.308403,
    "max_us": 206.373947
  },
  "latency_cold": {
    "count": 70776,
    "mean_us": 19.417535,
    "p50_us": 19.126987,
    "p99_us": 36.776613,
    "min_us": 1.178329,
    "max_us": 45.749949
  },
  "dispatch_cct_us": 206.373947,
  "combine_cct_us": 205.222269,
  "roundtrip_step_us": 412.396216,
  "e2e_step_us": 823.450904
}
