{
  "scenario": 4,
  "scheme": "ub_rg_pop",
  "mode": "roundtrip",
  "batch": 256,
  "zipf_s": 0.900000,
  "topk": 8,
  "ep_size": 128,
  "seed": 1,
  "start_skew_us": 4.000000,
  "tau_g_ns": 143.360000,
  "grain_bytes": 7168,
  "total_tokens": 524288,
  "max_egress_load": 3255,
  "konig_us": 910.049280,
  "rtt_us": 1.200000,
  "barrier_us": 1.600000,
  "cct_us": 960.416254,
  "step_us": 1928.578754,
  "gemv_us": 966.562500,
  "e2e_us": 1926.978754,
  "throughput_GBs": 1948.635168,
  "latency_all": {
    "count": 524288,
    "mean_us": 73.947354,
    "p50_us": 30.067551,
    "p99_us": 159.708172,
    "min_us": 1.672333,
    "max_us": 480.744573
  },
  "latency_hot": {
    "count": 231998,
    "mean_us": 131.209852,
    "p50_us": 87.712119,
    "p99_us": 419.912485,
    "min_us": 2.923542,
    "max_us": 480.744573
  },
  "latency_cold": {
    "count": 95782,
    "mean_us": 19.520807,
    "p50_us": 19.355682,
    "p99_us": 33.329140,
    "min_us": 1.672333,
    "max_us": 44.842967
  },
  "dispatch_cct_us": 479.671680,
  "combine_cct_us": 480.744573,
  "roundtrip_step_us": 962.016254,
  "e2e_step_us": 1928.578754
}
