{
  "scenario": 1,
  "scheme": "islip",
  "mode": "roundtrip",
  "batch": 256,
  "zipf_s": 0.000000,
  "topk": 8,
  "ep_size": 128,
  "seed": 93,
  "start_skew_us": 4.000000,
  "tau_g_ns": 143.360000,
  "grain_bytes": 7168,
  "total_tokens": 524288,
  "max_egress_load": 303,
  "konig_us": 86.732800,
  "rtt_us": 0.600000,
  "barrier_us": 0.800000,
  "cct_us": 99.903407,
  "step_us": 184.765907,
  "gemv_us": 84.062500,
  "e2e_us": 183.965907,
  "throughput_GBs": 20339.771760,
  "latency_all": {
    "count": 524288,
    "mean_us": 21.687271,
    "p50_us": 17.649218,
    "p99_us": 35.399580,
    "min_us": 1.151942,
    "max_us": 50.101197
  },
  "latency_hot": {
    "count": 49266,
    "mean_us": 21.848350,
    "p50_us": 21.703321,
    "p99_us": 42.552610,
    "min_us": 1.211544,
    "max_us": 49.802210
  },
  "latency_cold": {
    "count": 261606,
    "mean_us": 21.533744,
    "p50_us": 17.055649,
    "p99_us": 41.594119,
    "min_us": 1.170902,
    "max_us": 50.101197
  },
  "dispatch_cct_us": 50.101197,
  "combine_cct_us": 49.802210,
  "roundtrip_step_us": 100.703407,
  "e2e_step_us": 184.765907
}
