{
  "scenario": 4,
  "scheme": "ub_rg_pop",
  "mode": "roundtrip",
  "batch": 256,
  "zipf_s": 0.700000,
  "topk": 8,
  "ep_size": 512,
  "seed": 16,
  "start_skew_us": 4.000000,
  "tau_g_ns": 143.360000,
  "grain_bytes": 7168,
  "total_tokens": 2097152,
  "max_egress_load": 6451,
  "konig_us": 1761.464320,
  "rtt_us": 1.200000,
  "barrier_us": 1.600000,
  "cct_us": 1888.686856,
  "step_us": 3713.880606,
  "gemv_us": 1823.593750,
  "e2e_us": 3712.280606,
  "throughput_GBs": 4047.622186,
  "latency_all": {
    "count": 2097152,
    "mean_us": 82.742716,
    "p50_us": 22.763711,
    "p99_us": 422.211005,
    "min_us": 1.413648,
    "max_us": 944.751537
  },
  "latency_hot": {
    "count": 870774,
    "mean_us": 155.177648,
    "p50_us": 57.457734,
    "p99_us": 422.354370,
    "min_us": 5.716429,
    "max_us": 944.751537
  },
  "latency_cold": {
    "count": 462868,
    "mean_us": 24.566695,
    "p50_us": 25.043365,
    "p99_us": 35.643697,
    "min_us": 1.727424,
    "max_us": 65.669006
  },
  "dispatch_cct_us": 944.751537,
  "combine_cct_us": 943.935318,
  "roundtrip_step_us": 1890.286856,
  "e2e_step_us": 3713.880606
}
