{
  "scenario": 4,
  "scheme": "packet_spray",
  "mode": "roundtrip",
  "batch": 128,
  "zipf_s": 0.700000,
  "topk": 8,
  "ep_size": 512,
  "seed": 1,
  "start_skew_us": 4.000000,
  "tau_g_ns": 143.360000,
  "grain_bytes": 7168,
  "total_tokens": 1048576,
  "max_egress_load": 3199,
  "konig_us": 882.810880,
  "rtt_us": 0.000000,
  "barrier_us": 6.000000,
  "cct_us": 942.347802,
  "step_us": 1872.879052,
  "gemv_us": 924.531250,
  "e2e_us": 1866.879052,
  "throughput_GBs": 4013.175737,
  "latency_all": {
    "count": 1048576,
    "mean_us": 135.746817,
    "p50_us": 24.175286,
    "p99_us": 170.527286,
    "min_us": 0.303335,
    "max_us": 489.344013
  },
  "latency_hot": {
    "count": 436368,
    "mean_us": 151.419381,
    "p50_us": 54.596516,
    "p99_us": 369.216467,
    "min_us": 0.303335,
    "max_us": 476.011533
  },
  "latency_cold": {
    "count": 232142,
    "mean_us": 124.430358,
    "p50_us": 26.536974,
    "p99_us": 432.143373,
    "min_us": 0.391664,
    "max_us": 489.344013
  },
  "dispatch_cct_us": 453.003789,
  "combine_cct_us": 489.344013,
  "roundtrip_step_us": 948.347802,
  "e2e_step_us": 1872.879052
}
