{
  "scenario": 1,
  "scheme": "ub_rg_pop",
  "mode": "roundtrip",
  "batch": 512,
  "zipf_s": 0.700000,
  "topk": 8,
  "ep_size": 32,
  "seed": 25,
  "start_skew_us": 4.000000,
  "tau_g_ns": 143.360000,
  "grain_bytes": 7168,
  "total_tokens": 262144,
  "max_egress_load": 1649,
  "konig_us": 468.500480,
  "rtt_us": 0.900000,
  "barrier_us": 0.800000,
  "cct_us": 480.441548,
  "step_us": 986.983736,
  "gemv_us": 505.742188,
  "e2e_us": 986.183736,
  "throughput_GBs": 1903.828933,
  "latency_all": {
    "count": 262144,
    "mean_us": 53.826545,
    "p50_us": 31.519126,
    "p99_us": 199.556517,
    "min_us": 1.530419,
    "max_us": 241.242515
  },
  "latency_hot": {
    "count": 62650,
    "mean_us": 99.970776,
    "p50_us": 96.877654,
    "p99_us": 229.382567,
    "min_us": 1.837446,
    "max_us": 241.242515
  },
  "latency_cold": {
    "count": 79306,
    "mean_us": 26.236674,
    "p50_us": 25.736325,
    "p99_us": 55.736568,
    "min_us": 1.530419,
    "max_us": 64.556117
  },
  "dispatch_cct_us": 241.242515,
  "combine_cct_us": 239.199033,
  "roundtrip_step_us": 481.241548,
  "e2e_step_us": 986.983736
}
