{
  "scenario": 1,
  "scheme": "islip",
  "mode": "roundtrip",
  "batch": 128,
  "zipf_s": 0.700000,
  "topk": 8,
  "ep_size": 128,
  "seed": 85,
  "start_skew_us": 4.000000,
  "tau_g_ns": 143.360000,
  "grain_bytes": 7168,
  "total_tokens": 262144,
  "max_egress_load": 1141,
  "konig_us": 321.269760,
  "rtt_us": 0.600000,
  "barrier_us": 0.800000,
  "cct_us": 359.362437,
  "step_us": 703.756187,
  "gemv_us": 343.593750,
  "e2e_us": 702.956187,
  "throughput_GBs": 2670.027243,
  "latency_all": {
    "count": 262144,
    "mean_us": 30.880256,
    "p50_us": 18.458450,
    "p99_us": 132.060551,
    "min_us": 1.162025,
    "max_us": 185.204843
  },
  "latency_hot": {
    "count": 90542,
    "mean_us": 53.077779,
    "p50_us": 44.546139,
    "p99_us": 160.140664,
    "min_us": 1.175891,
    "max_us": 185.204843
  },
  "latency_cold": {
    "count": 64840,
    "mean_us": 16.183476,
    "p50_us": 16.040896,
    "p99_us": 28.187751,
    "min_us": 1.162025,
    "max_us": 36.899382
  },
  "dispatch_cct_us": 185.204843,
  "combine_cct_us": 174.157595,
  "roundtrip_step_us": 360.162437,
  "e2e_step_us": 703.756187
}
