{
  "scenario": 4,
  "scheme": "ub_rg_pop",
  "mode": "roundtrip",
  "batch": 256,
  "zipf_s": 0.900000,
  "topk": 8,
  "ep_size": 256,
  "seed": 32,
  "start_skew_us": 4.000000,
  "tau_g_ns": 143.360000,
  "grain_bytes": 7168,
  "total_tokens": 1048576,
  "max_egress_load": 6118,
  "konig_us": 1676.165120,
  "rtt_us": 1.200000,
  "barrier_us": 1.600000,
  "cct_us": 1763.768444,
  "step_us": 3507.048132,
  "gemv_us": 1741.679688,
  "e2e_us": 3505.448132,
  "throughput_GBs": 2143.167840,
  "latency_all": {
    "count": 1048576,
    "mean_us": 97.445312,
    "p50_us": 13.687210,
    "p99_us": 379.571835,
    "min_us": 1.543845,
    "max_us": 882.428476
  },
  "latency_hot": {
    "count": 531906,
    "mean_us": 173.319013,
    "p50_us": 79.645028,
    "p99_us": 379.602914,
    "min_us": 1.905523,
    "max_us": 882.428476
  },
  "latency_cold": {
    "count": 168332,
    "mean_us": 11.018117,
    "p50_us": 10.752150,
    "p99_us": 21.177812,
    "min_us": 1.570139,
    "max_us": 45.605427
  },
  "dispatch_cct_us": 882.428476,
  "combine_cct_us": 881.339968,
  "roundtrip_step_us": 1765.368444,
  "e2e_step_us": 3507.048132
}
