{
  "scenario": 4,
  "scheme": "packet_spray",
  "mode": "roundtrip",
  "batch": 16,
  "zipf_s": 0.000000,
  "topk": 8,
  "ep_size": 256,
  "seed": 16,
  "start_skew_us": 4.000000,
  "tau_g_ns": 143.360000,
  "grain_bytes": 7168,
  "total_tokens": 65536,
  "max_egress_load": 33,
  "konig_us": 9.031680,
  "rtt_us": 0.000000,
  "barrier_us": 6.000000,
  "cct_us": 62.867146,
  "step_us": 74.999959,
  "gemv_us": 6.132812,
  "e2e_us": 68.999959,
  "throughput_GBs": 6263.497429,
  "latency_all": {
    "count": 65536,
    "mean_us": 20.437330,
    "p50_us": 20.328546,
    "p99_us": 31.724068,
    "min_us": 0.536720,
    "max_us": 34.734628
  },
  "latency_hot": {
    "count": 6308,
    "mean_us": 17.747148,
    "p50_us": 18.472809,
    "p99_us": 26.016135,
    "min_us": 3.534231,
    "max_us": 27.419436
  },
  "latency_cold": {
    "count": 33016,
    "mean_us": 21.468708,
    "p50_us": 21.250843,
    "p99_us": 32.297508,
    "min_us": 2.487120,
    "max_us": 34.734628
  },
  "dispatch_cct_us": 28.132519,
  "combine_cct_us": 34.734628,
  "roundtrip_step_us": 68.867146,
  "e2e_step_us": 74.999959
}
