{
  "scenario": 1,
  "scheme": "packet_spray",
  "mode": "roundtrip",
  "batch": 64,
  "zipf_s": 0.000000,
  "topk": 8,
  "ep_size": 128,
  "seed": 72,
  "start_skew_us": 4.000000,
  "tau_g_ns": 143.360000,
  "grain_bytes": 7168,
  "total_tokens": 131072,
  "max_egress_load": 107,
  "konig_us": 26.808320,
  "rtt_us": 0.000000,
  "barrier_us": 4.000000,
  "cct_us": 78.654113,
  "step_us": 105.544738,
  "gemv_us": 22.890625,
  "e2e_us": 101.544738,
  "throughput_GBs": 8901.666894,
  "latency_all": {
    "count": 131072,
    "mean_us": 27.769647,
    "p50_us": 27.946323,
    "p99_us": 36.801869,
    "min_us": 4.585755,
    "max_us": 40.099149
  },
  "latency_hot": {
    "count": 12006,
    "mean_us": 24.659338,
    "p50_us": 24.636394,
    "p99_us": 36.801869,
    "min_us": 4.585755,
    "max_us": 39.382349
  },
  "latency_cold": {
    "count": 65596,
    "mean_us": 28.956839,
    "p50_us": 29.270524,
    "p99_us": 36.834643,
    "min_us": 7.895801,
    "max_us": 39.669069
  },
  "dispatch_cct_us": 40.099149,
  "combine_cct_us": 38.554963,
  "roundtrip_step_us": 82.654113,
  "e2e_step_us": 105.544738
}
