{
  "scenario": 1,
  "scheme": "packet_spray",
  "mode": "roundtrip",
  "batch": 64,
  "zipf_s": 0.300000,
  "topk": 8,
  "ep_size": 32,
  "seed": 82,
  "tau_g_ns": 143.360000,
  "grain_bytes": 7168,
  "total_tokens": 32768,
  "max_egress_load": 135,
  "konig_us": 36.556800,
  "rtt_us": 0.000000,
  "barrier_us": 4.000000,
  "cct_us": 53.686560,
  "step_us": 57.686560,
  "throughput_GBs": 4071.676730,
  "latency_all": {
    "count": 32768,
    "mean_us": 13.092620,
    "p50_us": 12.865680,
    "p99_us": 24.334480,
    "min_us": 0.536720,
    "max_us": 27.201680
  },
  "latency_hot": {
    "count": 4816,
    "mean_us": 12.346089,
    "p50_us": 12.578960,
    "p99_us": 24.907920,
    "min_us": 0.536720,
    "max_us": 27.201680
  },
  "latency_cold": {
    "count": 13464,
    "mean_us": 13.926186,
    "p50_us": 13.295760,
    "p99_us": 24.907920,
    "min_us": 0.536720,
    "max_us": 26.484880
  },
  "dispatch_cct_us": 27.201680,
  "combine_cct_us": 26.484880,
  "roundtrip_step_us": 57.686560
}
