{
  "scenario": 1,
  "scheme": "islip",
  "mode": "roundtrip",
  "batch": 16,
  "zipf_s": 0.000000,
  "topk": 8,
  "ep_size": 128,
  "seed": 2,
  "start_skew_us": 4.000000,
  "tau_g_ns": 143.360000,
  "grain_bytes": 7168,
  "total_tokens": 32768,
  "max_egress_load": 31,
  "konig_us": 8.601600,
  "rtt_us": 0.600000,
  "barrier_us": 0.800000,
  "cct_us": 46.698469,
  "step_us": 53.865656,
  "gemv_us": 6.367188,
  "e2e_us": 53.065656,
  "throughput_GBs": 4360.496862,
  "latency_all": {
    "count": 32768,
    "mean_us": 12.153934,
    "p50_us": 12.189028,
    "p99_us": 21.163457,
    "min_us": 1.165278,
    "max_us": 23.703684
  },
  "latency_hot": {
    "count": 3192,
    "mean_us": 11.135787,
    "p50_us": 11.095198,
    "p99_us": 19.527638,
    "min_us": 1.165278,
    "max_us": 22.141693
  },
  "latency_cold": {
    "count": 16376,
    "mean_us": 12.353995,
    "p50_us": 12.510908,
    "p99_us": 21.388290,
    "min_us": 1.205713,
    "max_us": 23.259736
  },
  "dispatch_cct_us": 22.994785,
  "combine_cct_us": 23.703684,
  "roundtrip_step_us": 47.498469,
  "e2e_step_us": 53.865656
}
