{
  "scenario": 4,
  "scheme": "packet_spray",
  "mode": "roundtrip",
  "batch": 16,
  "zipf_s": 0.000000,
  "topk": 8,
  "ep_size": 256,
  "seed": 89,
  "start_skew_us": 4.000000,
  "tau_g_ns": 143.360000,
  "grain_bytes": 7168,
  "total_tokens": 65536,
  "max_egress_load": 33,
  "konig_us": 9.318400,
  "rtt_us": 0.000000,
  "barrier_us": 6.000000,
  "cct_us": 55.926437,
  "step_us": 68.449875,
  "gemv_us": 6.523438,
  "e2e_us": 62.449875,
  "throughput_GBs": 6862.862076,
  "latency_all": {
    "count": 65536,
    "mean_us": 18.910035,
    "p50_us": 19.271154,
    "p99_us": 26.740957,
    "min_us": 0.336720,
    "max_us": 29.034717
  },
  "latency_hot": {
    "count": 6506,
    "mean_us": 17.143599,
    "p50_us": 17.590056,
    "p99_us": 24.024520,
    "min_us": 4.470326,
    "max_us": 25.888200
  },
  "latency_cold": {
    "count": 32846,
    "mean_us": 19.693070,
    "p50_us": 20.079224,
    "p99_us": 27.314397,
    "min_us": 0.336720,
    "max_us": 29.034717
  },
  "dispatch_cct_us": 26.891720,
  "combine_cct_us": 29.034717,
  "roundtrip_step_us": 61.926437,
  "e2e_step_us": 68.449875
}
