{
  "scenario": 4,
  "scheme": "ub_rg_pop",
  "mode": "roundtrip",
  "batch": 64,
  "zipf_s": 0.700000,
  "topk": 8,
  "ep_size": 128,
  "seed": 22,
  "start_skew_us": 4.000000,
  "tau_g_ns": 143.360000,
  "grain_bytes": 7168,
  "total_tokens": 131072,
  "max_egress_load": 587,
  "konig_us": 163.287040,
  "rtt_us": 1.200000,
  "barrier_us": 1.600000,
  "cct_us": 198.730003,
  "step_us": 372.595628,
  "gemv_us": 172.265625,
  "e2e_us": 370.995628,
  "throughput_GBs": 2521.565001,
  "latency_all": {
    "count": 131072,
    "mean_us": 22.491938,
    "p50_us": 18.953464,
    "p99_us": 79.584076,
    "min_us": 1.443488,
    "max_us": 102.039986
  },
  "latency_hot": {
    "count": 45016,
    "mean_us": 33.239276,
    "p50_us": 29.352242,
    "p99_us": 87.623270,
    "min_us": 2.013462,
    "max_us": 102.039986
  },
  "latency_cold": {
    "count": 32318,
    "mean_us": 14.516625,
    "p50_us": 14.526332,
    "p99_us": 23.780592,
    "min_us": 1.762708,
    "max_us": 27.731979
  },
  "dispatch_cct_us": 102.039986,
  "combine_cct_us": 96.690017,
  "roundtrip_step_us": 200.330003,
  "e2e_step_us": 372.595628
}
