{
  "scenario": 4,
  "scheme": "packet_spray",
  "mode": "roundtrip",
  "batch": 256,
  "zipf_s": 0.900000,
  "topk": 8,
  "ep_size": 128,
  "seed": 71,
  "start_skew_us": 4.000000,
  "tau_g_ns": 143.360000,
  "grain_bytes": 7168,
  "total_tokens": 524288,
  "max_egress_load": 3461,
  "konig_us": 938.721280,
  "rtt_us": 0.000000,
  "barrier_us": 6.000000,
  "cct_us": 1037.165093,
  "step_us": 2007.735405,
  "gemv_us": 964.570312,
  "e2e_us": 2001.735405,
  "throughput_GBs": 1871.808593,
  "latency_all": {
    "count": 524288,
    "mean_us": 177.921193,
    "p50_us": 68.652292,
    "p99_us": 347.344132,
    "min_us": 0.766800,
    "max_us": 536.712481
  },
  "latency_hot": {
    "count": 232418,
    "mean_us": 201.976980,
    "p50_us": 163.259681,
    "p99_us": 463.465732,
    "min_us": 5.075642,
    "max_us": 515.925281
  },
  "latency_cold": {
    "count": 95130,
    "mean_us": 157.570401,
    "p50_us": 65.476378,
    "p99_us": 477.361441,
    "min_us": 4.589019,
    "max_us": 536.712481
  },
  "dispatch_cct_us": 500.452612,
  "combine_cct_us": 536.712481,
  "roundtrip_step_us": 1043.165093,
  "e2e_step_us": 2007.735405
}
