{
  "scenario": 1,
  "scheme": "ub_rg",
  "mode": "roundtrip",
  "batch": 64,
  "zipf_s": 0.900000,
  "topk": 8,
  "ep_size": 64,
  "seed": 34,
  "tau_g_ns": 143.360000,
  "grain_bytes": 7168,
  "total_tokens": 65536,
  "max_egress_load": 429,
  "konig_us": 121.712640,
  "rtt_us": 0.600000,
  "barrier_us": 0.800000,
  "cct_us": 125.269963,
  "step_us": 126.069963,
  "throughput_GBs": 3726.201197,
  "latency_all": {
    "count": 65536,
    "mean_us": 11.857586,
    "p50_us": 6.990542,
    "p99_us": 55.482062,
    "min_us": 1.143400,
    "max_us": 62.666997
  },
  "latency_hot": {
    "count": 24208,
    "mean_us": 21.918644,
    "p50_us": 19.651967,
    "p99_us": 59.221210,
    "min_us": 1.148093,
    "max_us": 62.666997
  },
  "latency_cold": {
    "count": 13764,
    "mean_us": 3.558187,
    "p50_us": 3.442847,
    "p99_us": 6.963559,
    "min_us": 1.143400,
    "max_us": 9.352351
  },
  "dispatch_cct_us": 62.602967,
  "combine_cct_us": 62.666997,
  "roundtrip_step_us": 126.069963
}
