{
  "scenario": 1,
  "scheme": "ub_rg_pop",
  "mode": "roundtrip",
  "batch": 16,
  "zipf_s": 0.900000,
  "topk": 8,
  "ep_size": 32,
  "seed": 82,
  "tau_g_ns": 143.360000,
  "grain_bytes": 7168,
  "total_tokens": 8192,
  "max_egress_load": 62,
  "konig_us": 17.489920,
  "rtt_us": 0.900000,
  "barrier_us": 0.800000,
  "cct_us": 20.758622,
  "step_us": 21.558622,
  "throughput_GBs": 2723.748090,
  "latency_all": {
    "count": 8192,
    "mean_us": 3.515569,
    "p50_us": 2.921500,
    "p99_us": 9.332646,
    "min_us": 1.444385,
    "max_us": 10.395134
  },
  "latency_hot": {
    "count": 2326,
    "mean_us": 5.181199,
    "p50_us": 5.066132,
    "p99_us": 9.862159,
    "min_us": 1.446453,
    "max_us": 10.395134
  },
  "latency_cold": {
    "count": 2024,
    "mean_us": 2.257826,
    "p50_us": 2.198437,
    "p99_us": 3.510856,
    "min_us": 1.444385,
    "max_us": 4.319657
  },
  "dispatch_cct_us": 10.363489,
  "combine_cct_us": 10.395134,
  "roundtrip_step_us": 21.558622
}
