{
  "scenario": 4,
  "scheme": "ub_rg_pop",
  "mode": "roundtrip",
  "batch": 128,
  "zipf_s": 0.900000,
  "topk": 8,
  "ep_size": 256,
  "seed": 78,
  "start_skew_us": 4.000000,
  "tau_g_ns": 143.360000,
  "grain_bytes": 7168,
  "total_tokens": 524288,
  "max_egress_load": 3015,
  "konig_us": 829.624320,
  "rtt_us": 1.200000,
  "barrier_us": 1.600000,
  "cct_us": 895.868281,
  "step_us": 1763.718281,
  "gemv_us": 866.250000,
  "e2e_us": 1762.118281,
  "throughput_GBs": 2130.780423,
  "latency_all": {
    "count": 524288,
    "mean_us": 60.214181,
    "p50_us": 24.200816,
    "p99_us": 125.671333,
    "min_us": 1.672069,
    "max_us": 452.078641
  },
  "latency_hot": {
    "count": 265784,
    "mean_us": 98.054136,
    "p50_us": 50.440244,
    "p99_us": 374.277812,
    "min_us": 4.170209,
    "max_us": 452.078641
  },
  "latency_cold": {
    "count": 84196,
    "mean_us": 16.740070,
    "p50_us": 16.690613,
    "p99_us": 28.261220,
    "min_us": 1.792288,
    "max_us": 35.363784
  },
  "dispatch_cct_us": 452.078641,
  "combine_cct_us": 443.789640,
  "roundtrip_step_us": 897.468281,
  "e2e_step_us": 1763.718281
}
