{
  "scenario": 1,
  "scheme": "ub_rg",
  "mode": "roundtrip",
  "batch": 256,
  "zipf_s": 0.900000,
  "topk": 8,
  "ep_size": 128,
  "seed": 66,
  "start_skew_us": 4.000000,
  "tau_g_ns": 143.360000,
  "grain_bytes": 7168,
  "total_tokens": 524288,
  "max_egress_load": 3100,
  "konig_us": 884.674560,
  "rtt_us": 0.600000,
  "barrier_us": 0.800000,
  "cct_us": 910.823962,
  "step_us": 1871.077087,
  "gemv_us": 959.453125,
  "e2e_us": 1870.277087,
  "throughput_GBs": 2008.520338,
  "latency_all": {
    "count": 524288,
    "mean_us": 72.557085,
    "p50_us": 28.826330,
    "p99_us": 156.981568,
    "min_us": 1.162009,
    "max_us": 461.489749
  },
  "latency_hot": {
    "count": 231144,
    "mean_us": 129.143030,
    "p50_us": 86.850153,
    "p99_us": 415.476313,
    "min_us": 2.238767,
    "max_us": 461.489749
  },
  "latency_cold": {
    "count": 95246,
    "mean_us": 18.745662,
    "p50_us": 18.515961,
    "p99_us": 33.512293,
    "min_us": 1.162009,
    "max_us": 42.232879
  },
  "dispatch_cct_us": 461.489749,
  "combine_cct_us": 449.334213,
  "roundtrip_step_us": 911.623962,
  "e2e_step_us": 1871.077087
}
