{
  "scenario": 4,
  "scheme": "packet_spray",
  "mode": "roundtrip",
  "batch": 128,
  "zipf_s": 0.900000,
  "topk": 8,
  "ep_size": 128,
  "seed": 87,
  "start_skew_us": 4.000000,
  "tau_g_ns": 143.360000,
  "grain_bytes": 7168,
  "total_tokens": 262144,
  "max_egress_load": 1654,
  "konig_us": 455.884800,
  "rtt_us": 0.000000,
  "barrier_us": 6.000000,
  "cct_us": 498.636091,
  "step_us": 981.432966,
  "gemv_us": 476.796875,
  "e2e_us": 975.432966,
  "throughput_GBs": 1914.596571,
  "latency_all": {
    "count": 262144,
    "mean_us": 83.635883,
    "p50_us": 43.534893,
    "p99_us": 222.079946,
    "min_us": 0.447040,
    "max_us": 261.217226
  },
  "latency_hot": {
    "count": 115788,
    "mean_us": 95.072874,
    "p50_us": 80.421705,
    "p99_us": 225.089905,
    "min_us": 0.625104,
    "max_us": 251.468746
  },
  "latency_cold": {
    "count": 47502,
    "mean_us": 74.094543,
    "p50_us": 27.387024,
    "p99_us": 233.262026,
    "min_us": 0.793490,
    "max_us": 261.217226
  },
  "dispatch_cct_us": 237.418865,
  "combine_cct_us": 261.217226,
  "roundtrip_step_us": 504.636091,
  "e2e_step_us": 981.432966
}
