{
  "scenario": 2,
  "scheme": "ub_rg",
  "mode": "roundtrip",
  "batch": 64,
  "zipf_s": 0.700000,
  "topk": 8,
  "ep_size": 1024,
  "seed": 80,
  "tau_g_ns": 143.360000,
  "grain_bytes": 7168,
  "total_tokens": 1048576,
  "max_egress_load": 2481,
  "konig_us": 701.030400,
  "rtt_us": 1.100000,
  "barrier_us": 2.400000,
  "cct_us": 715.213871,
  "step_us": 717.613871,
  "throughput_GBs": 10473.867738,
  "latency_all": {
    "count": 1048576,
    "mean_us": 24.226540,
    "p50_us": 5.262899,
    "p99_us": 88.971455,
    "min_us": 2.043411,
    "max_us": 357.612463
  },
  "latency_hot": {
    "count": 453398,
    "mean_us": 47.430383,
    "p50_us": 20.431071,
    "p99_us": 107.093460,
    "min_us": 2.043924,
    "max_us": 357.612463
  },
  "latency_cold": {
    "count": 223544,
    "mean_us": 5.256364,
    "p50_us": 4.774938,
    "p99_us": 8.390711,
    "min_us": 2.043411,
    "max_us": 16.265226
  },
  "dispatch_cct_us": 357.601408,
  "combine_cct_us": 357.612463,
  "roundtrip_step_us": 717.613871
}
