{
  "scenario": 4,
  "scheme": "ub_rg",
  "mode": "roundtrip",
  "batch": 16,
  "zipf_s": 0.000000,
  "topk": 8,
  "ep_size": 128,
  "seed": 44,
  "start_skew_us": 4.000000,
  "tau_g_ns": 143.360000,
  "grain_bytes": 7168,
  "total_tokens": 32768,
  "max_egress_load": 31,
  "konig_us": 8.744960,
  "rtt_us": 0.800000,
  "barrier_us": 1.600000,
  "cct_us": 18.730422,
  "step_us": 26.697609,
  "gemv_us": 6.367188,
  "e2e_us": 25.097609,
  "throughput_GBs": 8797.829785,
  "latency_all": {
    "count": 32768,
    "mean_us": 5.006274,
    "p50_us": 5.020886,
    "p99_us": 8.176014,
    "min_us": 1.198327,
    "max_us": 9.456581
  },
  "latency_hot": {
    "count": 3178,
    "mean_us": 4.769666,
    "p50_us": 4.708441,
    "p99_us": 8.220950,
    "min_us": 1.465822,
    "max_us": 9.246946
  },
  "latency_cold": {
    "count": 16290,
    "mean_us": 4.974692,
    "p50_us": 4.962878,
    "p99_us": 8.156919,
    "min_us": 1.337123,
    "max_us": 9.332037
  },
  "dispatch_cct_us": 9.456581,
  "combine_cct_us": 9.273841,
  "roundtrip_step_us": 20.330422,
  "e2e_step_us": 26.697609
}
