{
  "scenario": 1,
  "scheme": "packet_spray",
  "mode": "roundtrip",
  "batch": 256,
  "zipf_s": 0.300000,
  "topk": 8,
  "ep_size": 32,
  "seed": 39,
  "start_skew_us": 4.000000,
  "tau_g_ns": 143.360000,
  "grain_bytes": 7168,
  "total_tokens": 131072,
  "max_egress_load": 490,
  "konig_us": 138.772480,
  "rtt_us": 0.000000,
  "barrier_us": 4.000000,
  "cct_us": 212.489628,
  "step_us": 365.669316,
  "gemv_us": 149.179688,
  "e2e_us": 361.669316,
  "throughput_GBs": 2569.327138,
  "latency_all": {
    "count": 131072,
    "mean_us": 54.830286,
    "p50_us": 54.494829,
    "p99_us": 98.506349,
    "min_us": 2.879279,
    "max_us": 106.534509
  },
  "latency_hot": {
    "count": 19898,
    "mean_us": 52.164282,
    "p50_us": 53.204589,
    "p99_us": 100.937519,
    "min_us": 2.879279,
    "max_us": 105.955119
  },
  "latency_cold": {
    "count": 54118,
    "mean_us": 58.197442,
    "p50_us": 55.742269,
    "p99_us": 100.800109,
    "min_us": 2.879279,
    "max_us": 106.534509
  },
  "dispatch_cct_us": 105.955119,
  "combine_cct_us": 106.534509,
  "roundtrip_step_us": 216.489628,
  "e2e_step_us": 365.669316
}
