{
  "scenario": 2,
  "scheme": "ub_rg_pop",
  "mode": "roundtrip",
  "batch": 256,
  "zipf_s": 0.300000,
  "topk": 8,
  "ep_size": 256,
  "seed": 48,
  "tau_g_ns": 143.360000,
  "grain_bytes": 7168,
  "total_tokens": 1048576,
  "max_egress_load": 947,
  "konig_us": 267.509760,
  "rtt_us": 1.650000,
  "barrier_us": 2.400000,
  "cct_us": 276.821280,
  "step_us": 279.221280,
  "throughput_GBs": 26918.409563,
  "latency_all": {
    "count": 1048576,
    "mean_us": 24.947740,
    "p50_us": 12.726242,
    "p99_us": 51.442504,
    "min_us": 2.593477,
    "max_us": 138.420513
  },
  "latency_hot": {
    "count": 194484,
    "mean_us": 41.247606,
    "p50_us": 38.896257,
    "p99_us": 117.026743,
    "min_us": 2.597972,
    "max_us": 138.420513
  },
  "latency_cold": {
    "count": 410116,
    "mean_us": 18.461755,
    "p50_us": 18.821381,
    "p99_us": 34.687345,
    "min_us": 2.593654,
    "max_us": 41.585188
  },
  "dispatch_cct_us": 138.400766,
  "combine_cct_us": 138.420513,
  "roundtrip_step_us": 279.221280
}
