{
  "scenario": 1,
  "scheme": "packet_spray",
  "mode": "roundtrip",
  "batch": 256,
  "zipf_s": 0.900000,
  "topk": 8,
  "ep_size": 128,
  "seed": 42,
  "start_skew_us": 4.000000,
  "tau_g_ns": 143.360000,
  "grain_bytes": 7168,
  "total_tokens": 524288,
  "max_egress_load": 3134,
  "konig_us": 886.108160,
  "rtt_us": 0.000000,
  "barrier_us": 4.000000,
  "cct_us": 977.997115,
  "step_us": 1934.145552,
  "gemv_us": 952.148438,
  "e2e_us": 1930.145552,
  "throughput_GBs": 1943.026666,
  "latency_all": {
    "count": 524288,
    "mean_us": 176.178405,
    "p50_us": 65.993435,
    "p99_us": 349.044015,
    "min_us": 1.016926,
    "max_us": 495.557935
  },
  "latency_hot": {
    "count": 231526,
    "mean_us": 199.512773,
    "p50_us": 159.750875,
    "p99_us": 451.546415,
    "min_us": 10.928140,
    "max_us": 495.557935
  },
  "latency_cold": {
    "count": 95054,
    "mean_us": 155.979429,
    "p50_us": 62.087010,
    "p99_us": 470.827020,
    "min_us": 1.016926,
    "max_us": 482.439180
  },
  "dispatch_cct_us": 495.557935,
  "combine_cct_us": 482.439180,
  "roundtrip_step_us": 981.997115,
  "e2e_step_us": 1934.145552
}
