{
  "scenario": 4,
  "scheme": "ub_rg_pop",
  "mode": "roundtrip",
  "batch": 16,
  "zipf_s": 0.900000,
  "topk": 8,
  "ep_size": 512,
  "seed": 5,
  "start_skew_us": 4.000000,
  "tau_g_ns": 143.360000,
  "grain_bytes": 7168,
  "total_tokens": 131072,
  "max_egress_load": 690,
  "konig_us": 190.238720,
  "rtt_us": 1.200000,
  "barrier_us": 1.600000,
  "cct_us": 232.297892,
  "step_us": 432.804142,
  "gemv_us": 198.906250,
  "e2e_us": 431.204142,
  "throughput_GBs": 2170.783515,
  "latency_all": {
    "count": 131072,
    "mean_us": 23.740908,
    "p50_us": 18.733263,
    "p99_us": 93.996413,
    "min_us": 1.733002,
    "max_us": 117.274617
  },
  "latency_hot": {
    "count": 72716,
    "mean_us": 30.697376,
    "p50_us": 24.034970,
    "p99_us": 99.587519,
    "min_us": 2.105414,
    "max_us": 117.274617
  },
  "latency_cold": {
    "count": 19172,
    "mean_us": 14.363853,
    "p50_us": 14.329893,
    "p99_us": 24.034841,
    "min_us": 1.766832,
    "max_us": 30.329957
  },
  "dispatch_cct_us": 117.274617,
  "combine_cct_us": 115.023274,
  "roundtrip_step_us": 233.897892,
  "e2e_step_us": 432.804142
}
