{
  "scenario": 1,
  "scheme": "islip",
  "mode": "roundtrip",
  "batch": 64,
  "zipf_s": 0.000000,
  "topk": 8,
  "ep_size": 128,
  "seed": 40,
  "start_skew_us": 4.000000,
  "tau_g_ns": 143.360000,
  "grain_bytes": 7168,
  "total_tokens": 131072,
  "max_egress_load": 89,
  "konig_us": 25.231360,
  "rtt_us": 0.600000,
  "barrier_us": 0.800000,
  "cct_us": 36.254192,
  "step_us": 59.163567,
  "gemv_us": 22.109375,
  "e2e_us": 58.363567,
  "throughput_GBs": 15880.112318,
  "latency_all": {
    "count": 131072,
    "mean_us": 7.834421,
    "p50_us": 7.712386,
    "p99_us": 14.621440,
    "min_us": 1.172518,
    "max_us": 18.381613
  },
  "latency_hot": {
    "count": 12230,
    "mean_us": 7.783703,
    "p50_us": 7.688365,
    "p99_us": 14.484334,
    "min_us": 1.202637,
    "max_us": 17.459125
  },
  "latency_cold": {
    "count": 65394,
    "mean_us": 7.834073,
    "p50_us": 7.708006,
    "p99_us": 14.640746,
    "min_us": 1.172518,
    "max_us": 18.381613
  },
  "dispatch_cct_us": 17.872579,
  "combine_cct_us": 18.381613,
  "roundtrip_step_us": 37.054192,
  "e2e_step_us": 59.163567
}
