{
  "scenario": 1,
  "scheme": "ub_rg_pop",
  "mode": "roundtrip",
  "batch": 512,
  "zipf_s": 0.900000,
  "topk": 8,
  "ep_size": 64,
  "seed": 66,
  "start_skew_us": 4.000000,
  "tau_g_ns": 143.360000,
  "grain_bytes": 7168,
  "total_tokens": 524288,
  "max_egress_load": 3408,
  "konig_us": 973.414400,
  "rtt_us": 0.900000,
  "barrier_us": 0.800000,
  "cct_us": 984.194262,
  "step_us": 2041.791137,
  "gemv_us": 1056.796875,
  "e2e_us": 2040.991137,
  "throughput_GBs": 1840.588058,
  "latency_all": {
    "count": 524288,
    "mean_us": 85.993933,
    "p50_us": 33.876288,
    "p99_us": 192.609570,
    "min_us": 1.472154,
    "max_us": 492.803719
  },
  "latency_hot": {
    "count": 192836,
    "mean_us": 167.474206,
    "p50_us": 147.973581,
    "p99_us": 470.692053,
    "min_us": 1.472154,
    "max_us": 492.803719
  },
  "latency_cold": {
    "count": 110540,
    "mean_us": 19.802236,
    "p50_us": 19.219833,
    "p99_us": 42.732379,
    "min_us": 1.551041,
    "max_us": 51.163325
  },
  "dispatch_cct_us": 492.803719,
  "combine_cct_us": 491.390542,
  "roundtrip_step_us": 984.994262,
  "e2e_step_us": 2041.791137
}
