{
  "scenario": 1,
  "scheme": "ub_rg_pop",
  "mode": "roundtrip",
  "batch": 256,
  "zipf_s": 0.900000,
  "topk": 8,
  "ep_size": 64,
  "seed": 9,
  "start_skew_us": 4.000000,
  "tau_g_ns": 143.360000,
  "grain_bytes": 7168,
  "total_tokens": 262144,
  "max_egress_load": 1690,
  "konig_us": 483.266560,
  "rtt_us": 0.900000,
  "barrier_us": 0.800000,
  "cct_us": 494.309357,
  "step_us": 1020.304670,
  "gemv_us": 525.195312,
  "e2e_us": 1019.504670,
  "throughput_GBs": 1841.654016,
  "latency_all": {
    "count": 262144,
    "mean_us": 44.709960,
    "p50_us": 18.191003,
    "p99_us": 208.551043,
    "min_us": 1.505700,
    "max_us": 247.480602
  },
  "latency_hot": {
    "count": 96322,
    "mean_us": 85.147968,
    "p50_us": 75.620899,
    "p99_us": 236.328115,
    "min_us": 1.626859,
    "max_us": 247.480602
  },
  "latency_cold": {
    "count": 55426,
    "mean_us": 11.937064,
    "p50_us": 11.607361,
    "p99_us": 23.945324,
    "min_us": 1.505700,
    "max_us": 29.102494
  },
  "dispatch_cct_us": 247.480602,
  "combine_cct_us": 246.828755,
  "roundtrip_step_us": 495.109357,
  "e2e_step_us": 1020.304670
}
