{
  "scenario": 1,
  "scheme": "ub_rg_pop",
  "mode": "roundtrip",
  "batch": 16,
  "zipf_s": 0.700000,
  "topk": 8,
  "ep_size": 128,
  "seed": 39,
  "start_skew_us": 4.000000,
  "tau_g_ns": 143.360000,
  "grain_bytes": 7168,
  "total_tokens": 32768,
  "max_egress_load": 148,
  "konig_us": 41.000960,
  "rtt_us": 0.900000,
  "barrier_us": 0.800000,
  "cct_us": 50.900714,
  "step_us": 94.825714,
  "gemv_us": 43.125000,
  "e2e_us": 94.025714,
  "throughput_GBs": 2476.976078,
  "latency_all": {
    "count": 32768,
    "mean_us": 6.599611,
    "p50_us": 5.659572,
    "p99_us": 20.898537,
    "min_us": 1.515124,
    "max_us": 25.574365
  },
  "latency_hot": {
    "count": 11500,
    "mean_us": 9.638054,
    "p50_us": 8.693502,
    "p99_us": 22.925247,
    "min_us": 1.840636,
    "max_us": 25.574365
  },
  "latency_cold": {
    "count": 7914,
    "mean_us": 4.370867,
    "p50_us": 4.404696,
    "p99_us": 6.830656,
    "min_us": 1.515124,
    "max_us": 8.075476
  },
  "dispatch_cct_us": 25.574365,
  "combine_cct_us": 25.326349,
  "roundtrip_step_us": 51.700714,
  "e2e_step_us": 94.825714
}
