{
  "scenario": 4,
  "scheme": "ub_rg",
  "mode": "roundtrip",
  "batch": 16,
  "zipf_s": 0.000000,
  "topk": 8,
  "ep_size": 256,
  "seed": 88,
  "start_skew_us": 4.000000,
  "tau_g_ns": 143.360000,
  "grain_bytes": 7168,
  "total_tokens": 65536,
  "max_egress_load": 30,
  "konig_us": 8.601600,
  "rtt_us": 0.800000,
  "barrier_us": 1.600000,
  "cct_us": 19.024728,
  "step_us": 26.562228,
  "gemv_us": 5.937500,
  "e2e_us": 24.962228,
  "throughput_GBs": 17685.340224,
  "latency_all": {
    "count": 65536,
    "mean_us": 4.960749,
    "p50_us": 4.938594,
    "p99_us": 8.167670,
    "min_us": 1.046375,
    "max_us": 9.701194
  },
  "latency_hot": {
    "count": 6228,
    "mean_us": 4.818933,
    "p50_us": 4.786081,
    "p99_us": 8.035900,
    "min_us": 1.359937,
    "max_us": 9.448866
  },
  "latency_cold": {
    "count": 32864,
    "mean_us": 4.928581,
    "p50_us": 4.886182,
    "p99_us": 8.192506,
    "min_us": 1.046375,
    "max_us": 9.701194
  },
  "dispatch_cct_us": 9.701194,
  "combine_cct_us": 9.323534,
  "roundtrip_step_us": 20.624728,
  "e2e_step_us": 26.562228
}
