{
  "scenario": 1,
  "scheme": "packet_spray",
  "mode": "roundtrip",
  "batch": 512,
  "zipf_s": 0.900000,
  "topk": 8,
  "ep_size": 128,
  "seed": 21,
  "start_skew_us": 4.000000,
  "tau_g_ns": 143.360000,
  "grain_bytes": 7168,
  "total_tokens": 1048576,
  "max_egress_load": 6183,
  "konig_us": 1762.897920,
  "rtt_us": 0.000000,
  "barrier_us": 4.000000,
  "cct_us": 1917.110859,
  "step_us": 3831.462421,
  "gemv_us": 1910.351562,
  "e2e_us": 3827.462421,
  "throughput_GBs": 1961.703376,
  "latency_all": {
    "count": 1048576,
    "mean_us": 341.747470,
    "p50_us": 101.926225,
    "p99_us": 525.296276,
    "min_us": 7.010983,
    "max_us": 959.677076
  },
  "latency_hot": {
    "count": 462496,
    "mean_us": 386.763557,
    "p50_us": 230.118036,
    "p99_us": 802.124436,
    "min_us": 8.626836,
    "max_us": 959.677076
  },
  "latency_cold": {
    "count": 189856,
    "mean_us": 304.281350,
    "p50_us": 112.684541,
    "p99_us": 935.786422,
    "min_us": 7.010983,
    "max_us": 957.433782
  },
  "dispatch_cct_us": 959.677076,
  "combine_cct_us": 957.433782,
  "roundtrip_step_us": 1921.110859,
  "e2e_step_us": 3831.462421
}
