{
  "scenario": 4,
  "scheme": "ub_rg",
  "mode": "roundtrip",
  "batch": 512,
  "zipf_s": 0.000000,
  "topk": 8,
  "ep_size": 256,
  "seed": 52,
  "start_skew_us": 4.000000,
  "tau_g_ns": 143.360000,
  "grain_bytes": 7168,
  "total_tokens": 2097152,
  "max_egress_load": 631,
  "konig_us": 178.769920,
  "rtt_us": 0.800000,
  "barrier_us": 1.600000,
  "cct_us": 190.160811,
  "step_us": 357.893623,
  "gemv_us": 166.132812,
  "e2e_us": 356.293623,
  "throughput_GBs": 42002.384406,
  "latency_all": {
    "count": 2097152,
    "mean_us": 41.538114,
    "p50_us": 14.924427,
    "p99_us": 78.038179,
    "min_us": 1.287455,
    "max_us": 95.993623
  },
  "latency_hot": {
    "count": 204634,
    "mean_us": 41.432063,
    "p50_us": 40.407106,
    "p99_us": 79.633045,
    "min_us": 1.419251,
    "max_us": 95.809884
  },
  "latency_cold": {
    "count": 1049078,
    "mean_us": 41.622518,
    "p50_us": 21.374636,
    "p99_us": 74.772604,
    "min_us": 1.287455,
    "max_us": 94.996643
  },
  "dispatch_cct_us": 95.993623,
  "combine_cct_us": 94.167188,
  "roundtrip_step_us": 191.760811,
  "e2e_step_us": 357.893623
}
