{
  "scenario": 4,
  "scheme": "ub_rg_pop",
  "mode": "roundtrip",
  "batch": 64,
  "zipf_s": 0.900000,
  "topk": 8,
  "ep_size": 512,
  "seed": 57,
  "start_skew_us": 4.000000,
  "tau_g_ns": 143.360000,
  "grain_bytes": 7168,
  "total_tokens": 524288,
  "max_egress_load": 2743,
  "konig_us": 753.786880,
  "rtt_us": 1.200000,
  "barrier_us": 1.600000,
  "cct_us": 797.413492,
  "step_us": 1584.872867,
  "gemv_us": 785.859375,
  "e2e_us": 1583.272867,
  "throughput_GBs": 2371.228924,
  "latency_all": {
    "count": 524288,
    "mean_us": 40.408162,
    "p50_us": 10.891071,
    "p99_us": 90.710416,
    "min_us": 1.455083,
    "max_us": 398.872625
  },
  "latency_hot": {
    "count": 289798,
    "mean_us": 66.614758,
    "p50_us": 23.735481,
    "p99_us": 328.437105,
    "min_us": 1.633393,
    "max_us": 398.872625
  },
  "latency_cold": {
    "count": 76742,
    "mean_us": 5.753624,
    "p50_us": 5.725726,
    "p99_us": 9.575920,
    "min_us": 1.457922,
    "max_us": 19.881974
  },
  "dispatch_cct_us": 398.872625,
  "combine_cct_us": 398.540868,
  "roundtrip_step_us": 799.013492,
  "e2e_step_us": 1584.872867
}
