{
  "scenario": 1,
  "scheme": "ub_rg_pop",
  "mode": "roundtrip",
  "batch": 256,
  "zipf_s": 0.000000,
  "topk": 8,
  "ep_size": 128,
  "seed": 51,
  "start_skew_us": 4.000000,
  "tau_g_ns": 143.360000,
  "grain_bytes": 7168,
  "total_tokens": 524288,
  "max_egress_load": 311,
  "konig_us": 87.879680,
  "rtt_us": 0.900000,
  "barrier_us": 0.800000,
  "cct_us": 99.644732,
  "step_us": 184.780670,
  "gemv_us": 84.335938,
  "e2e_us": 183.980670,
  "throughput_GBs": 20338.146785,
  "latency_all": {
    "count": 524288,
    "mean_us": 22.632015,
    "p50_us": 18.954534,
    "p99_us": 36.570016,
    "min_us": 1.517967,
    "max_us": 49.966877
  },
  "latency_hot": {
    "count": 48678,
    "mean_us": 22.251134,
    "p50_us": 22.097244,
    "p99_us": 42.402352,
    "min_us": 1.742465,
    "max_us": 48.521900
  },
  "latency_cold": {
    "count": 262002,
    "mean_us": 22.734688,
    "p50_us": 18.240087,
    "p99_us": 42.557105,
    "min_us": 1.517967,
    "max_us": 49.966877
  },
  "dispatch_cct_us": 49.677855,
  "combine_cct_us": 49.966877,
  "roundtrip_step_us": 100.444732,
  "e2e_step_us": 184.780670
}
