{
  "scenario": 4,
  "scheme": "ub_rg_pop",
  "mode": "roundtrip",
  "batch": 512,
  "zipf_s": 0.900000,
  "topk": 8,
  "ep_size": 512,
  "seed": 82,
  "start_skew_us": 4.000000,
  "tau_g_ns": 143.360000,
  "grain_bytes": 7168,
  "total_tokens": 4194304,
  "max_egress_load": 22426,
  "konig_us": 6110.576640,
  "rtt_us": 1.200000,
  "barrier_us": 1.600000,
  "cct_us": 6436.900259,
  "step_us": 12750.101822,
  "gemv_us": 6311.601562,
  "e2e_us": 12748.501822,
  "throughput_GBs": 2358.002429,
  "latency_all": {
    "count": 4194304,
    "mean_us": 292.496654,
    "p50_us": 21.553453,
    "p99_us": 2289.749304,
    "min_us": 1.503080,
    "max_us": 3219.256213
  },
  "latency_hot": {
    "count": 2325272,
    "mean_us": 501.980348,
    "p50_us": 57.703269,
    "p99_us": 2289.811098,
    "min_us": 1.505292,
    "max_us": 3219.256213
  },
  "latency_cold": {
    "count": 610980,
    "mean_us": 16.978667,
    "p50_us": 14.562388,
    "p99_us": 27.992365,
    "min_us": 1.503080,
    "max_us": 68.667819
  },
  "dispatch_cct_us": 3219.256213,
  "combine_cct_us": 3217.644047,
  "roundtrip_step_us": 6438.500259,
  "e2e_step_us": 12750.101822
}
