{
  "scenario": 1,
  "scheme": "ub_rg",
  "mode": "roundtrip",
  "batch": 16,
  "zipf_s": 0.000000,
  "topk": 8,
  "ep_size": 128,
  "seed": 59,
  "start_skew_us": 4.000000,
  "tau_g_ns": 143.360000,
  "grain_bytes": 7168,
  "total_tokens": 32768,
  "max_egress_load": 31,
  "konig_us": 8.744960,
  "rtt_us": 0.600000,
  "barrier_us": 0.800000,
  "cct_us": 52.740619,
  "step_us": 59.751557,
  "gemv_us": 6.210938,
  "e2e_us": 58.951557,
  "throughput_GBs": 3930.960746,
  "latency_all": {
    "count": 32768,
    "mean_us": 12.874375,
    "p50_us": 12.832743,
    "p99_us": 22.958477,
    "min_us": 1.251049,
    "max_us": 26.428946
  },
  "latency_hot": {
    "count": 2998,
    "mean_us": 12.471143,
    "p50_us": 12.565657,
    "p99_us": 21.453940,
    "min_us": 2.051130,
    "max_us": 26.095058
  },
  "latency_cold": {
    "count": 16530,
    "mean_us": 12.875124,
    "p50_us": 12.810064,
    "p99_us": 22.935973,
    "min_us": 1.251049,
    "max_us": 26.428946
  },
  "dispatch_cct_us": 26.428946,
  "combine_cct_us": 26.311673,
  "roundtrip_step_us": 53.540619,
  "e2e_step_us": 59.751557
}
