{
  "scenario": 4,
  "scheme": "packet_spray",
  "mode": "roundtrip",
  "batch": 256,
  "zipf_s": 0.900000,
  "topk": 8,
  "ep_size": 256,
  "seed": 66,
  "start_skew_us": 4.000000,
  "tau_g_ns": 143.360000,
  "grain_bytes": 7168,
  "total_tokens": 1048576,
  "max_egress_load": 6131,
  "konig_us": 1678.172160,
  "rtt_us": 0.000000,
  "barrier_us": 6.000000,
  "cct_us": 1771.622562,
  "step_us": 3519.731937,
  "gemv_us": 1742.109375,
  "e2e_us": 3513.731937,
  "throughput_GBs": 2135.444660,
  "latency_all": {
    "count": 1048576,
    "mean_us": 276.750370,
    "p50_us": 62.993698,
    "p99_us": 419.349698,
    "min_us": 0.336720,
    "max_us": 924.199903
  },
  "latency_hot": {
    "count": 530270,
    "mean_us": 309.933671,
    "p50_us": 126.465218,
    "p99_us": 615.896258,
    "min_us": 2.719327,
    "max_us": 906.423263
  },
  "latency_cold": {
    "count": 168562,
    "mean_us": 241.382520,
    "p50_us": 66.106041,
    "p99_us": 819.260383,
    "min_us": 2.129573,
    "max_us": 924.199903
  },
  "dispatch_cct_us": 847.422658,
  "combine_cct_us": 924.199903,
  "roundtrip_step_us": 1777.622562,
  "e2e_step_us": 3519.731937
}
