{
  "scenario": 4,
  "scheme": "ub_rg",
  "mode": "roundtrip",
  "batch": 256,
  "zipf_s": 0.000000,
  "topk": 8,
  "ep_size": 256,
  "seed": 45,
  "start_skew_us": 4.000000,
  "tau_g_ns": 143.360000,
  "grain_bytes": 7168,
  "total_tokens": 1048576,
  "max_egress_load": 330,
  "konig_us": 93.614080,
  "rtt_us": 0.800000,
  "barrier_us": 1.600000,
  "cct_us": 138.199678,
  "step_us": 225.346553,
  "gemv_us": 85.546875,
  "e2e_us": 223.746553,
  "throughput_GBs": 33353.928251,
  "latency_all": {
    "count": 1048576,
    "mean_us": 33.622726,
    "p50_us": 21.860843,
    "p99_us": 49.919089,
    "min_us": 1.028736,
    "max_us": 70.116827
  },
  "latency_hot": {
    "count": 101708,
    "mean_us": 33.648789,
    "p50_us": 33.496992,
    "p99_us": 57.207631,
    "min_us": 2.261490,
    "max_us": 70.116827
  },
  "latency_cold": {
    "count": 523426,
    "mean_us": 33.653754,
    "p50_us": 28.490563,
    "p99_us": 46.460580,
    "min_us": 2.136467,
    "max_us": 66.909949
  },
  "dispatch_cct_us": 70.116827,
  "combine_cct_us": 68.082851,
  "roundtrip_step_us": 139.799678,
  "e2e_step_us": 225.346553
}
