{
  "scenario": 4,
  "scheme": "ub_rg",
  "mode": "dispatch",
  "batch": 16,
  "zipf_s": 0.300000,
  "topk": 8,
  "ep_size": 512,
  "seed": 1,
  "start_skew_us": 2.000000,
  "tau_g_ns": 143.360000,
  "grain_bytes": 7168,
  "total_tokens": 65536,
  "max_egress_load": 90,
  "konig_us": 12.902400,
  "rtt_us": 0.800000,
  "barrier_us": 0.800000,
  "cct_us": 25.452941,
  "step_us": 26.252941,
  "gemv_us": 0.000000,
  "e2e_us": 0.000000,
  "throughput_GBs": 18456.101279,
  "latency_all": {
    "count": 65536,
    "mean_us": 10.574314,
    "p50_us": 10.493551,
    "p99_us": 16.688163,
    "min_us": 2.332722,
    "max_us": 25.452941
  },
  "latency_hot": {
    "count": 12704,
    "mean_us": 11.960765,
    "p50_us": 11.872493,
    "p99_us": 18.795218,
    "min_us": 2.802774,
    "max_us": 25.452941
  },
  "latency_cold": {
    "count": 25443,
    "mean_us": 9.979812,
    "p50_us": 9.987119,
    "p99_us": 14.979773,
    "min_us": 2.332722,
    "max_us": 17.427099
  }
}
