{
  "scenario": 1,
  "scheme": "ub_rg",
  "mode": "roundtrip",
  "batch": 16,
  "zipf_s": 0.700000,
  "topk": 8,
  "ep_size": 128,
  "seed": 18,
  "tau_g_ns": 143.360000,
  "grain_bytes": 7168,
  "total_tokens": 32768,
  "max_egress_load": 158,
  "konig_us": 42.864640,
  "rtt_us": 0.600000,
  "barrier_us": 0.800000,
  "cct_us": 47.527607,
  "step_us": 48.327607,
  "throughput_GBs": 4860.183181,
  "latency_all": {
    "count": 32768,
    "mean_us": 4.051794,
    "p50_us": 2.837380,
    "p99_us": 18.475304,
    "min_us": 1.143579,
    "max_us": 23.809763
  },
  "latency_hot": {
    "count": 11256,
    "mean_us": 6.930807,
    "p50_us": 5.935458,
    "p99_us": 20.467558,
    "min_us": 1.144076,
    "max_us": 23.809763
  },
  "latency_cold": {
    "count": 8154,
    "mean_us": 2.020428,
    "p50_us": 1.967410,
    "p99_us": 3.312132,
    "min_us": 1.144183,
    "max_us": 4.426759
  },
  "dispatch_cct_us": 23.717845,
  "combine_cct_us": 23.809763,
  "roundtrip_step_us": 48.327607
}
