{
  "scenario": 1,
  "scheme": "islip",
  "mode": "roundtrip",
  "batch": 256,
  "zipf_s": 0.900000,
  "topk": 8,
  "ep_size": 64,
  "seed": 88,
  "start_skew_us": 4.000000,
  "tau_g_ns": 143.360000,
  "grain_bytes": 7168,
  "total_tokens": 262144,
  "max_egress_load": 1714,
  "konig_us": 488.140800,
  "rtt_us": 0.600000,
  "barrier_us": 0.800000,
  "cct_us": 497.966780,
  "step_us": 1026.930842,
  "gemv_us": 528.164062,
  "e2e_us": 1026.130842,
  "throughput_GBs": 1829.770920,
  "latency_all": {
    "count": 262144,
    "mean_us": 44.565155,
    "p50_us": 17.702856,
    "p99_us": 209.618867,
    "min_us": 1.188951,
    "max_us": 249.416452
  },
  "latency_hot": {
    "count": 96656,
    "mean_us": 85.457203,
    "p50_us": 75.437654,
    "p99_us": 237.088475,
    "min_us": 1.428876,
    "max_us": 249.416452
  },
  "latency_cold": {
    "count": 54916,
    "mean_us": 11.325164,
    "p50_us": 10.948599,
    "p99_us": 23.552707,
    "min_us": 1.188951,
    "max_us": 28.091119
  },
  "dispatch_cct_us": 248.550328,
  "combine_cct_us": 249.416452,
  "roundtrip_step_us": 498.766780,
  "e2e_step_us": 1026.930842
}
