{
  "scenario": 4,
  "scheme": "ub_rg_pop",
  "mode": "roundtrip",
  "batch": 64,
  "zipf_s": 0.000000,
  "topk": 8,
  "ep_size": 128,
  "seed": 7,
  "start_skew_us": 4.000000,
  "tau_g_ns": 143.360000,
  "grain_bytes": 7168,
  "total_tokens": 131072,
  "max_egress_load": 92,
  "konig_us": 26.378240,
  "rtt_us": 1.200000,
  "barrier_us": 1.600000,
  "cct_us": 36.860027,
  "step_us": 60.335027,
  "gemv_us": 21.875000,
  "e2e_us": 58.735027,
  "throughput_GBs": 15571.785473,
  "latency_all": {
    "count": 131072,
    "mean_us": 9.190124,
    "p50_us": 9.113885,
    "p99_us": 15.712059,
    "min_us": 1.720721,
    "max_us": 18.466018
  },
  "latency_hot": {
    "count": 12362,
    "mean_us": 9.087342,
    "p50_us": 9.040050,
    "p99_us": 15.610801,
    "min_us": 2.108691,
    "max_us": 17.739432
  },
  "latency_cold": {
    "count": 65532,
    "mean_us": 9.328047,
    "p50_us": 9.246483,
    "p99_us": 15.785018,
    "min_us": 1.903833,
    "max_us": 18.466018
  },
  "dispatch_cct_us": 18.394009,
  "combine_cct_us": 18.466018,
  "roundtrip_step_us": 38.460027,
  "e2e_step_us": 60.335027
}
