{
  "scenario": 4,
  "scheme": "ub_rg",
  "mode": "roundtrip",
  "batch": 512,
  "zipf_s": 0.700000,
  "topk": 8,
  "ep_size": 256,
  "seed": 66,
  "start_skew_us": 4.000000,
  "tau_g_ns": 143.360000,
  "grain_bytes": 7168,
  "total_tokens": 2097152,
  "max_egress_load": 7831,
  "konig_us": 2148.392960,
  "rtt_us": 0.800000,
  "barrier_us": 1.600000,
  "cct_us": 2252.967201,
  "step_us": 4490.387514,
  "gemv_us": 2235.820312,
  "e2e_us": 4488.787514,
  "throughput_GBs": 3347.681128,
  "latency_all": {
    "count": 2097152,
    "mean_us": 107.001140,
    "p50_us": 14.961432,
    "p99_us": 565.688048,
    "min_us": 1.022154,
    "max_us": 1127.591741
  },
  "latency_hot": {
    "count": 807976,
    "mean_us": 220.861871,
    "p50_us": 81.784542,
    "p99_us": 565.848821,
    "min_us": 1.453891,
    "max_us": 1127.591741
  },
  "latency_cold": {
    "count": 486296,
    "mean_us": 22.289887,
    "p50_us": 19.883163,
    "p99_us": 36.189890,
    "min_us": 1.258040,
    "max_us": 83.267206
  },
  "dispatch_cct_us": 1127.591741,
  "combine_cct_us": 1125.375461,
  "roundtrip_step_us": 2254.567201,
  "e2e_step_us": 4490.387514
}
