{
  "scenario": 4,
  "scheme": "ub_rg",
  "mode": "roundtrip",
  "batch": 512,
  "zipf_s": 0.300000,
  "topk": 8,
  "ep_size": 512,
  "seed": 81,
  "start_skew_us": 4.000000,
  "tau_g_ns": 143.360000,
  "grain_bytes": 7168,
  "total_tokens": 4194304,
  "max_egress_load": 2611,
  "konig_us": 706.621440,
  "rtt_us": 0.800000,
  "barrier_us": 1.600000,
  "cct_us": 757.631253,
  "step_us": 1483.410940,
  "gemv_us": 724.179688,
  "e2e_us": 1481.810940,
  "throughput_GBs": 20267.324623,
  "latency_all": {
    "count": 4194304,
    "mean_us": 48.619102,
    "p50_us": 21.635374,
    "p99_us": 160.952368,
    "min_us": 1.093749,
    "max_us": 379.457298
  },
  "latency_hot": {
    "count": 809050,
    "mean_us": 83.812367,
    "p50_us": 45.025764,
    "p99_us": 160.893815,
    "min_us": 1.184386,
    "max_us": 379.457298
  },
  "latency_cold": {
    "count": 1626034,
    "mean_us": 34.622856,
    "p50_us": 16.272759,
    "p99_us": 64.415723,
    "min_us": 1.093749,
    "max_us": 119.004997
  },
  "dispatch_cct_us": 378.173954,
  "combine_cct_us": 379.457298,
  "roundtrip_step_us": 759.231253,
  "e2e_step_us": 1483.410940
}
