{
  "scenario": 1,
  "scheme": "islip",
  "mode": "roundtrip",
  "batch": 64,
  "zipf_s": 0.700000,
  "topk": 8,
  "ep_size": 128,
  "seed": 35,
  "start_skew_us": 4.000000,
  "tau_g_ns": 143.360000,
  "grain_bytes": 7168,
  "total_tokens": 131072,
  "max_egress_load": 572,
  "konig_us": 160.276480,
  "rtt_us": 0.600000,
  "barrier_us": 0.800000,
  "cct_us": 190.453888,
  "step_us": 361.878888,
  "gemv_us": 170.625000,
  "e2e_us": 361.078888,
  "throughput_GBs": 2596.239037,
  "latency_all": {
    "count": 131072,
    "mean_us": 21.733301,
    "p50_us": 17.565245,
    "p99_us": 78.138167,
    "min_us": 1.180738,
    "max_us": 96.065928
  },
  "latency_hot": {
    "count": 45072,
    "mean_us": 33.614458,
    "p50_us": 29.683282,
    "p99_us": 86.147164,
    "min_us": 1.690975,
    "max_us": 96.065928
  },
  "latency_cold": {
    "count": 31978,
    "mean_us": 13.764677,
    "p50_us": 13.715280,
    "p99_us": 24.049461,
    "min_us": 1.223998,
    "max_us": 29.593677
  },
  "dispatch_cct_us": 96.065928,
  "combine_cct_us": 94.387960,
  "roundtrip_step_us": 191.253888,
  "e2e_step_us": 361.878888
}
