{
  "scenario": 1,
  "scheme": "islip",
  "mode": "roundtrip",
  "batch": 512,
  "zipf_s": 0.900000,
  "topk": 8,
  "ep_size": 128,
  "seed": 39,
  "start_skew_us": 4.000000,
  "tau_g_ns": 143.360000,
  "grain_bytes": 7168,
  "total_tokens": 1048576,
  "max_egress_load": 6191,
  "konig_us": 1769.205760,
  "rtt_us": 0.600000,
  "barrier_us": 0.800000,
  "cct_us": 1782.698032,
  "step_us": 3705.177720,
  "gemv_us": 1921.679688,
  "e2e_us": 3704.377720,
  "throughput_GBs": 2028.564710,
  "latency_all": {
    "count": 1048576,
    "mean_us": 125.158282,
    "p50_us": 19.380778,
    "p99_us": 456.266318,
    "min_us": 1.178375,
    "max_us": 891.354711
  },
  "latency_hot": {
    "count": 463122,
    "mean_us": 238.983013,
    "p50_us": 155.623168,
    "p99_us": 470.698016,
    "min_us": 1.246779,
    "max_us": 891.354711
  },
  "latency_cold": {
    "count": 190168,
    "mean_us": 17.155852,
    "p50_us": 16.577115,
    "p99_us": 37.687727,
    "min_us": 1.178375,
    "max_us": 45.028659
  },
  "dispatch_cct_us": 891.343321,
  "combine_cct_us": 891.354711,
  "roundtrip_step_us": 1783.498032,
  "e2e_step_us": 3705.177720
}
