{
  "scenario": 1,
  "scheme": "packet_spray",
  "mode": "roundtrip",
  "batch": 256,
  "zipf_s": 0.900000,
  "topk": 8,
  "ep_size": 128,
  "seed": 46,
  "tau_g_ns": 143.360000,
  "grain_bytes": 7168,
  "total_tokens": 524288,
  "max_egress_load": 3106,
  "konig_us": 882.954240,
  "rtt_us": 0.000000,
  "barrier_us": 4.000000,
  "cct_us": 947.249440,
  "step_us": 951.249440,
  "throughput_GBs": 3950.694976,
  "latency_all": {
    "count": 524288,
    "mean_us": 165.194786,
    "p50_us": 53.293200,
    "p99_us": 335.855760,
    "min_us": 0.536720,
    "max_us": 475.345040
  },
  "latency_hot": {
    "count": 231604,
    "mean_us": 188.161322,
    "p50_us": 148.484240,
    "p99_us": 440.651920,
    "min_us": 0.536720,
    "max_us": 475.345040
  },
  "latency_cold": {
    "count": 95180,
    "mean_us": 146.018823,
    "p50_us": 49.852560,
    "p99_us": 460.865680,
    "min_us": 0.536720,
    "max_us": 471.904400
  },
  "dispatch_cct_us": 475.345040,
  "combine_cct_us": 471.904400,
  "roundtrip_step_us": 951.249440
}
