{
  "scenario": 4,
  "scheme": "packet_spray",
  "mode": "roundtrip",
  "batch": 256,
  "zipf_s": 0.900000,
  "topk": 8,
  "ep_size": 512,
  "seed": 13,
  "start_skew_us": 4.000000,
  "tau_g_ns": 143.360000,
  "grain_bytes": 7168,
  "total_tokens": 2097152,
  "max_egress_load": 11119,
  "konig_us": 3040.092160,
  "rtt_us": 0.000000,
  "barrier_us": 6.000000,
  "cct_us": 3145.228862,
  "step_us": 6303.416362,
  "gemv_us": 3152.187500,
  "e2e_us": 6297.416362,
  "throughput_GBs": 2384.799714,
  "latency_all": {
    "count": 2097152,
    "mean_us": 464.662823,
    "p50_us": 63.332214,
    "p99_us": 919.898075,
    "min_us": 1.340240,
    "max_us": 1651.020488
  },
  "latency_hot": {
    "count": 1161444,
    "mean_us": 512.663314,
    "p50_us": 101.312475,
    "p99_us": 913.743734,
    "min_us": 1.690099,
    "max_us": 1634.820808
  },
  "latency_cold": {
    "count": 305194,
    "mean_us": 403.036385,
    "p50_us": 58.476516,
    "p99_us": 1423.221448,
    "min_us": 2.247763,
    "max_us": 1651.020488
  },
  "dispatch_cct_us": 1494.208374,
  "combine_cct_us": 1651.020488,
  "roundtrip_step_us": 3151.228862,
  "e2e_step_us": 6303.416362
}
