{
  "scenario": 1,
  "scheme": "ub_rg",
  "mode": "roundtrip",
  "batch": 64,
  "zipf_s": 0.300000,
  "topk": 8,
  "ep_size": 128,
  "seed": 56,
  "tau_g_ns": 143.360000,
  "grain_bytes": 7168,
  "total_tokens": 131072,
  "max_egress_load": 190,
  "konig_us": 52.899840,
  "rtt_us": 0.600000,
  "barrier_us": 0.800000,
  "cct_us": 56.844504,
  "step_us": 57.644504,
  "throughput_GBs": 16298.589316,
  "latency_all": {
    "count": 131072,
    "mean_us": 6.987294,
    "p50_us": 6.426303,
    "p99_us": 19.646075,
    "min_us": 1.143530,
    "max_us": 28.441940
  },
  "latency_hot": {
    "count": 22620,
    "mean_us": 10.649960,
    "p50_us": 10.350030,
    "p99_us": 24.825979,
    "min_us": 1.145909,
    "max_us": 28.441940
  },
  "latency_cold": {
    "count": 51958,
    "mean_us": 5.515435,
    "p50_us": 5.440736,
    "p99_us": 10.588155,
    "min_us": 1.143530,
    "max_us": 13.385081
  },
  "dispatch_cct_us": 28.441940,
  "combine_cct_us": 28.402564,
  "roundtrip_step_us": 57.644504
}
