{
  "scenario": 1,
  "scheme": "ub_rg",
  "mode": "roundtrip",
  "batch": 64,
  "zipf_s": 0.900000,
  "topk": 8,
  "ep_size": 128,
  "seed": 77,
  "tau_g_ns": 143.360000,
  "grain_bytes": 7168,
  "total_tokens": 131072,
  "max_egress_load": 783,
  "konig_us": 220.344320,
  "rtt_us": 0.600000,
  "barrier_us": 0.800000,
  "cct_us": 226.773079,
  "step_us": 227.573079,
  "throughput_GBs": 4128.450074,
  "latency_all": {
    "count": 131072,
    "mean_us": 16.712429,
    "p50_us": 7.928560,
    "p99_us": 97.483202,
    "min_us": 1.143361,
    "max_us": 113.457532
  },
  "latency_hot": {
    "count": 57528,
    "mean_us": 30.699164,
    "p50_us": 23.412123,
    "p99_us": 104.143109,
    "min_us": 1.145591,
    "max_us": 113.457532
  },
  "latency_cold": {
    "count": 24278,
    "mean_us": 3.433058,
    "p50_us": 3.325792,
    "p99_us": 6.680358,
    "min_us": 1.143456,
    "max_us": 8.654954
  },
  "dispatch_cct_us": 113.315547,
  "combine_cct_us": 113.457532,
  "roundtrip_step_us": 227.573079
}
