{
  "scenario": 1,
  "scheme": "ub_rg",
  "mode": "roundtrip",
  "batch": 64,
  "zipf_s": 0.900000,
  "topk": 8,
  "ep_size": 64,
  "seed": 13,
  "start_skew_us": 4.000000,
  "tau_g_ns": 143.360000,
  "grain_bytes": 7168,
  "total_tokens": 65536,
  "max_egress_load": 438,
  "konig_us": 123.719680,
  "rtt_us": 0.600000,
  "barrier_us": 0.800000,
  "cct_us": 130.775329,
  "step_us": 264.231579,
  "gemv_us": 132.656250,
  "e2e_us": 263.431579,
  "throughput_GBs": 1777.842187,
  "latency_all": {
    "count": 65536,
    "mean_us": 13.699728,
    "p50_us": 8.869006,
    "p99_us": 57.369057,
    "min_us": 1.218542,
    "max_us": 66.292525
  },
  "latency_hot": {
    "count": 24564,
    "mean_us": 23.604413,
    "p50_us": 21.300078,
    "p99_us": 61.034576,
    "min_us": 1.482247,
    "max_us": 66.292525
  },
  "latency_cold": {
    "count": 13816,
    "mean_us": 5.421188,
    "p50_us": 5.395026,
    "p99_us": 9.473369,
    "min_us": 1.218542,
    "max_us": 12.576555
  },
  "dispatch_cct_us": 66.292525,
  "combine_cct_us": 64.482804,
  "roundtrip_step_us": 131.575329,
  "e2e_step_us": 264.231579
}
