{
  "scenario": 4,
  "scheme": "packet_spray",
  "mode": "roundtrip",
  "batch": 16,
  "zipf_s": 0.000000,
  "topk": 8,
  "ep_size": 512,
  "seed": 30,
  "start_skew_us": 4.000000,
  "tau_g_ns": 143.360000,
  "grain_bytes": 7168,
  "total_tokens": 131072,
  "max_egress_load": 31,
  "konig_us": 8.744960,
  "rtt_us": 0.000000,
  "barrier_us": 6.000000,
  "cct_us": 20.561280,
  "step_us": 33.084718,
  "gemv_us": 6.523438,
  "e2e_us": 27.084718,
  "throughput_GBs": 28397.525100,
  "latency_all": {
    "count": 131072,
    "mean_us": 5.901559,
    "p50_us": 6.048509,
    "p99_us": 8.594562,
    "min_us": 0.295195,
    "max_us": 10.438188
  },
  "latency_hot": {
    "count": 12952,
    "mean_us": 5.024988,
    "p50_us": 5.146904,
    "p99_us": 8.248468,
    "min_us": 0.545297,
    "max_us": 9.098365
  },
  "latency_cold": {
    "count": 65508,
    "mean_us": 6.242609,
    "p50_us": 6.352133,
    "p99_us": 8.726042,
    "min_us": 0.345297,
    "max_us": 10.123092
  },
  "dispatch_cct_us": 10.438188,
  "combine_cct_us": 10.123092,
  "roundtrip_step_us": 26.561280,
  "e2e_step_us": 33.084718
}
