{
  "scenario": 4,
  "scheme": "ub_rg",
  "mode": "roundtrip",
  "batch": 64,
  "zipf_s": 0.000000,
  "topk": 8,
  "ep_size": 512,
  "seed": 9,
  "start_skew_us": 4.000000,
  "tau_g_ns": 143.360000,
  "grain_bytes": 7168,
  "total_tokens": 524288,
  "max_egress_load": 95,
  "konig_us": 27.095040,
  "rtt_us": 0.800000,
  "barrier_us": 1.600000,
  "cct_us": 78.164231,
  "step_us": 103.201731,
  "gemv_us": 23.437500,
  "e2e_us": 101.601731,
  "throughput_GBs": 36415.051705,
  "latency_all": {
    "count": 524288,
    "mean_us": 20.031759,
    "p50_us": 18.905493,
    "p99_us": 26.441797,
    "min_us": 1.344926,
    "max_us": 39.988021
  },
  "latency_hot": {
    "count": 52020,
    "mean_us": 19.828431,
    "p50_us": 19.779176,
    "p99_us": 31.687143,
    "min_us": 3.303605,
    "max_us": 38.991571
  },
  "latency_cold": {
    "count": 262212,
    "mean_us": 19.982546,
    "p50_us": 18.465159,
    "p99_us": 31.661895,
    "min_us": 1.344926,
    "max_us": 39.670961
  },
  "dispatch_cct_us": 39.988021,
  "combine_cct_us": 38.176210,
  "roundtrip_step_us": 79.764231,
  "e2e_step_us": 103.201731
}
