{
  "scenario": 1,
  "scheme": "packet_spray",
  "mode": "roundtrip",
  "batch": 64,
  "zipf_s": 0.300000,
  "topk": 8,
  "ep_size": 128,
  "seed": 56,
  "start_skew_us": 4.000000,
  "tau_g_ns": 143.360000,
  "grain_bytes": 7168,
  "total_tokens": 131072,
  "max_egress_load": 188,
  "konig_us": 52.613120,
  "rtt_us": 0.000000,
  "barrier_us": 4.000000,
  "cct_us": 106.398683,
  "step_us": 166.101808,
  "gemv_us": 55.703125,
  "e2e_us": 162.101808,
  "throughput_GBs": 5656.314690,
  "latency_all": {
    "count": 131072,
    "mean_us": 32.354319,
    "p50_us": 32.015951,
    "p99_us": 46.473062,
    "min_us": 5.168272,
    "max_us": 57.488500
  },
  "latency_hot": {
    "count": 22620,
    "mean_us": 32.047201,
    "p50_us": 32.470105,
    "p99_us": 51.467380,
    "min_us": 8.574239,
    "max_us": 57.488500
  },
  "latency_cold": {
    "count": 51958,
    "mean_us": 32.995650,
    "p50_us": 32.137062,
    "p99_us": 46.329702,
    "min_us": 5.168272,
    "max_us": 48.910182
  },
  "dispatch_cct_us": 57.488500,
  "combine_cct_us": 48.910182,
  "roundtrip_step_us": 110.398683,
  "e2e_step_us": 166.101808
}
