{
  "scenario": 4,
  "scheme": "packet_spray",
  "mode": "roundtrip",
  "batch": 128,
  "zipf_s": 0.700000,
  "topk": 8,
  "ep_size": 128,
  "seed": 12,
  "start_skew_us": 4.000000,
  "tau_g_ns": 143.360000,
  "grain_bytes": 7168,
  "total_tokens": 262144,
  "max_egress_load": 1216,
  "konig_us": 332.165120,
  "rtt_us": 0.000000,
  "barrier_us": 6.000000,
  "cct_us": 400.851813,
  "step_us": 750.797125,
  "gemv_us": 343.945312,
  "e2e_us": 744.797125,
  "throughput_GBs": 2502.737596,
  "latency_all": {
    "count": 262144,
    "mean_us": 77.015582,
    "p50_us": 49.207847,
    "p99_us": 175.938087,
    "min_us": 2.343760,
    "max_us": 208.179562
  },
  "latency_hot": {
    "count": 90226,
    "mean_us": 85.222006,
    "p50_us": 75.581701,
    "p99_us": 178.790762,
    "min_us": 5.380350,
    "max_us": 195.707242
  },
  "latency_cold": {
    "count": 64558,
    "mean_us": 72.565102,
    "p50_us": 43.214766,
    "p99_us": 186.532202,
    "min_us": 2.343760,
    "max_us": 208.179562
  },
  "dispatch_cct_us": 192.672250,
  "combine_cct_us": 208.179562,
  "roundtrip_step_us": 406.851813,
  "e2e_step_us": 750.797125
}
