{
  "scenario": 1,
  "scheme": "islip",
  "mode": "roundtrip",
  "batch": 16,
  "zipf_s": 0.900000,
  "topk": 8,
  "ep_size": 32,
  "seed": 25,
  "start_skew_us": 4.000000,
  "tau_g_ns": 143.360000,
  "grain_bytes": 7168,
  "total_tokens": 8192,
  "max_egress_load": 61,
  "konig_us": 17.203200,
  "rtt_us": 0.600000,
  "barrier_us": 0.800000,
  "cct_us": 24.275877,
  "step_us": 43.357127,
  "gemv_us": 18.281250,
  "e2e_us": 42.557127,
  "throughput_GBs": 1354.339174,
  "latency_all": {
    "count": 8192,
    "mean_us": 4.926075,
    "p50_us": 4.671917,
    "p99_us": 10.636804,
    "min_us": 1.229075,
    "max_us": 13.346613
  },
  "latency_hot": {
    "count": 2304,
    "mean_us": 6.451060,
    "p50_us": 6.327806,
    "p99_us": 11.588503,
    "min_us": 1.491344,
    "max_us": 13.346613
  },
  "latency_cold": {
    "count": 2156,
    "mean_us": 3.838367,
    "p50_us": 3.898677,
    "p99_us": 6.657088,
    "min_us": 1.229075,
    "max_us": 7.239260
  },
  "dispatch_cct_us": 13.346613,
  "combine_cct_us": 10.929265,
  "roundtrip_step_us": 25.075877,
  "e2e_step_us": 43.357127
}
