{
  "scenario": 1,
  "scheme": "islip",
  "mode": "roundtrip",
  "batch": 256,
  "zipf_s": 0.700000,
  "topk": 8,
  "ep_size": 64,
  "seed": 11,
  "start_skew_us": 4.000000,
  "tau_g_ns": 143.360000,
  "grain_bytes": 7168,
  "total_tokens": 262144,
  "max_egress_load": 1387,
  "konig_us": 391.802880,
  "rtt_us": 0.600000,
  "barrier_us": 0.800000,
  "cct_us": 405.872588,
  "step_us": 827.180401,
  "gemv_us": 420.507812,
  "e2e_us": 826.380401,
  "throughput_GBs": 2271.630457,
  "latency_all": {
    "count": 262144,
    "mean_us": 34.871862,
    "p50_us": 17.312965,
    "p99_us": 160.346073,
    "min_us": 1.197237,
    "max_us": 203.590941
  },
  "latency_hot": {
    "count": 78380,
    "mean_us": 68.685301,
    "p50_us": 61.842267,
    "p99_us": 189.183631,
    "min_us": 1.214100,
    "max_us": 203.590941
  },
  "latency_cold": {
    "count": 70060,
    "mean_us": 13.550350,
    "p50_us": 13.201525,
    "p99_us": 28.186377,
    "min_us": 1.197237,
    "max_us": 35.551357
  },
  "dispatch_cct_us": 203.590941,
  "combine_cct_us": 202.281647,
  "roundtrip_step_us": 406.672588,
  "e2e_step_us": 827.180401
}
