{
  "scenario": 2,
  "scheme": "ub_rg_pop",
  "mode": "roundtrip",
  "batch": 16,
  "zipf_s": 0.900000,
  "topk": 8,
  "ep_size": 1024,
  "seed": 73,
  "tau_g_ns": 143.360000,
  "grain_bytes": 7168,
  "total_tokens": 262144,
  "max_egress_load": 1188,
  "konig_us": 334.888960,
  "rtt_us": 1.650000,
  "barrier_us": 2.400000,
  "cct_us": 345.702558,
  "step_us": 348.102558,
  "throughput_GBs": 5397.972952,
  "latency_all": {
    "count": 262144,
    "mean_us": 17.163369,
    "p50_us": 4.486432,
    "p99_us": 131.326429,
    "min_us": 2.593409,
    "max_us": 172.873421
  },
  "latency_hot": {
    "count": 154066,
    "mean_us": 26.560546,
    "p50_us": 11.977674,
    "p99_us": 153.335098,
    "min_us": 2.594191,
    "max_us": 172.873421
  },
  "latency_cold": {
    "count": 35026,
    "mean_us": 3.145249,
    "p50_us": 3.091876,
    "p99_us": 4.062454,
    "min_us": 2.593409,
    "max_us": 4.740428
  },
  "dispatch_cct_us": 172.873421,
  "combine_cct_us": 172.829137,
  "roundtrip_step_us": 348.102558
}
