{
  "scenario": 2,
  "scheme": "ub_rg_pop",
  "mode": "roundtrip",
  "batch": 16,
  "zipf_s": 0.000000,
  "topk": 8,
  "ep_size": 256,
  "seed": 52,
  "tau_g_ns": 143.360000,
  "grain_bytes": 7168,
  "total_tokens": 65536,
  "max_egress_load": 38,
  "konig_us": 9.605120,
  "rtt_us": 1.650000,
  "barrier_us": 2.400000,
  "cct_us": 16.025514,
  "step_us": 18.425514,
  "throughput_GBs": 25495.193221,
  "latency_all": {
    "count": 65536,
    "mean_us": 4.219509,
    "p50_us": 4.187700,
    "p99_us": 6.230835,
    "min_us": 2.593379,
    "max_us": 8.032275
  },
  "latency_hot": {
    "count": 6458,
    "mean_us": 4.222545,
    "p50_us": 4.199433,
    "p99_us": 6.197017,
    "min_us": 2.593876,
    "max_us": 7.237132
  },
  "latency_cold": {
    "count": 33038,
    "mean_us": 4.232115,
    "p50_us": 4.195721,
    "p99_us": 6.284860,
    "min_us": 2.593379,
    "max_us": 8.032275
  },
  "dispatch_cct_us": 7.993240,
  "combine_cct_us": 8.032275,
  "roundtrip_step_us": 18.425514
}
