{
  "scenario": 1,
  "scheme": "packet_spray",
  "mode": "roundtrip",
  "batch": 256,
  "zipf_s": 0.900000,
  "topk": 8,
  "ep_size": 128,
  "seed": 28,
  "tau_g_ns": 143.360000,
  "grain_bytes": 7168,
  "total_tokens": 524288,
  "max_egress_load": 3108,
  "konig_us": 885.104640,
  "rtt_us": 0.000000,
  "barrier_us": 4.000000,
  "cct_us": 951.263520,
  "step_us": 955.263520,
  "throughput_GBs": 3934.093897,
  "latency_all": {
    "count": 524288,
    "mean_us": 165.742862,
    "p50_us": 53.436560,
    "p99_us": 338.149520,
    "min_us": 0.536720,
    "max_us": 477.208720
  },
  "latency_hot": {
    "count": 231860,
    "mean_us": 188.924384,
    "p50_us": 149.057680,
    "p99_us": 442.945680,
    "min_us": 0.536720,
    "max_us": 477.208720
  },
  "latency_cold": {
    "count": 95108,
    "mean_us": 146.473940,
    "p50_us": 49.709200,
    "p99_us": 462.729360,
    "min_us": 0.536720,
    "max_us": 474.054800
  },
  "dispatch_cct_us": 477.208720,
  "combine_cct_us": 474.054800,
  "roundtrip_step_us": 955.263520
}
