{
  "scenario": 4,
  "scheme": "packet_spray",
  "mode": "roundtrip",
  "batch": 256,
  "zipf_s": 0.900000,
  "topk": 8,
  "ep_size": 256,
  "seed": 93,
  "start_skew_us": 4.000000,
  "tau_g_ns": 143.360000,
  "grain_bytes": 7168,
  "total_tokens": 1048576,
  "max_egress_load": 6134,
  "konig_us": 1675.448320,
  "rtt_us": 0.000000,
  "barrier_us": 6.000000,
  "cct_us": 1765.936913,
  "step_us": 3507.093163,
  "gemv_us": 1735.156250,
  "e2e_us": 3501.093163,
  "throughput_GBs": 2143.140321,
  "latency_all": {
    "count": 1048576,
    "mean_us": 275.531984,
    "p50_us": 59.558369,
    "p99_us": 410.236841,
    "min_us": 0.910160,
    "max_us": 925.327620
  },
  "latency_hot": {
    "count": 531188,
    "mean_us": 308.624169,
    "p50_us": 123.660201,
    "p99_us": 606.359054,
    "min_us": 1.259663,
    "max_us": 905.830660
  },
  "latency_cold": {
    "count": 168360,
    "mean_us": 240.505456,
    "p50_us": 63.590660,
    "p99_us": 819.097860,
    "min_us": 0.910160,
    "max_us": 925.327620
  },
  "dispatch_cct_us": 840.609294,
  "combine_cct_us": 925.327620,
  "roundtrip_step_us": 1771.936913,
  "e2e_step_us": 3507.093163
}
