{
  "scenario": 1,
  "scheme": "ub_rg_pop",
  "mode": "roundtrip",
  "batch": 64,
  "zipf_s": 0.700000,
  "topk": 8,
  "ep_size": 64,
  "seed": 10,
  "start_skew_us": 4.000000,
  "tau_g_ns": 143.360000,
  "grain_bytes": 7168,
  "total_tokens": 65536,
  "max_egress_load": 350,
  "konig_us": 98.344960,
  "rtt_us": 0.900000,
  "barrier_us": 0.800000,
  "cct_us": 127.402075,
  "step_us": 233.045825,
  "gemv_us": 104.843750,
  "e2e_us": 232.245825,
  "throughput_GBs": 2015.749685,
  "latency_all": {
    "count": 65536,
    "mean_us": 19.209905,
    "p50_us": 17.044847,
    "p99_us": 53.840478,
    "min_us": 1.491992,
    "max_us": 66.991067
  },
  "latency_hot": {
    "count": 19576,
    "mean_us": 27.927165,
    "p50_us": 26.258631,
    "p99_us": 58.579946,
    "min_us": 2.071982,
    "max_us": 66.991067
  },
  "latency_cold": {
    "count": 17652,
    "mean_us": 13.695658,
    "p50_us": 13.740189,
    "p99_us": 24.244036,
    "min_us": 1.741445,
    "max_us": 27.530294
  },
  "dispatch_cct_us": 66.991067,
  "combine_cct_us": 60.411008,
  "roundtrip_step_us": 128.202075,
  "e2e_step_us": 233.045825
}
