{
  "scenario": 1,
  "scheme": "islip",
  "mode": "roundtrip",
  "batch": 256,
  "zipf_s": 0.000000,
  "topk": 8,
  "ep_size": 64,
  "seed": 23,
  "start_skew_us": 4.000000,
  "tau_g_ns": 143.360000,
  "grain_bytes": 7168,
  "total_tokens": 262144,
  "max_egress_load": 304,
  "konig_us": 86.446080,
  "rtt_us": 0.600000,
  "barrier_us": 0.800000,
  "cct_us": 93.591617,
  "step_us": 178.180680,
  "gemv_us": 83.789062,
  "e2e_us": 177.380680,
  "throughput_GBs": 10545.746004,
  "latency_all": {
    "count": 262144,
    "mean_us": 21.584892,
    "p50_us": 17.092564,
    "p99_us": 41.565897,
    "min_us": 1.213510,
    "max_us": 46.849025
  },
  "latency_hot": {
    "count": 24690,
    "mean_us": 21.914676,
    "p50_us": 21.835343,
    "p99_us": 41.879786,
    "min_us": 1.434370,
    "max_us": 46.707909
  },
  "latency_cold": {
    "count": 131224,
    "mean_us": 21.603805,
    "p50_us": 21.466247,
    "p99_us": 42.263959,
    "min_us": 1.213510,
    "max_us": 46.765357
  },
  "dispatch_cct_us": 46.742592,
  "combine_cct_us": 46.849025,
  "roundtrip_step_us": 94.391617,
  "e2e_step_us": 178.180680
}
