{
  "scenario": 1,
  "scheme": "packet_spray",
  "mode": "roundtrip",
  "batch": 64,
  "zipf_s": 0.700000,
  "topk": 8,
  "ep_size": 64,
  "seed": 90,
  "start_skew_us": 4.000000,
  "tau_g_ns": 143.360000,
  "grain_bytes": 7168,
  "total_tokens": 65536,
  "max_egress_load": 349,
  "konig_us": 98.058240,
  "rtt_us": 0.000000,
  "barrier_us": 4.000000,
  "cct_us": 121.159490,
  "step_us": 229.690740,
  "gemv_us": 104.531250,
  "e2e_us": 225.690740,
  "throughput_GBs": 2045.193673,
  "latency_all": {
    "count": 65536,
    "mean_us": 24.568511,
    "p50_us": 19.976447,
    "p99_us": 55.243007,
    "min_us": 1.877583,
    "max_us": 62.189123
  },
  "latency_hot": {
    "count": 19594,
    "mean_us": 27.191598,
    "p50_us": 26.349123,
    "p99_us": 55.307843,
    "min_us": 1.913087,
    "max_us": 62.189123
  },
  "latency_cold": {
    "count": 17500,
    "mean_us": 23.481131,
    "p50_us": 15.951481,
    "p99_us": 56.389887,
    "min_us": 1.877583,
    "max_us": 58.970367
  },
  "dispatch_cct_us": 62.189123,
  "combine_cct_us": 58.970367,
  "roundtrip_step_us": 125.159490,
  "e2e_step_us": 229.690740
}
