{
  "scenario": 4,
  "scheme": "ub_rg",
  "mode": "roundtrip",
  "batch": 16,
  "zipf_s": 0.700000,
  "topk": 8,
  "ep_size": 256,
  "seed": 8,
  "start_skew_us": 4.000000,
  "tau_g_ns": 143.360000,
  "grain_bytes": 7168,
  "total_tokens": 65536,
  "max_egress_load": 244,
  "konig_us": 66.805760,
  "rtt_us": 0.800000,
  "barrier_us": 1.600000,
  "cct_us": 78.215754,
  "step_us": 149.190754,
  "gemv_us": 69.375000,
  "e2e_us": 147.590754,
  "throughput_GBs": 3148.734317,
  "latency_all": {
    "count": 65536,
    "mean_us": 7.052921,
    "p50_us": 5.591602,
    "p99_us": 29.814531,
    "min_us": 1.119326,
    "max_us": 39.296808
  },
  "latency_hot": {
    "count": 25452,
    "mean_us": 10.737158,
    "p50_us": 8.861428,
    "p99_us": 33.576917,
    "min_us": 1.345481,
    "max_us": 39.296808
  },
  "latency_cold": {
    "count": 15236,
    "mean_us": 4.234264,
    "p50_us": 4.260950,
    "p99_us": 6.840743,
    "min_us": 1.119326,
    "max_us": 8.686163
  },
  "dispatch_cct_us": 39.296808,
  "combine_cct_us": 38.918946,
  "roundtrip_step_us": 79.815754,
  "e2e_step_us": 149.190754
}
