{
  "scenario": 4,
  "scheme": "ub_rg_pop",
  "mode": "roundtrip",
  "batch": 512,
  "zipf_s": 0.300000,
  "topk": 8,
  "ep_size": 256,
  "seed": 74,
  "start_skew_us": 4.000000,
  "tau_g_ns": 143.360000,
  "grain_bytes": 7168,
  "total_tokens": 2097152,
  "max_egress_load": 1962,
  "konig_us": 543.477760,
  "rtt_us": 1.200000,
  "barrier_us": 1.600000,
  "cct_us": 586.586329,
  "step_us": 1159.592579,
  "gemv_us": 571.406250,
  "e2e_us": 1157.992579,
  "throughput_GBs": 12963.506155,
  "latency_all": {
    "count": 2097152,
    "mean_us": 55.078982,
    "p50_us": 23.830310,
    "p99_us": 131.862393,
    "min_us": 1.730512,
    "max_us": 293.730269
  },
  "latency_hot": {
    "count": 389604,
    "mean_us": 87.752413,
    "p50_us": 82.478780,
    "p99_us": 239.816759,
    "min_us": 1.763801,
    "max_us": 293.730269
  },
  "latency_cold": {
    "count": 819964,
    "mean_us": 42.059209,
    "p50_us": 29.399904,
    "p99_us": 68.376241,
    "min_us": 1.740462,
    "max_us": 121.579684
  },
  "dispatch_cct_us": 293.730269,
  "combine_cct_us": 292.856060,
  "roundtrip_step_us": 588.186329,
  "e2e_step_us": 1159.592579
}
