{
  "scenario": 1,
  "scheme": "packet_spray",
  "mode": "roundtrip",
  "batch": 64,
  "zipf_s": 0.700000,
  "topk": 8,
  "ep_size": 128,
  "seed": 11,
  "tau_g_ns": 143.360000,
  "grain_bytes": 7168,
  "total_tokens": 131072,
  "max_egress_load": 600,
  "konig_us": 167.301120,
  "rtt_us": 0.000000,
  "barrier_us": 4.000000,
  "cct_us": 185.004320,
  "step_us": 189.004320,
  "throughput_GBs": 4970.913342,
  "latency_all": {
    "count": 131072,
    "mean_us": 31.761657,
    "p50_us": 21.897360,
    "p99_us": 85.835920,
    "min_us": 0.536720,
    "max_us": 94.007440
  },
  "latency_hot": {
    "count": 45154,
    "mean_us": 35.957901,
    "p50_us": 30.642320,
    "p99_us": 83.112080,
    "min_us": 0.536720,
    "max_us": 94.007440
  },
  "latency_cold": {
    "count": 32146,
    "mean_us": 29.530569,
    "p50_us": 13.152400,
    "p99_us": 87.986320,
    "min_us": 0.536720,
    "max_us": 90.996880
  },
  "dispatch_cct_us": 94.007440,
  "combine_cct_us": 90.996880,
  "roundtrip_step_us": 189.004320
}
