{
  "scenario": 3,
  "scheme": "packet_spray",
  "mode": "roundtrip",
  "batch": 16,
  "zipf_s": 0.900000,
  "topk": 8,
  "ep_size": 256,
  "seed": 41,
  "tau_g_ns": 143.360000,
  "grain_bytes": 7168,
  "total_tokens": 65536,
  "max_egress_load": 357,
  "konig_us": 101.068800,
  "rtt_us": 0.000000,
  "barrier_us": 8.000000,
  "cct_us": 106.699680,
  "step_us": 114.699680,
  "throughput_GBs": 4095.582900,
  "latency_all": {
    "count": 65536,
    "mean_us": 19.147619,
    "p50_us": 13.782480,
    "p99_us": 52.059600,
    "min_us": 0.880080,
    "max_us": 53.493200
  },
  "latency_hot": {
    "count": 33206,
    "mean_us": 20.357116,
    "p50_us": 15.789520,
    "p99_us": 51.056080,
    "min_us": 0.880080,
    "max_us": 53.493200
  },
  "latency_cold": {
    "count": 10284,
    "mean_us": 17.861158,
    "p50_us": 4.750800,
    "p99_us": 52.633040,
    "min_us": 0.880080,
    "max_us": 53.206480
  },
  "dispatch_cct_us": 53.493200,
  "combine_cct_us": 53.206480,
  "roundtrip_step_us": 114.699680
}
