{
  "scenario": 1,
  "scheme": "packet_spray",
  "mode": "roundtrip",
  "batch": 512,
  "zipf_s": 0.700000,
  "topk": 8,
  "ep_size": 64,
  "seed": 7,
  "start_skew_us": 4.000000,
  "tau_g_ns": 143.360000,
  "grain_bytes": 7168,
  "total_tokens": 524288,
  "max_egress_load": 2763,
  "konig_us": 778.444800,
  "rtt_us": 0.000000,
  "barrier_us": 4.000000,
  "cct_us": 924.906154,
  "step_us": 1762.070217,
  "gemv_us": 833.164062,
  "e2e_us": 1758.070217,
  "throughput_GBs": 2132.773341,
  "latency_all": {
    "count": 524288,
    "mean_us": 188.116631,
    "p50_us": 113.044245,
    "p99_us": 337.385634,
    "min_us": 6.080674,
    "max_us": 467.588047
  },
  "latency_hot": {
    "count": 156222,
    "mean_us": 206.771444,
    "p50_us": 199.700188,
    "p99_us": 427.989154,
    "min_us": 6.080674,
    "max_us": 467.588047
  },
  "latency_cold": {
    "count": 141240,
    "mean_us": 180.967655,
    "p50_us": 118.885586,
    "p99_us": 442.408668,
    "min_us": 6.080674,
    "max_us": 457.318108
  },
  "dispatch_cct_us": 467.588047,
  "combine_cct_us": 457.318108,
  "roundtrip_step_us": 928.906154,
  "e2e_step_us": 1762.070217
}
