{
  "scenario": 1,
  "scheme": "islip",
  "mode": "roundtrip",
  "batch": 256,
  "zipf_s": 0.300000,
  "topk": 8,
  "ep_size": 128,
  "seed": 14,
  "start_skew_us": 4.000000,
  "tau_g_ns": 143.360000,
  "grain_bytes": 7168,
  "total_tokens": 524288,
  "max_egress_load": 776,
  "konig_us": 217.477120,
  "rtt_us": 0.600000,
  "barrier_us": 0.800000,
  "cct_us": 254.154029,
  "step_us": 486.516529,
  "gemv_us": 231.562500,
  "e2e_us": 485.716529,
  "throughput_GBs": 7724.498883,
  "latency_all": {
    "count": 524288,
    "mean_us": 32.297132,
    "p50_us": 28.056117,
    "p99_us": 50.124471,
    "min_us": 1.162788,
    "max_us": 127.089751
  },
  "latency_hot": {
    "count": 90742,
    "mean_us": 46.221153,
    "p50_us": 44.230121,
    "p99_us": 112.858923,
    "min_us": 1.171680,
    "max_us": 127.089751
  },
  "latency_cold": {
    "count": 207212,
    "mean_us": 26.417913,
    "p50_us": 25.697700,
    "p99_us": 47.238807,
    "min_us": 1.162788,
    "max_us": 58.614933
  },
  "dispatch_cct_us": 127.064278,
  "combine_cct_us": 127.089751,
  "roundtrip_step_us": 254.954029,
  "e2e_step_us": 486.516529
}
