{
  "scenario": 4,
  "scheme": "ub_rg",
  "mode": "roundtrip",
  "batch": 64,
  "zipf_s": 0.900000,
  "topk": 8,
  "ep_size": 128,
  "seed": 35,
  "start_skew_us": 4.000000,
  "tau_g_ns": 143.360000,
  "grain_bytes": 7168,
  "total_tokens": 131072,
  "max_egress_load": 790,
  "konig_us": 222.638080,
  "rtt_us": 0.800000,
  "barrier_us": 1.600000,
  "cct_us": 259.401544,
  "step_us": 499.360919,
  "gemv_us": 238.359375,
  "e2e_us": 497.760919,
  "throughput_GBs": 1881.452992,
  "latency_all": {
    "count": 131072,
    "mean_us": 27.618428,
    "p50_us": 19.791305,
    "p99_us": 109.732164,
    "min_us": 1.174442,
    "max_us": 133.574233
  },
  "latency_hot": {
    "count": 57938,
    "mean_us": 42.241503,
    "p50_us": 35.373221,
    "p99_us": 116.806618,
    "min_us": 3.350440,
    "max_us": 133.574233
  },
  "latency_cold": {
    "count": 23540,
    "mean_us": 13.716196,
    "p50_us": 13.690398,
    "p99_us": 23.985814,
    "min_us": 2.207974,
    "max_us": 28.569670
  },
  "dispatch_cct_us": 133.574233,
  "combine_cct_us": 125.827311,
  "roundtrip_step_us": 261.001544,
  "e2e_step_us": 499.360919
}
