{
  "scenario": 1,
  "scheme": "ub_rg",
  "mode": "roundtrip",
  "batch": 128,
  "zipf_s": 0.300000,
  "topk": 8,
  "ep_size": 64,
  "seed": 68,
  "start_skew_us": 4.000000,
  "tau_g_ns": 143.360000,
  "grain_bytes": 7168,
  "total_tokens": 131072,
  "max_egress_load": 316,
  "konig_us": 87.306240,
  "rtt_us": 0.600000,
  "barrier_us": 0.800000,
  "cct_us": 123.638379,
  "step_us": 215.766504,
  "gemv_us": 91.328125,
  "e2e_us": 214.966504,
  "throughput_GBs": 4354.355659,
  "latency_all": {
    "count": 131072,
    "mean_us": 22.650609,
    "p50_us": 21.893342,
    "p99_us": 46.268784,
    "min_us": 1.260584,
    "max_us": 63.218508
  },
  "latency_hot": {
    "count": 21424,
    "mean_us": 28.640262,
    "p50_us": 28.091131,
    "p99_us": 54.631404,
    "min_us": 1.579892,
    "max_us": 63.218508
  },
  "latency_cold": {
    "count": 52578,
    "mean_us": 20.128674,
    "p50_us": 20.085987,
    "p99_us": 33.946662,
    "min_us": 1.260584,
    "max_us": 41.318975
  },
  "dispatch_cct_us": 63.218508,
  "combine_cct_us": 60.419871,
  "roundtrip_step_us": 124.438379,
  "e2e_step_us": 215.766504
}
