{
  "scenario": 1,
  "scheme": "ub_rg_pop",
  "mode": "roundtrip",
  "batch": 256,
  "zipf_s": 0.000000,
  "topk": 8,
  "ep_size": 32,
  "seed": 11,
  "tau_g_ns": 143.360000,
  "grain_bytes": 7168,
  "total_tokens": 131072,
  "max_egress_load": 290,
  "konig_us": 83.148800,
  "rtt_us": 0.900000,
  "barrier_us": 0.800000,
  "cct_us": 86.372846,
  "step_us": 87.172846,
  "throughput_GBs": 10777.715029,
  "latency_all": {
    "count": 131072,
    "mean_us": 20.090989,
    "p50_us": 19.978950,
    "p99_us": 39.868679,
    "min_us": 1.443684,
    "max_us": 43.208750
  },
  "latency_hot": {
    "count": 12520,
    "mean_us": 20.444648,
    "p50_us": 20.332384,
    "p99_us": 40.055589,
    "min_us": 1.473071,
    "max_us": 42.436230
  },
  "latency_cold": {
    "count": 65436,
    "mean_us": 20.068052,
    "p50_us": 19.960680,
    "p99_us": 39.891736,
    "min_us": 1.443684,
    "max_us": 43.208750
  },
  "dispatch_cct_us": 43.164096,
  "combine_cct_us": 43.208750,
  "roundtrip_step_us": 87.172846
}
