{
  "scenario": 1,
  "scheme": "packet_spray",
  "mode": "roundtrip",
  "batch": 64,
  "zipf_s": 0.300000,
  "topk": 8,
  "ep_size": 64,
  "seed": 85,
  "start_skew_us": 4.000000,
  "tau_g_ns": 143.360000,
  "grain_bytes": 7168,
  "total_tokens": 65536,
  "max_egress_load": 168,
  "konig_us": 45.731840,
  "rtt_us": 0.000000,
  "barrier_us": 4.000000,
  "cct_us": 84.276391,
  "step_us": 135.424828,
  "gemv_us": 47.148438,
  "e2e_us": 131.424828,
  "throughput_GBs": 3468.802979,
  "latency_all": {
    "count": 65536,
    "mean_us": 25.535842,
    "p50_us": 25.070021,
    "p99_us": 38.832581,
    "min_us": 1.119782,
    "max_us": 43.006690
  },
  "latency_hot": {
    "count": 10854,
    "mean_us": 24.887726,
    "p50_us": 25.012149,
    "p99_us": 38.705890,
    "min_us": 8.402714,
    "max_us": 43.006690
  },
  "latency_cold": {
    "count": 26406,
    "mean_us": 26.380189,
    "p50_us": 25.442229,
    "p99_us": 39.692741,
    "min_us": 1.119782,
    "max_us": 41.269701
  },
  "dispatch_cct_us": 43.006690,
  "combine_cct_us": 41.269701,
  "roundtrip_step_us": 88.276391,
  "e2e_step_us": 135.424828
}
