{
  "scenario": 1,
  "scheme": "packet_spray",
  "mode": "roundtrip",
  "batch": 256,
  "zipf_s": 0.900000,
  "topk": 8,
  "ep_size": 64,
  "seed": 63,
  "start_skew_us": 4.000000,
  "tau_g_ns": 143.360000,
  "grain_bytes": 7168,
  "total_tokens": 262144,
  "max_egress_load": 1750,
  "konig_us": 493.731840,
  "rtt_us": 0.000000,
  "barrier_us": 4.000000,
  "cct_us": 561.294707,
  "step_us": 1094.630645,
  "gemv_us": 529.335938,
  "e2e_us": 1090.630645,
  "throughput_GBs": 1716.604775,
  "latency_all": {
    "count": 262144,
    "mean_us": 108.618703,
    "p50_us": 70.564425,
    "p99_us": 252.371560,
    "min_us": 1.765280,
    "max_us": 282.688267
  },
  "latency_hot": {
    "count": 97084,
    "mean_us": 123.215093,
    "p50_us": 116.103947,
    "p99_us": 259.894027,
    "min_us": 2.351720,
    "max_us": 282.688267
  },
  "latency_cold": {
    "count": 54960,
    "mean_us": 98.969190,
    "p50_us": 52.084711,
    "p99_us": 271.295080,
    "min_us": 2.611785,
    "max_us": 278.606440
  },
  "dispatch_cct_us": 282.688267,
  "combine_cct_us": 278.606440,
  "roundtrip_step_us": 565.294707,
  "e2e_step_us": 1094.630645
}
