{
  "scenario": 4,
  "scheme": "packet_spray",
  "mode": "roundtrip",
  "batch": 512,
  "zipf_s": 0.300000,
  "topk": 8,
  "ep_size": 128,
  "seed": 40,
  "start_skew_us": 4.000000,
  "tau_g_ns": 143.360000,
  "grain_bytes": 7168,
  "total_tokens": 1048576,
  "max_egress_load": 1685,
  "konig_us": 456.314880,
  "rtt_us": 0.000000,
  "barrier_us": 6.000000,
  "cct_us": 620.948794,
  "step_us": 1094.956607,
  "gemv_us": 468.007812,
  "e2e_us": 1088.956607,
  "throughput_GBs": 6864.375011,
  "latency_all": {
    "count": 1048576,
    "mean_us": 135.535840,
    "p50_us": 95.862865,
    "p99_us": 170.530162,
    "min_us": 0.193360,
    "max_us": 318.534614
  },
  "latency_hot": {
    "count": 182864,
    "mean_us": 135.855653,
    "p50_us": 136.655020,
    "p99_us": 256.969060,
    "min_us": 3.434214,
    "max_us": 302.414180
  },
  "latency_cold": {
    "count": 412986,
    "mean_us": 140.473536,
    "p50_us": 108.269740,
    "p99_us": 144.969900,
    "min_us": 0.193360,
    "max_us": 318.534614
  },
  "dispatch_cct_us": 302.414180,
  "combine_cct_us": 318.534614,
  "roundtrip_step_us": 626.948794,
  "e2e_step_us": 1094.956607
}
