{
  "scenario": 1,
  "scheme": "packet_spray",
  "mode": "roundtrip",
  "batch": 512,
  "zipf_s": 0.700000,
  "topk": 8,
  "ep_size": 64,
  "seed": 32,
  "start_skew_us": 4.000000,
  "tau_g_ns": 143.360000,
  "grain_bytes": 7168,
  "total_tokens": 524288,
  "max_egress_load": 2718,
  "konig_us": 770.846720,
  "rtt_us": 0.000000,
  "barrier_us": 4.000000,
  "cct_us": 922.453847,
  "step_us": 1757.352284,
  "gemv_us": 830.898438,
  "e2e_us": 1753.352284,
  "throughput_GBs": 2138.499160,
  "latency_all": {
    "count": 524288,
    "mean_us": 187.997346,
    "p50_us": 111.230100,
    "p99_us": 335.704180,
    "min_us": 8.843380,
    "max_us": 463.581300
  },
  "latency_hot": {
    "count": 155840,
    "mean_us": 207.250937,
    "p50_us": 199.623113,
    "p99_us": 427.884660,
    "min_us": 8.843380,
    "max_us": 463.581300
  },
  "latency_cold": {
    "count": 140626,
    "mean_us": 180.492593,
    "p50_us": 117.681300,
    "p99_us": 444.106467,
    "min_us": 8.843380,
    "max_us": 458.872547
  },
  "dispatch_cct_us": 463.581300,
  "combine_cct_us": 458.872547,
  "roundtrip_step_us": 926.453847,
  "e2e_step_us": 1757.352284
}
