{
  "scenario": 1,
  "scheme": "packet_spray",
  "mode": "roundtrip",
  "batch": 64,
  "zipf_s": 0.700000,
  "topk": 8,
  "ep_size": 128,
  "seed": 35,
  "start_skew_us": 4.000000,
  "tau_g_ns": 143.360000,
  "grain_bytes": 7168,
  "total_tokens": 131072,
  "max_egress_load": 612,
  "konig_us": 166.010880,
  "rtt_us": 0.000000,
  "barrier_us": 4.000000,
  "cct_us": 191.170755,
  "step_us": 365.795755,
  "gemv_us": 170.625000,
  "e2e_us": 361.795755,
  "throughput_GBs": 2568.439034,
  "latency_all": {
    "count": 131072,
    "mean_us": 34.231692,
    "p50_us": 24.846017,
    "p99_us": 86.355772,
    "min_us": 1.301353,
    "max_us": 99.367303
  },
  "latency_hot": {
    "count": 45072,
    "mean_us": 38.518537,
    "p50_us": 33.599292,
    "p99_us": 83.488572,
    "min_us": 2.681753,
    "max_us": 99.367303
  },
  "latency_cold": {
    "count": 31978,
    "mean_us": 31.970324,
    "p50_us": 16.244417,
    "p99_us": 88.649532,
    "min_us": 1.301353,
    "max_us": 91.803452
  },
  "dispatch_cct_us": 99.367303,
  "combine_cct_us": 91.803452,
  "roundtrip_step_us": 195.170755,
  "e2e_step_us": 365.795755
}
