{
  "scenario": 1,
  "scheme": "islip",
  "mode": "roundtrip",
  "batch": 256,
  "zipf_s": 0.900000,
  "topk": 8,
  "ep_size": 32,
  "seed": 1,
  "start_skew_us": 8.000000,
  "tau_g_ns": 143.360000,
  "grain_bytes": 7168,
  "total_tokens": 131072,
  "max_egress_load": 936,
  "konig_us": 266.792960,
  "rtt_us": 0.600000,
  "barrier_us": 0.800000,
  "cct_us": 319.865559,
  "step_us": 609.493684,
  "gemv_us": 288.828125,
  "e2e_us": 608.693684,
  "throughput_GBs": 1541.482907,
  "latency_all": {
    "count": 131072,
    "mean_us": 45.409286,
    "p50_us": 37.307884,
    "p99_us": 139.074908,
    "min_us": 1.145582,
    "max_us": 167.704674
  },
  "latency_hot": {
    "count": 36312,
    "mean_us": 71.477806,
    "p50_us": 69.775269,
    "p99_us": 148.688704,
    "min_us": 1.272562,
    "max_us": 167.704674
  },
  "latency_cold": {
    "count": 33418,
    "mean_us": 25.312506,
    "p50_us": 25.128243,
    "p99_us": 49.447413,
    "min_us": 1.145582,
    "max_us": 60.469275
  },
  "dispatch_cct_us": 167.704674,
  "combine_cct_us": 152.160885,
  "roundtrip_step_us": 320.665559,
  "e2e_step_us": 609.493684
}
