{
  "scenario": 4,
  "scheme": "packet_spray",
  "mode": "roundtrip",
  "batch": 64,
  "zipf_s": 0.700000,
  "topk": 8,
  "ep_size": 128,
  "seed": 3,
  "start_skew_us": 4.000000,
  "tau_g_ns": 143.360000,
  "grain_bytes": 7168,
  "total_tokens": 131072,
  "max_egress_load": 575,
  "konig_us": 160.706560,
  "rtt_us": 0.000000,
  "barrier_us": 6.000000,
  "cct_us": 188.572662,
  "step_us": 365.041412,
  "gemv_us": 170.468750,
  "e2e_us": 359.041412,
  "throughput_GBs": 2573.746611,
  "latency_all": {
    "count": 131072,
    "mean_us": 32.821307,
    "p50_us": 23.618460,
    "p99_us": 85.830543,
    "min_us": 0.529932,
    "max_us": 97.729423
  },
  "latency_hot": {
    "count": 45358,
    "mean_us": 36.880416,
    "p50_us": 31.927183,
    "p99_us": 84.392039,
    "min_us": 0.529932,
    "max_us": 91.851663
  },
  "latency_cold": {
    "count": 32470,
    "mean_us": 30.737732,
    "p50_us": 15.674017,
    "p99_us": 87.407503,
    "min_us": 0.599054,
    "max_us": 97.729423
  },
  "dispatch_cct_us": 90.843239,
  "combine_cct_us": 97.729423,
  "roundtrip_step_us": 194.572662,
  "e2e_step_us": 365.041412
}
