{
  "scenario": 1,
  "scheme": "islip",
  "mode": "roundtrip",
  "batch": 128,
  "zipf_s": 0.700000,
  "topk": 8,
  "ep_size": 32,
  "seed": 82,
  "start_skew_us": 4.000000,
  "tau_g_ns": 143.360000,
  "grain_bytes": 7168,
  "total_tokens": 65536,
  "max_egress_load": 420,
  "konig_us": 117.268480,
  "rtt_us": 0.600000,
  "barrier_us": 0.800000,
  "cct_us": 131.089233,
  "step_us": 256.068921,
  "gemv_us": 124.179688,
  "e2e_us": 255.268921,
  "throughput_GBs": 1834.514110,
  "latency_all": {
    "count": 65536,
    "mean_us": 19.061782,
    "p50_us": 16.271808,
    "p99_us": 54.978914,
    "min_us": 1.153657,
    "max_us": 69.782406
  },
  "latency_hot": {
    "count": 15510,
    "mean_us": 29.671116,
    "p50_us": 29.188277,
    "p99_us": 60.956313,
    "min_us": 1.190899,
    "max_us": 69.782406
  },
  "latency_cold": {
    "count": 19766,
    "mean_us": 12.592537,
    "p50_us": 12.474198,
    "p99_us": 23.912749,
    "min_us": 1.194020,
    "max_us": 26.991248
  },
  "dispatch_cct_us": 69.782406,
  "combine_cct_us": 61.306827,
  "roundtrip_step_us": 131.889233,
  "e2e_step_us": 256.068921
}
