{
  "scenario": 2,
  "scheme": "ub_rg",
  "mode": "roundtrip",
  "batch": 256,
  "zipf_s": 0.000000,
  "topk": 8,
  "ep_size": 1024,
  "seed": 29,
  "tau_g_ns": 143.360000,
  "grain_bytes": 7168,
  "total_tokens": 4194304,
  "max_egress_load": 321,
  "konig_us": 90.746880,
  "rtt_us": 1.100000,
  "barrier_us": 2.400000,
  "cct_us": 107.624004,
  "step_us": 110.024004,
  "throughput_GBs": 273256.471856,
  "latency_all": {
    "count": 4194304,
    "mean_us": 24.435538,
    "p50_us": 17.749447,
    "p99_us": 49.536352,
    "min_us": 2.043400,
    "max_us": 59.429247
  },
  "latency_hot": {
    "count": 417320,
    "mean_us": 24.389908,
    "p50_us": 26.623597,
    "p99_us": 48.639099,
    "min_us": 2.044273,
    "max_us": 59.277287
  },
  "latency_cold": {
    "count": 2098222,
    "mean_us": 24.442203,
    "p50_us": 14.965570,
    "p99_us": 47.596626,
    "min_us": 2.043429,
    "max_us": 59.429247
  },
  "dispatch_cct_us": 59.429247,
  "combine_cct_us": 48.194756,
  "roundtrip_step_us": 110.024004
}
