{
  "scenario": 1,
  "scheme": "ub_rg",
  "mode": "roundtrip",
  "batch": 16,
  "zipf_s": 0.000000,
  "topk": 8,
  "ep_size": 32,
  "seed": 58,
  "start_skew_us": 4.000000,
  "tau_g_ns": 143.360000,
  "grain_bytes": 7168,
  "total_tokens": 8192,
  "max_egress_load": 27,
  "konig_us": 7.454720,
  "rtt_us": 0.600000,
  "barrier_us": 0.800000,
  "cct_us": 51.359359,
  "step_us": 58.174984,
  "gemv_us": 6.015625,
  "e2e_us": 57.374984,
  "throughput_GBs": 1009.372967,
  "latency_all": {
    "count": 8192,
    "mean_us": 12.080146,
    "p50_us": 12.169117,
    "p99_us": 24.361276,
    "min_us": 1.147811,
    "max_us": 26.686896
  },
  "latency_hot": {
    "count": 742,
    "mean_us": 11.988629,
    "p50_us": 10.262578,
    "p99_us": 22.627248,
    "min_us": 1.734608,
    "max_us": 23.923077
  },
  "latency_cold": {
    "count": 4096,
    "mean_us": 12.533718,
    "p50_us": 12.991748,
    "p99_us": 25.086147,
    "min_us": 1.147811,
    "max_us": 26.686896
  },
  "dispatch_cct_us": 24.672463,
  "combine_cct_us": 26.686896,
  "roundtrip_step_us": 52.159359,
  "e2e_step_us": 58.174984
}
