{
  "scenario": 4,
  "scheme": "ub_rg",
  "mode": "roundtrip",
  "batch": 16,
  "zipf_s": 0.000000,
  "topk": 8,
  "ep_size": 256,
  "seed": 77,
  "start_skew_us": 4.000000,
  "tau_g_ns": 143.360000,
  "grain_bytes": 7168,
  "total_tokens": 65536,
  "max_egress_load": 31,
  "konig_us": 8.744960,
  "rtt_us": 0.800000,
  "barrier_us": 1.600000,
  "cct_us": 18.968133,
  "step_us": 26.896258,
  "gemv_us": 6.328125,
  "e2e_us": 25.296258,
  "throughput_GBs": 17465.702968,
  "latency_all": {
    "count": 65536,
    "mean_us": 4.907696,
    "p50_us": 4.881213,
    "p99_us": 8.127035,
    "min_us": 1.127341,
    "max_us": 9.813240
  },
  "latency_hot": {
    "count": 6244,
    "mean_us": 4.813182,
    "p50_us": 4.797292,
    "p99_us": 7.898526,
    "min_us": 1.407268,
    "max_us": 9.242078
  },
  "latency_cold": {
    "count": 33216,
    "mean_us": 4.936975,
    "p50_us": 4.902242,
    "p99_us": 8.196095,
    "min_us": 1.288952,
    "max_us": 9.813240
  },
  "dispatch_cct_us": 9.813240,
  "combine_cct_us": 9.154893,
  "roundtrip_step_us": 20.568133,
  "e2e_step_us": 26.896258
}
