{
  "scenario": 4,
  "scheme": "ub_rg",
  "mode": "roundtrip",
  "batch": 128,
  "zipf_s": 0.900000,
  "topk": 8,
  "ep_size": 128,
  "seed": 36,
  "start_skew_us": 4.000000,
  "tau_g_ns": 143.360000,
  "grain_bytes": 7168,
  "total_tokens": 262144,
  "max_egress_load": 1618,
  "konig_us": 451.584000,
  "rtt_us": 0.800000,
  "barrier_us": 1.600000,
  "cct_us": 500.997441,
  "step_us": 981.074003,
  "gemv_us": 478.476562,
  "e2e_us": 979.474003,
  "throughput_GBs": 1915.297098,
  "latency_all": {
    "count": 262144,
    "mean_us": 42.453937,
    "p50_us": 20.041890,
    "p99_us": 195.153731,
    "min_us": 1.021818,
    "max_us": 253.070699
  },
  "latency_hot": {
    "count": 116180,
    "mean_us": 71.470509,
    "p50_us": 56.507682,
    "p99_us": 223.339288,
    "min_us": 1.471861,
    "max_us": 253.070699
  },
  "latency_cold": {
    "count": 47688,
    "mean_us": 14.732340,
    "p50_us": 14.706774,
    "p99_us": 26.644256,
    "min_us": 1.380738,
    "max_us": 33.011061
  },
  "dispatch_cct_us": 253.070699,
  "combine_cct_us": 247.926741,
  "roundtrip_step_us": 502.597441,
  "e2e_step_us": 981.074003
}
