{
  "scenario": 3,
  "scheme": "ub_rg_pop",
  "mode": "roundtrip",
  "batch": 16,
  "zipf_s": 0.900000,
  "topk": 8,
  "ep_size": 1024,
  "seed": 5,
  "tau_g_ns": 143.360000,
  "grain_bytes": 7168,
  "total_tokens": 262144,
  "max_egress_load": 1199,
  "konig_us": 337.039360,
  "rtt_us": 1.650000,
  "barrier_us": 2.400000,
  "cct_us": 349.000309,
  "step_us": 351.400309,
  "throughput_GBs": 5347.315144,
  "latency_all": {
    "count": 262144,
    "mean_us": 17.250862,
    "p50_us": 4.497814,
    "p99_us": 131.861360,
    "min_us": 2.593438,
    "max_us": 174.524606
  },
  "latency_hot": {
    "count": 153826,
    "mean_us": 26.738300,
    "p50_us": 12.033370,
    "p99_us": 153.908310,
    "min_us": 2.594014,
    "max_us": 174.524606
  },
  "latency_cold": {
    "count": 35220,
    "mean_us": 3.146746,
    "p50_us": 3.093144,
    "p99_us": 4.053709,
    "min_us": 2.593455,
    "max_us": 4.771019
  },
  "dispatch_cct_us": 174.475703,
  "combine_cct_us": 174.524606,
  "roundtrip_step_us": 351.400309
}
