{
  "scenario": 1,
  "scheme": "packet_spray",
  "mode": "roundtrip",
  "batch": 64,
  "zipf_s": 0.300000,
  "topk": 8,
  "ep_size": 64,
  "seed": 73,
  "start_skew_us": 4.000000,
  "tau_g_ns": 143.360000,
  "grain_bytes": 7168,
  "total_tokens": 65536,
  "max_egress_load": 170,
  "konig_us": 45.588480,
  "rtt_us": 0.000000,
  "barrier_us": 4.000000,
  "cct_us": 67.715501,
  "step_us": 117.848314,
  "gemv_us": 46.132812,
  "e2e_us": 113.848314,
  "throughput_GBs": 3986.158413,
  "latency_all": {
    "count": 65536,
    "mean_us": 16.060901,
    "p50_us": 15.598387,
    "p99_us": 29.447689,
    "min_us": 1.635849,
    "max_us": 35.257253
  },
  "latency_hot": {
    "count": 10818,
    "mean_us": 15.822036,
    "p50_us": 16.190373,
    "p99_us": 30.250128,
    "min_us": 1.635849,
    "max_us": 35.257253
  },
  "latency_cold": {
    "count": 26432,
    "mean_us": 16.768617,
    "p50_us": 15.541769,
    "p99_us": 30.021129,
    "min_us": 2.047828,
    "max_us": 32.458249
  },
  "dispatch_cct_us": 35.257253,
  "combine_cct_us": 32.458249,
  "roundtrip_step_us": 71.715501,
  "e2e_step_us": 117.848314
}
