{
  "scenario": 1,
  "scheme": "ub_rg_pop",
  "mode": "roundtrip",
  "batch": 16,
  "zipf_s": 0.700000,
  "topk": 8,
  "ep_size": 32,
  "seed": 31,
  "tau_g_ns": 143.360000,
  "grain_bytes": 7168,
  "total_tokens": 8192,
  "max_egress_load": 53,
  "konig_us": 14.622720,
  "rtt_us": 0.900000,
  "barrier_us": 0.800000,
  "cct_us": 17.985771,
  "step_us": 18.785771,
  "throughput_GBs": 3125.783707,
  "latency_all": {
    "count": 8192,
    "mean_us": 3.262542,
    "p50_us": 2.858847,
    "p99_us": 7.908215,
    "min_us": 1.443661,
    "max_us": 9.031186
  },
  "latency_hot": {
    "count": 2000,
    "mean_us": 4.668930,
    "p50_us": 4.596535,
    "p99_us": 8.662342,
    "min_us": 1.455259,
    "max_us": 9.031186
  },
  "latency_cold": {
    "count": 2434,
    "mean_us": 2.378020,
    "p50_us": 2.318698,
    "p99_us": 3.803082,
    "min_us": 1.443661,
    "max_us": 4.760370
  },
  "dispatch_cct_us": 8.954584,
  "combine_cct_us": 9.031186,
  "roundtrip_step_us": 18.785771
}
