{
  "scenario": 1,
  "scheme": "packet_spray",
  "mode": "roundtrip",
  "batch": 16,
  "zipf_s": 0.300000,
  "topk": 8,
  "ep_size": 128,
  "seed": 78,
  "start_skew_us": 4.000000,
  "tau_g_ns": 143.360000,
  "grain_bytes": 7168,
  "total_tokens": 32768,
  "max_egress_load": 60,
  "konig_us": 15.626240,
  "rtt_us": 0.000000,
  "barrier_us": 4.000000,
  "cct_us": 24.081921,
  "step_us": 43.120983,
  "gemv_us": 15.039062,
  "e2e_us": 39.120983,
  "throughput_GBs": 5447.023869,
  "latency_all": {
    "count": 32768,
    "mean_us": 6.116718,
    "p50_us": 6.159427,
    "p99_us": 9.754943,
    "min_us": 0.741569,
    "max_us": 13.197541
  },
  "latency_hot": {
    "count": 5722,
    "mean_us": 5.924003,
    "p50_us": 6.010140,
    "p99_us": 11.314988,
    "min_us": 1.009983,
    "max_us": 13.197541
  },
  "latency_cold": {
    "count": 13092,
    "mean_us": 6.325278,
    "p50_us": 6.311624,
    "p99_us": 9.646252,
    "min_us": 0.741569,
    "max_us": 10.884380
  },
  "dispatch_cct_us": 13.197541,
  "combine_cct_us": 10.884380,
  "roundtrip_step_us": 28.081921,
  "e2e_step_us": 43.120983
}
