{
  "scenario": 4,
  "scheme": "packet_spray",
  "mode": "roundtrip",
  "batch": 128,
  "zipf_s": 0.900000,
  "topk": 8,
  "ep_size": 512,
  "seed": 20,
  "start_skew_us": 4.000000,
  "tau_g_ns": 143.360000,
  "grain_bytes": 7168,
  "total_tokens": 1048576,
  "max_egress_load": 5528,
  "konig_us": 1514.024960,
  "rtt_us": 0.000000,
  "barrier_us": 6.000000,
  "cct_us": 1558.691203,
  "step_us": 3137.425578,
  "gemv_us": 1572.734375,
  "e2e_us": 3131.425578,
  "throughput_GBs": 2395.656114,
  "latency_all": {
    "count": 1048576,
    "mean_us": 226.625376,
    "p50_us": 27.021610,
    "p99_us": 322.403142,
    "min_us": 0.229057,
    "max_us": 820.892668
  },
  "latency_hot": {
    "count": 581182,
    "mean_us": 250.293231,
    "p50_us": 61.712775,
    "p99_us": 483.184262,
    "min_us": 0.241241,
    "max_us": 812.721148
  },
  "latency_cold": {
    "count": 153304,
    "mean_us": 196.397965,
    "p50_us": 27.551920,
    "p99_us": 723.981308,
    "min_us": 0.229057,
    "max_us": 820.892668
  },
  "dispatch_cct_us": 737.798535,
  "combine_cct_us": 820.892668,
  "roundtrip_step_us": 1564.691203,
  "e2e_step_us": 3137.425578
}
