{
  "scenario": 1,
  "scheme": "ub_rg",
  "mode": "roundtrip",
  "batch": 64,
  "zipf_s": 0.300000,
  "topk": 8,
  "ep_size": 32,
  "seed": 87,
  "start_skew_us": 4.000000,
  "tau_g_ns": 143.360000,
  "grain_bytes": 7168,
  "total_tokens": 32768,
  "max_egress_load": 139,
  "konig_us": 36.700160,
  "rtt_us": 0.600000,
  "barrier_us": 0.800000,
  "cct_us": 61.701822,
  "step_us": 99.025259,
  "gemv_us": 36.523438,
  "e2e_us": 98.225259,
  "throughput_GBs": 2371.930413,
  "latency_all": {
    "count": 32768,
    "mean_us": 14.500344,
    "p50_us": 14.101764,
    "p99_us": 29.235307,
    "min_us": 1.149930,
    "max_us": 37.247000
  },
  "latency_hot": {
    "count": 4998,
    "mean_us": 16.441231,
    "p50_us": 16.172673,
    "p99_us": 32.568728,
    "min_us": 1.289373,
    "max_us": 37.247000
  },
  "latency_cold": {
    "count": 13440,
    "mean_us": 13.838565,
    "p50_us": 13.538805,
    "p99_us": 26.665957,
    "min_us": 1.149930,
    "max_us": 31.238721
  },
  "dispatch_cct_us": 37.247000,
  "combine_cct_us": 24.454822,
  "roundtrip_step_us": 62.501822,
  "e2e_step_us": 99.025259
}
