{
  "scenario": 1,
  "scheme": "ub_rg",
  "mode": "roundtrip",
  "batch": 512,
  "zipf_s": 0.700000,
  "topk": 8,
  "ep_size": 64,
  "seed": 69,
  "start_skew_us": 4.000000,
  "tau_g_ns": 143.360000,
  "grain_bytes": 7168,
  "total_tokens": 524288,
  "max_egress_load": 2680,
  "konig_us": 763.822080,
  "rtt_us": 0.600000,
  "barrier_us": 0.800000,
  "cct_us": 797.832100,
  "step_us": 1626.053975,
  "gemv_us": 827.421875,
  "e2e_us": 1625.253975,
  "throughput_GBs": 2311.175670,
  "latency_all": {
    "count": 524288,
    "mean_us": 73.969775,
    "p50_us": 42.532039,
    "p99_us": 145.256612,
    "min_us": 1.144534,
    "max_us": 404.783209
  },
  "latency_hot": {
    "count": 155862,
    "mean_us": 139.742345,
    "p50_us": 126.465430,
    "p99_us": 376.512759,
    "min_us": 1.989500,
    "max_us": 404.783209
  },
  "latency_cold": {
    "count": 141450,
    "mean_us": 32.062470,
    "p50_us": 31.516390,
    "p99_us": 60.685746,
    "min_us": 1.144534,
    "max_us": 74.105588
  },
  "dispatch_cct_us": 404.783209,
  "combine_cct_us": 393.048891,
  "roundtrip_step_us": 798.632100,
  "e2e_step_us": 1626.053975
}
