{
  "scenario": 4,
  "scheme": "ub_rg",
  "mode": "roundtrip",
  "batch": 512,
  "zipf_s": 0.900000,
  "topk": 8,
  "ep_size": 256,
  "seed": 67,
  "start_skew_us": 4.000000,
  "tau_g_ns": 143.360000,
  "grain_bytes": 7168,
  "total_tokens": 2097152,
  "max_egress_load": 12177,
  "konig_us": 3339.857920,
  "rtt_us": 0.800000,
  "barrier_us": 1.600000,
  "cct_us": 3519.701495,
  "step_us": 6996.301495,
  "gemv_us": 3475.000000,
  "e2e_us": 6994.701495,
  "throughput_GBs": 2148.618888,
  "latency_all": {
    "count": 2097152,
    "mean_us": 198.529744,
    "p50_us": 23.449283,
    "p99_us": 1038.123217,
    "min_us": 1.375878,
    "max_us": 1762.253488
  },
  "latency_hot": {
    "count": 1062616,
    "mean_us": 350.562409,
    "p50_us": 95.225092,
    "p99_us": 1038.256353,
    "min_us": 3.345899,
    "max_us": 1762.253488
  },
  "latency_cold": {
    "count": 338006,
    "mean_us": 26.554161,
    "p50_us": 23.646233,
    "p99_us": 46.588244,
    "min_us": 1.723314,
    "max_us": 83.146359
  },
  "dispatch_cct_us": 1762.253488,
  "combine_cct_us": 1757.448007,
  "roundtrip_step_us": 3521.301495,
  "e2e_step_us": 6996.301495
}
