{
  "scenario": 1,
  "scheme": "ub_rg_pop",
  "mode": "roundtrip",
  "batch": 64,
  "zipf_s": 0.300000,
  "topk": 8,
  "ep_size": 64,
  "seed": 4,
  "tau_g_ns": 143.360000,
  "grain_bytes": 7168,
  "total_tokens": 65536,
  "max_egress_load": 163,
  "konig_us": 45.445120,
  "rtt_us": 0.900000,
  "barrier_us": 0.800000,
  "cct_us": 49.640006,
  "step_us": 50.440006,
  "throughput_GBs": 9313.282991,
  "latency_all": {
    "count": 65536,
    "mean_us": 6.938777,
    "p50_us": 6.448276,
    "p99_us": 18.714662,
    "min_us": 1.444829,
    "max_us": 24.850906
  },
  "latency_hot": {
    "count": 10782,
    "mean_us": 10.196820,
    "p50_us": 9.879527,
    "p99_us": 22.918266,
    "min_us": 1.446249,
    "max_us": 24.850906
  },
  "latency_cold": {
    "count": 26172,
    "mean_us": 5.608270,
    "p50_us": 5.498801,
    "p99_us": 10.548658,
    "min_us": 1.445051,
    "max_us": 12.732371
  },
  "dispatch_cct_us": 24.850906,
  "combine_cct_us": 24.789099,
  "roundtrip_step_us": 50.440006
}
