{
  "scenario": 4,
  "scheme": "packet_spray",
  "mode": "roundtrip",
  "batch": 128,
  "zipf_s": 0.700000,
  "topk": 8,
  "ep_size": 256,
  "seed": 13,
  "start_skew_us": 4.000000,
  "tau_g_ns": 143.360000,
  "grain_bytes": 7168,
  "total_tokens": 524288,
  "max_egress_load": 2020,
  "konig_us": 550.789120,
  "rtt_us": 0.000000,
  "barrier_us": 6.000000,
  "cct_us": 593.119825,
  "step_us": 1168.221388,
  "gemv_us": 569.101562,
  "e2e_us": 1162.221388,
  "throughput_GBs": 3216.938522,
  "latency_all": {
    "count": 524288,
    "mean_us": 90.992983,
    "p50_us": 27.397966,
    "p99_us": 182.782354,
    "min_us": 0.336944,
    "max_us": 306.688192
  },
  "latency_hot": {
    "count": 202560,
    "mean_us": 102.540478,
    "p50_us": 78.745792,
    "p99_us": 263.924114,
    "min_us": 0.336944,
    "max_us": 296.222912
  },
  "latency_cold": {
    "count": 121286,
    "mean_us": 83.715493,
    "p50_us": 28.795220,
    "p99_us": 272.425152,
    "min_us": 0.570652,
    "max_us": 306.688192
  },
  "dispatch_cct_us": 286.431634,
  "combine_cct_us": 306.688192,
  "roundtrip_step_us": 599.119825,
  "e2e_step_us": 1168.221388
}
