{
  "scenario": 3,
  "scheme": "ub_rg",
  "mode": "roundtrip",
  "batch": 64,
  "zipf_s": 0.000000,
  "topk": 8,
  "ep_size": 1024,
  "seed": 54,
  "tau_g_ns": 143.360000,
  "grain_bytes": 7168,
  "total_tokens": 1048576,
  "max_egress_load": 98,
  "konig_us": 27.381760,
  "rtt_us": 1.100000,
  "barrier_us": 2.400000,
  "cct_us": 36.557335,
  "step_us": 38.957335,
  "throughput_GBs": 192933.955622,
  "latency_all": {
    "count": 1048576,
    "mean_us": 8.277553,
    "p50_us": 6.707710,
    "p99_us": 14.434065,
    "min_us": 2.043499,
    "max_us": 20.430254
  },
  "latency_hot": {
    "count": 104410,
    "mean_us": 8.260379,
    "p50_us": 8.240413,
    "p99_us": 15.853639,
    "min_us": 2.043499,
    "max_us": 19.402189
  },
  "latency_cold": {
    "count": 523750,
    "mean_us": 8.272656,
    "p50_us": 8.257950,
    "p99_us": 13.899502,
    "min_us": 2.043553,
    "max_us": 20.430254
  },
  "dispatch_cct_us": 20.430254,
  "combine_cct_us": 16.127081,
  "roundtrip_step_us": 38.957335
}
