{
  "scenario": 1,
  "scheme": "packet_spray",
  "mode": "roundtrip",
  "batch": 512,
  "zipf_s": 0.700000,
  "topk": 8,
  "ep_size": 64,
  "seed": 41,
  "start_skew_us": 4.000000,
  "tau_g_ns": 143.360000,
  "grain_bytes": 7168,
  "total_tokens": 524288,
  "max_egress_load": 2780,
  "konig_us": 779.448320,
  "rtt_us": 0.000000,
  "barrier_us": 4.000000,
  "cct_us": 935.375108,
  "step_us": 1769.453233,
  "gemv_us": 830.078125,
  "e2e_us": 1765.453233,
  "throughput_GBs": 2123.874377,
  "latency_all": {
    "count": 524288,
    "mean_us": 188.809022,
    "p50_us": 108.798934,
    "p99_us": 337.458134,
    "min_us": 8.988301,
    "max_us": 473.363414
  },
  "latency_hot": {
    "count": 155258,
    "mean_us": 208.718456,
    "p50_us": 200.092975,
    "p99_us": 429.781974,
    "min_us": 11.027414,
    "max_us": 473.363414
  },
  "latency_cold": {
    "count": 141112,
    "mean_us": 181.568047,
    "p50_us": 115.966934,
    "p99_us": 446.958895,
    "min_us": 8.988301,
    "max_us": 462.011695
  },
  "dispatch_cct_us": 473.363414,
  "combine_cct_us": 462.011695,
  "roundtrip_step_us": 939.375108,
  "e2e_step_us": 1769.453233
}
