{
  "scenario": 1,
  "scheme": "ub_rg",
  "mode": "roundtrip",
  "batch": 16,
  "zipf_s": 0.000000,
  "topk": 8,
  "ep_size": 128,
  "seed": 49,
  "start_skew_us": 4.000000,
  "tau_g_ns": 143.360000,
  "grain_bytes": 7168,
  "total_tokens": 32768,
  "max_egress_load": 30,
  "konig_us": 8.458240,
  "rtt_us": 0.600000,
  "barrier_us": 0.800000,
  "cct_us": 18.103043,
  "step_us": 25.426481,
  "gemv_us": 6.523438,
  "e2e_us": 24.626481,
  "throughput_GBs": 9237.653697,
  "latency_all": {
    "count": 32768,
    "mean_us": 4.673998,
    "p50_us": 4.663190,
    "p99_us": 7.835341,
    "min_us": 1.208135,
    "max_us": 9.344262
  },
  "latency_hot": {
    "count": 2948,
    "mean_us": 4.781472,
    "p50_us": 4.819413,
    "p99_us": 7.837277,
    "min_us": 1.223793,
    "max_us": 8.707332
  },
  "latency_cold": {
    "count": 16732,
    "mean_us": 4.606965,
    "p50_us": 4.573054,
    "p99_us": 7.903965,
    "min_us": 1.210057,
    "max_us": 9.344262
  },
  "dispatch_cct_us": 9.344262,
  "combine_cct_us": 8.758782,
  "roundtrip_step_us": 18.903043,
  "e2e_step_us": 25.426481
}
