{
  "scenario": 4,
  "scheme": "packet_spray",
  "mode": "roundtrip",
  "batch": 512,
  "zipf_s": 0.700000,
  "topk": 8,
  "ep_size": 512,
  "seed": 52,
  "start_skew_us": 4.000000,
  "tau_g_ns": 143.360000,
  "grain_bytes": 7168,
  "total_tokens": 4194304,
  "max_egress_load": 12946,
  "konig_us": 3539.558400,
  "rtt_us": 0.000000,
  "barrier_us": 6.000000,
  "cct_us": 3682.902078,
  "step_us": 7358.667703,
  "gemv_us": 3669.765625,
  "e2e_us": 7352.667703,
  "throughput_GBs": 4085.626949,
  "latency_all": {
    "count": 4194304,
    "mean_us": 530.739514,
    "p50_us": 93.063321,
    "p99_us": 1138.645013,
    "min_us": 0.222673,
    "max_us": 1936.053780
  },
  "latency_hot": {
    "count": 1742810,
    "mean_us": 592.317082,
    "p50_us": 121.209460,
    "p99_us": 1139.862058,
    "min_us": 0.440893,
    "max_us": 1894.479380
  },
  "latency_cold": {
    "count": 925342,
    "mean_us": 486.881954,
    "p50_us": 79.145712,
    "p99_us": 107.149701,
    "min_us": 0.256435,
    "max_us": 1936.053780
  },
  "dispatch_cct_us": 1746.848298,
  "combine_cct_us": 1936.053780,
  "roundtrip_step_us": 3688.902078,
  "e2e_step_us": 7358.667703
}
