{
  "scenario": 1,
  "scheme": "ub_rg_pop",
  "mode": "roundtrip",
  "batch": 512,
  "zipf_s": 0.900000,
  "topk": 8,
  "ep_size": 64,
  "seed": 65,
  "start_skew_us": 4.000000,
  "tau_g_ns": 143.360000,
  "grain_bytes": 7168,
  "total_tokens": 524288,
  "max_egress_load": 3407,
  "konig_us": 971.694080,
  "rtt_us": 0.900000,
  "barrier_us": 0.800000,
  "cct_us": 1001.522107,
  "step_us": 2055.759607,
  "gemv_us": 1053.437500,
  "e2e_us": 2054.959607,
  "throughput_GBs": 1828.081635,
  "latency_all": {
    "count": 524288,
    "mean_us": 92.743467,
    "p50_us": 41.574431,
    "p99_us": 200.654951,
    "min_us": 1.456360,
    "max_us": 503.072335
  },
  "latency_hot": {
    "count": 192902,
    "mean_us": 173.949339,
    "p50_us": 154.381863,
    "p99_us": 476.447972,
    "min_us": 1.888123,
    "max_us": 503.072335
  },
  "latency_cold": {
    "count": 111176,
    "mean_us": 26.921273,
    "p50_us": 26.313747,
    "p99_us": 52.594740,
    "min_us": 1.892603,
    "max_us": 61.379842
  },
  "dispatch_cct_us": 503.072335,
  "combine_cct_us": 498.449772,
  "roundtrip_step_us": 1002.322107,
  "e2e_step_us": 2055.759607
}
