{
  "scenario": 1,
  "scheme": "ub_rg_pop",
  "mode": "roundtrip",
  "batch": 256,
  "zipf_s": 0.700000,
  "topk": 8,
  "ep_size": 128,
  "seed": 57,
  "start_skew_us": 4.000000,
  "tau_g_ns": 143.360000,
  "grain_bytes": 7168,
  "total_tokens": 524288,
  "max_egress_load": 2230,
  "konig_us": 633.221120,
  "rtt_us": 0.900000,
  "barrier_us": 0.800000,
  "cct_us": 647.660851,
  "step_us": 1331.624913,
  "gemv_us": 683.164062,
  "e2e_us": 1330.824913,
  "throughput_GBs": 2822.188400,
  "latency_all": {
    "count": 524288,
    "mean_us": 43.873437,
    "p50_us": 19.274671,
    "p99_us": 89.519329,
    "min_us": 1.477925,
    "max_us": 324.609884
  },
  "latency_hot": {
    "count": 180212,
    "mean_us": 88.455805,
    "p50_us": 71.373455,
    "p99_us": 301.511247,
    "min_us": 1.590371,
    "max_us": 324.609884
  },
  "latency_cold": {
    "count": 129664,
    "mean_us": 13.554735,
    "p50_us": 13.285360,
    "p99_us": 26.695109,
    "min_us": 1.477925,
    "max_us": 32.170135
  },
  "dispatch_cct_us": 323.050967,
  "combine_cct_us": 324.609884,
  "roundtrip_step_us": 648.460851,
  "e2e_step_us": 1331.624913
}
