{
  "scenario": 1,
  "scheme": "islip",
  "mode": "roundtrip",
  "batch": 256,
  "zipf_s": 0.000000,
  "topk": 8,
  "ep_size": 32,
  "seed": 45,
  "start_skew_us": 4.000000,
  "tau_g_ns": 143.360000,
  "grain_bytes": 7168,
  "total_tokens": 131072,
  "max_egress_load": 295,
  "konig_us": 84.439040,
  "rtt_us": 0.600000,
  "barrier_us": 0.800000,
  "cct_us": 113.250126,
  "step_us": 197.526688,
  "gemv_us": 83.476562,
  "e2e_us": 196.726688,
  "throughput_GBs": 4756.441288,
  "latency_all": {
    "count": 131072,
    "mean_us": 25.728845,
    "p50_us": 25.624648,
    "p99_us": 48.900272,
    "min_us": 1.178736,
    "max_us": 58.744614
  },
  "latency_hot": {
    "count": 12234,
    "mean_us": 24.373314,
    "p50_us": 24.269738,
    "p99_us": 46.855171,
    "min_us": 1.327517,
    "max_us": 56.354908
  },
  "latency_cold": {
    "count": 65588,
    "mean_us": 25.967921,
    "p50_us": 25.862672,
    "p99_us": 48.666647,
    "min_us": 1.219667,
    "max_us": 57.550520
  },
  "dispatch_cct_us": 58.744614,
  "combine_cct_us": 54.505512,
  "roundtrip_step_us": 114.050126,
  "e2e_step_us": 197.526688
}
