{
  "scenario": 1,
  "scheme": "ub_rg_pop",
  "mode": "roundtrip",
  "batch": 256,
  "zipf_s": 0.000000,
  "topk": 8,
  "ep_size": 64,
  "seed": 74,
  "start_skew_us": 4.000000,
  "tau_g_ns": 143.360000,
  "grain_bytes": 7168,
  "total_tokens": 262144,
  "max_egress_load": 301,
  "konig_us": 85.299200,
  "rtt_us": 0.900000,
  "barrier_us": 0.800000,
  "cct_us": 124.574678,
  "step_us": 208.499678,
  "gemv_us": 83.125000,
  "e2e_us": 207.699678,
  "throughput_GBs": 9012.235447,
  "latency_all": {
    "count": 262144,
    "mean_us": 30.221713,
    "p50_us": 25.736510,
    "p99_us": 52.528577,
    "min_us": 1.463801,
    "max_us": 62.624728
  },
  "latency_hot": {
    "count": 24352,
    "mean_us": 30.372425,
    "p50_us": 30.251346,
    "p99_us": 52.214595,
    "min_us": 2.337798,
    "max_us": 61.027881
  },
  "latency_cold": {
    "count": 130838,
    "mean_us": 30.563180,
    "p50_us": 30.423968,
    "p99_us": 53.633253,
    "min_us": 2.353952,
    "max_us": 62.624728
  },
  "dispatch_cct_us": 61.949950,
  "combine_cct_us": 62.624728,
  "roundtrip_step_us": 125.374678,
  "e2e_step_us": 208.499678
}
