{
  "scenario": 1,
  "scheme": "packet_spray",
  "mode": "roundtrip",
  "batch": 128,
  "zipf_s": 0.900000,
  "topk": 8,
  "ep_size": 32,
  "seed": 62,
  "start_skew_us": 4.000000,
  "tau_g_ns": 143.360000,
  "grain_bytes": 7168,
  "total_tokens": 65536,
  "max_egress_load": 492,
  "konig_us": 136.908800,
  "rtt_us": 0.000000,
  "barrier_us": 4.000000,
  "cct_us": 175.732046,
  "step_us": 324.419546,
  "gemv_us": 144.687500,
  "e2e_us": 320.419546,
  "throughput_GBs": 1448.007848,
  "latency_all": {
    "count": 65536,
    "mean_us": 39.256261,
    "p50_us": 34.540098,
    "p99_us": 81.418818,
    "min_us": 2.443208,
    "max_us": 89.590338
  },
  "latency_hot": {
    "count": 18202,
    "mean_us": 42.743412,
    "p50_us": 42.854978,
    "p99_us": 82.709058,
    "min_us": 3.422987,
    "max_us": 89.590338
  },
  "latency_cold": {
    "count": 16764,
    "mean_us": 37.627398,
    "p50_us": 28.088898,
    "p99_us": 83.417867,
    "min_us": 2.443208,
    "max_us": 86.141707
  },
  "dispatch_cct_us": 89.590338,
  "combine_cct_us": 86.141707,
  "roundtrip_step_us": 179.732046,
  "e2e_step_us": 324.419546
}
