{
  "scenario": 1,
  "scheme": "ub_rg",
  "mode": "roundtrip",
  "batch": 256,
  "zipf_s": 0.900000,
  "topk": 8,
  "ep_size": 64,
  "seed": 38,
  "tau_g_ns": 143.360000,
  "grain_bytes": 7168,
  "total_tokens": 262144,
  "max_egress_load": 1726,
  "konig_us": 490.721280,
  "rtt_us": 0.600000,
  "barrier_us": 0.800000,
  "cct_us": 497.265369,
  "step_us": 498.065369,
  "throughput_GBs": 3772.693926,
  "latency_all": {
    "count": 262144,
    "mean_us": 42.853142,
    "p50_us": 15.936952,
    "p99_us": 208.615761,
    "min_us": 1.143581,
    "max_us": 248.647951
  },
  "latency_hot": {
    "count": 96628,
    "mean_us": 83.604321,
    "p50_us": 73.733986,
    "p99_us": 235.790182,
    "min_us": 1.145286,
    "max_us": 248.647951
  },
  "latency_cold": {
    "count": 55358,
    "mean_us": 9.619361,
    "p50_us": 9.282019,
    "p99_us": 21.646380,
    "min_us": 1.143965,
    "max_us": 26.219896
  },
  "dispatch_cct_us": 248.647951,
  "combine_cct_us": 248.617418,
  "roundtrip_step_us": 498.065369
}
