{
  "scenario": 4,
  "scheme": "ub_rg_pop",
  "mode": "roundtrip",
  "batch": 512,
  "zipf_s": 0.000000,
  "topk": 8,
  "ep_size": 512,
  "seed": 56,
  "start_skew_us": 4.000000,
  "tau_g_ns": 143.360000,
  "grain_bytes": 7168,
  "total_tokens": 4194304,
  "max_egress_load": 642,
  "konig_us": 181.923840,
  "rtt_us": 1.200000,
  "barrier_us": 1.600000,
  "cct_us": 234.503811,
  "step_us": 404.267873,
  "gemv_us": 168.164062,
  "e2e_us": 402.667873,
  "throughput_GBs": 74368.439962,
  "latency_all": {
    "count": 4194304,
    "mean_us": 55.198699,
    "p50_us": 35.662373,
    "p99_us": 98.777069,
    "min_us": 1.617066,
    "max_us": 122.550873
  },
  "latency_hot": {
    "count": 417078,
    "mean_us": 55.132371,
    "p50_us": 56.943398,
    "p99_us": 94.554324,
    "min_us": 2.250131,
    "max_us": 116.347036
  },
  "latency_cold": {
    "count": 2097560,
    "mean_us": 55.138457,
    "p50_us": 31.148316,
    "p99_us": 95.696389,
    "min_us": 1.617066,
    "max_us": 117.880544
  },
  "dispatch_cct_us": 122.550873,
  "combine_cct_us": 111.952938,
  "roundtrip_step_us": 236.103811,
  "e2e_step_us": 404.267873
}
