{
  "scenario": 4,
  "scheme": "ub_rg",
  "mode": "roundtrip",
  "batch": 128,
  "zipf_s": 0.700000,
  "topk": 8,
  "ep_size": 512,
  "seed": 62,
  "start_skew_us": 4.000000,
  "tau_g_ns": 143.360000,
  "grain_bytes": 7168,
  "total_tokens": 1048576,
  "max_egress_load": 3208,
  "konig_us": 882.237440,
  "rtt_us": 0.800000,
  "barrier_us": 1.600000,
  "cct_us": 959.259941,
  "step_us": 1881.406816,
  "gemv_us": 920.546875,
  "e2e_us": 1879.806816,
  "throughput_GBs": 3994.985403,
  "latency_all": {
    "count": 1048576,
    "mean_us": 49.229185,
    "p50_us": 21.682316,
    "p99_us": 146.806551,
    "min_us": 1.378329,
    "max_us": 480.016887
  },
  "latency_hot": {
    "count": 435924,
    "mean_us": 85.788961,
    "p50_us": 54.038819,
    "p99_us": 208.619914,
    "min_us": 5.120474,
    "max_us": 480.016887
  },
  "latency_cold": {
    "count": 231164,
    "mean_us": 19.528879,
    "p50_us": 18.534466,
    "p99_us": 31.967154,
    "min_us": 1.989854,
    "max_us": 53.818154
  },
  "dispatch_cct_us": 479.243054,
  "combine_cct_us": 480.016887,
  "roundtrip_step_us": 960.859941,
  "e2e_step_us": 1881.406816
}
