{
  "scenario": 4,
  "scheme": "packet_spray",
  "mode": "roundtrip",
  "batch": 512,
  "zipf_s": 0.300000,
  "topk": 8,
  "ep_size": 128,
  "seed": 91,
  "start_skew_us": 4.000000,
  "tau_g_ns": 143.360000,
  "grain_bytes": 7168,
  "total_tokens": 1048576,
  "max_egress_load": 1667,
  "konig_us": 451.440640,
  "rtt_us": 0.000000,
  "barrier_us": 6.000000,
  "cct_us": 614.937460,
  "step_us": 1083.945272,
  "gemv_us": 463.007812,
  "e2e_us": 1077.945272,
  "throughput_GBs": 6934.107247,
  "latency_all": {
    "count": 1048576,
    "mean_us": 134.719715,
    "p50_us": 96.722526,
    "p99_us": 168.402526,
    "min_us": 2.277353,
    "max_us": 314.941426
  },
  "latency_hot": {
    "count": 181750,
    "mean_us": 134.198879,
    "p50_us": 134.881266,
    "p99_us": 256.214120,
    "min_us": 3.076552,
    "max_us": 299.996033
  },
  "latency_cold": {
    "count": 414454,
    "mean_us": 140.068983,
    "p50_us": 109.495973,
    "p99_us": 144.031326,
    "min_us": 2.277353,
    "max_us": 314.941426
  },
  "dispatch_cct_us": 299.996033,
  "combine_cct_us": 314.941426,
  "roundtrip_step_us": 620.937460,
  "e2e_step_us": 1083.945272
}
