{
  "scenario": 1,
  "scheme": "packet_spray",
  "mode": "roundtrip",
  "batch": 16,
  "zipf_s": 0.000000,
  "topk": 8,
  "ep_size": 64,
  "seed": 43,
  "start_skew_us": 4.000000,
  "tau_g_ns": 143.360000,
  "grain_bytes": 7168,
  "total_tokens": 16384,
  "max_egress_load": 28,
  "konig_us": 7.741440,
  "rtt_us": 0.000000,
  "barrier_us": 4.000000,
  "cct_us": 49.288032,
  "step_us": 58.991157,
  "gemv_us": 5.703125,
  "e2e_us": 54.991157,
  "throughput_GBs": 1990.815534,
  "latency_all": {
    "count": 16384,
    "mean_us": 17.117468,
    "p50_us": 17.491870,
    "p99_us": 24.298456,
    "min_us": 3.681028,
    "max_us": 26.018776
  },
  "latency_hot": {
    "count": 1560,
    "mean_us": 15.563382,
    "p50_us": 16.602364,
    "p99_us": 21.835657,
    "min_us": 5.362222,
    "max_us": 22.695817
  },
  "latency_cold": {
    "count": 8160,
    "mean_us": 17.792933,
    "p50_us": 17.865899,
    "p99_us": 24.728536,
    "min_us": 3.681028,
    "max_us": 26.018776
  },
  "dispatch_cct_us": 23.269257,
  "combine_cct_us": 26.018776,
  "roundtrip_step_us": 53.288032,
  "e2e_step_us": 58.991157
}
