{
  "scenario": 1,
  "scheme": "packet_spray",
  "mode": "roundtrip",
  "batch": 16,
  "zipf_s": 0.700000,
  "topk": 8,
  "ep_size": 32,
  "seed": 18,
  "start_skew_us": 4.000000,
  "tau_g_ns": 143.360000,
  "grain_bytes": 7168,
  "total_tokens": 8192,
  "max_egress_load": 63,
  "konig_us": 16.486400,
  "rtt_us": 0.000000,
  "barrier_us": 4.000000,
  "cct_us": 27.009171,
  "step_us": 47.063858,
  "gemv_us": 16.054688,
  "e2e_us": 43.063858,
  "throughput_GBs": 1247.671956,
  "latency_all": {
    "count": 8192,
    "mean_us": 7.459489,
    "p50_us": 7.080132,
    "p99_us": 12.743064,
    "min_us": 1.334573,
    "max_us": 13.603224
  },
  "latency_hot": {
    "count": 2000,
    "mean_us": 7.657351,
    "p50_us": 7.671546,
    "p99_us": 11.972346,
    "min_us": 1.334573,
    "max_us": 13.405946
  },
  "latency_cold": {
    "count": 2606,
    "mean_us": 7.483270,
    "p50_us": 6.752163,
    "p99_us": 13.173144,
    "min_us": 1.334573,
    "max_us": 13.603224
  },
  "dispatch_cct_us": 13.405946,
  "combine_cct_us": 13.603224,
  "roundtrip_step_us": 31.009171,
  "e2e_step_us": 47.063858
}
