{
  "scenario": 4,
  "scheme": "packet_spray",
  "mode": "roundtrip",
  "batch": 16,
  "zipf_s": 0.700000,
  "topk": 8,
  "ep_size": 256,
  "seed": 10,
  "start_skew_us": 4.000000,
  "tau_g_ns": 143.360000,
  "grain_bytes": 7168,
  "total_tokens": 65536,
  "max_egress_load": 257,
  "konig_us": 69.816320,
  "rtt_us": 0.000000,
  "barrier_us": 6.000000,
  "cct_us": 80.091305,
  "step_us": 157.731930,
  "gemv_us": 71.640625,
  "e2e_us": 151.731930,
  "throughput_GBs": 2978.230524,
  "latency_all": {
    "count": 65536,
    "mean_us": 13.484033,
    "p50_us": 9.274352,
    "p99_us": 36.440268,
    "min_us": 0.262391,
    "max_us": 41.643997
  },
  "latency_hot": {
    "count": 25200,
    "mean_us": 15.019864,
    "p50_us": 12.111837,
    "p99_us": 35.909597,
    "min_us": 0.262391,
    "max_us": 40.497117
  },
  "latency_cold": {
    "count": 15240,
    "mean_us": 12.512450,
    "p50_us": 6.690786,
    "p99_us": 36.913117,
    "min_us": 0.397813,
    "max_us": 41.643997
  },
  "dispatch_cct_us": 38.447308,
  "combine_cct_us": 41.643997,
  "roundtrip_step_us": 86.091305,
  "e2e_step_us": 157.731930
}
