{
  "scenario": 1,
  "scheme": "ub_rg_pop",
  "mode": "roundtrip",
  "batch": 16,
  "zipf_s": 0.900000,
  "topk": 8,
  "ep_size": 128,
  "seed": 34,
  "start_skew_us": 4.000000,
  "tau_g_ns": 143.360000,
  "grain_bytes": 7168,
  "total_tokens": 32768,
  "max_egress_load": 205,
  "konig_us": 56.913920,
  "rtt_us": 0.900000,
  "barrier_us": 0.800000,
  "cct_us": 67.731080,
  "step_us": 128.413892,
  "gemv_us": 59.882812,
  "e2e_us": 127.613892,
  "throughput_GBs": 1829.093563,
  "latency_all": {
    "count": 32768,
    "mean_us": 7.777275,
    "p50_us": 6.008344,
    "p99_us": 28.361842,
    "min_us": 1.502183,
    "max_us": 34.108160
  },
  "latency_hot": {
    "count": 14548,
    "mean_us": 11.378226,
    "p50_us": 9.747151,
    "p99_us": 30.158033,
    "min_us": 1.776746,
    "max_us": 34.108160
  },
  "latency_cold": {
    "count": 5816,
    "mean_us": 4.193945,
    "p50_us": 4.253046,
    "p99_us": 6.536817,
    "min_us": 1.502183,
    "max_us": 7.201098
  },
  "dispatch_cct_us": 34.108160,
  "combine_cct_us": 33.622920,
  "roundtrip_step_us": 68.531080,
  "e2e_step_us": 128.413892
}
