{
  "scenario": 1,
  "scheme": "ub_rg",
  "mode": "dispatch",
  "batch": 64,
  "zipf_s": 0.000000,
  "topk": 8,
  "ep_size": 128,
  "seed": 1,
  "engine": "packet",
  "profile": "wide",
  "traffic": "dispatch",
  "m_attn": 0,
  "n_ffn": 0,
  "placement": "role_packed",
  "total_tokens": 65536,
  "barrier_us": 0.400000,
  "cct_us": 20019.646000,
  "step_us": 20020.046000,
  "throughput_GBs": 23.465053,
  "konig_us": 13.475840,
  "rtt_us": 0.600000,
  "latency_all": {"count": 65536, "mean_us": 1.514367, "p50_us": 1.339000, "p99_us": 4.437000, "min_us": 0, "max_us": 7.544000},
  "latency_hot": {"count": 6170, "mean_us": 1.600530, "p50_us": 1.434000, "p99_us": 4.437000, "min_us": 0, "max_us": 0},
  "latency_cold": {"count": 32727, "mean_us": 1.517985, "p50_us": 1.346000, "p99_us": 4.437000, "min_us": 0, "max_us": 0}
}
