{
  "scenario": 1,
  "scheme": "islip",
  "mode": "roundtrip",
  "batch": 512,
  "zipf_s": 0.300000,
  "topk": 8,
  "ep_size": 32,
  "seed": 2,
  "start_skew_us": 4.000000,
  "tau_g_ns": 143.360000,
  "grain_bytes": 7168,
  "total_tokens": 262144,
  "max_egress_load": 953,
  "konig_us": 269.373440,
  "rtt_us": 0.600000,
  "barrier_us": 0.800000,
  "cct_us": 277.417763,
  "step_us": 567.475575,
  "gemv_us": 289.257812,
  "e2e_us": 566.675575,
  "throughput_GBs": 3311.240649,
  "latency_all": {
    "count": 262144,
    "mean_us": 41.830488,
    "p50_us": 30.879485,
    "p99_us": 109.590370,
    "min_us": 1.171605,
    "max_us": 139.079296
  },
  "latency_hot": {
    "count": 39348,
    "mean_us": 62.298367,
    "p50_us": 61.762247,
    "p99_us": 132.190763,
    "min_us": 1.327112,
    "max_us": 139.079296
  },
  "latency_cold": {
    "count": 109138,
    "mean_us": 33.651055,
    "p50_us": 33.442184,
    "p99_us": 68.372515,
    "min_us": 1.174975,
    "max_us": 77.234591
  },
  "dispatch_cct_us": 139.079296,
  "combine_cct_us": 138.338467,
  "roundtrip_step_us": 278.217763,
  "e2e_step_us": 567.475575
}
