{
  "scenario": 3,
  "scheme": "ub_rg",
  "mode": "roundtrip",
  "batch": 64,
  "zipf_s": 0.700000,
  "topk": 8,
  "ep_size": 256,
  "seed": 66,
  "tau_g_ns": 143.360000,
  "grain_bytes": 7168,
  "total_tokens": 262144,
  "max_egress_load": 933,
  "konig_us": 262.348800,
  "rtt_us": 1.100000,
  "barrier_us": 2.400000,
  "cct_us": 271.449321,
  "step_us": 273.849321,
  "throughput_GBs": 6861.613477,
  "latency_all": {
    "count": 262144,
    "mean_us": 15.474014,
    "p50_us": 6.486119,
    "p99_us": 95.133637,
    "min_us": 2.043387,
    "max_us": 135.737070
  },
  "latency_hot": {
    "count": 100804,
    "mean_us": 29.649978,
    "p50_us": 20.516988,
    "p99_us": 121.602506,
    "min_us": 2.047278,
    "max_us": 135.737070
  },
  "latency_cold": {
    "count": 60736,
    "mean_us": 5.247553,
    "p50_us": 4.954329,
    "p99_us": 10.712231,
    "min_us": 2.043387,
    "max_us": 18.077892
  },
  "dispatch_cct_us": 135.737070,
  "combine_cct_us": 135.712251,
  "roundtrip_step_us": 273.849321
}
