{
  "scenario": 1,
  "scheme": "ub_rg",
  "mode": "roundtrip",
  "batch": 16,
  "zipf_s": 0.700000,
  "topk": 8,
  "ep_size": 128,
  "seed": 29,
  "start_skew_us": 4.000000,
  "tau_g_ns": 143.360000,
  "grain_bytes": 7168,
  "total_tokens": 32768,
  "max_egress_load": 143,
  "konig_us": 39.710720,
  "rtt_us": 0.600000,
  "barrier_us": 0.800000,
  "cct_us": 67.869381,
  "step_us": 110.427193,
  "gemv_us": 41.757812,
  "e2e_us": 109.627193,
  "throughput_GBs": 2127.021589,
  "latency_all": {
    "count": 32768,
    "mean_us": 14.480450,
    "p50_us": 14.286112,
    "p99_us": 27.345023,
    "min_us": 1.198291,
    "max_us": 38.142249
  },
  "latency_hot": {
    "count": 11184,
    "mean_us": 17.127784,
    "p50_us": 16.948679,
    "p99_us": 29.936871,
    "min_us": 1.542101,
    "max_us": 38.142249
  },
  "latency_cold": {
    "count": 7894,
    "mean_us": 12.478666,
    "p50_us": 12.357568,
    "p99_us": 20.224801,
    "min_us": 1.216054,
    "max_us": 21.500497
  },
  "dispatch_cct_us": 38.142249,
  "combine_cct_us": 29.727132,
  "roundtrip_step_us": 68.669381,
  "e2e_step_us": 110.427193
}
