{
  "scenario": 4,
  "scheme": "ub_rg",
  "mode": "roundtrip",
  "batch": 16,
  "zipf_s": 0.900000,
  "topk": 8,
  "ep_size": 512,
  "seed": 21,
  "start_skew_us": 4.000000,
  "tau_g_ns": 143.360000,
  "grain_bytes": 7168,
  "total_tokens": 131072,
  "max_egress_load": 714,
  "konig_us": 192.102400,
  "rtt_us": 0.800000,
  "barrier_us": 1.600000,
  "cct_us": 213.796876,
  "step_us": 410.865626,
  "gemv_us": 195.468750,
  "e2e_us": 409.265626,
  "throughput_GBs": 2286.694328,
  "latency_all": {
    "count": 131072,
    "mean_us": 12.740075,
    "p50_us": 6.552683,
    "p99_us": 81.997747,
    "min_us": 1.043582,
    "max_us": 107.011086
  },
  "latency_hot": {
    "count": 72816,
    "mean_us": 19.299814,
    "p50_us": 11.451463,
    "p99_us": 87.245225,
    "min_us": 1.075030,
    "max_us": 107.011086
  },
  "latency_cold": {
    "count": 19132,
    "mean_us": 3.895088,
    "p50_us": 3.887152,
    "p99_us": 6.251859,
    "min_us": 1.228109,
    "max_us": 9.296751
  },
  "dispatch_cct_us": 106.785790,
  "combine_cct_us": 107.011086,
  "roundtrip_step_us": 215.396876,
  "e2e_step_us": 410.865626
}
