{
  "scenario": 1,
  "scheme": "packet_spray",
  "mode": "roundtrip",
  "batch": 512,
  "zipf_s": 0.300000,
  "topk": 8,
  "ep_size": 128,
  "seed": 92,
  "start_skew_us": 4.000000,
  "tau_g_ns": 143.360000,
  "grain_bytes": 7168,
  "total_tokens": 1048576,
  "max_egress_load": 1523,
  "konig_us": 431.083520,
  "rtt_us": 0.000000,
  "barrier_us": 4.000000,
  "cct_us": 581.856042,
  "step_us": 1049.488855,
  "gemv_us": 463.632812,
  "e2e_us": 1045.488855,
  "throughput_GBs": 7161.765209,
  "latency_all": {
    "count": 1048576,
    "mean_us": 128.657588,
    "p50_us": 87.629279,
    "p99_us": 161.572399,
    "min_us": 2.547227,
    "max_us": 292.746799
  },
  "latency_hot": {
    "count": 182766,
    "mean_us": 128.847151,
    "p50_us": 129.923238,
    "p99_us": 252.423707,
    "min_us": 3.159599,
    "max_us": 292.746799
  },
  "latency_cold": {
    "count": 413944,
    "mean_us": 133.796661,
    "p50_us": 100.099666,
    "p99_us": 132.066415,
    "min_us": 3.159599,
    "max_us": 289.109243
  },
  "dispatch_cct_us": 292.746799,
  "combine_cct_us": 289.109243,
  "roundtrip_step_us": 585.856042,
  "e2e_step_us": 1049.488855
}
