{
  "scenario": 4,
  "scheme": "ub_rg",
  "mode": "roundtrip",
  "batch": 128,
  "zipf_s": 0.700000,
  "topk": 8,
  "ep_size": 512,
  "seed": 24,
  "start_skew_us": 4.000000,
  "tau_g_ns": 143.360000,
  "grain_bytes": 7168,
  "total_tokens": 1048576,
  "max_egress_load": 3328,
  "konig_us": 899.440640,
  "rtt_us": 0.800000,
  "barrier_us": 1.600000,
  "cct_us": 961.961269,
  "step_us": 1884.147207,
  "gemv_us": 920.585938,
  "e2e_us": 1882.547207,
  "throughput_GBs": 3989.174913,
  "latency_all": {
    "count": 1048576,
    "mean_us": 38.155878,
    "p50_us": 9.805467,
    "p99_us": 133.853348,
    "min_us": 1.081978,
    "max_us": 482.368757
  },
  "latency_hot": {
    "count": 435044,
    "mean_us": 74.446687,
    "p50_us": 41.891815,
    "p99_us": 198.811318,
    "min_us": 1.081978,
    "max_us": 482.368757
  },
  "latency_cold": {
    "count": 231438,
    "mean_us": 8.746483,
    "p50_us": 8.026903,
    "p99_us": 16.470058,
    "min_us": 1.124618,
    "max_us": 49.538558
  },
  "dispatch_cct_us": 479.592512,
  "combine_cct_us": 482.368757,
  "roundtrip_step_us": 963.561269,
  "e2e_step_us": 1884.147207
}
