{
  "scenario": 1,
  "scheme": "packet_spray",
  "mode": "roundtrip",
  "batch": 128,
  "zipf_s": 0.700000,
  "topk": 8,
  "ep_size": 32,
  "seed": 78,
  "start_skew_us": 4.000000,
  "tau_g_ns": 143.360000,
  "grain_bytes": 7168,
  "total_tokens": 65536,
  "max_egress_load": 419,
  "konig_us": 117.411840,
  "rtt_us": 0.000000,
  "barrier_us": 4.000000,
  "cct_us": 162.799704,
  "step_us": 291.565329,
  "gemv_us": 124.765625,
  "e2e_us": 287.565329,
  "throughput_GBs": 1611.172528,
  "latency_all": {
    "count": 65536,
    "mean_us": 39.288901,
    "p50_us": 36.947935,
    "p99_us": 74.645883,
    "min_us": 3.479653,
    "max_us": 83.820923
  },
  "latency_hot": {
    "count": 15596,
    "mean_us": 40.560018,
    "p50_us": 40.988381,
    "p99_us": 77.513083,
    "min_us": 4.574941,
    "max_us": 83.820923
  },
  "latency_cold": {
    "count": 20100,
    "mean_us": 39.668702,
    "p50_us": 35.425105,
    "p99_us": 75.681501,
    "min_us": 3.909733,
    "max_us": 78.978781
  },
  "dispatch_cct_us": 83.820923,
  "combine_cct_us": 78.978781,
  "roundtrip_step_us": 166.799704,
  "e2e_step_us": 291.565329
}
