{
  "scenario": 1,
  "scheme": "packet_spray",
  "mode": "roundtrip",
  "batch": 64,
  "zipf_s": 0.300000,
  "topk": 8,
  "ep_size": 128,
  "seed": 14,
  "tau_g_ns": 143.360000,
  "grain_bytes": 7168,
  "total_tokens": 131072,
  "max_egress_load": 198,
  "konig_us": 55.193600,
  "rtt_us": 0.000000,
  "barrier_us": 4.000000,
  "cct_us": 74.043680,
  "step_us": 78.043680,
  "throughput_GBs": 12038.439192,
  "latency_all": {
    "count": 131072,
    "mean_us": 15.811385,
    "p50_us": 14.299280,
    "p99_us": 33.222800,
    "min_us": 0.536720,
    "max_us": 37.380240
  },
  "latency_hot": {
    "count": 22538,
    "mean_us": 15.783709,
    "p50_us": 15.876240,
    "p99_us": 31.359120,
    "min_us": 0.536720,
    "max_us": 36.663440
  },
  "latency_cold": {
    "count": 51746,
    "mean_us": 16.490652,
    "p50_us": 13.869200,
    "p99_us": 34.369680,
    "min_us": 0.536720,
    "max_us": 37.380240
  },
  "dispatch_cct_us": 36.663440,
  "combine_cct_us": 37.380240,
  "roundtrip_step_us": 78.043680
}
