{
  "scenario": 1,
  "scheme": "packet_spray",
  "mode": "roundtrip",
  "batch": 256,
  "zipf_s": 0.700000,
  "topk": 8,
  "ep_size": 32,
  "seed": 4,
  "start_skew_us": 4.000000,
  "tau_g_ns": 143.360000,
  "grain_bytes": 7168,
  "total_tokens": 131072,
  "max_egress_load": 837,
  "konig_us": 235.683840,
  "rtt_us": 0.000000,
  "barrier_us": 4.000000,
  "cct_us": 317.444977,
  "step_us": 573.359040,
  "gemv_us": 251.914062,
  "e2e_us": 569.359040,
  "throughput_GBs": 1638.631347,
  "latency_all": {
    "count": 131072,
    "mean_us": 74.510346,
    "p50_us": 70.209680,
    "p99_us": 144.613520,
    "min_us": 0.536720,
    "max_us": 168.100577
  },
  "latency_hot": {
    "count": 31262,
    "mean_us": 78.301689,
    "p50_us": 79.814800,
    "p99_us": 157.205217,
    "min_us": 0.536720,
    "max_us": 168.100577
  },
  "latency_cold": {
    "count": 39798,
    "mean_us": 74.301928,
    "p50_us": 65.812269,
    "p99_us": 143.753360,
    "min_us": 15.135457,
    "max_us": 149.344400
  },
  "dispatch_cct_us": 168.100577,
  "combine_cct_us": 149.344400,
  "roundtrip_step_us": 321.444977,
  "e2e_step_us": 573.359040
}
