{
  "scenario": 1,
  "scheme": "ub_rg",
  "mode": "roundtrip",
  "batch": 128,
  "zipf_s": 0.000000,
  "topk": 8,
  "ep_size": 128,
  "seed": 75,
  "start_skew_us": 4.000000,
  "tau_g_ns": 143.360000,
  "grain_bytes": 7168,
  "total_tokens": 262144,
  "max_egress_load": 165,
  "konig_us": 46.735360,
  "rtt_us": 0.600000,
  "barrier_us": 0.800000,
  "cct_us": 88.693467,
  "step_us": 133.087217,
  "gemv_us": 43.593750,
  "e2e_us": 132.287217,
  "throughput_GBs": 14118.923163,
  "latency_all": {
    "count": 262144,
    "mean_us": 22.282787,
    "p50_us": 19.935999,
    "p99_us": 34.614468,
    "min_us": 1.204683,
    "max_us": 44.481317
  },
  "latency_hot": {
    "count": 24930,
    "mean_us": 21.853870,
    "p50_us": 21.780795,
    "p99_us": 35.653678,
    "min_us": 1.353054,
    "max_us": 41.958628
  },
  "latency_cold": {
    "count": 130944,
    "mean_us": 22.606907,
    "p50_us": 22.523770,
    "p99_us": 37.782767,
    "min_us": 1.337430,
    "max_us": 44.481317
  },
  "dispatch_cct_us": 44.481317,
  "combine_cct_us": 44.212150,
  "roundtrip_step_us": 89.493467,
  "e2e_step_us": 133.087217
}
