{
  "scenario": 1,
  "scheme": "packet_spray",
  "mode": "roundtrip",
  "batch": 16,
  "zipf_s": 0.300000,
  "topk": 8,
  "ep_size": 32,
  "seed": 39,
  "start_skew_us": 4.000000,
  "tau_g_ns": 143.360000,
  "grain_bytes": 7168,
  "total_tokens": 8192,
  "max_egress_load": 36,
  "konig_us": 9.461760,
  "rtt_us": 0.000000,
  "barrier_us": 4.000000,
  "cct_us": 41.933928,
  "step_us": 55.308928,
  "gemv_us": 9.375000,
  "e2e_us": 51.308928,
  "throughput_GBs": 1061.677705,
  "latency_all": {
    "count": 8192,
    "mean_us": 15.328184,
    "p50_us": 15.713678,
    "p99_us": 20.478039,
    "min_us": 1.858582,
    "max_us": 22.915159
  },
  "latency_hot": {
    "count": 1254,
    "mean_us": 15.150392,
    "p50_us": 15.291410,
    "p99_us": 21.481559,
    "min_us": 1.858582,
    "max_us": 22.915159
  },
  "latency_cold": {
    "count": 3330,
    "mean_us": 15.545301,
    "p50_us": 16.173050,
    "p99_us": 19.904599,
    "min_us": 2.288662,
    "max_us": 21.051479
  },
  "dispatch_cct_us": 22.915159,
  "combine_cct_us": 19.018770,
  "roundtrip_step_us": 45.933928,
  "e2e_step_us": 55.308928
}
