{
  "scenario": 4,
  "scheme": "ub_rg_pop",
  "mode": "roundtrip",
  "batch": 128,
  "zipf_s": 0.700000,
  "topk": 8,
  "ep_size": 256,
  "seed": 72,
  "start_skew_us": 4.000000,
  "tau_g_ns": 143.360000,
  "grain_bytes": 7168,
  "total_tokens": 524288,
  "max_egress_load": 1942,
  "konig_us": 531.722240,
  "rtt_us": 1.200000,
  "barrier_us": 1.600000,
  "cct_us": 566.253951,
  "step_us": 1120.002389,
  "gemv_us": 552.148438,
  "e2e_us": 1118.402389,
  "throughput_GBs": 3355.436044,
  "latency_all": {
    "count": 524288,
    "mean_us": 30.126768,
    "p50_us": 12.982421,
    "p99_us": 58.498433,
    "min_us": 1.465054,
    "max_us": 283.829114
  },
  "latency_hot": {
    "count": 202136,
    "mean_us": 58.001161,
    "p50_us": 40.763177,
    "p99_us": 224.838205,
    "min_us": 2.063432,
    "max_us": 283.829114
  },
  "latency_cold": {
    "count": 121536,
    "mean_us": 9.166724,
    "p50_us": 9.025664,
    "p99_us": 16.474665,
    "min_us": 1.512705,
    "max_us": 31.570498
  },
  "dispatch_cct_us": 283.829114,
  "combine_cct_us": 282.424837,
  "roundtrip_step_us": 567.853951,
  "e2e_step_us": 1120.002389
}
