{
  "scenario": 1,
  "scheme": "packet_spray",
  "mode": "roundtrip",
  "batch": 64,
  "zipf_s": 0.900000,
  "topk": 8,
  "ep_size": 64,
  "seed": 11,
  "start_skew_us": 4.000000,
  "tau_g_ns": 143.360000,
  "grain_bytes": 7168,
  "total_tokens": 65536,
  "max_egress_load": 465,
  "konig_us": 127.733760,
  "rtt_us": 0.000000,
  "barrier_us": 4.000000,
  "cct_us": 171.134443,
  "step_us": 308.181318,
  "gemv_us": 133.046875,
  "e2e_us": 304.181318,
  "throughput_GBs": 1524.304104,
  "latency_all": {
    "count": 65536,
    "mean_us": 38.558100,
    "p50_us": 32.876840,
    "p99_us": 78.763203,
    "min_us": 1.253520,
    "max_us": 87.497000
  },
  "latency_hot": {
    "count": 24264,
    "mean_us": 42.147341,
    "p50_us": 40.044840,
    "p99_us": 76.246205,
    "min_us": 9.297085,
    "max_us": 87.497000
  },
  "latency_cold": {
    "count": 13678,
    "mean_us": 36.060919,
    "p50_us": 25.522848,
    "p99_us": 80.913603,
    "min_us": 1.253520,
    "max_us": 83.637443
  },
  "dispatch_cct_us": 87.497000,
  "combine_cct_us": 83.637443,
  "roundtrip_step_us": 175.134443,
  "e2e_step_us": 308.181318
}
