{
  "scenario": 4,
  "scheme": "ub_rg",
  "mode": "roundtrip",
  "batch": 128,
  "zipf_s": 0.000000,
  "topk": 8,
  "ep_size": 256,
  "seed": 54,
  "start_skew_us": 4.000000,
  "tau_g_ns": 143.360000,
  "grain_bytes": 7168,
  "total_tokens": 524288,
  "max_egress_load": 179,
  "konig_us": 49.889280,
  "rtt_us": 0.800000,
  "barrier_us": 1.600000,
  "cct_us": 100.703807,
  "step_us": 145.506932,
  "gemv_us": 43.203125,
  "e2e_us": 143.906932,
  "throughput_GBs": 25827.610594,
  "latency_all": {
    "count": 524288,
    "mean_us": 25.075502,
    "p50_us": 23.585697,
    "p99_us": 33.772188,
    "min_us": 1.360967,
    "max_us": 51.492120
  },
  "latency_hot": {
    "count": 51074,
    "mean_us": 24.749184,
    "p50_us": 24.684219,
    "p99_us": 40.801657,
    "min_us": 1.659692,
    "max_us": 49.211687
  },
  "latency_cold": {
    "count": 261594,
    "mean_us": 25.051428,
    "p50_us": 22.732111,
    "p99_us": 39.820862,
    "min_us": 1.360967,
    "max_us": 50.016227
  },
  "dispatch_cct_us": 51.492120,
  "combine_cct_us": 49.211687,
  "roundtrip_step_us": 102.303807,
  "e2e_step_us": 145.506932
}
