{
  "scenario": 1,
  "scheme": "packet_spray",
  "mode": "roundtrip",
  "batch": 128,
  "zipf_s": 0.900000,
  "topk": 8,
  "ep_size": 32,
  "seed": 28,
  "start_skew_us": 4.000000,
  "tau_g_ns": 143.360000,
  "grain_bytes": 7168,
  "total_tokens": 65536,
  "max_egress_load": 508,
  "konig_us": 139.489280,
  "rtt_us": 0.000000,
  "barrier_us": 4.000000,
  "cct_us": 199.058044,
  "step_us": 348.175231,
  "gemv_us": 145.117188,
  "e2e_us": 344.175231,
  "throughput_GBs": 1349.211563,
  "latency_all": {
    "count": 65536,
    "mean_us": 50.179945,
    "p50_us": 45.320953,
    "p99_us": 93.059833,
    "min_us": 12.205972,
    "max_us": 100.693890
  },
  "latency_hot": {
    "count": 18114,
    "mean_us": 53.259996,
    "p50_us": 53.241730,
    "p99_us": 91.770772,
    "min_us": 12.205972,
    "max_us": 100.693890
  },
  "latency_cold": {
    "count": 16934,
    "mean_us": 48.846164,
    "p50_us": 39.156473,
    "p99_us": 95.640313,
    "min_us": 12.205972,
    "max_us": 98.364153
  },
  "dispatch_cct_us": 100.693890,
  "combine_cct_us": 98.364153,
  "roundtrip_step_us": 203.058044,
  "e2e_step_us": 348.175231
}
