{
  "scenario": 1,
  "scheme": "islip",
  "mode": "roundtrip",
  "batch": 128,
  "zipf_s": 0.900000,
  "topk": 8,
  "ep_size": 128,
  "seed": 41,
  "start_skew_us": 4.000000,
  "tau_g_ns": 143.360000,
  "grain_bytes": 7168,
  "total_tokens": 262144,
  "max_egress_load": 1553,
  "konig_us": 441.405440,
  "rtt_us": 0.600000,
  "barrier_us": 0.800000,
  "cct_us": 472.652314,
  "step_us": 950.249189,
  "gemv_us": 476.796875,
  "e2e_us": 949.449189,
  "throughput_GBs": 1977.426778,
  "latency_all": {
    "count": 262144,
    "mean_us": 39.791381,
    "p50_us": 17.745363,
    "p99_us": 192.659947,
    "min_us": 1.162107,
    "max_us": 236.371814
  },
  "latency_hot": {
    "count": 115168,
    "mean_us": 68.673032,
    "p50_us": 53.687361,
    "p99_us": 220.509261,
    "min_us": 1.228854,
    "max_us": 236.371814
  },
  "latency_cold": {
    "count": 47164,
    "mean_us": 12.432713,
    "p50_us": 12.367241,
    "p99_us": 22.429298,
    "min_us": 1.162107,
    "max_us": 27.844111
  },
  "dispatch_cct_us": 236.280500,
  "combine_cct_us": 236.371814,
  "roundtrip_step_us": 473.452314,
  "e2e_step_us": 950.249189
}
