{
  "scenario": 1,
  "scheme": "ub_rg",
  "mode": "roundtrip",
  "batch": 512,
  "zipf_s": 0.700000,
  "topk": 8,
  "ep_size": 64,
  "seed": 71,
  "start_skew_us": 4.000000,
  "tau_g_ns": 143.360000,
  "grain_bytes": 7168,
  "total_tokens": 524288,
  "max_egress_load": 2717,
  "konig_us": 774.000640,
  "rtt_us": 0.600000,
  "barrier_us": 0.800000,
  "cct_us": 803.466040,
  "step_us": 1642.156665,
  "gemv_us": 837.890625,
  "e2e_us": 1641.356665,
  "throughput_GBs": 2288.512701,
  "latency_all": {
    "count": 524288,
    "mean_us": 73.428512,
    "p50_us": 37.466798,
    "p99_us": 142.221688,
    "min_us": 1.144972,
    "max_us": 402.806497
  },
  "latency_hot": {
    "count": 157162,
    "mean_us": 141.748471,
    "p50_us": 128.461954,
    "p99_us": 380.976380,
    "min_us": 1.640858,
    "max_us": 402.806497
  },
  "latency_cold": {
    "count": 140582,
    "mean_us": 30.897524,
    "p50_us": 30.304884,
    "p99_us": 61.214337,
    "min_us": 1.600029,
    "max_us": 72.077632
  },
  "dispatch_cct_us": 400.659542,
  "combine_cct_us": 402.806497,
  "roundtrip_step_us": 804.266040,
  "e2e_step_us": 1642.156665
}
