{
  "scenario": 1,
  "scheme": "ub_rg_pop",
  "mode": "roundtrip",
  "batch": 256,
  "zipf_s": 0.900000,
  "topk": 8,
  "ep_size": 32,
  "seed": 33,
  "tau_g_ns": 143.360000,
  "grain_bytes": 7168,
  "total_tokens": 131072,
  "max_egress_load": 929,
  "konig_us": 265.789440,
  "rtt_us": 0.900000,
  "barrier_us": 0.800000,
  "cct_us": 269.444357,
  "step_us": 270.244357,
  "throughput_GBs": 3476.572487,
  "latency_all": {
    "count": 131072,
    "mean_us": 30.637040,
    "p50_us": 20.840014,
    "p99_us": 122.320832,
    "min_us": 1.443632,
    "max_us": 134.751705
  },
  "latency_hot": {
    "count": 36402,
    "mean_us": 57.526108,
    "p50_us": 55.950304,
    "p99_us": 130.796668,
    "min_us": 1.452786,
    "max_us": 134.751705
  },
  "latency_cold": {
    "count": 33644,
    "mean_us": 11.424668,
    "p50_us": 11.069594,
    "p99_us": 25.196895,
    "min_us": 1.446153,
    "max_us": 28.758436
  },
  "dispatch_cct_us": 134.692652,
  "combine_cct_us": 134.751705,
  "roundtrip_step_us": 270.244357
}
