{
  "scenario": 4,
  "scheme": "packet_spray",
  "mode": "roundtrip",
  "batch": 64,
  "zipf_s": 0.300000,
  "topk": 8,
  "ep_size": 512,
  "seed": 57,
  "start_skew_us": 4.000000,
  "tau_g_ns": 143.360000,
  "grain_bytes": 7168,
  "total_tokens": 524288,
  "max_egress_load": 314,
  "konig_us": 85.155840,
  "rtt_us": 0.000000,
  "barrier_us": 6.000000,
  "cct_us": 112.137116,
  "step_us": 205.441804,
  "gemv_us": 87.304688,
  "e2e_us": 199.441804,
  "throughput_GBs": 18292.754039,
  "latency_all": {
    "count": 524288,
    "mean_us": 20.269221,
    "p50_us": 14.430769,
    "p99_us": 28.351909,
    "min_us": 0.251679,
    "max_us": 59.009149
  },
  "latency_hot": {
    "count": 100466,
    "mean_us": 20.789049,
    "p50_us": 19.871869,
    "p99_us": 44.243069,
    "min_us": 0.389876,
    "max_us": 53.127968
  },
  "latency_cold": {
    "count": 204072,
    "mean_us": 20.724360,
    "p50_us": 16.499040,
    "p99_us": 49.977469,
    "min_us": 0.251679,
    "max_us": 59.009149
  },
  "dispatch_cct_us": 53.127968,
  "combine_cct_us": 59.009149,
  "roundtrip_step_us": 118.137116,
  "e2e_step_us": 205.441804
}
