{
  "scenario": 2,
  "scheme": "packet_spray",
  "mode": "roundtrip",
  "batch": 16,
  "zipf_s": 0.900000,
  "topk": 8,
  "ep_size": 256,
  "seed": 29,
  "tau_g_ns": 143.360000,
  "grain_bytes": 7168,
  "total_tokens": 65536,
  "max_egress_load": 370,
  "konig_us": 102.789120,
  "rtt_us": 0.000000,
  "barrier_us": 8.000000,
  "cct_us": 108.420000,
  "step_us": 116.420000,
  "throughput_GBs": 4035.063116,
  "latency_all": {
    "count": 65536,
    "mean_us": 19.068797,
    "p50_us": 13.495760,
    "p99_us": 51.916240,
    "min_us": 0.880080,
    "max_us": 55.213520
  },
  "latency_hot": {
    "count": 33142,
    "mean_us": 20.241457,
    "p50_us": 15.502800,
    "p99_us": 50.769360,
    "min_us": 0.880080,
    "max_us": 55.213520
  },
  "latency_cold": {
    "count": 10378,
    "mean_us": 17.795040,
    "p50_us": 4.750800,
    "p99_us": 52.346320,
    "min_us": 0.880080,
    "max_us": 53.206480
  },
  "dispatch_cct_us": 55.213520,
  "combine_cct_us": 53.206480,
  "roundtrip_step_us": 116.420000
}
