{
  "scenario": 1,
  "scheme": "islip",
  "mode": "roundtrip",
  "batch": 128,
  "zipf_s": 0.300000,
  "topk": 8,
  "ep_size": 64,
  "seed": 16,
  "start_skew_us": 4.000000,
  "tau_g_ns": 143.360000,
  "grain_bytes": 7168,
  "total_tokens": 131072,
  "max_egress_load": 305,
  "konig_us": 85.012480,
  "rtt_us": 0.600000,
  "barrier_us": 0.800000,
  "cct_us": 124.634624,
  "step_us": 215.356499,
  "gemv_us": 89.921875,
  "e2e_us": 214.556499,
  "throughput_GBs": 4362.645664,
  "latency_all": {
    "count": 131072,
    "mean_us": 24.185457,
    "p50_us": 23.328088,
    "p99_us": 50.282751,
    "min_us": 1.151130,
    "max_us": 62.459163
  },
  "latency_hot": {
    "count": 21532,
    "mean_us": 32.067732,
    "p50_us": 31.436576,
    "p99_us": 57.306849,
    "min_us": 1.461386,
    "max_us": 62.459163
  },
  "latency_cold": {
    "count": 52874,
    "mean_us": 21.473865,
    "p50_us": 21.378532,
    "p99_us": 37.096146,
    "min_us": 1.154283,
    "max_us": 46.246627
  },
  "dispatch_cct_us": 62.459163,
  "combine_cct_us": 62.175461,
  "roundtrip_step_us": 125.434624,
  "e2e_step_us": 215.356499
}
