{
  "scenario": 4,
  "scheme": "ub_rg",
  "mode": "roundtrip",
  "batch": 16,
  "zipf_s": 0.900000,
  "topk": 8,
  "ep_size": 512,
  "seed": 7,
  "start_skew_us": 4.000000,
  "tau_g_ns": 143.360000,
  "grain_bytes": 7168,
  "total_tokens": 131072,
  "max_egress_load": 682,
  "konig_us": 188.948480,
  "rtt_us": 0.800000,
  "barrier_us": 1.600000,
  "cct_us": 225.341817,
  "step_us": 425.652754,
  "gemv_us": 198.710938,
  "e2e_us": 424.052754,
  "throughput_GBs": 2207.254826,
  "latency_all": {
    "count": 131072,
    "mean_us": 21.893857,
    "p50_us": 16.897762,
    "p99_us": 90.373418,
    "min_us": 1.346225,
    "max_us": 119.009307
  },
  "latency_hot": {
    "count": 72530,
    "mean_us": 28.435391,
    "p50_us": 21.762923,
    "p99_us": 95.754532,
    "min_us": 1.536928,
    "max_us": 119.009307
  },
  "latency_cold": {
    "count": 19472,
    "mean_us": 12.950717,
    "p50_us": 13.024753,
    "p99_us": 23.259045,
    "min_us": 1.346225,
    "max_us": 29.088230
  },
  "dispatch_cct_us": 119.009307,
  "combine_cct_us": 106.332510,
  "roundtrip_step_us": 226.941817,
  "e2e_step_us": 425.652754
}
