{
  "scenario": 4,
  "scheme": "ub_rg",
  "mode": "roundtrip",
  "batch": 16,
  "zipf_s": 0.300000,
  "topk": 8,
  "ep_size": 256,
  "seed": 15,
  "start_skew_us": 4.000000,
  "tau_g_ns": 143.360000,
  "grain_bytes": 7168,
  "total_tokens": 65536,
  "max_egress_load": 75,
  "konig_us": 19.353600,
  "rtt_us": 0.800000,
  "barrier_us": 1.600000,
  "cct_us": 57.793657,
  "step_us": 77.909282,
  "gemv_us": 18.515625,
  "e2e_us": 76.309282,
  "throughput_GBs": 6029.603070,
  "latency_all": {
    "count": 65536,
    "mean_us": 15.192632,
    "p50_us": 15.146432,
    "p99_us": 24.999868,
    "min_us": 1.371680,
    "max_us": 30.078953
  },
  "latency_hot": {
    "count": 12094,
    "mean_us": 16.668936,
    "p50_us": 16.971828,
    "p99_us": 24.687756,
    "min_us": 1.612491,
    "max_us": 30.078953
  },
  "latency_cold": {
    "count": 25486,
    "mean_us": 14.387174,
    "p50_us": 14.268946,
    "p99_us": 24.439473,
    "min_us": 1.371680,
    "max_us": 27.687507
  },
  "dispatch_cct_us": 30.078953,
  "combine_cct_us": 27.714705,
  "roundtrip_step_us": 59.393657,
  "e2e_step_us": 77.909282
}
