{
  "scenario": 4,
  "scheme": "ub_rg",
  "mode": "roundtrip",
  "batch": 256,
  "zipf_s": 0.900000,
  "topk": 8,
  "ep_size": 128,
  "seed": 1,
  "start_skew_us": 4.000000,
  "tau_g_ns": 143.360000,
  "grain_bytes": 7168,
  "total_tokens": 524288,
  "max_egress_load": 3255,
  "konig_us": 910.049280,
  "rtt_us": 0.800000,
  "barrier_us": 1.600000,
  "cct_us": 940.793133,
  "step_us": 1908.955633,
  "gemv_us": 966.562500,
  "e2e_us": 1907.355633,
  "throughput_GBs": 1968.666175,
  "latency_all": {
    "count": 524288,
    "mean_us": 65.254330,
    "p50_us": 20.622252,
    "p99_us": 150.838317,
    "min_us": 1.090309,
    "max_us": 470.539167
  },
  "latency_hot": {
    "count": 231998,
    "mean_us": 122.442239,
    "p50_us": 78.823412,
    "p99_us": 411.092582,
    "min_us": 1.800882,
    "max_us": 470.539167
  },
  "latency_cold": {
    "count": 95782,
    "mean_us": 11.040884,
    "p50_us": 10.751560,
    "p99_us": 21.831292,
    "min_us": 1.340555,
    "max_us": 33.756026
  },
  "dispatch_cct_us": 470.253966,
  "combine_cct_us": 470.539167,
  "roundtrip_step_us": 942.393133,
  "e2e_step_us": 1908.955633
}
