{
  "scenario": 1,
  "scheme": "packet_spray",
  "mode": "roundtrip",
  "batch": 64,
  "zipf_s": 0.000000,
  "topk": 8,
  "ep_size": 64,
  "seed": 6,
  "tau_g_ns": 143.360000,
  "grain_bytes": 7168,
  "total_tokens": 65536,
  "max_egress_load": 93,
  "konig_us": 23.941120,
  "rtt_us": 0.000000,
  "barrier_us": 4.000000,
  "cct_us": 41.787680,
  "step_us": 45.787680,
  "throughput_GBs": 10259.573055,
  "latency_all": {
    "count": 65536,
    "mean_us": 11.290851,
    "p50_us": 11.432080,
    "p99_us": 18.600080,
    "min_us": 0.536720,
    "max_us": 21.754000
  },
  "latency_hot": {
    "count": 6220,
    "mean_us": 9.128709,
    "p50_us": 9.281680,
    "p99_us": 18.313360,
    "min_us": 0.536720,
    "max_us": 19.460240
  },
  "latency_cold": {
    "count": 32640,
    "mean_us": 12.445619,
    "p50_us": 12.435600,
    "p99_us": 18.600080,
    "min_us": 0.536720,
    "max_us": 21.323920
  },
  "dispatch_cct_us": 21.754000,
  "combine_cct_us": 20.033680,
  "roundtrip_step_us": 45.787680
}
