{
  "scenario": 1,
  "scheme": "islip",
  "mode": "roundtrip",
  "batch": 64,
  "zipf_s": 0.700000,
  "topk": 8,
  "ep_size": 32,
  "seed": 34,
  "start_skew_us": 4.000000,
  "tau_g_ns": 143.360000,
  "grain_bytes": 7168,
  "total_tokens": 32768,
  "max_egress_load": 215,
  "konig_us": 59.924480,
  "rtt_us": 0.600000,
  "barrier_us": 0.800000,
  "cct_us": 68.261474,
  "step_us": 132.303662,
  "gemv_us": 63.242188,
  "e2e_us": 131.503662,
  "throughput_GBs": 1775.317639,
  "latency_all": {
    "count": 32768,
    "mean_us": 9.628464,
    "p50_us": 8.065483,
    "p99_us": 29.601490,
    "min_us": 1.287238,
    "max_us": 34.740034
  },
  "latency_hot": {
    "count": 7838,
    "mean_us": 15.234860,
    "p50_us": 14.748241,
    "p99_us": 32.008200,
    "min_us": 1.587950,
    "max_us": 34.740034
  },
  "latency_cold": {
    "count": 9758,
    "mean_us": 6.143046,
    "p50_us": 6.042120,
    "p99_us": 11.238016,
    "min_us": 1.287238,
    "max_us": 13.863128
  },
  "dispatch_cct_us": 33.521440,
  "combine_cct_us": 34.740034,
  "roundtrip_step_us": 69.061474,
  "e2e_step_us": 132.303662
}
