{
  "scenario": 4,
  "scheme": "packet_spray",
  "mode": "roundtrip",
  "batch": 512,
  "zipf_s": 0.900000,
  "topk": 8,
  "ep_size": 128,
  "seed": 27,
  "start_skew_us": 4.000000,
  "tau_g_ns": 143.360000,
  "grain_bytes": 7168,
  "total_tokens": 1048576,
  "max_egress_load": 6750,
  "konig_us": 1844.469760,
  "rtt_us": 0.000000,
  "barrier_us": 6.000000,
  "cct_us": 2014.562108,
  "step_us": 3931.655858,
  "gemv_us": 1911.093750,
  "e2e_us": 3925.655858,
  "throughput_GBs": 1911.711767,
  "latency_all": {
    "count": 1048576,
    "mean_us": 337.155136,
    "p50_us": 102.895096,
    "p99_us": 521.462478,
    "min_us": 0.623440,
    "max_us": 1047.695252
  },
  "latency_hot": {
    "count": 463244,
    "mean_us": 382.544730,
    "p50_us": 227.188216,
    "p99_us": 787.968718,
    "min_us": 3.592592,
    "max_us": 1008.557972
  },
  "latency_cold": {
    "count": 189968,
    "mean_us": 299.239381,
    "p50_us": 118.005652,
    "p99_us": 934.010772,
    "min_us": 5.027046,
    "max_us": 1047.695252
  },
  "dispatch_cct_us": 966.866857,
  "combine_cct_us": 1047.695252,
  "roundtrip_step_us": 2020.562108,
  "e2e_step_us": 3931.655858
}
