{
  "scenario": 4,
  "scheme": "ub_rg_pop",
  "mode": "roundtrip",
  "batch": 512,
  "zipf_s": 0.000000,
  "topk": 8,
  "ep_size": 128,
  "seed": 64,
  "start_skew_us": 4.000000,
  "tau_g_ns": 143.360000,
  "grain_bytes": 7168,
  "total_tokens": 1048576,
  "max_egress_load": 636,
  "konig_us": 181.207040,
  "rtt_us": 1.200000,
  "barrier_us": 1.600000,
  "cct_us": 190.577514,
  "step_us": 357.216576,
  "gemv_us": 165.039062,
  "e2e_us": 355.616576,
  "throughput_GBs": 21040.996619,
  "latency_all": {
    "count": 1048576,
    "mean_us": 41.409200,
    "p50_us": 20.639747,
    "p99_us": 74.267498,
    "min_us": 1.554794,
    "max_us": 95.571296
  },
  "latency_hot": {
    "count": 98652,
    "mean_us": 41.577923,
    "p50_us": 41.333252,
    "p99_us": 82.123727,
    "min_us": 1.864435,
    "max_us": 92.295132
  },
  "latency_cold": {
    "count": 523692,
    "mean_us": 41.357873,
    "p50_us": 33.795337,
    "p99_us": 68.807014,
    "min_us": 1.554794,
    "max_us": 94.956559
  },
  "dispatch_cct_us": 95.571296,
  "combine_cct_us": 95.006217,
  "roundtrip_step_us": 192.177514,
  "e2e_step_us": 357.216576
}
