{
  "scenario": 4,
  "scheme": "packet_spray",
  "mode": "roundtrip",
  "batch": 16,
  "zipf_s": 0.900000,
  "topk": 8,
  "ep_size": 256,
  "seed": 71,
  "start_skew_us": 4.000000,
  "tau_g_ns": 143.360000,
  "grain_bytes": 7168,
  "total_tokens": 65536,
  "max_egress_load": 393,
  "konig_us": 106.659840,
  "rtt_us": 0.000000,
  "barrier_us": 6.000000,
  "cct_us": 122.639905,
  "step_us": 238.171155,
  "gemv_us": 109.531250,
  "e2e_us": 232.171155,
  "throughput_GBs": 1972.371710,
  "latency_all": {
    "count": 65536,
    "mean_us": 19.583870,
    "p50_us": 13.553400,
    "p99_us": 53.694200,
    "min_us": 0.273328,
    "max_us": 62.207785
  },
  "latency_hot": {
    "count": 33306,
    "mean_us": 21.787879,
    "p50_us": 17.424120,
    "p99_us": 53.462825,
    "min_us": 0.431749,
    "max_us": 62.207785
  },
  "latency_cold": {
    "count": 10340,
    "mean_us": 17.035701,
    "p50_us": 6.788794,
    "p99_us": 53.980920,
    "min_us": 0.273328,
    "max_us": 60.432120
  },
  "dispatch_cct_us": 62.207785,
  "combine_cct_us": 60.432120,
  "roundtrip_step_us": 128.639905,
  "e2e_step_us": 238.171155
}
