{
  "scenario": 1,
  "scheme": "ub_rg_pop",
  "mode": "roundtrip",
  "batch": 128,
  "zipf_s": 0.000000,
  "topk": 8,
  "ep_size": 32,
  "seed": 20,
  "start_skew_us": 4.000000,
  "tau_g_ns": 143.360000,
  "grain_bytes": 7168,
  "total_tokens": 65536,
  "max_egress_load": 161,
  "konig_us": 45.301760,
  "rtt_us": 0.900000,
  "barrier_us": 0.800000,
  "cct_us": 54.510921,
  "step_us": 96.990608,
  "gemv_us": 41.679688,
  "e2e_us": 96.190608,
  "throughput_GBs": 4843.376664,
  "latency_all": {
    "count": 65536,
    "mean_us": 13.232640,
    "p50_us": 13.125441,
    "p99_us": 24.103682,
    "min_us": 1.571718,
    "max_us": 27.305763
  },
  "latency_hot": {
    "count": 6072,
    "mean_us": 12.579863,
    "p50_us": 12.453031,
    "p99_us": 23.550707,
    "min_us": 1.955824,
    "max_us": 25.949044
  },
  "latency_cold": {
    "count": 32642,
    "mean_us": 13.218983,
    "p50_us": 13.110171,
    "p99_us": 24.044268,
    "min_us": 1.762977,
    "max_us": 27.305763
  },
  "dispatch_cct_us": 27.305763,
  "combine_cct_us": 27.205158,
  "roundtrip_step_us": 55.310921,
  "e2e_step_us": 96.990608
}
