{
  "scenario": 4,
  "scheme": "ub_rg",
  "mode": "roundtrip",
  "batch": 64,
  "zipf_s": 0.700000,
  "topk": 8,
  "ep_size": 512,
  "seed": 63,
  "start_skew_us": 4.000000,
  "tau_g_ns": 143.360000,
  "grain_bytes": 7168,
  "total_tokens": 524288,
  "max_egress_load": 1607,
  "konig_us": 441.692160,
  "rtt_us": 0.800000,
  "barrier_us": 1.600000,
  "cct_us": 467.853812,
  "step_us": 929.883500,
  "gemv_us": 460.429688,
  "e2e_us": 928.283500,
  "throughput_GBs": 4041.470125,
  "latency_all": {
    "count": 524288,
    "mean_us": 21.242174,
    "p50_us": 9.213496,
    "p99_us": 38.464862,
    "min_us": 1.072230,
    "max_us": 234.327597
  },
  "latency_hot": {
    "count": 218312,
    "mean_us": 39.565411,
    "p50_us": 23.139270,
    "p99_us": 178.877424,
    "min_us": 1.275840,
    "max_us": 234.327597
  },
  "latency_cold": {
    "count": 115826,
    "mean_us": 6.230140,
    "p50_us": 6.162913,
    "p99_us": 10.947408,
    "min_us": 1.072230,
    "max_us": 23.710539
  },
  "dispatch_cct_us": 234.327597,
  "combine_cct_us": 233.526215,
  "roundtrip_step_us": 469.453812,
  "e2e_step_us": 929.883500
}
