{
  "scenario": 1,
  "scheme": "packet_spray",
  "mode": "roundtrip",
  "batch": 128,
  "zipf_s": 0.900000,
  "topk": 8,
  "ep_size": 64,
  "seed": 14,
  "start_skew_us": 4.000000,
  "tau_g_ns": 143.360000,
  "grain_bytes": 7168,
  "total_tokens": 131072,
  "max_egress_load": 885,
  "konig_us": 247.582720,
  "rtt_us": 0.000000,
  "barrier_us": 4.000000,
  "cct_us": 284.722343,
  "step_us": 551.769218,
  "gemv_us": 263.046875,
  "e2e_us": 547.769218,
  "throughput_GBs": 1702.748296,
  "latency_all": {
    "count": 131072,
    "mean_us": 54.894160,
    "p50_us": 43.192512,
    "p99_us": 132.531097,
    "min_us": 0.950311,
    "max_us": 144.449806
  },
  "latency_hot": {
    "count": 48058,
    "mean_us": 61.915838,
    "p50_us": 57.958592,
    "p99_us": 128.778432,
    "min_us": 1.044672,
    "max_us": 144.449806
  },
  "latency_cold": {
    "count": 27932,
    "mean_us": 50.661923,
    "p50_us": 27.037966,
    "p99_us": 136.545177,
    "min_us": 0.950311,
    "max_us": 140.272537
  },
  "dispatch_cct_us": 144.449806,
  "combine_cct_us": 140.272537,
  "roundtrip_step_us": 288.722343,
  "e2e_step_us": 551.769218
}
