{
  "scenario": 1,
  "scheme": "ub_rg_pop",
  "mode": "roundtrip",
  "batch": 64,
  "zipf_s": 0.300000,
  "topk": 8,
  "ep_size": 128,
  "seed": 21,
  "tau_g_ns": 143.360000,
  "grain_bytes": 7168,
  "total_tokens": 131072,
  "max_egress_load": 216,
  "konig_us": 57.344000,
  "rtt_us": 0.900000,
  "barrier_us": 0.800000,
  "cct_us": 64.869505,
  "step_us": 65.669505,
  "throughput_GBs": 14306.855116,
  "latency_all": {
    "count": 131072,
    "mean_us": 7.312393,
    "p50_us": 6.722419,
    "p99_us": 20.570848,
    "min_us": 1.445238,
    "max_us": 32.447950
  },
  "latency_hot": {
    "count": 22646,
    "mean_us": 11.056800,
    "p50_us": 10.647270,
    "p99_us": 26.255237,
    "min_us": 1.450435,
    "max_us": 32.447950
  },
  "latency_cold": {
    "count": 51590,
    "mean_us": 5.784308,
    "p50_us": 5.700276,
    "p99_us": 10.784453,
    "min_us": 1.445238,
    "max_us": 12.979755
  },
  "dispatch_cct_us": 32.421556,
  "combine_cct_us": 32.447950,
  "roundtrip_step_us": 65.669505
}
