{
  "scenario": 1,
  "scheme": "packet_spray",
  "mode": "roundtrip",
  "batch": 128,
  "zipf_s": 0.300000,
  "topk": 8,
  "ep_size": 128,
  "seed": 87,
  "start_skew_us": 4.000000,
  "tau_g_ns": 143.360000,
  "grain_bytes": 7168,
  "total_tokens": 262144,
  "max_egress_load": 392,
  "konig_us": 108.523520,
  "rtt_us": 0.000000,
  "barrier_us": 4.000000,
  "cct_us": 169.601155,
  "step_us": 287.663655,
  "gemv_us": 114.062500,
  "e2e_us": 283.663655,
  "throughput_GBs": 6532.101495,
  "latency_all": {
    "count": 262144,
    "mean_us": 43.186130,
    "p50_us": 41.160654,
    "p99_us": 68.638925,
    "min_us": 7.922705,
    "max_us": 89.270330
  },
  "latency_hot": {
    "count": 45282,
    "mean_us": 42.956610,
    "p50_us": 43.774025,
    "p99_us": 78.088250,
    "min_us": 8.639505,
    "max_us": 89.270330
  },
  "latency_cold": {
    "count": 103618,
    "mean_us": 44.580007,
    "p50_us": 41.934597,
    "p99_us": 75.456585,
    "min_us": 7.922705,
    "max_us": 80.330825
  },
  "dispatch_cct_us": 89.270330,
  "combine_cct_us": 80.330825,
  "roundtrip_step_us": 173.601155,
  "e2e_step_us": 287.663655
}
