{
  "scenario": 1,
  "scheme": "ub_rg_pop",
  "mode": "roundtrip",
  "batch": 128,
  "zipf_s": 0.700000,
  "topk": 8,
  "ep_size": 128,
  "seed": 50,
  "start_skew_us": 4.000000,
  "tau_g_ns": 143.360000,
  "grain_bytes": 7168,
  "total_tokens": 262144,
  "max_egress_load": 1133,
  "konig_us": 320.552960,
  "rtt_us": 0.900000,
  "barrier_us": 0.800000,
  "cct_us": 335.504686,
  "step_us": 680.757811,
  "gemv_us": 344.453125,
  "e2e_us": 679.957811,
  "throughput_GBs": 2760.230089,
  "latency_all": {
    "count": 262144,
    "mean_us": 24.060114,
    "p50_us": 11.232739,
    "p99_us": 125.629448,
    "min_us": 1.476337,
    "max_us": 167.809750
  },
  "latency_hot": {
    "count": 90154,
    "mean_us": 46.380748,
    "p50_us": 37.743638,
    "p99_us": 154.246998,
    "min_us": 1.631651,
    "max_us": 167.809750
  },
  "latency_cold": {
    "count": 64810,
    "mean_us": 8.786135,
    "p50_us": 8.635341,
    "p99_us": 16.156198,
    "min_us": 1.523224,
    "max_us": 19.841209
  },
  "dispatch_cct_us": 167.809750,
  "combine_cct_us": 167.694936,
  "roundtrip_step_us": 336.304686,
  "e2e_step_us": 680.757811
}
