{
  "scenario": 1,
  "scheme": "ub_rg",
  "mode": "roundtrip",
  "batch": 256,
  "zipf_s": 0.000000,
  "topk": 8,
  "ep_size": 64,
  "seed": 18,
  "start_skew_us": 4.000000,
  "tau_g_ns": 143.360000,
  "grain_bytes": 7168,
  "total_tokens": 262144,
  "max_egress_load": 312,
  "konig_us": 87.162880,
  "rtt_us": 0.600000,
  "barrier_us": 0.800000,
  "cct_us": 126.386562,
  "step_us": 211.014687,
  "gemv_us": 83.828125,
  "e2e_us": 210.214687,
  "throughput_GBs": 8904.821828,
  "latency_all": {
    "count": 262144,
    "mean_us": 28.693289,
    "p50_us": 24.194619,
    "p99_us": 51.361758,
    "min_us": 1.236510,
    "max_us": 65.974284
  },
  "latency_hot": {
    "count": 24490,
    "mean_us": 29.192113,
    "p50_us": 29.042543,
    "p99_us": 51.389012,
    "min_us": 2.012866,
    "max_us": 64.464252
  },
  "latency_cold": {
    "count": 131610,
    "mean_us": 28.741975,
    "p50_us": 28.605654,
    "p99_us": 52.344650,
    "min_us": 1.236510,
    "max_us": 65.974284
  },
  "dispatch_cct_us": 65.974284,
  "combine_cct_us": 60.412278,
  "roundtrip_step_us": 127.186562,
  "e2e_step_us": 211.014687
}
