{
  "scenario": 4,
  "scheme": "ub_rg_pop",
  "mode": "roundtrip",
  "batch": 16,
  "zipf_s": 0.900000,
  "topk": 8,
  "ep_size": 128,
  "seed": 92,
  "start_skew_us": 4.000000,
  "tau_g_ns": 143.360000,
  "grain_bytes": 7168,
  "total_tokens": 32768,
  "max_egress_load": 206,
  "konig_us": 57.200640,
  "rtt_us": 1.200000,
  "barrier_us": 1.600000,
  "cct_us": 68.708224,
  "step_us": 130.425411,
  "gemv_us": 60.117188,
  "e2e_us": 128.825411,
  "throughput_GBs": 1800.883903,
  "latency_all": {
    "count": 32768,
    "mean_us": 7.992058,
    "p50_us": 6.142558,
    "p99_us": 29.055234,
    "min_us": 1.489003,
    "max_us": 34.487710
  },
  "latency_hot": {
    "count": 14486,
    "mean_us": 11.633150,
    "p50_us": 9.862710,
    "p99_us": 31.137634,
    "min_us": 1.489003,
    "max_us": 34.487710
  },
  "latency_cold": {
    "count": 5908,
    "mean_us": 4.342410,
    "p50_us": 4.376873,
    "p99_us": 6.671803,
    "min_us": 1.659352,
    "max_us": 7.582625
  },
  "dispatch_cct_us": 34.220514,
  "combine_cct_us": 34.487710,
  "roundtrip_step_us": 70.308224,
  "e2e_step_us": 130.425411
}
