{
  "scenario": 4,
  "scheme": "packet_spray",
  "mode": "roundtrip",
  "batch": 16,
  "zipf_s": 0.900000,
  "topk": 8,
  "ep_size": 512,
  "seed": 48,
  "start_skew_us": 4.000000,
  "tau_g_ns": 143.360000,
  "grain_bytes": 7168,
  "total_tokens": 131072,
  "max_egress_load": 711,
  "konig_us": 192.675840,
  "rtt_us": 0.000000,
  "barrier_us": 6.000000,
  "cct_us": 231.028523,
  "step_us": 434.841023,
  "gemv_us": 197.812500,
  "e2e_us": 428.841023,
  "throughput_GBs": 2160.615134,
  "latency_all": {
    "count": 131072,
    "mean_us": 42.447159,
    "p50_us": 31.429920,
    "p99_us": 103.826720,
    "min_us": 0.480080,
    "max_us": 117.015840
  },
  "latency_hot": {
    "count": 72578,
    "mean_us": 45.967301,
    "p50_us": 37.336397,
    "p99_us": 105.116960,
    "min_us": 0.623440,
    "max_us": 116.155680
  },
  "latency_cold": {
    "count": 19256,
    "mean_us": 37.451115,
    "p50_us": 20.879954,
    "p99_us": 103.683360,
    "min_us": 0.480080,
    "max_us": 117.015840
  },
  "dispatch_cct_us": 114.012683,
  "combine_cct_us": 117.015840,
  "roundtrip_step_us": 237.028523,
  "e2e_step_us": 434.841023
}
