{
  "scenario": 1,
  "scheme": "ub_rg_pop",
  "mode": "roundtrip",
  "batch": 512,
  "zipf_s": 0.300000,
  "topk": 8,
  "ep_size": 32,
  "seed": 34,
  "start_skew_us": 4.000000,
  "tau_g_ns": 143.360000,
  "grain_bytes": 7168,
  "total_tokens": 262144,
  "max_egress_load": 991,
  "konig_us": 276.684800,
  "rtt_us": 0.900000,
  "barrier_us": 0.800000,
  "cct_us": 309.652544,
  "step_us": 603.772857,
  "gemv_us": 293.320312,
  "e2e_us": 602.972857,
  "throughput_GBs": 3112.177322,
  "latency_all": {
    "count": 262144,
    "mean_us": 46.756640,
    "p50_us": 35.709786,
    "p99_us": 113.230642,
    "min_us": 1.510964,
    "max_us": 157.326371
  },
  "latency_hot": {
    "count": 39366,
    "mean_us": 67.551279,
    "p50_us": 66.515157,
    "p99_us": 143.698432,
    "min_us": 1.985617,
    "max_us": 157.326371
  },
  "latency_cold": {
    "count": 108716,
    "mean_us": 38.445253,
    "p50_us": 38.215827,
    "p99_us": 74.532672,
    "min_us": 1.510964,
    "max_us": 84.955974
  },
  "dispatch_cct_us": 152.326173,
  "combine_cct_us": 157.326371,
  "roundtrip_step_us": 310.452544,
  "e2e_step_us": 603.772857
}
