{
  "scenario": 4,
  "scheme": "ub_rg",
  "mode": "roundtrip",
  "batch": 512,
  "zipf_s": 0.300000,
  "topk": 8,
  "ep_size": 256,
  "seed": 8,
  "start_skew_us": 4.000000,
  "tau_g_ns": 143.360000,
  "grain_bytes": 7168,
  "total_tokens": 2097152,
  "max_egress_load": 2018,
  "konig_us": 551.075840,
  "rtt_us": 0.800000,
  "barrier_us": 1.600000,
  "cct_us": 586.501245,
  "step_us": 1158.569995,
  "gemv_us": 570.468750,
  "e2e_us": 1156.969995,
  "throughput_GBs": 12974.948088,
  "latency_all": {
    "count": 2097152,
    "mean_us": 46.654018,
    "p50_us": 15.026397,
    "p99_us": 121.728445,
    "min_us": 1.033499,
    "max_us": 293.311413
  },
  "latency_hot": {
    "count": 388924,
    "mean_us": 79.458283,
    "p50_us": 73.439181,
    "p99_us": 231.041829,
    "min_us": 1.539888,
    "max_us": 293.311413
  },
  "latency_cold": {
    "count": 820938,
    "mean_us": 33.776686,
    "p50_us": 20.574309,
    "p99_us": 59.088916,
    "min_us": 1.275892,
    "max_us": 101.285943
  },
  "dispatch_cct_us": 293.311413,
  "combine_cct_us": 293.189831,
  "roundtrip_step_us": 588.101245,
  "e2e_step_us": 1158.569995
}
