{
  "scenario": 2,
  "scheme": "packet_spray",
  "mode": "roundtrip",
  "batch": 16,
  "zipf_s": 0.700000,
  "topk": 8,
  "ep_size": 256,
  "seed": 20,
  "tau_g_ns": 143.360000,
  "grain_bytes": 7168,
  "total_tokens": 65536,
  "max_egress_load": 235,
  "konig_us": 64.942080,
  "rtt_us": 0.000000,
  "barrier_us": 8.000000,
  "cct_us": 71.146400,
  "step_us": 79.146400,
  "throughput_GBs": 5935.355847,
  "latency_all": {
    "count": 65536,
    "mean_us": 12.583091,
    "p50_us": 9.051600,
    "p99_us": 33.709520,
    "min_us": 0.880080,
    "max_us": 35.716560
  },
  "latency_hot": {
    "count": 25362,
    "mean_us": 13.154227,
    "p50_us": 10.341840,
    "p99_us": 32.419280,
    "min_us": 0.880080,
    "max_us": 35.716560
  },
  "latency_cold": {
    "count": 15196,
    "mean_us": 12.287662,
    "p50_us": 5.610960,
    "p99_us": 34.139600,
    "min_us": 0.880080,
    "max_us": 35.429840
  },
  "dispatch_cct_us": 35.716560,
  "combine_cct_us": 35.429840,
  "roundtrip_step_us": 79.146400
}
