{
  "scenario": 4,
  "scheme": "ub_rg_pop",
  "mode": "roundtrip",
  "batch": 64,
  "zipf_s": 0.700000,
  "topk": 8,
  "ep_size": 256,
  "seed": 79,
  "start_skew_us": 4.000000,
  "tau_g_ns": 143.360000,
  "grain_bytes": 7168,
  "total_tokens": 262144,
  "max_egress_load": 995,
  "konig_us": 272.527360,
  "rtt_us": 1.200000,
  "barrier_us": 1.600000,
  "cct_us": 316.359811,
  "step_us": 600.850436,
  "gemv_us": 282.890625,
  "e2e_us": 599.250436,
  "throughput_GBs": 3127.314351,
  "latency_all": {
    "count": 262144,
    "mean_us": 27.628374,
    "p50_us": 19.024736,
    "p99_us": 107.369184,
    "min_us": 1.808924,
    "max_us": 161.242475
  },
  "latency_hot": {
    "count": 100482,
    "mean_us": 42.017783,
    "p50_us": 33.748841,
    "p99_us": 133.643251,
    "min_us": 2.724153,
    "max_us": 161.242475
  },
  "latency_cold": {
    "count": 60190,
    "mean_us": 16.635510,
    "p50_us": 16.708304,
    "p99_us": 26.045384,
    "min_us": 1.808924,
    "max_us": 30.514989
  },
  "dispatch_cct_us": 161.242475,
  "combine_cct_us": 155.117336,
  "roundtrip_step_us": 317.959811,
  "e2e_step_us": 600.850436
}
