{
  "scenario": 4,
  "scheme": "ub_rg",
  "mode": "roundtrip",
  "batch": 256,
  "zipf_s": 0.000000,
  "topk": 8,
  "ep_size": 512,
  "seed": 95,
  "start_skew_us": 4.000000,
  "tau_g_ns": 143.360000,
  "grain_bytes": 7168,
  "total_tokens": 2097152,
  "max_egress_load": 341,
  "konig_us": 96.194560,
  "rtt_us": 0.800000,
  "barrier_us": 1.600000,
  "cct_us": 144.115585,
  "step_us": 230.403085,
  "gemv_us": 84.687500,
  "e2e_us": 228.803085,
  "throughput_GBs": 65243.855245,
  "latency_all": {
    "count": 2097152,
    "mean_us": 34.326277,
    "p50_us": 21.472652,
    "p99_us": 56.193705,
    "min_us": 1.112579,
    "max_us": 72.572959
  },
  "latency_hot": {
    "count": 208566,
    "mean_us": 34.145744,
    "p50_us": 33.303808,
    "p99_us": 57.467370,
    "min_us": 1.353906,
    "max_us": 69.104876
  },
  "latency_cold": {
    "count": 1048562,
    "mean_us": 34.361926,
    "p50_us": 24.922623,
    "p99_us": 53.411351,
    "min_us": 1.112579,
    "max_us": 71.542627
  },
  "dispatch_cct_us": 71.542627,
  "combine_cct_us": 72.572959,
  "roundtrip_step_us": 145.715585,
  "e2e_step_us": 230.403085
}
