{
  "scenario": 1,
  "scheme": "ub_rg",
  "mode": "roundtrip",
  "batch": 128,
  "zipf_s": 0.300000,
  "topk": 8,
  "ep_size": 32,
  "seed": 9,
  "start_skew_us": 4.000000,
  "tau_g_ns": 143.360000,
  "grain_bytes": 7168,
  "total_tokens": 65536,
  "max_egress_load": 242,
  "konig_us": 67.952640,
  "rtt_us": 0.600000,
  "barrier_us": 0.800000,
  "cct_us": 77.755822,
  "step_us": 150.860509,
  "gemv_us": 72.304688,
  "e2e_us": 150.060509,
  "throughput_GBs": 3113.883484,
  "latency_all": {
    "count": 65536,
    "mean_us": 13.065055,
    "p50_us": 12.439048,
    "p99_us": 31.911762,
    "min_us": 1.288382,
    "max_us": 39.188033
  },
  "latency_hot": {
    "count": 9744,
    "mean_us": 18.259307,
    "p50_us": 17.963707,
    "p99_us": 36.481364,
    "min_us": 1.486376,
    "max_us": 39.188033
  },
  "latency_cold": {
    "count": 27424,
    "mean_us": 11.183834,
    "p50_us": 11.040346,
    "p99_us": 21.335565,
    "min_us": 1.344583,
    "max_us": 25.667426
  },
  "dispatch_cct_us": 38.567788,
  "combine_cct_us": 39.188033,
  "roundtrip_step_us": 78.555822,
  "e2e_step_us": 150.860509
}
