{
  "scenario": 1,
  "scheme": "packet_spray",
  "mode": "roundtrip",
  "batch": 128,
  "zipf_s": 0.700000,
  "topk": 8,
  "ep_size": 32,
  "seed": 67,
  "start_skew_us": 4.000000,
  "tau_g_ns": 143.360000,
  "grain_bytes": 7168,
  "total_tokens": 65536,
  "max_egress_load": 440,
  "konig_us": 121.139200,
  "rtt_us": 0.000000,
  "barrier_us": 4.000000,
  "cct_us": 168.567480,
  "step_us": 298.934668,
  "gemv_us": 126.367188,
  "e2e_us": 294.934668,
  "throughput_GBs": 1571.453895,
  "latency_all": {
    "count": 65536,
    "mean_us": 40.384518,
    "p50_us": 38.350612,
    "p99_us": 76.170148,
    "min_us": 2.066404,
    "max_us": 89.386772
  },
  "latency_hot": {
    "count": 15730,
    "mean_us": 42.626479,
    "p50_us": 43.627428,
    "p99_us": 82.648852,
    "min_us": 2.066404,
    "max_us": 89.386772
  },
  "latency_cold": {
    "count": 19750,
    "mean_us": 40.023111,
    "p50_us": 35.812473,
    "p99_us": 75.453348,
    "min_us": 2.066404,
    "max_us": 79.180708
  },
  "dispatch_cct_us": 89.386772,
  "combine_cct_us": 79.180708,
  "roundtrip_step_us": 172.567480,
  "e2e_step_us": 298.934668
}
