{
  "scenario": 4,
  "scheme": "ub_rg_pop",
  "mode": "roundtrip",
  "batch": 512,
  "zipf_s": 0.900000,
  "topk": 8,
  "ep_size": 128,
  "seed": 80,
  "start_skew_us": 4.000000,
  "tau_g_ns": 143.360000,
  "grain_bytes": 7168,
  "total_tokens": 1048576,
  "max_egress_load": 6486,
  "konig_us": 1807.196160,
  "rtt_us": 1.200000,
  "barrier_us": 1.600000,
  "cct_us": 1886.633391,
  "step_us": 3800.655266,
  "gemv_us": 1912.421875,
  "e2e_us": 3799.055266,
  "throughput_GBs": 1977.604450,
  "latency_all": {
    "count": 1048576,
    "mean_us": 135.002057,
    "p50_us": 29.864818,
    "p99_us": 463.752041,
    "min_us": 1.725616,
    "max_us": 946.807365
  },
  "latency_hot": {
    "count": 461564,
    "mean_us": 248.135300,
    "p50_us": 165.570744,
    "p99_us": 484.515688,
    "min_us": 3.132195,
    "max_us": 946.807365
  },
  "latency_cold": {
    "count": 190190,
    "mean_us": 27.854018,
    "p50_us": 27.343844,
    "p99_us": 49.814871,
    "min_us": 2.044523,
    "max_us": 64.225845
  },
  "dispatch_cct_us": 946.807365,
  "combine_cct_us": 939.826027,
  "roundtrip_step_us": 1888.233391,
  "e2e_step_us": 3800.655266
}
