{
  "scenario": 4,
  "scheme": "ub_rg_pop",
  "mode": "roundtrip",
  "batch": 64,
  "zipf_s": 0.300000,
  "topk": 8,
  "ep_size": 128,
  "seed": 12,
  "start_skew_us": 4.000000,
  "tau_g_ns": 143.360000,
  "grain_bytes": 7168,
  "total_tokens": 131072,
  "max_egress_load": 203,
  "konig_us": 55.050240,
  "rtt_us": 1.200000,
  "barrier_us": 1.600000,
  "cct_us": 65.574804,
  "step_us": 123.698242,
  "gemv_us": 56.523438,
  "e2e_us": 122.098242,
  "throughput_GBs": 7595.290629,
  "latency_all": {
    "count": 131072,
    "mean_us": 9.583924,
    "p50_us": 8.989342,
    "p99_us": 23.392818,
    "min_us": 1.532792,
    "max_us": 34.214343
  },
  "latency_hot": {
    "count": 22770,
    "mean_us": 13.460034,
    "p50_us": 13.032769,
    "p99_us": 28.543212,
    "min_us": 1.829065,
    "max_us": 34.214343
  },
  "latency_cold": {
    "count": 51728,
    "mean_us": 8.161791,
    "p50_us": 8.071867,
    "p99_us": 13.822563,
    "min_us": 1.585067,
    "max_us": 19.455136
  },
  "dispatch_cct_us": 31.360461,
  "combine_cct_us": 34.214343,
  "roundtrip_step_us": 67.174804,
  "e2e_step_us": 123.698242
}
