{
  "scenario": 4,
  "scheme": "packet_spray",
  "mode": "roundtrip",
  "batch": 128,
  "zipf_s": 0.000000,
  "topk": 8,
  "ep_size": 512,
  "seed": 2,
  "start_skew_us": 4.000000,
  "tau_g_ns": 143.360000,
  "grain_bytes": 7168,
  "total_tokens": 1048576,
  "max_egress_load": 179,
  "konig_us": 49.889280,
  "rtt_us": 0.000000,
  "barrier_us": 6.000000,
  "cct_us": 91.042002,
  "step_us": 140.635752,
  "gemv_us": 43.593750,
  "e2e_us": 134.635752,
  "throughput_GBs": 53444.395555,
  "latency_all": {
    "count": 1048576,
    "mean_us": 24.707960,
    "p50_us": 22.981215,
    "p99_us": 36.665620,
    "min_us": 0.240585,
    "max_us": 46.965046
  },
  "latency_hot": {
    "count": 104782,
    "mean_us": 20.534411,
    "p50_us": 20.561608,
    "p99_us": 38.672539,
    "min_us": 0.453085,
    "max_us": 46.965046
  },
  "latency_cold": {
    "count": 524216,
    "mean_us": 26.930032,
    "p50_us": 26.179322,
    "p99_us": 36.183053,
    "min_us": 0.240585,
    "max_us": 45.741643
  },
  "dispatch_cct_us": 46.965046,
  "combine_cct_us": 44.076956,
  "roundtrip_step_us": 97.042002,
  "e2e_step_us": 140.635752
}
