{
  "scenario": 3,
  "scheme": "ub_rg_pop",
  "mode": "roundtrip",
  "batch": 64,
  "zipf_s": 0.900000,
  "topk": 8,
  "ep_size": 1024,
  "seed": 81,
  "tau_g_ns": 143.360000,
  "grain_bytes": 7168,
  "total_tokens": 1048576,
  "max_egress_load": 4641,
  "konig_us": 1322.065920,
  "rtt_us": 1.650000,
  "barrier_us": 2.400000,
  "cct_us": 1335.846257,
  "step_us": 1338.246257,
  "throughput_GBs": 5616.449685,
  "latency_all": {
    "count": 1048576,
    "mean_us": 60.333490,
    "p50_us": 6.109304,
    "p99_us": 259.331981,
    "min_us": 2.593379,
    "max_us": 667.949657
  },
  "latency_hot": {
    "count": 618026,
    "mean_us": 97.687199,
    "p50_us": 24.486197,
    "p99_us": 259.398337,
    "min_us": 2.593823,
    "max_us": 667.949657
  },
  "latency_cold": {
    "count": 140442,
    "mean_us": 4.420226,
    "p50_us": 4.344122,
    "p99_us": 7.031383,
    "min_us": 2.593379,
    "max_us": 9.050657
  },
  "dispatch_cct_us": 667.949657,
  "combine_cct_us": 667.896600,
  "roundtrip_step_us": 1338.246257
}
