{
  "scenario": 1,
  "scheme": "islip",
  "mode": "roundtrip",
  "batch": 16,
  "zipf_s": 0.000000,
  "topk": 8,
  "ep_size": 32,
  "seed": 69,
  "start_skew_us": 4.000000,
  "tau_g_ns": 143.360000,
  "grain_bytes": 7168,
  "total_tokens": 8192,
  "max_egress_load": 28,
  "konig_us": 7.741440,
  "rtt_us": 0.600000,
  "barrier_us": 0.800000,
  "cct_us": 16.724960,
  "step_us": 23.384335,
  "gemv_us": 5.859375,
  "e2e_us": 22.584335,
  "throughput_GBs": 2511.093645,
  "latency_all": {
    "count": 8192,
    "mean_us": 4.246497,
    "p50_us": 4.251138,
    "p99_us": 7.225357,
    "min_us": 1.164329,
    "max_us": 8.517076
  },
  "latency_hot": {
    "count": 760,
    "mean_us": 4.249141,
    "p50_us": 4.310249,
    "p99_us": 7.221329,
    "min_us": 1.220472,
    "max_us": 7.941196
  },
  "latency_cold": {
    "count": 4138,
    "mean_us": 4.478012,
    "p50_us": 4.492105,
    "p99_us": 7.335839,
    "min_us": 1.354543,
    "max_us": 8.454948
  },
  "dispatch_cct_us": 8.517076,
  "combine_cct_us": 8.207884,
  "roundtrip_step_us": 17.524960,
  "e2e_step_us": 23.384335
}
