{
  "scenario": 4,
  "scheme": "ub_rg_pop",
  "mode": "roundtrip",
  "batch": 128,
  "zipf_s": 0.300000,
  "topk": 8,
  "ep_size": 512,
  "seed": 41,
  "start_skew_us": 4.000000,
  "tau_g_ns": 143.360000,
  "grain_bytes": 7168,
  "total_tokens": 1048576,
  "max_egress_load": 629,
  "konig_us": 170.168320,
  "rtt_us": 1.200000,
  "barrier_us": 1.600000,
  "cct_us": 215.446127,
  "step_us": 391.421127,
  "gemv_us": 174.375000,
  "e2e_us": 389.821127,
  "throughput_GBs": 19202.317514,
  "latency_all": {
    "count": 1048576,
    "mean_us": 25.629627,
    "p50_us": 19.271950,
    "p99_us": 41.390068,
    "min_us": 1.765697,
    "max_us": 108.769309
  },
  "latency_hot": {
    "count": 200926,
    "mean_us": 34.641305,
    "p50_us": 33.063983,
    "p99_us": 79.241314,
    "min_us": 2.228289,
    "max_us": 108.769309
  },
  "latency_cold": {
    "count": 407896,
    "mean_us": 22.106322,
    "p50_us": 22.654156,
    "p99_us": 34.839472,
    "min_us": 1.790131,
    "max_us": 53.167158
  },
  "dispatch_cct_us": 106.676818,
  "combine_cct_us": 108.769309,
  "roundtrip_step_us": 217.046127,
  "e2e_step_us": 391.421127
}
