{
  "scenario": 1,
  "scheme": "ub_rg",
  "mode": "roundtrip",
  "batch": 256,
  "zipf_s": 0.700000,
  "topk": 8,
  "ep_size": 32,
  "seed": 85,
  "tau_g_ns": 143.360000,
  "grain_bytes": 7168,
  "total_tokens": 131072,
  "max_egress_load": 816,
  "konig_us": 231.956480,
  "rtt_us": 0.600000,
  "barrier_us": 0.800000,
  "cct_us": 236.403225,
  "step_us": 237.203225,
  "throughput_GBs": 3960.840314,
  "latency_all": {
    "count": 131072,
    "mean_us": 26.494889,
    "p50_us": 19.814697,
    "p99_us": 104.375619,
    "min_us": 1.143550,
    "max_us": 118.231277
  },
  "latency_hot": {
    "count": 31302,
    "mean_us": 49.482636,
    "p50_us": 48.033588,
    "p99_us": 113.447650,
    "min_us": 1.143556,
    "max_us": 118.231277
  },
  "latency_cold": {
    "count": 39638,
    "mean_us": 12.712079,
    "p50_us": 12.454927,
    "p99_us": 27.574530,
    "min_us": 1.143550,
    "max_us": 31.086500
  },
  "dispatch_cct_us": 118.171948,
  "combine_cct_us": 118.231277,
  "roundtrip_step_us": 237.203225
}
