{
  "scenario": 4,
  "scheme": "ub_rg_pop",
  "mode": "roundtrip",
  "batch": 128,
  "zipf_s": 0.700000,
  "topk": 8,
  "ep_size": 128,
  "seed": 68,
  "start_skew_us": 4.000000,
  "tau_g_ns": 143.360000,
  "grain_bytes": 7168,
  "total_tokens": 262144,
  "max_egress_load": 1175,
  "konig_us": 327.147520,
  "rtt_us": 1.200000,
  "barrier_us": 1.600000,
  "cct_us": 344.637153,
  "step_us": 691.940278,
  "gemv_us": 345.703125,
  "e2e_us": 690.340278,
  "throughput_GBs": 2715.621930,
  "latency_all": {
    "count": 262144,
    "mean_us": 24.335990,
    "p50_us": 11.525620,
    "p99_us": 126.475460,
    "min_us": 1.463716,
    "max_us": 172.477909
  },
  "latency_hot": {
    "count": 89922,
    "mean_us": 46.735629,
    "p50_us": 38.070158,
    "p99_us": 154.501889,
    "min_us": 2.107711,
    "max_us": 172.477909
  },
  "latency_cold": {
    "count": 64920,
    "mean_us": 9.119825,
    "p50_us": 8.971471,
    "p99_us": 16.441053,
    "min_us": 1.672486,
    "max_us": 27.670099
  },
  "dispatch_cct_us": 172.159244,
  "combine_cct_us": 172.477909,
  "roundtrip_step_us": 346.237153,
  "e2e_step_us": 691.940278
}
