{
  "scenario": 1,
  "scheme": "ub_rg_pop",
  "mode": "roundtrip",
  "batch": 64,
  "zipf_s": 0.000000,
  "topk": 8,
  "ep_size": 128,
  "seed": 13,
  "start_skew_us": 4.000000,
  "tau_g_ns": 143.360000,
  "grain_bytes": 7168,
  "total_tokens": 131072,
  "max_egress_load": 90,
  "konig_us": 25.231360,
  "rtt_us": 0.900000,
  "barrier_us": 0.800000,
  "cct_us": 35.810437,
  "step_us": 58.719812,
  "gemv_us": 22.109375,
  "e2e_us": 57.919812,
  "throughput_GBs": 16000.120856,
  "latency_all": {
    "count": 131072,
    "mean_us": 8.757969,
    "p50_us": 8.682929,
    "p99_us": 15.382707,
    "min_us": 1.537115,
    "max_us": 18.204960
  },
  "latency_hot": {
    "count": 12432,
    "mean_us": 8.441539,
    "p50_us": 8.388511,
    "p99_us": 15.251179,
    "min_us": 1.811923,
    "max_us": 17.853173
  },
  "latency_cold": {
    "count": 65140,
    "mean_us": 8.770971,
    "p50_us": 8.692012,
    "p99_us": 15.406660,
    "min_us": 1.537115,
    "max_us": 18.084709
  },
  "dispatch_cct_us": 18.204960,
  "combine_cct_us": 17.605477,
  "roundtrip_step_us": 36.610437,
  "e2e_step_us": 58.719812
}
