{
  "scenario": 4,
  "scheme": "ub_rg",
  "mode": "roundtrip",
  "batch": 64,
  "zipf_s": 0.300000,
  "topk": 8,
  "ep_size": 512,
  "seed": 49,
  "start_skew_us": 4.000000,
  "tau_g_ns": 143.360000,
  "grain_bytes": 7168,
  "total_tokens": 524288,
  "max_egress_load": 331,
  "konig_us": 88.739840,
  "rtt_us": 0.800000,
  "barrier_us": 1.600000,
  "cct_us": 102.000705,
  "step_us": 193.444455,
  "gemv_us": 89.843750,
  "e2e_us": 191.844455,
  "throughput_GBs": 19427.263379,
  "latency_all": {
    "count": 524288,
    "mean_us": 10.030209,
    "p50_us": 9.026907,
    "p99_us": 15.726981,
    "min_us": 1.070106,
    "max_us": 51.183530
  },
  "latency_hot": {
    "count": 99932,
    "mean_us": 14.753982,
    "p50_us": 14.108054,
    "p99_us": 36.652401,
    "min_us": 1.330854,
    "max_us": 51.183530
  },
  "latency_cold": {
    "count": 204442,
    "mean_us": 8.116226,
    "p50_us": 7.978361,
    "p99_us": 14.459748,
    "min_us": 1.103672,
    "max_us": 20.482975
  },
  "dispatch_cct_us": 51.183530,
  "combine_cct_us": 50.817176,
  "roundtrip_step_us": 103.600705,
  "e2e_step_us": 193.444455
}
