{
  "scenario": 1,
  "scheme": "ub_rg",
  "mode": "roundtrip",
  "batch": 512,
  "zipf_s": 0.000000,
  "topk": 8,
  "ep_size": 128,
  "seed": 26,
  "start_skew_us": 4.000000,
  "tau_g_ns": 143.360000,
  "grain_bytes": 7168,
  "total_tokens": 1048576,
  "max_egress_load": 581,
  "konig_us": 165.867520,
  "rtt_us": 0.600000,
  "barrier_us": 0.800000,
  "cct_us": 199.380086,
  "step_us": 366.547273,
  "gemv_us": 166.367188,
  "e2e_us": 365.747273,
  "throughput_GBs": 20505.384489,
  "latency_all": {
    "count": 1048576,
    "mean_us": 48.450433,
    "p50_us": 28.323857,
    "p99_us": 81.982975,
    "min_us": 1.271163,
    "max_us": 101.187255
  },
  "latency_hot": {
    "count": 97688,
    "mean_us": 48.544760,
    "p50_us": 48.352165,
    "p99_us": 88.745003,
    "min_us": 2.105613,
    "max_us": 98.226913
  },
  "latency_cold": {
    "count": 524066,
    "mean_us": 48.796247,
    "p50_us": 41.475836,
    "p99_us": 76.554722,
    "min_us": 1.271163,
    "max_us": 101.187255
  },
  "dispatch_cct_us": 101.187255,
  "combine_cct_us": 98.192831,
  "roundtrip_step_us": 200.180086,
  "e2e_step_us": 366.547273
}
