{
  "scenario": 1,
  "scheme": "ub_rg",
  "mode": "roundtrip",
  "batch": 512,
  "zipf_s": 0.000000,
  "topk": 8,
  "ep_size": 32,
  "seed": 53,
  "start_skew_us": 4.000000,
  "tau_g_ns": 143.360000,
  "grain_bytes": 7168,
  "total_tokens": 262144,
  "max_egress_load": 565,
  "konig_us": 161.710080,
  "rtt_us": 0.600000,
  "barrier_us": 0.800000,
  "cct_us": 195.136597,
  "step_us": 360.585035,
  "gemv_us": 164.648438,
  "e2e_us": 359.785035,
  "throughput_GBs": 5211.109751,
  "latency_all": {
    "count": 262144,
    "mean_us": 47.082503,
    "p50_us": 38.283402,
    "p99_us": 87.912668,
    "min_us": 1.156569,
    "max_us": 99.542061
  },
  "latency_hot": {
    "count": 24596,
    "mean_us": 46.778876,
    "p50_us": 46.642599,
    "p99_us": 87.266203,
    "min_us": 1.764273,
    "max_us": 94.482817
  },
  "latency_cold": {
    "count": 131288,
    "mean_us": 47.034043,
    "p50_us": 46.940106,
    "p99_us": 87.851082,
    "min_us": 1.427592,
    "max_us": 98.280104
  },
  "dispatch_cct_us": 99.542061,
  "combine_cct_us": 95.594536,
  "roundtrip_step_us": 195.936597,
  "e2e_step_us": 360.585035
}
