{
  "scenario": 1,
  "scheme": "ub_rg",
  "mode": "roundtrip",
  "batch": 512,
  "zipf_s": 0.700000,
  "topk": 8,
  "ep_size": 128,
  "seed": 83,
  "start_skew_us": 4.000000,
  "tau_g_ns": 143.360000,
  "grain_bytes": 7168,
  "total_tokens": 1048576,
  "max_egress_load": 4467,
  "konig_us": 1267.015680,
  "rtt_us": 0.600000,
  "barrier_us": 0.800000,
  "cct_us": 1304.863076,
  "step_us": 2671.327138,
  "gemv_us": 1365.664062,
  "e2e_us": 2670.527138,
  "throughput_GBs": 2813.654928,
  "latency_all": {
    "count": 1048576,
    "mean_us": 90.552641,
    "p50_us": 27.652701,
    "p99_us": 285.818351,
    "min_us": 1.220217,
    "max_us": 655.488915
  },
  "latency_hot": {
    "count": 360582,
    "mean_us": 179.875792,
    "p50_us": 131.879510,
    "p99_us": 601.308643,
    "min_us": 1.563326,
    "max_us": 655.488915
  },
  "latency_cold": {
    "count": 258950,
    "mean_us": 30.039919,
    "p50_us": 25.448291,
    "p99_us": 55.089935,
    "min_us": 1.220217,
    "max_us": 70.814229
  },
  "dispatch_cct_us": 655.488915,
  "combine_cct_us": 649.374161,
  "roundtrip_step_us": 1305.663076,
  "e2e_step_us": 2671.327138
}
