{
  "scenario": 1,
  "scheme": "islip",
  "mode": "roundtrip",
  "batch": 256,
  "zipf_s": 0.300000,
  "topk": 8,
  "ep_size": 32,
  "seed": 27,
  "start_skew_us": 4.000000,
  "tau_g_ns": 143.360000,
  "grain_bytes": 7168,
  "total_tokens": 131072,
  "max_egress_load": 496,
  "konig_us": 138.772480,
  "rtt_us": 0.600000,
  "barrier_us": 0.800000,
  "cct_us": 149.720233,
  "step_us": 298.020233,
  "gemv_us": 147.500000,
  "e2e_us": 297.220233,
  "throughput_GBs": 3152.551380,
  "latency_all": {
    "count": 131072,
    "mean_us": 22.617698,
    "p50_us": 21.410930,
    "p99_us": 60.424069,
    "min_us": 1.282464,
    "max_us": 74.970816
  },
  "latency_hot": {
    "count": 19566,
    "mean_us": 33.216511,
    "p50_us": 32.747130,
    "p99_us": 69.673682,
    "min_us": 1.478147,
    "max_us": 74.970816
  },
  "latency_cold": {
    "count": 54512,
    "mean_us": 18.468639,
    "p50_us": 18.329288,
    "p99_us": 36.362029,
    "min_us": 1.282464,
    "max_us": 40.840850
  },
  "dispatch_cct_us": 74.970816,
  "combine_cct_us": 74.749417,
  "roundtrip_step_us": 150.520233,
  "e2e_step_us": 298.020233
}
