{
  "scenario": 4,
  "scheme": "ub_rg_pop",
  "mode": "roundtrip",
  "batch": 512,
  "zipf_s": 0.900000,
  "topk": 8,
  "ep_size": 128,
  "seed": 38,
  "start_skew_us": 4.000000,
  "tau_g_ns": 143.360000,
  "grain_bytes": 7168,
  "total_tokens": 1048576,
  "max_egress_load": 6565,
  "konig_us": 1821.245440,
  "rtt_us": 1.200000,
  "barrier_us": 1.600000,
  "cct_us": 1910.087585,
  "step_us": 3830.007897,
  "gemv_us": 1918.320312,
  "e2e_us": 3828.407897,
  "throughput_GBs": 1962.448373,
  "latency_all": {
    "count": 1048576,
    "mean_us": 135.986428,
    "p50_us": 31.168910,
    "p99_us": 467.058350,
    "min_us": 1.743581,
    "max_us": 956.301017
  },
  "latency_hot": {
    "count": 463584,
    "mean_us": 249.420238,
    "p50_us": 167.068255,
    "p99_us": 480.403345,
    "min_us": 3.039138,
    "max_us": 956.301017
  },
  "latency_cold": {
    "count": 189048,
    "mean_us": 28.181643,
    "p50_us": 27.629532,
    "p99_us": 50.858646,
    "min_us": 2.739252,
    "max_us": 70.993573
  },
  "dispatch_cct_us": 956.301017,
  "combine_cct_us": 953.786568,
  "roundtrip_step_us": 1911.687585,
  "e2e_step_us": 3830.007897
}
