{
  "scenario": 1,
  "scheme": "ub_rg_pop",
  "mode": "roundtrip",
  "batch": 64,
  "zipf_s": 0.000000,
  "topk": 8,
  "ep_size": 128,
  "seed": 32,
  "start_skew_us": 4.000000,
  "tau_g_ns": 143.360000,
  "grain_bytes": 7168,
  "total_tokens": 131072,
  "max_egress_load": 92,
  "konig_us": 26.091520,
  "rtt_us": 0.900000,
  "barrier_us": 0.800000,
  "cct_us": 65.691138,
  "step_us": 88.913013,
  "gemv_us": 22.421875,
  "e2e_us": 88.113013,
  "throughput_GBs": 10566.778331,
  "latency_all": {
    "count": 131072,
    "mean_us": 17.373987,
    "p50_us": 17.464159,
    "p99_us": 28.534479,
    "min_us": 1.452786,
    "max_us": 35.290668
  },
  "latency_hot": {
    "count": 12190,
    "mean_us": 17.780368,
    "p50_us": 17.745560,
    "p99_us": 28.363732,
    "min_us": 1.741816,
    "max_us": 33.005199
  },
  "latency_cold": {
    "count": 65792,
    "mean_us": 17.366042,
    "p50_us": 17.464725,
    "p99_us": 28.529504,
    "min_us": 1.452786,
    "max_us": 35.290668
  },
  "dispatch_cct_us": 35.290668,
  "combine_cct_us": 30.400470,
  "roundtrip_step_us": 66.491138,
  "e2e_step_us": 88.913013
}
