{
  "scenario": 1,
  "scheme": "islip",
  "mode": "roundtrip",
  "batch": 256,
  "zipf_s": 0.300000,
  "topk": 8,
  "ep_size": 32,
  "seed": 12,
  "start_skew_us": 4.000000,
  "tau_g_ns": 143.360000,
  "grain_bytes": 7168,
  "total_tokens": 131072,
  "max_egress_load": 495,
  "konig_us": 137.625600,
  "rtt_us": 0.600000,
  "barrier_us": 0.800000,
  "cct_us": 150.093066,
  "step_us": 295.971191,
  "gemv_us": 145.078125,
  "e2e_us": 295.171191,
  "throughput_GBs": 3174.376844,
  "latency_all": {
    "count": 131072,
    "mean_us": 22.563953,
    "p50_us": 21.320312,
    "p99_us": 60.402373,
    "min_us": 1.158685,
    "max_us": 75.441235
  },
  "latency_hot": {
    "count": 19590,
    "mean_us": 33.313477,
    "p50_us": 32.908523,
    "p99_us": 69.117622,
    "min_us": 1.394282,
    "max_us": 75.441235
  },
  "latency_cold": {
    "count": 54304,
    "mean_us": 18.309615,
    "p50_us": 18.161608,
    "p99_us": 36.229397,
    "min_us": 1.180773,
    "max_us": 40.504806
  },
  "dispatch_cct_us": 74.651831,
  "combine_cct_us": 75.441235,
  "roundtrip_step_us": 150.893066,
  "e2e_step_us": 295.971191
}
