{
  "scenario": 1,
  "scheme": "packet_spray",
  "mode": "roundtrip",
  "batch": 256,
  "zipf_s": 0.300000,
  "topk": 8,
  "ep_size": 64,
  "seed": 51,
  "start_skew_us": 4.000000,
  "tau_g_ns": 143.360000,
  "grain_bytes": 7168,
  "total_tokens": 262144,
  "max_egress_load": 616,
  "konig_us": 172.892160,
  "rtt_us": 0.000000,
  "barrier_us": 4.000000,
  "cct_us": 247.552497,
  "step_us": 435.732185,
  "gemv_us": 184.179688,
  "e2e_us": 431.732185,
  "throughput_GBs": 4312.392470,
  "latency_all": {
    "count": 262144,
    "mean_us": 58.620542,
    "p50_us": 54.217761,
    "p99_us": 100.099647,
    "min_us": 0.981812,
    "max_us": 126.235570
  },
  "latency_hot": {
    "count": 43212,
    "mean_us": 57.729938,
    "p50_us": 58.999730,
    "p99_us": 112.616370,
    "min_us": 1.181247,
    "max_us": 126.235570
  },
  "latency_cold": {
    "count": 105010,
    "mean_us": 61.368483,
    "p50_us": 56.243927,
    "p99_us": 115.009087,
    "min_us": 0.981812,
    "max_us": 121.316927
  },
  "dispatch_cct_us": 126.235570,
  "combine_cct_us": 121.316927,
  "roundtrip_step_us": 251.552497,
  "e2e_step_us": 435.732185
}
