{
  "scenario": 1,
  "scheme": "packet_spray",
  "mode": "roundtrip",
  "batch": 64,
  "zipf_s": 0.900000,
  "topk": 8,
  "ep_size": 128,
  "seed": 69,
  "start_skew_us": 4.000000,
  "tau_g_ns": 143.360000,
  "grain_bytes": 7168,
  "total_tokens": 131072,
  "max_egress_load": 807,
  "konig_us": 225.792000,
  "rtt_us": 0.000000,
  "barrier_us": 4.000000,
  "cct_us": 265.739590,
  "step_us": 509.466153,
  "gemv_us": 239.726562,
  "e2e_us": 505.466153,
  "throughput_GBs": 1844.134475,
  "latency_all": {
    "count": 131072,
    "mean_us": 53.052576,
    "p50_us": 41.036095,
    "p99_us": 123.038015,
    "min_us": 6.378234,
    "max_us": 136.823815
  },
  "latency_hot": {
    "count": 58044,
    "mean_us": 58.582641,
    "p50_us": 51.644735,
    "p99_us": 121.627655,
    "min_us": 6.664954,
    "max_us": 136.823815
  },
  "latency_cold": {
    "count": 23792,
    "mean_us": 48.229739,
    "p50_us": 28.697244,
    "p99_us": 125.188415,
    "min_us": 6.378234,
    "max_us": 128.915775
  },
  "dispatch_cct_us": 136.823815,
  "combine_cct_us": 128.915775,
  "roundtrip_step_us": 269.739590,
  "e2e_step_us": 509.466153
}
