{
  "scenario": 4,
  "scheme": "ub_rg",
  "mode": "roundtrip",
  "batch": 512,
  "zipf_s": 0.000000,
  "topk": 8,
  "ep_size": 128,
  "seed": 1,
  "start_skew_us": 4.000000,
  "tau_g_ns": 143.360000,
  "grain_bytes": 7168,
  "total_tokens": 1048576,
  "max_egress_load": 641,
  "konig_us": 181.637120,
  "rtt_us": 0.800000,
  "barrier_us": 1.600000,
  "cct_us": 219.398697,
  "step_us": 387.053385,
  "gemv_us": 166.054688,
  "e2e_us": 385.453385,
  "throughput_GBs": 19419.007977,
  "latency_all": {
    "count": 1048576,
    "mean_us": 49.121870,
    "p50_us": 28.921316,
    "p99_us": 83.080535,
    "min_us": 1.365278,
    "max_us": 111.624217
  },
  "latency_hot": {
    "count": 99220,
    "mean_us": 49.906078,
    "p50_us": 49.694982,
    "p99_us": 91.469086,
    "min_us": 2.523542,
    "max_us": 105.797598
  },
  "latency_cold": {
    "count": 523468,
    "mean_us": 48.970550,
    "p50_us": 42.067761,
    "p99_us": 77.281638,
    "min_us": 1.365278,
    "max_us": 106.787001
  },
  "dispatch_cct_us": 111.624217,
  "combine_cct_us": 107.774480,
  "roundtrip_step_us": 220.998697,
  "e2e_step_us": 387.053385
}
