{
  "scenario": 1,
  "scheme": "ub_rg",
  "mode": "roundtrip",
  "batch": 64,
  "zipf_s": 0.000000,
  "topk": 8,
  "ep_size": 128,
  "seed": 5,
  "start_skew_us": 4.000000,
  "tau_g_ns": 143.360000,
  "grain_bytes": 7168,
  "total_tokens": 131072,
  "max_egress_load": 88,
  "konig_us": 25.088000,
  "rtt_us": 0.600000,
  "barrier_us": 0.800000,
  "cct_us": 35.415198,
  "step_us": 58.988636,
  "gemv_us": 22.773438,
  "e2e_us": 58.188636,
  "throughput_GBs": 15927.204963,
  "latency_all": {
    "count": 131072,
    "mean_us": 8.530967,
    "p50_us": 8.456477,
    "p99_us": 15.066081,
    "min_us": 1.186489,
    "max_us": 17.907630
  },
  "latency_hot": {
    "count": 12466,
    "mean_us": 8.567161,
    "p50_us": 8.492024,
    "p99_us": 15.523663,
    "min_us": 1.289762,
    "max_us": 17.907630
  },
  "latency_cold": {
    "count": 65320,
    "mean_us": 8.461963,
    "p50_us": 8.384605,
    "p99_us": 15.003629,
    "min_us": 1.188568,
    "max_us": 17.891461
  },
  "dispatch_cct_us": 17.907630,
  "combine_cct_us": 17.507569,
  "roundtrip_step_us": 36.215198,
  "e2e_step_us": 58.988636
}
