{
  "scenario": 1,
  "scheme": "ub_rg",
  "mode": "roundtrip",
  "batch": 128,
  "zipf_s": 0.300000,
  "topk": 8,
  "ep_size": 128,
  "seed": 91,
  "start_skew_us": 4.000000,
  "tau_g_ns": 143.360000,
  "grain_bytes": 7168,
  "total_tokens": 262144,
  "max_egress_load": 392,
  "konig_us": 109.670400,
  "rtt_us": 0.600000,
  "barrier_us": 0.800000,
  "cct_us": 119.451786,
  "step_us": 236.618973,
  "gemv_us": 116.367188,
  "e2e_us": 235.818973,
  "throughput_GBs": 7941.240585,
  "latency_all": {
    "count": 262144,
    "mean_us": 14.232704,
    "p50_us": 10.888980,
    "p99_us": 37.666084,
    "min_us": 1.165688,
    "max_us": 59.903803
  },
  "latency_hot": {
    "count": 45294,
    "mean_us": 21.739854,
    "p50_us": 20.939816,
    "p99_us": 52.940258,
    "min_us": 1.169886,
    "max_us": 59.903803
  },
  "latency_cold": {
    "count": 103390,
    "mean_us": 11.221527,
    "p50_us": 11.107274,
    "p99_us": 20.666562,
    "min_us": 1.209638,
    "max_us": 24.730150
  },
  "dispatch_cct_us": 59.547983,
  "combine_cct_us": 59.903803,
  "roundtrip_step_us": 120.251786,
  "e2e_step_us": 236.618973
}
