{
  "scenario": 1,
  "scheme": "ub_rg",
  "mode": "roundtrip",
  "batch": 64,
  "zipf_s": 0.300000,
  "topk": 8,
  "ep_size": 64,
  "seed": 68,
  "tau_g_ns": 143.360000,
  "grain_bytes": 7168,
  "total_tokens": 65536,
  "max_egress_load": 158,
  "konig_us": 43.438080,
  "rtt_us": 0.600000,
  "barrier_us": 0.800000,
  "cct_us": 47.671044,
  "step_us": 48.471044,
  "throughput_GBs": 9691.601560,
  "latency_all": {
    "count": 65536,
    "mean_us": 6.601589,
    "p50_us": 6.140834,
    "p99_us": 17.664628,
    "min_us": 1.143777,
    "max_us": 23.959469
  },
  "latency_hot": {
    "count": 10616,
    "mean_us": 9.687744,
    "p50_us": 9.430582,
    "p99_us": 20.997986,
    "min_us": 1.147550,
    "max_us": 23.959469
  },
  "latency_cold": {
    "count": 26362,
    "mean_us": 5.331778,
    "p50_us": 5.216764,
    "p99_us": 10.327834,
    "min_us": 1.144630,
    "max_us": 12.288628
  },
  "dispatch_cct_us": 23.711575,
  "combine_cct_us": 23.959469,
  "roundtrip_step_us": 48.471044
}
