{
  "scenario": 1,
  "scheme": "ub_rg",
  "mode": "roundtrip",
  "batch": 512,
  "zipf_s": 0.700000,
  "topk": 8,
  "ep_size": 32,
  "seed": 2,
  "start_skew_us": 4.000000,
  "tau_g_ns": 143.360000,
  "grain_bytes": 7168,
  "total_tokens": 262144,
  "max_egress_load": 1629,
  "konig_us": 463.339520,
  "rtt_us": 0.600000,
  "barrier_us": 0.800000,
  "cct_us": 472.700685,
  "step_us": 974.320998,
  "gemv_us": 500.820312,
  "e2e_us": 973.520998,
  "throughput_GBs": 1928.571996,
  "latency_all": {
    "count": 262144,
    "mean_us": 53.071827,
    "p50_us": 31.024895,
    "p99_us": 197.005196,
    "min_us": 1.218796,
    "max_us": 237.573961
  },
  "latency_hot": {
    "count": 62384,
    "mean_us": 99.102981,
    "p50_us": 96.265229,
    "p99_us": 226.559220,
    "min_us": 1.383669,
    "max_us": 237.573961
  },
  "latency_cold": {
    "count": 79672,
    "mean_us": 25.857277,
    "p50_us": 25.345497,
    "p99_us": 55.737092,
    "min_us": 1.268419,
    "max_us": 65.291129
  },
  "dispatch_cct_us": 237.573961,
  "combine_cct_us": 235.126724,
  "roundtrip_step_us": 473.500685,
  "e2e_step_us": 974.320998
}
