{
  "scenario": 4,
  "scheme": "ub_rg",
  "mode": "roundtrip",
  "batch": 512,
  "zipf_s": 0.700000,
  "topk": 8,
  "ep_size": 512,
  "seed": 6,
  "start_skew_us": 4.000000,
  "tau_g_ns": 143.360000,
  "grain_bytes": 7168,
  "total_tokens": 4194304,
  "max_egress_load": 13193,
  "konig_us": 3580.559360,
  "rtt_us": 0.800000,
  "barrier_us": 1.600000,
  "cct_us": 3789.163531,
  "step_us": 7472.833844,
  "gemv_us": 3682.070312,
  "e2e_us": 7471.233844,
  "throughput_GBs": 4023.208826,
  "latency_all": {
    "count": 4194304,
    "mean_us": 138.681351,
    "p50_us": 21.457166,
    "p99_us": 1106.205617,
    "min_us": 1.090486,
    "max_us": 1895.527560
  },
  "latency_hot": {
    "count": 1743246,
    "mean_us": 283.990116,
    "p50_us": 51.729458,
    "p99_us": 1106.270985,
    "min_us": 1.334889,
    "max_us": 1895.527560
  },
  "latency_cold": {
    "count": 924554,
    "mean_us": 22.351203,
    "p50_us": 15.075439,
    "p99_us": 39.736781,
    "min_us": 1.090486,
    "max_us": 108.407744
  },
  "dispatch_cct_us": 1895.527560,
  "combine_cct_us": 1893.635972,
  "roundtrip_step_us": 3790.763531,
  "e2e_step_us": 7472.833844
}
