{
  "scenario": 4,
  "scheme": "ub_rg",
  "mode": "roundtrip",
  "batch": 512,
  "zipf_s": 0.900000,
  "topk": 8,
  "ep_size": 128,
  "seed": 8,
  "start_skew_us": 4.000000,
  "tau_g_ns": 143.360000,
  "grain_bytes": 7168,
  "total_tokens": 1048576,
  "max_egress_load": 6493,
  "konig_us": 1807.196160,
  "rtt_us": 0.800000,
  "barrier_us": 1.600000,
  "cct_us": 1892.445022,
  "step_us": 3804.123147,
  "gemv_us": 1910.078125,
  "e2e_us": 3802.523147,
  "throughput_GBs": 1975.801644,
  "latency_all": {
    "count": 1048576,
    "mean_us": 134.284425,
    "p50_us": 28.835041,
    "p99_us": 465.106815,
    "min_us": 1.188936,
    "max_us": 948.126367
  },
  "latency_hot": {
    "count": 463098,
    "mean_us": 247.593674,
    "p50_us": 164.704366,
    "p99_us": 479.299618,
    "min_us": 2.305067,
    "max_us": 948.126367
  },
  "latency_cold": {
    "count": 189814,
    "mean_us": 26.654858,
    "p50_us": 26.103175,
    "p99_us": 49.849713,
    "min_us": 1.371625,
    "max_us": 64.737403
  },
  "dispatch_cct_us": 948.126367,
  "combine_cct_us": 944.318654,
  "roundtrip_step_us": 1894.045022,
  "e2e_step_us": 3804.123147
}
