{
  "scenario": 1,
  "scheme": "packet_spray",
  "mode": "roundtrip",
  "batch": 64,
  "zipf_s": 0.700000,
  "topk": 8,
  "ep_size": 64,
  "seed": 75,
  "start_skew_us": 4.000000,
  "tau_g_ns": 143.360000,
  "grain_bytes": 7168,
  "total_tokens": 65536,
  "max_egress_load": 370,
  "konig_us": 101.928960,
  "rtt_us": 0.000000,
  "barrier_us": 4.000000,
  "cct_us": 140.867316,
  "step_us": 251.156378,
  "gemv_us": 106.289062,
  "e2e_us": 247.156378,
  "throughput_GBs": 1870.396647,
  "latency_all": {
    "count": 65536,
    "mean_us": 33.407777,
    "p50_us": 29.100394,
    "p99_us": 64.028042,
    "min_us": 2.167785,
    "max_us": 72.968554
  },
  "latency_hot": {
    "count": 19634,
    "mean_us": 35.844118,
    "p50_us": 34.714280,
    "p99_us": 64.510314,
    "min_us": 9.013032,
    "max_us": 72.968554
  },
  "latency_cold": {
    "count": 17342,
    "mean_us": 32.498228,
    "p50_us": 25.949282,
    "p99_us": 65.318282,
    "min_us": 2.311145,
    "max_us": 67.898762
  },
  "dispatch_cct_us": 72.968554,
  "combine_cct_us": 67.898762,
  "roundtrip_step_us": 144.867316,
  "e2e_step_us": 251.156378
}
