{
  "scenario": 3,
  "scheme": "ub_rg",
  "mode": "roundtrip",
  "batch": 16,
  "zipf_s": 0.000000,
  "topk": 8,
  "ep_size": 1024,
  "seed": 44,
  "tau_g_ns": 143.360000,
  "grain_bytes": 7168,
  "total_tokens": 262144,
  "max_egress_load": 33,
  "konig_us": 9.318400,
  "rtt_us": 1.100000,
  "barrier_us": 2.400000,
  "cct_us": 14.679941,
  "step_us": 17.079941,
  "throughput_GBs": 110014.912606,
  "latency_all": {
    "count": 262144,
    "mean_us": 3.708388,
    "p50_us": 3.380492,
    "p99_us": 5.866799,
    "min_us": 2.043368,
    "max_us": 7.856628
  },
  "latency_hot": {
    "count": 26210,
    "mean_us": 3.703615,
    "p50_us": 3.669230,
    "p99_us": 5.796251,
    "min_us": 2.043417,
    "max_us": 7.697230
  },
  "latency_cold": {
    "count": 130750,
    "mean_us": 3.709694,
    "p50_us": 3.670041,
    "p99_us": 5.815632,
    "min_us": 2.043392,
    "max_us": 7.532919
  },
  "dispatch_cct_us": 7.856628,
  "combine_cct_us": 6.823313,
  "roundtrip_step_us": 17.079941
}
