{
  "scenario": 4,
  "scheme": "ub_rg",
  "mode": "roundtrip",
  "batch": 128,
  "zipf_s": 0.700000,
  "topk": 8,
  "ep_size": 256,
  "seed": 27,
  "start_skew_us": 4.000000,
  "tau_g_ns": 143.360000,
  "grain_bytes": 7168,
  "total_tokens": 524288,
  "max_egress_load": 1958,
  "konig_us": 536.739840,
  "rtt_us": 0.800000,
  "barrier_us": 1.600000,
  "cct_us": 569.833535,
  "step_us": 1129.363222,
  "gemv_us": 557.929688,
  "e2e_us": 1127.763222,
  "throughput_GBs": 3327.624196,
  "latency_all": {
    "count": 524288,
    "mean_us": 29.913877,
    "p50_us": 12.599251,
    "p99_us": 58.529117,
    "min_us": 1.092532,
    "max_us": 285.337670
  },
  "latency_hot": {
    "count": 202192,
    "mean_us": 58.217973,
    "p50_us": 40.537152,
    "p99_us": 227.627912,
    "min_us": 1.522292,
    "max_us": 285.337670
  },
  "latency_cold": {
    "count": 121186,
    "mean_us": 8.667338,
    "p50_us": 8.534637,
    "p99_us": 16.102609,
    "min_us": 1.125583,
    "max_us": 35.473223
  },
  "dispatch_cct_us": 285.337670,
  "combine_cct_us": 284.495865,
  "roundtrip_step_us": 571.433535,
  "e2e_step_us": 1129.363222
}
