{
  "scenario": 1,
  "scheme": "ub_rg",
  "mode": "roundtrip",
  "batch": 64,
  "zipf_s": 0.700000,
  "topk": 8,
  "ep_size": 64,
  "seed": 81,
  "start_skew_us": 4.000000,
  "tau_g_ns": 143.360000,
  "grain_bytes": 7168,
  "total_tokens": 65536,
  "max_egress_load": 347,
  "konig_us": 96.911360,
  "rtt_us": 0.600000,
  "barrier_us": 0.800000,
  "cct_us": 131.551345,
  "step_us": 235.163845,
  "gemv_us": 102.812500,
  "e2e_us": 234.363845,
  "throughput_GBs": 1997.594686,
  "latency_all": {
    "count": 65536,
    "mean_us": 18.705618,
    "p50_us": 16.548827,
    "p99_us": 52.617990,
    "min_us": 1.153657,
    "max_us": 73.495411
  },
  "latency_hot": {
    "count": 19534,
    "mean_us": 27.519392,
    "p50_us": 25.943813,
    "p99_us": 58.464204,
    "min_us": 1.835443,
    "max_us": 73.495411
  },
  "latency_cold": {
    "count": 17820,
    "mean_us": 13.336697,
    "p50_us": 13.160280,
    "p99_us": 28.659618,
    "min_us": 1.153657,
    "max_us": 37.241504
  },
  "dispatch_cct_us": 73.495411,
  "combine_cct_us": 58.055935,
  "roundtrip_step_us": 132.351345,
  "e2e_step_us": 235.163845
}
