{
  "scenario": 4,
  "scheme": "ub_rg",
  "mode": "roundtrip",
  "batch": 256,
  "zipf_s": 0.300000,
  "topk": 8,
  "ep_size": 128,
  "seed": 85,
  "start_skew_us": 4.000000,
  "tau_g_ns": 143.360000,
  "grain_bytes": 7168,
  "total_tokens": 524288,
  "max_egress_load": 771,
  "konig_us": 214.609920,
  "rtt_us": 0.800000,
  "barrier_us": 1.600000,
  "cct_us": 250.395349,
  "step_us": 478.870349,
  "gemv_us": 226.875000,
  "e2e_us": 477.270349,
  "throughput_GBs": 7847.836872,
  "latency_all": {
    "count": 524288,
    "mean_us": 32.355792,
    "p50_us": 25.932486,
    "p99_us": 48.069823,
    "min_us": 1.454994,
    "max_us": 129.029144
  },
  "latency_hot": {
    "count": 90704,
    "mean_us": 46.893442,
    "p50_us": 45.297779,
    "p99_us": 107.541148,
    "min_us": 2.452943,
    "max_us": 129.029144
  },
  "latency_cold": {
    "count": 207572,
    "mean_us": 26.970719,
    "p50_us": 26.233706,
    "p99_us": 45.144683,
    "min_us": 2.222185,
    "max_us": 59.234078
  },
  "dispatch_cct_us": 129.029144,
  "combine_cct_us": 121.366205,
  "roundtrip_step_us": 251.995349,
  "e2e_step_us": 478.870349
}
