{
  "scenario": 4,
  "scheme": "ub_rg_pop",
  "mode": "roundtrip",
  "batch": 64,
  "zipf_s": 0.000000,
  "topk": 8,
  "ep_size": 128,
  "seed": 14,
  "start_skew_us": 4.000000,
  "tau_g_ns": 143.360000,
  "grain_bytes": 7168,
  "total_tokens": 131072,
  "max_egress_load": 90,
  "konig_us": 25.661440,
  "rtt_us": 1.200000,
  "barrier_us": 1.600000,
  "cct_us": 36.735555,
  "step_us": 60.054305,
  "gemv_us": 21.718750,
  "e2e_us": 58.454305,
  "throughput_GBs": 15644.575351,
  "latency_all": {
    "count": 131072,
    "mean_us": 9.018368,
    "p50_us": 8.937889,
    "p99_us": 15.769211,
    "min_us": 1.550041,
    "max_us": 18.812645
  },
  "latency_hot": {
    "count": 12304,
    "mean_us": 8.632133,
    "p50_us": 8.573433,
    "p99_us": 15.425530,
    "min_us": 1.964741,
    "max_us": 17.377611
  },
  "latency_cold": {
    "count": 65602,
    "mean_us": 9.028060,
    "p50_us": 8.946603,
    "p99_us": 15.733766,
    "min_us": 1.650353,
    "max_us": 18.812645
  },
  "dispatch_cct_us": 18.812645,
  "combine_cct_us": 17.922910,
  "roundtrip_step_us": 38.335555,
  "e2e_step_us": 60.054305
}
