{
  "scenario": 2,
  "scheme": "packet_spray",
  "mode": "roundtrip",
  "batch": 256,
  "zipf_s": 0.000000,
  "topk": 8,
  "ep_size": 256,
  "seed": 82,
  "tau_g_ns": 143.360000,
  "grain_bytes": 7168,
  "total_tokens": 1048576,
  "max_egress_load": 316,
  "konig_us": 85.155840,
  "rtt_us": 0.000000,
  "barrier_us": 8.000000,
  "cct_us": 158.596000,
  "step_us": 166.596000,
  "throughput_GBs": 45116.285913,
  "latency_all": {
    "count": 1048576,
    "mean_us": 49.203175,
    "p50_us": 45.321680,
    "p99_us": 74.137040,
    "min_us": 0.880080,
    "max_us": 81.161680
  },
  "latency_hot": {
    "count": 102820,
    "mean_us": 39.883795,
    "p50_us": 39.157200,
    "p99_us": 76.574160,
    "min_us": 0.880080,
    "max_us": 80.874960
  },
  "latency_cold": {
    "count": 523768,
    "mean_us": 54.062610,
    "p50_us": 52.633040,
    "p99_us": 71.556560,
    "min_us": 0.880080,
    "max_us": 81.018320
  },
  "dispatch_cct_us": 81.161680,
  "combine_cct_us": 77.434320,
  "roundtrip_step_us": 166.596000
}
