{
  "scenario": 4,
  "scheme": "ub_rg",
  "mode": "roundtrip",
  "batch": 16,
  "zipf_s": 0.900000,
  "topk": 8,
  "ep_size": 512,
  "seed": 31,
  "start_skew_us": 4.000000,
  "tau_g_ns": 143.360000,
  "grain_bytes": 7168,
  "total_tokens": 131072,
  "max_egress_load": 701,
  "konig_us": 190.238720,
  "rtt_us": 0.800000,
  "barrier_us": 1.600000,
  "cct_us": 236.510870,
  "step_us": 433.657745,
  "gemv_us": 195.546875,
  "e2e_us": 432.057745,
  "throughput_GBs": 2166.510586,
  "latency_all": {
    "count": 131072,
    "mean_us": 22.815599,
    "p50_us": 18.104073,
    "p99_us": 90.087627,
    "min_us": 1.175499,
    "max_us": 125.545465
  },
  "latency_hot": {
    "count": 72500,
    "mean_us": 29.321353,
    "p50_us": 22.981205,
    "p99_us": 95.329702,
    "min_us": 2.088724,
    "max_us": 125.545465
  },
  "latency_cold": {
    "count": 19284,
    "mean_us": 14.130957,
    "p50_us": 14.068609,
    "p99_us": 23.544304,
    "min_us": 1.364533,
    "max_us": 30.132096
  },
  "dispatch_cct_us": 125.545465,
  "combine_cct_us": 110.965406,
  "roundtrip_step_us": 238.110870,
  "e2e_step_us": 433.657745
}
