{
  "scenario": 4,
  "scheme": "packet_spray",
  "mode": "roundtrip",
  "batch": 16,
  "zipf_s": 0.700000,
  "topk": 8,
  "ep_size": 256,
  "seed": 50,
  "start_skew_us": 4.000000,
  "tau_g_ns": 143.360000,
  "grain_bytes": 7168,
  "total_tokens": 65536,
  "max_egress_load": 251,
  "konig_us": 68.669440,
  "rtt_us": 0.000000,
  "barrier_us": 6.000000,
  "cct_us": 83.098181,
  "step_us": 160.074743,
  "gemv_us": 70.976562,
  "e2e_us": 154.074743,
  "throughput_GBs": 2934.641896,
  "latency_all": {
    "count": 65536,
    "mean_us": 13.890857,
    "p50_us": 9.725240,
    "p99_us": 37.495730,
    "min_us": 0.351732,
    "max_us": 42.800050
  },
  "latency_hot": {
    "count": 25462,
    "mean_us": 15.446033,
    "p50_us": 12.409275,
    "p99_us": 36.778930,
    "min_us": 0.351732,
    "max_us": 41.223090
  },
  "latency_cold": {
    "count": 14998,
    "mean_us": 12.787761,
    "p50_us": 6.815731,
    "p99_us": 38.069170,
    "min_us": 0.408478,
    "max_us": 42.800050
  },
  "dispatch_cct_us": 40.298131,
  "combine_cct_us": 42.800050,
  "roundtrip_step_us": 89.098181,
  "e2e_step_us": 160.074743
}
