{
  "scenario": 1,
  "scheme": "islip",
  "mode": "roundtrip",
  "batch": 64,
  "zipf_s": 0.300000,
  "topk": 8,
  "ep_size": 128,
  "seed": 16,
  "start_skew_us": 4.000000,
  "tau_g_ns": 143.360000,
  "grain_bytes": 7168,
  "total_tokens": 131072,
  "max_egress_load": 195,
  "konig_us": 54.046720,
  "rtt_us": 0.600000,
  "barrier_us": 0.800000,
  "cct_us": 63.621437,
  "step_us": 121.296437,
  "gemv_us": 56.875000,
  "e2e_us": 120.496437,
  "throughput_GBs": 7745.685842,
  "latency_all": {
    "count": 131072,
    "mean_us": 8.573556,
    "p50_us": 7.925981,
    "p99_us": 22.602126,
    "min_us": 1.182381,
    "max_us": 31.871654
  },
  "latency_hot": {
    "count": 22744,
    "mean_us": 12.481818,
    "p50_us": 11.958188,
    "p99_us": 27.816424,
    "min_us": 1.210761,
    "max_us": 31.871654
  },
  "latency_cold": {
    "count": 51942,
    "mean_us": 7.045615,
    "p50_us": 6.922781,
    "p99_us": 12.916076,
    "min_us": 1.192314,
    "max_us": 15.562178
  },
  "dispatch_cct_us": 31.871654,
  "combine_cct_us": 31.749783,
  "roundtrip_step_us": 64.421437,
  "e2e_step_us": 121.296437
}
