{
  "scenario": 1,
  "scheme": "ub_rg",
  "mode": "roundtrip",
  "batch": 64,
  "zipf_s": 0.900000,
  "topk": 8,
  "ep_size": 64,
  "seed": 31,
  "tau_g_ns": 143.360000,
  "grain_bytes": 7168,
  "total_tokens": 65536,
  "max_egress_load": 429,
  "konig_us": 121.569280,
  "rtt_us": 0.600000,
  "barrier_us": 0.800000,
  "cct_us": 125.306641,
  "step_us": 126.106641,
  "throughput_GBs": 3725.117452,
  "latency_all": {
    "count": 65536,
    "mean_us": 11.786510,
    "p50_us": 6.905797,
    "p99_us": 55.353066,
    "min_us": 1.143734,
    "max_us": 62.683494
  },
  "latency_hot": {
    "count": 24248,
    "mean_us": 21.820782,
    "p50_us": 19.638548,
    "p99_us": 59.069083,
    "min_us": 1.143903,
    "max_us": 62.683494
  },
  "latency_cold": {
    "count": 13970,
    "mean_us": 3.592026,
    "p50_us": 3.465313,
    "p99_us": 6.966366,
    "min_us": 1.144754,
    "max_us": 8.439252
  },
  "dispatch_cct_us": 62.623147,
  "combine_cct_us": 62.683494,
  "roundtrip_step_us": 126.106641
}
