{
  "scenario": 4,
  "scheme": "ub_rg",
  "mode": "roundtrip",
  "batch": 16,
  "zipf_s": 0.000000,
  "topk": 8,
  "ep_size": 256,
  "seed": 5,
  "start_skew_us": 4.000000,
  "tau_g_ns": 143.360000,
  "grain_bytes": 7168,
  "total_tokens": 65536,
  "max_egress_load": 31,
  "konig_us": 8.744960,
  "rtt_us": 0.800000,
  "barrier_us": 1.600000,
  "cct_us": 52.807830,
  "step_us": 61.087517,
  "gemv_us": 6.679688,
  "e2e_us": 59.487517,
  "throughput_GBs": 7689.984300,
  "latency_all": {
    "count": 65536,
    "mean_us": 14.309995,
    "p50_us": 14.325101,
    "p99_us": 23.834985,
    "min_us": 1.183771,
    "max_us": 26.849921
  },
  "latency_hot": {
    "count": 6626,
    "mean_us": 15.061377,
    "p50_us": 15.637642,
    "p99_us": 23.620992,
    "min_us": 1.381211,
    "max_us": 25.464946
  },
  "latency_cold": {
    "count": 32798,
    "mean_us": 14.086748,
    "p50_us": 14.034625,
    "p99_us": 23.826791,
    "min_us": 1.373088,
    "max_us": 26.693917
  },
  "dispatch_cct_us": 26.849921,
  "combine_cct_us": 25.957908,
  "roundtrip_step_us": 54.407830,
  "e2e_step_us": 61.087517
}
