{
  "scenario": 1,
  "scheme": "ub_rg",
  "mode": "roundtrip",
  "batch": 128,
  "zipf_s": 0.700000,
  "topk": 8,
  "ep_size": 128,
  "seed": 71,
  "start_skew_us": 4.000000,
  "tau_g_ns": 143.360000,
  "grain_bytes": 7168,
  "total_tokens": 262144,
  "max_egress_load": 1124,
  "konig_us": 320.122880,
  "rtt_us": 0.600000,
  "barrier_us": 0.800000,
  "cct_us": 329.727246,
  "step_us": 676.855371,
  "gemv_us": 346.328125,
  "e2e_us": 676.055371,
  "throughput_GBs": 2776.144320,
  "latency_all": {
    "count": 262144,
    "mean_us": 23.770959,
    "p50_us": 10.833595,
    "p99_us": 126.325331,
    "min_us": 1.158893,
    "max_us": 165.127351
  },
  "latency_hot": {
    "count": 90298,
    "mean_us": 46.553135,
    "p50_us": 37.861195,
    "p99_us": 154.101312,
    "min_us": 1.318451,
    "max_us": 165.127351
  },
  "latency_cold": {
    "count": 64988,
    "mean_us": 8.416335,
    "p50_us": 8.262046,
    "p99_us": 15.668917,
    "min_us": 1.221783,
    "max_us": 18.659229
  },
  "dispatch_cct_us": 165.127351,
  "combine_cct_us": 164.599894,
  "roundtrip_step_us": 330.527246,
  "e2e_step_us": 676.855371
}
