{
  "scenario": 4,
  "scheme": "packet_spray",
  "mode": "roundtrip",
  "batch": 16,
  "zipf_s": 0.000000,
  "topk": 8,
  "ep_size": 512,
  "seed": 62,
  "start_skew_us": 4.000000,
  "tau_g_ns": 143.360000,
  "grain_bytes": 7168,
  "total_tokens": 131072,
  "max_egress_load": 33,
  "konig_us": 9.175040,
  "rtt_us": 0.000000,
  "barrier_us": 6.000000,
  "cct_us": 20.431462,
  "step_us": 32.720524,
  "gemv_us": 6.289062,
  "e2e_us": 26.720524,
  "throughput_GBs": 28713.601420,
  "latency_all": {
    "count": 131072,
    "mean_us": 5.934467,
    "p50_us": 6.082029,
    "p99_us": 8.681677,
    "min_us": 0.237340,
    "max_us": 10.545357
  },
  "latency_hot": {
    "count": 12992,
    "mean_us": 5.090210,
    "p50_us": 5.243500,
    "p99_us": 8.519234,
    "min_us": 0.523981,
    "max_us": 9.839449
  },
  "latency_cold": {
    "count": 65718,
    "mean_us": 6.275742,
    "p50_us": 6.376613,
    "p99_us": 8.825037,
    "min_us": 0.237340,
    "max_us": 10.401997
  },
  "dispatch_cct_us": 10.545357,
  "combine_cct_us": 9.886105,
  "roundtrip_step_us": 26.431462,
  "e2e_step_us": 32.720524
}
