{
  "scenario": 2,
  "scheme": "packet_spray",
  "mode": "roundtrip",
  "batch": 64,
  "zipf_s": 0.300000,
  "topk": 8,
  "ep_size": 1024,
  "seed": 1,
  "tau_g_ns": 143.360000,
  "grain_bytes": 7168,
  "total_tokens": 1048576,
  "max_egress_load": 383,
  "konig_us": 107.376640,
  "rtt_us": 0.000000,
  "barrier_us": 8.000000,
  "cct_us": 130.067360,
  "step_us": 138.067360,
  "throughput_GBs": 54438.592641,
  "latency_all": {
    "count": 1048576,
    "mean_us": 24.522651,
    "p50_us": 11.918800,
    "p99_us": 24.964560,
    "min_us": 0.880080,
    "max_us": 65.678800
  },
  "latency_hot": {
    "count": 205832,
    "mean_us": 23.978697,
    "p50_us": 21.954000,
    "p99_us": 53.923280,
    "min_us": 0.880080,
    "max_us": 64.388560
  },
  "latency_cold": {
    "count": 405538,
    "mean_us": 25.466051,
    "p50_us": 13.782480,
    "p99_us": 18.800080,
    "min_us": 0.880080,
    "max_us": 65.678800
  },
  "dispatch_cct_us": 64.388560,
  "combine_cct_us": 65.678800,
  "roundtrip_step_us": 138.067360
}
