{
  "scenario": 1,
  "scheme": "packet_spray",
  "mode": "roundtrip",
  "batch": 16,
  "zipf_s": 0.000000,
  "topk": 8,
  "ep_size": 32,
  "seed": 22,
  "start_skew_us": 4.000000,
  "tau_g_ns": 143.360000,
  "grain_bytes": 7168,
  "total_tokens": 8192,
  "max_egress_load": 29,
  "konig_us": 7.454720,
  "rtt_us": 0.000000,
  "barrier_us": 4.000000,
  "cct_us": 39.429707,
  "step_us": 49.484395,
  "gemv_us": 6.054688,
  "e2e_us": 45.484395,
  "throughput_GBs": 1186.641902,
  "latency_all": {
    "count": 8192,
    "mean_us": 13.751711,
    "p50_us": 14.675634,
    "p99_us": 19.512235,
    "min_us": 0.536720,
    "max_us": 20.372395
  },
  "latency_hot": {
    "count": 782,
    "mean_us": 11.037577,
    "p50_us": 10.562808,
    "p99_us": 18.053792,
    "min_us": 0.536720,
    "max_us": 18.483872
  },
  "latency_cold": {
    "count": 4032,
    "mean_us": 14.755019,
    "p50_us": 15.760032,
    "p99_us": 19.798955,
    "min_us": 0.823440,
    "max_us": 20.372395
  },
  "dispatch_cct_us": 19.057312,
  "combine_cct_us": 20.372395,
  "roundtrip_step_us": 43.429707,
  "e2e_step_us": 49.484395
}
