{
  "scenario": 1,
  "scheme": "islip",
  "mode": "roundtrip",
  "batch": 256,
  "zipf_s": 0.000000,
  "topk": 8,
  "ep_size": 128,
  "seed": 72,
  "start_skew_us": 4.000000,
  "tau_g_ns": 143.360000,
  "grain_bytes": 7168,
  "total_tokens": 524288,
  "max_egress_load": 312,
  "konig_us": 88.596480,
  "rtt_us": 0.600000,
  "barrier_us": 0.800000,
  "cct_us": 128.170483,
  "step_us": 214.009545,
  "gemv_us": 85.039062,
  "e2e_us": 213.209545,
  "throughput_GBs": 17560.414796,
  "latency_all": {
    "count": 524288,
    "mean_us": 31.522555,
    "p50_us": 26.964170,
    "p99_us": 45.162924,
    "min_us": 1.144972,
    "max_us": 64.142853
  },
  "latency_hot": {
    "count": 48324,
    "mean_us": 31.058783,
    "p50_us": 30.923893,
    "p99_us": 54.820946,
    "min_us": 1.303577,
    "max_us": 62.785499
  },
  "latency_cold": {
    "count": 262710,
    "mean_us": 31.598747,
    "p50_us": 27.044723,
    "p99_us": 53.595774,
    "min_us": 1.146016,
    "max_us": 64.027629
  },
  "dispatch_cct_us": 64.142853,
  "combine_cct_us": 64.027629,
  "roundtrip_step_us": 128.970483,
  "e2e_step_us": 214.009545
}
