{
  "scenario": 3,
  "scheme": "packet_spray",
  "mode": "roundtrip",
  "batch": 256,
  "zipf_s": 0.900000,
  "topk": 8,
  "ep_size": 256,
  "seed": 66,
  "tau_g_ns": 143.360000,
  "grain_bytes": 7168,
  "total_tokens": 1048576,
  "max_egress_load": 5645,
  "konig_us": 1608.499200,
  "rtt_us": 0.000000,
  "barrier_us": 8.000000,
  "cct_us": 1678.498720,
  "step_us": 1686.498720,
  "throughput_GBs": 4456.684538,
  "latency_all": {
    "count": 1048576,
    "mean_us": 307.250708,
    "p50_us": 55.213520,
    "p99_us": 415.190480,
    "min_us": 0.880080,
    "max_us": 843.693520
  },
  "latency_hot": {
    "count": 530270,
    "mean_us": 323.733105,
    "p50_us": 115.711440,
    "p99_us": 611.880400,
    "min_us": 0.880080,
    "max_us": 843.693520
  },
  "latency_cold": {
    "count": 168562,
    "mean_us": 284.378962,
    "p50_us": 57.077200,
    "p99_us": 827.923920,
    "min_us": 0.880080,
    "max_us": 834.805200
  },
  "dispatch_cct_us": 843.693520,
  "combine_cct_us": 834.805200,
  "roundtrip_step_us": 1686.498720
}
