{
  "scenario": 1,
  "scheme": "ub_rg_pop",
  "mode": "roundtrip",
  "batch": 128,
  "zipf_s": 0.000000,
  "topk": 8,
  "ep_size": 32,
  "seed": 27,
  "start_skew_us": 4.000000,
  "tau_g_ns": 143.360000,
  "grain_bytes": 7168,
  "total_tokens": 65536,
  "max_egress_load": 156,
  "konig_us": 44.441600,
  "rtt_us": 0.900000,
  "barrier_us": 0.800000,
  "cct_us": 74.112827,
  "step_us": 116.358139,
  "gemv_us": 41.445312,
  "e2e_us": 115.558139,
  "throughput_GBs": 4037.208323,
  "latency_all": {
    "count": 65536,
    "mean_us": 18.618530,
    "p50_us": 18.538977,
    "p99_us": 33.010149,
    "min_us": 1.468958,
    "max_us": 38.642940
  },
  "latency_hot": {
    "count": 6148,
    "mean_us": 20.855419,
    "p50_us": 20.779940,
    "p99_us": 34.117383,
    "min_us": 1.934003,
    "max_us": 36.592205
  },
  "latency_cold": {
    "count": 32910,
    "mean_us": 18.471637,
    "p50_us": 18.379729,
    "p99_us": 32.447763,
    "min_us": 1.468958,
    "max_us": 35.799881
  },
  "dispatch_cct_us": 35.469887,
  "combine_cct_us": 38.642940,
  "roundtrip_step_us": 74.912827,
  "e2e_step_us": 116.358139
}
