{
  "scenario": 1,
  "scheme": "islip",
  "mode": "roundtrip",
  "batch": 64,
  "zipf_s": 0.700000,
  "topk": 8,
  "ep_size": 128,
  "seed": 18,
  "start_skew_us": 4.000000,
  "tau_g_ns": 143.360000,
  "grain_bytes": 7168,
  "total_tokens": 131072,
  "max_egress_load": 566,
  "konig_us": 160.276480,
  "rtt_us": 0.600000,
  "barrier_us": 0.800000,
  "cct_us": 199.749658,
  "step_us": 372.854345,
  "gemv_us": 172.304688,
  "e2e_us": 372.054345,
  "throughput_GBs": 2519.815331,
  "latency_all": {
    "count": 131072,
    "mean_us": 22.075362,
    "p50_us": 18.055659,
    "p99_us": 80.154732,
    "min_us": 1.143677,
    "max_us": 103.980027
  },
  "latency_hot": {
    "count": 45098,
    "mean_us": 33.622427,
    "p50_us": 29.309084,
    "p99_us": 88.661783,
    "min_us": 1.245869,
    "max_us": 103.980027
  },
  "latency_cold": {
    "count": 32674,
    "mean_us": 13.981376,
    "p50_us": 13.966778,
    "p99_us": 24.487159,
    "min_us": 1.143677,
    "max_us": 31.317618
  },
  "dispatch_cct_us": 103.980027,
  "combine_cct_us": 95.769631,
  "roundtrip_step_us": 200.549658,
  "e2e_step_us": 372.854345
}
