{
  "scenario": 4,
  "scheme": "ub_rg_pop",
  "mode": "roundtrip",
  "batch": 16,
  "zipf_s": 0.900000,
  "topk": 8,
  "ep_size": 512,
  "seed": 75,
  "start_skew_us": 4.000000,
  "tau_g_ns": 143.360000,
  "grain_bytes": 7168,
  "total_tokens": 131072,
  "max_egress_load": 713,
  "konig_us": 193.966080,
  "rtt_us": 1.200000,
  "barrier_us": 1.600000,
  "cct_us": 235.596780,
  "step_us": 437.118655,
  "gemv_us": 199.921875,
  "e2e_us": 435.518655,
  "throughput_GBs": 2149.357126,
  "latency_all": {
    "count": 131072,
    "mean_us": 23.201201,
    "p50_us": 18.480041,
    "p99_us": 92.344901,
    "min_us": 1.413801,
    "max_us": 120.868951
  },
  "latency_hot": {
    "count": 72594,
    "mean_us": 29.442049,
    "p50_us": 22.815748,
    "p99_us": 97.745670,
    "min_us": 2.835908,
    "max_us": 120.868951
  },
  "latency_cold": {
    "count": 19014,
    "mean_us": 14.669545,
    "p50_us": 14.837306,
    "p99_us": 25.322295,
    "min_us": 1.804683,
    "max_us": 29.624040
  },
  "dispatch_cct_us": 120.868951,
  "combine_cct_us": 114.727829,
  "roundtrip_step_us": 237.196780,
  "e2e_step_us": 437.118655
}
