{
  "scenario": 3,
  "scheme": "ub_rg",
  "mode": "roundtrip",
  "batch": 16,
  "zipf_s": 0.300000,
  "topk": 8,
  "ep_size": 256,
  "seed": 24,
  "tau_g_ns": 143.360000,
  "grain_bytes": 7168,
  "total_tokens": 65536,
  "max_egress_load": 82,
  "konig_us": 20.930560,
  "rtt_us": 1.100000,
  "barrier_us": 2.400000,
  "cct_us": 27.524808,
  "step_us": 29.924808,
  "throughput_GBs": 15698.080589,
  "latency_all": {
    "count": 65536,
    "mean_us": 3.788050,
    "p50_us": 3.639803,
    "p99_us": 7.645987,
    "min_us": 2.043636,
    "max_us": 13.787196
  },
  "latency_hot": {
    "count": 12124,
    "mean_us": 4.805896,
    "p50_us": 4.605370,
    "p99_us": 10.407152,
    "min_us": 2.043636,
    "max_us": 13.787196
  },
  "latency_cold": {
    "count": 25862,
    "mean_us": 3.423225,
    "p50_us": 3.358412,
    "p99_us": 5.381470,
    "min_us": 2.043652,
    "max_us": 6.770359
  },
  "dispatch_cct_us": 13.737612,
  "combine_cct_us": 13.787196,
  "roundtrip_step_us": 29.924808
}
