{
  "scenario": 4,
  "scheme": "ub_rg_pop",
  "mode": "roundtrip",
  "batch": 512,
  "zipf_s": 0.900000,
  "topk": 8,
  "ep_size": 256,
  "seed": 38,
  "start_skew_us": 4.000000,
  "tau_g_ns": 143.360000,
  "grain_bytes": 7168,
  "total_tokens": 2097152,
  "max_egress_load": 12227,
  "konig_us": 3350.609920,
  "rtt_us": 1.200000,
  "barrier_us": 1.600000,
  "cct_us": 3513.389021,
  "step_us": 6997.684333,
  "gemv_us": 3482.695312,
  "e2e_us": 6996.084333,
  "throughput_GBs": 2148.194291,
  "latency_all": {
    "count": 2097152,
    "mean_us": 189.918041,
    "p50_us": 15.247374,
    "p99_us": 1033.702400,
    "min_us": 1.602691,
    "max_us": 1756.831480
  },
  "latency_hot": {
    "count": 1062008,
    "mean_us": 342.268941,
    "p50_us": 87.092080,
    "p99_us": 1033.842360,
    "min_us": 1.617089,
    "max_us": 1756.831480
  },
  "latency_cold": {
    "count": 336110,
    "mean_us": 17.253790,
    "p50_us": 15.303182,
    "p99_us": 36.001270,
    "min_us": 1.739489,
    "max_us": 72.889730
  },
  "dispatch_cct_us": 1756.557540,
  "combine_cct_us": 1756.831480,
  "roundtrip_step_us": 3514.989021,
  "e2e_step_us": 6997.684333
}
