{
  "scenario": 4,
  "scheme": "packet_spray",
  "mode": "roundtrip",
  "batch": 64,
  "zipf_s": 0.900000,
  "topk": 8,
  "ep_size": 128,
  "seed": 7,
  "start_skew_us": 4.000000,
  "tau_g_ns": 143.360000,
  "grain_bytes": 7168,
  "total_tokens": 131072,
  "max_egress_load": 813,
  "konig_us": 226.508800,
  "rtt_us": 0.000000,
  "barrier_us": 6.000000,
  "cct_us": 279.305133,
  "step_us": 524.914508,
  "gemv_us": 239.609375,
  "e2e_us": 518.914508,
  "throughput_GBs": 1789.861170,
  "latency_all": {
    "count": 131072,
    "mean_us": 52.258153,
    "p50_us": 41.000668,
    "p99_us": 123.616466,
    "min_us": 0.623440,
    "max_us": 142.253266
  },
  "latency_hot": {
    "count": 58044,
    "mean_us": 58.725185,
    "p50_us": 52.182748,
    "p99_us": 126.483666,
    "min_us": 5.880674,
    "max_us": 142.253266
  },
  "latency_cold": {
    "count": 24184,
    "mean_us": 46.405162,
    "p50_us": 28.382716,
    "p99_us": 122.859228,
    "min_us": 1.007101,
    "max_us": 137.051868
  },
  "dispatch_cct_us": 142.253266,
  "combine_cct_us": 137.051868,
  "roundtrip_step_us": 285.305133,
  "e2e_step_us": 524.914508
}
