{
  "scenario": 4,
  "scheme": "ub_rg",
  "mode": "roundtrip",
  "batch": 256,
  "zipf_s": 0.000000,
  "topk": 8,
  "ep_size": 128,
  "seed": 72,
  "start_skew_us": 4.000000,
  "tau_g_ns": 143.360000,
  "grain_bytes": 7168,
  "total_tokens": 524288,
  "max_egress_load": 322,
  "konig_us": 91.463680,
  "rtt_us": 0.800000,
  "barrier_us": 1.600000,
  "cct_us": 101.610654,
  "step_us": 188.249716,
  "gemv_us": 85.039062,
  "e2e_us": 186.649716,
  "throughput_GBs": 19963.357470,
  "latency_all": {
    "count": 524288,
    "mean_us": 22.451710,
    "p50_us": 18.708141,
    "p99_us": 36.388246,
    "min_us": 1.008893,
    "max_us": 51.635491
  },
  "latency_hot": {
    "count": 48324,
    "mean_us": 22.062791,
    "p50_us": 21.909761,
    "p99_us": 42.424842,
    "min_us": 1.528865,
    "max_us": 46.978198
  },
  "latency_cold": {
    "count": 262710,
    "mean_us": 22.507331,
    "p50_us": 17.921712,
    "p99_us": 43.001970,
    "min_us": 1.112595,
    "max_us": 49.975163
  },
  "dispatch_cct_us": 51.635491,
  "combine_cct_us": 49.975163,
  "roundtrip_step_us": 103.210654,
  "e2e_step_us": 188.249716
}
