{
  "scenario": 4,
  "scheme": "ub_rg",
  "mode": "roundtrip",
  "batch": 128,
  "zipf_s": 0.000000,
  "topk": 8,
  "ep_size": 128,
  "seed": 62,
  "start_skew_us": 4.000000,
  "tau_g_ns": 143.360000,
  "grain_bytes": 7168,
  "total_tokens": 262144,
  "max_egress_load": 167,
  "konig_us": 47.308800,
  "rtt_us": 0.800000,
  "barrier_us": 1.600000,
  "cct_us": 59.290856,
  "step_us": 104.289294,
  "gemv_us": 43.398438,
  "e2e_us": 102.689294,
  "throughput_GBs": 18017.651896,
  "latency_all": {
    "count": 262144,
    "mean_us": 13.487761,
    "p50_us": 11.160027,
    "p99_us": 24.837707,
    "min_us": 1.186721,
    "max_us": 30.570248
  },
  "latency_hot": {
    "count": 24378,
    "mean_us": 13.150049,
    "p50_us": 13.017275,
    "p99_us": 24.605500,
    "min_us": 1.296244,
    "max_us": 27.701398
  },
  "latency_cold": {
    "count": 131382,
    "mean_us": 13.536797,
    "p50_us": 13.399210,
    "p99_us": 25.116810,
    "min_us": 1.195913,
    "max_us": 29.917372
  },
  "dispatch_cct_us": 30.570248,
  "combine_cct_us": 28.720609,
  "roundtrip_step_us": 60.890856,
  "e2e_step_us": 104.289294
}
