{
  "scenario": 1,
  "scheme": "islip",
  "mode": "roundtrip",
  "batch": 64,
  "zipf_s": 0.700000,
  "topk": 8,
  "ep_size": 64,
  "seed": 9,
  "start_skew_us": 4.000000,
  "tau_g_ns": 143.360000,
  "grain_bytes": 7168,
  "total_tokens": 65536,
  "max_egress_load": 341,
  "konig_us": 96.624640,
  "rtt_us": 0.600000,
  "barrier_us": 0.800000,
  "cct_us": 132.619148,
  "step_us": 237.364461,
  "gemv_us": 103.945312,
  "e2e_us": 236.564461,
  "throughput_GBs": 1979.074908,
  "latency_all": {
    "count": 65536,
    "mean_us": 18.939903,
    "p50_us": 16.794172,
    "p99_us": 56.146666,
    "min_us": 1.144926,
    "max_us": 66.683364
  },
  "latency_hot": {
    "count": 19328,
    "mean_us": 27.431591,
    "p50_us": 25.574621,
    "p99_us": 62.345030,
    "min_us": 1.282915,
    "max_us": 66.683364
  },
  "latency_cold": {
    "count": 17586,
    "mean_us": 13.789505,
    "p50_us": 13.773759,
    "p99_us": 24.606082,
    "min_us": 1.144926,
    "max_us": 27.574665
  },
  "dispatch_cct_us": 65.935784,
  "combine_cct_us": 66.683364,
  "roundtrip_step_us": 133.419148,
  "e2e_step_us": 237.364461
}
