{
  "scenario": 4,
  "scheme": "packet_spray",
  "mode": "roundtrip",
  "batch": 256,
  "zipf_s": 0.300000,
  "topk": 8,
  "ep_size": 256,
  "seed": 49,
  "start_skew_us": 4.000000,
  "tau_g_ns": 143.360000,
  "grain_bytes": 7168,
  "total_tokens": 1048576,
  "max_egress_load": 1074,
  "konig_us": 286.576640,
  "rtt_us": 0.000000,
  "barrier_us": 6.000000,
  "cct_us": 363.499180,
  "step_us": 658.561680,
  "gemv_us": 289.062500,
  "e2e_us": 652.561680,
  "throughput_GBs": 11413.043000,
  "latency_all": {
    "count": 1048576,
    "mean_us": 71.284547,
    "p50_us": 44.298247,
    "p99_us": 83.884256,
    "min_us": 0.193812,
    "max_us": 187.453092
  },
  "latency_hot": {
    "count": 194012,
    "mean_us": 72.314429,
    "p50_us": 70.625600,
    "p99_us": 145.548780,
    "min_us": 0.193812,
    "max_us": 176.046087
  },
  "latency_cold": {
    "count": 409780,
    "mean_us": 73.409313,
    "p50_us": 50.283092,
    "p99_us": 68.253000,
    "min_us": 0.223400,
    "max_us": 187.453092
  },
  "dispatch_cct_us": 176.046087,
  "combine_cct_us": 187.453092,
  "roundtrip_step_us": 369.499180,
  "e2e_step_us": 658.561680
}
