{
  "scenario": 1,
  "scheme": "packet_spray",
  "mode": "roundtrip",
  "batch": 256,
  "zipf_s": 0.700000,
  "topk": 8,
  "ep_size": 128,
  "seed": 46,
  "start_skew_us": 4.000000,
  "tau_g_ns": 143.360000,
  "grain_bytes": 7168,
  "total_tokens": 524288,
  "max_egress_load": 2190,
  "konig_us": 624.619520,
  "rtt_us": 0.000000,
  "barrier_us": 4.000000,
  "cct_us": 712.758139,
  "step_us": 1393.711264,
  "gemv_us": 676.953125,
  "e2e_us": 1389.711264,
  "throughput_GBs": 2696.466966,
  "latency_all": {
    "count": 524288,
    "mean_us": 134.240188,
    "p50_us": 66.264389,
    "p99_us": 252.202309,
    "min_us": 6.548821,
    "max_us": 360.998438
  },
  "latency_hot": {
    "count": 180078,
    "mean_us": 149.786440,
    "p50_us": 132.705621,
    "p99_us": 326.161958,
    "min_us": 6.548821,
    "max_us": 360.998438
  },
  "latency_cold": {
    "count": 129670,
    "mean_us": 126.467102,
    "p50_us": 68.936514,
    "p99_us": 341.724501,
    "min_us": 9.846394,
    "max_us": 351.759701
  },
  "dispatch_cct_us": 360.998438,
  "combine_cct_us": 351.759701,
  "roundtrip_step_us": 716.758139,
  "e2e_step_us": 1393.711264
}
