{
  "scenario": 1,
  "scheme": "ub_rg",
  "mode": "roundtrip",
  "batch": 64,
  "zipf_s": 0.000000,
  "topk": 8,
  "ep_size": 32,
  "seed": 11,
  "tau_g_ns": 143.360000,
  "grain_bytes": 7168,
  "total_tokens": 32768,
  "max_egress_load": 83,
  "konig_us": 23.654400,
  "rtt_us": 0.600000,
  "barrier_us": 0.800000,
  "cct_us": 26.591738,
  "step_us": 27.391738,
  "throughput_GBs": 8574.885704,
  "latency_all": {
    "count": 32768,
    "mean_us": 6.016493,
    "p50_us": 5.920811,
    "p99_us": 11.640399,
    "min_us": 1.143382,
    "max_us": 13.500538
  },
  "latency_hot": {
    "count": 3088,
    "mean_us": 6.005149,
    "p50_us": 5.922398,
    "p99_us": 11.507604,
    "min_us": 1.152191,
    "max_us": 12.918553
  },
  "latency_cold": {
    "count": 16302,
    "mean_us": 6.006677,
    "p50_us": 5.902646,
    "p99_us": 11.774448,
    "min_us": 1.144725,
    "max_us": 13.500538
  },
  "dispatch_cct_us": 13.500538,
  "combine_cct_us": 13.091201,
  "roundtrip_step_us": 27.391738
}
