{
  "scenario": 4,
  "scheme": "packet_spray",
  "mode": "roundtrip",
  "batch": 16,
  "zipf_s": 0.000000,
  "topk": 8,
  "ep_size": 512,
  "seed": 46,
  "start_skew_us": 4.000000,
  "tau_g_ns": 143.360000,
  "grain_bytes": 7168,
  "total_tokens": 131072,
  "max_egress_load": 32,
  "konig_us": 9.031680,
  "rtt_us": 0.000000,
  "barrier_us": 6.000000,
  "cct_us": 62.728963,
  "step_us": 74.822713,
  "gemv_us": 6.093750,
  "e2e_us": 68.822713,
  "throughput_GBs": 12556.669740,
  "latency_all": {
    "count": 131072,
    "mean_us": 20.046847,
    "p50_us": 20.658963,
    "p99_us": 26.949923,
    "min_us": 0.536720,
    "max_us": 34.845067
  },
  "latency_hot": {
    "count": 13080,
    "mean_us": 17.974158,
    "p50_us": 19.325431,
    "p99_us": 27.094417,
    "min_us": 3.737231,
    "max_us": 34.558347
  },
  "latency_cold": {
    "count": 65538,
    "mean_us": 20.825028,
    "p50_us": 21.091346,
    "p99_us": 26.949923,
    "min_us": 0.680080,
    "max_us": 34.701707
  },
  "dispatch_cct_us": 34.845067,
  "combine_cct_us": 27.883896,
  "roundtrip_step_us": 68.728963,
  "e2e_step_us": 74.822713
}
