{
  "scenario": 1,
  "scheme": "ub_rg",
  "mode": "roundtrip",
  "batch": 16,
  "zipf_s": 0.700000,
  "topk": 8,
  "ep_size": 32,
  "seed": 16,
  "start_skew_us": 4.000000,
  "tau_g_ns": 143.360000,
  "grain_bytes": 7168,
  "total_tokens": 8192,
  "max_egress_load": 55,
  "konig_us": 15.052800,
  "rtt_us": 0.600000,
  "barrier_us": 0.800000,
  "cct_us": 23.941873,
  "step_us": 40.327810,
  "gemv_us": 15.585938,
  "e2e_us": 39.527810,
  "throughput_GBs": 1456.073505,
  "latency_all": {
    "count": 8192,
    "mean_us": 5.277413,
    "p50_us": 5.181058,
    "p99_us": 10.495657,
    "min_us": 1.221016,
    "max_us": 12.248010
  },
  "latency_hot": {
    "count": 1964,
    "mean_us": 7.075114,
    "p50_us": 7.036078,
    "p99_us": 11.375449,
    "min_us": 1.595086,
    "max_us": 12.248010
  },
  "latency_cold": {
    "count": 2474,
    "mean_us": 4.297640,
    "p50_us": 4.342430,
    "p99_us": 6.848996,
    "min_us": 1.237118,
    "max_us": 7.620680
  },
  "dispatch_cct_us": 12.248010,
  "combine_cct_us": 11.693863,
  "roundtrip_step_us": 24.741873,
  "e2e_step_us": 40.327810
}
