{
  "scenario": 1,
  "scheme": "ub_rg_pop",
  "mode": "roundtrip",
  "batch": 16,
  "zipf_s": 0.700000,
  "topk": 8,
  "ep_size": 128,
  "seed": 31,
  "start_skew_us": 4.000000,
  "tau_g_ns": 143.360000,
  "grain_bytes": 7168,
  "total_tokens": 32768,
  "max_egress_load": 141,
  "konig_us": 39.567360,
  "rtt_us": 0.900000,
  "barrier_us": 0.800000,
  "cct_us": 47.736299,
  "step_us": 90.645674,
  "gemv_us": 42.109375,
  "e2e_us": 89.845674,
  "throughput_GBs": 2591.199494,
  "latency_all": {
    "count": 32768,
    "mean_us": 6.339122,
    "p50_us": 5.532431,
    "p99_us": 19.514010,
    "min_us": 1.529282,
    "max_us": 25.120565
  },
  "latency_hot": {
    "count": 11464,
    "mean_us": 8.945206,
    "p50_us": 8.191009,
    "p99_us": 21.547261,
    "min_us": 1.580780,
    "max_us": 25.120565
  },
  "latency_cold": {
    "count": 8086,
    "mean_us": 4.247986,
    "p50_us": 4.182190,
    "p99_us": 7.018017,
    "min_us": 1.529282,
    "max_us": 8.149464
  },
  "dispatch_cct_us": 25.120565,
  "combine_cct_us": 22.615734,
  "roundtrip_step_us": 48.536299,
  "e2e_step_us": 90.645674
}
