{
  "scenario": 1,
  "scheme": "packet_spray",
  "mode": "roundtrip",
  "batch": 64,
  "zipf_s": 0.300000,
  "topk": 8,
  "ep_size": 128,
  "seed": 6,
  "start_skew_us": 4.000000,
  "tau_g_ns": 143.360000,
  "grain_bytes": 7168,
  "total_tokens": 131072,
  "max_egress_load": 208,
  "konig_us": 57.487360,
  "rtt_us": 0.000000,
  "barrier_us": 4.000000,
  "cct_us": 104.962930,
  "step_us": 169.158243,
  "gemv_us": 60.195312,
  "e2e_us": 165.158243,
  "throughput_GBs": 5554.113601,
  "latency_all": {
    "count": 131072,
    "mean_us": 31.802307,
    "p50_us": 31.292626,
    "p99_us": 46.202066,
    "min_us": 6.080674,
    "max_us": 55.606945
  },
  "latency_hot": {
    "count": 22756,
    "mean_us": 30.995446,
    "p50_us": 31.379105,
    "p99_us": 49.174287,
    "min_us": 6.080674,
    "max_us": 55.606945
  },
  "latency_cold": {
    "count": 51640,
    "mean_us": 32.619688,
    "p50_us": 31.348519,
    "p99_us": 46.632146,
    "min_us": 12.323299,
    "max_us": 49.355986
  },
  "dispatch_cct_us": 55.606945,
  "combine_cct_us": 49.355986,
  "roundtrip_step_us": 108.962930,
  "e2e_step_us": 169.158243
}
