{
  "scenario": 1,
  "scheme": "ub_rg",
  "mode": "roundtrip",
  "batch": 256,
  "zipf_s": 0.300000,
  "topk": 8,
  "ep_size": 32,
  "seed": 30,
  "start_skew_us": 4.000000,
  "tau_g_ns": 143.360000,
  "grain_bytes": 7168,
  "total_tokens": 131072,
  "max_egress_load": 477,
  "konig_us": 134.471680,
  "rtt_us": 0.600000,
  "barrier_us": 0.800000,
  "cct_us": 145.724993,
  "step_us": 290.431243,
  "gemv_us": 143.906250,
  "e2e_us": 289.631243,
  "throughput_GBs": 3234.927785,
  "latency_all": {
    "count": 131072,
    "mean_us": 22.801018,
    "p50_us": 21.625036,
    "p99_us": 59.776256,
    "min_us": 1.341366,
    "max_us": 73.384812
  },
  "latency_hot": {
    "count": 19686,
    "mean_us": 32.935890,
    "p50_us": 32.581039,
    "p99_us": 68.018192,
    "min_us": 1.388519,
    "max_us": 73.384812
  },
  "latency_cold": {
    "count": 54124,
    "mean_us": 18.696960,
    "p50_us": 18.549310,
    "p99_us": 36.532574,
    "min_us": 1.341366,
    "max_us": 41.890261
  },
  "dispatch_cct_us": 73.384812,
  "combine_cct_us": 72.340181,
  "roundtrip_step_us": 146.524993,
  "e2e_step_us": 290.431243
}
