{
  "scenario": 1,
  "scheme": "ub_rg_pop",
  "mode": "roundtrip",
  "batch": 64,
  "zipf_s": 0.700000,
  "topk": 8,
  "ep_size": 64,
  "seed": 68,
  "tau_g_ns": 143.360000,
  "grain_bytes": 7168,
  "total_tokens": 65536,
  "max_egress_load": 352,
  "konig_us": 98.058240,
  "rtt_us": 0.900000,
  "barrier_us": 0.800000,
  "cct_us": 103.732668,
  "step_us": 104.532668,
  "throughput_GBs": 4493.925746,
  "latency_all": {
    "count": 65536,
    "mean_us": 9.632004,
    "p50_us": 6.611800,
    "p99_us": 43.138187,
    "min_us": 1.443777,
    "max_us": 51.909253
  },
  "latency_hot": {
    "count": 19292,
    "mean_us": 17.808472,
    "p50_us": 16.241680,
    "p99_us": 47.270711,
    "min_us": 1.443777,
    "max_us": 51.909253
  },
  "latency_cold": {
    "count": 17726,
    "mean_us": 4.413834,
    "p50_us": 4.320019,
    "p99_us": 8.264664,
    "min_us": 1.444630,
    "max_us": 9.879267
  },
  "dispatch_cct_us": 51.823415,
  "combine_cct_us": 51.909253,
  "roundtrip_step_us": 104.532668
}
