{
  "scenario": 4,
  "scheme": "ub_rg",
  "mode": "roundtrip",
  "batch": 16,
  "zipf_s": 0.700000,
  "topk": 8,
  "ep_size": 128,
  "seed": 70,
  "start_skew_us": 4.000000,
  "tau_g_ns": 143.360000,
  "grain_bytes": 7168,
  "total_tokens": 32768,
  "max_egress_load": 142,
  "konig_us": 39.567360,
  "rtt_us": 0.800000,
  "barrier_us": 1.600000,
  "cct_us": 84.734041,
  "step_us": 128.052791,
  "gemv_us": 41.718750,
  "e2e_us": 126.452791,
  "throughput_GBs": 1834.251495,
  "latency_all": {
    "count": 32768,
    "mean_us": 14.661631,
    "p50_us": 14.014155,
    "p99_us": 34.410848,
    "min_us": 1.369949,
    "max_us": 43.523596
  },
  "latency_hot": {
    "count": 11172,
    "mean_us": 17.859792,
    "p50_us": 16.772283,
    "p99_us": 38.018044,
    "min_us": 1.779570,
    "max_us": 43.523596
  },
  "latency_cold": {
    "count": 8112,
    "mean_us": 12.415581,
    "p50_us": 12.542926,
    "p99_us": 23.742804,
    "min_us": 1.369949,
    "max_us": 25.659802
  },
  "dispatch_cct_us": 43.523596,
  "combine_cct_us": 41.210445,
  "roundtrip_step_us": 86.334041,
  "e2e_step_us": 128.052791
}
