{
  "scenario": 1,
  "scheme": "islip",
  "mode": "roundtrip",
  "batch": 64,
  "zipf_s": 0.300000,
  "topk": 8,
  "ep_size": 64,
  "seed": 46,
  "start_skew_us": 4.000000,
  "tau_g_ns": 143.360000,
  "grain_bytes": 7168,
  "total_tokens": 65536,
  "max_egress_load": 159,
  "konig_us": 44.011520,
  "rtt_us": 0.600000,
  "barrier_us": 0.800000,
  "cct_us": 70.153468,
  "step_us": 117.008156,
  "gemv_us": 46.054688,
  "e2e_us": 116.208156,
  "throughput_GBs": 4014.780374,
  "latency_all": {
    "count": 65536,
    "mean_us": 15.095223,
    "p50_us": 14.865515,
    "p99_us": 27.907899,
    "min_us": 1.144081,
    "max_us": 39.125846
  },
  "latency_hot": {
    "count": 10728,
    "mean_us": 17.672950,
    "p50_us": 17.648360,
    "p99_us": 31.457359,
    "min_us": 1.267293,
    "max_us": 39.125846
  },
  "latency_cold": {
    "count": 26228,
    "mean_us": 13.527142,
    "p50_us": 13.284751,
    "p99_us": 25.763609,
    "min_us": 1.144081,
    "max_us": 29.398438
  },
  "dispatch_cct_us": 39.125846,
  "combine_cct_us": 31.027622,
  "roundtrip_step_us": 70.953468,
  "e2e_step_us": 117.008156
}
