{
  "scenario": 4,
  "scheme": "ub_rg_pop",
  "mode": "roundtrip",
  "batch": 16,
  "zipf_s": 0.000000,
  "topk": 8,
  "ep_size": 128,
  "seed": 81,
  "start_skew_us": 4.000000,
  "tau_g_ns": 143.360000,
  "grain_bytes": 7168,
  "total_tokens": 32768,
  "max_egress_load": 30,
  "konig_us": 8.171520,
  "rtt_us": 1.200000,
  "barrier_us": 1.600000,
  "cct_us": 18.983163,
  "step_us": 26.989413,
  "gemv_us": 6.406250,
  "e2e_us": 25.389413,
  "throughput_GBs": 8702.709578,
  "latency_all": {
    "count": 32768,
    "mean_us": 5.284021,
    "p50_us": 5.258450,
    "p99_us": 8.493818,
    "min_us": 1.547273,
    "max_us": 9.695496
  },
  "latency_hot": {
    "count": 2956,
    "mean_us": 5.625213,
    "p50_us": 5.686088,
    "p99_us": 8.686797,
    "min_us": 2.089603,
    "max_us": 9.530233
  },
  "latency_cold": {
    "count": 16586,
    "mean_us": 5.294417,
    "p50_us": 5.286870,
    "p99_us": 8.490534,
    "min_us": 1.654903,
    "max_us": 9.695496
  },
  "dispatch_cct_us": 9.695496,
  "combine_cct_us": 9.287667,
  "roundtrip_step_us": 20.583163,
  "e2e_step_us": 26.989413
}
