{
  "scenario": 1,
  "scheme": "ub_rg_pop",
  "mode": "roundtrip",
  "batch": 16,
  "zipf_s": 0.300000,
  "topk": 8,
  "ep_size": 128,
  "seed": 18,
  "start_skew_us": 4.000000,
  "tau_g_ns": 143.360000,
  "grain_bytes": 7168,
  "total_tokens": 32768,
  "max_egress_load": 57,
  "konig_us": 15.196160,
  "rtt_us": 0.900000,
  "barrier_us": 0.800000,
  "cct_us": 57.592051,
  "step_us": 73.626426,
  "gemv_us": 15.234375,
  "e2e_us": 72.826426,
  "throughput_GBs": 3190.172832,
  "latency_all": {
    "count": 32768,
    "mean_us": 13.795348,
    "p50_us": 13.968678,
    "p99_us": 23.885508,
    "min_us": 1.491160,
    "max_us": 31.384856
  },
  "latency_hot": {
    "count": 5752,
    "mean_us": 15.169305,
    "p50_us": 15.447560,
    "p99_us": 23.106083,
    "min_us": 2.224165,
    "max_us": 31.384856
  },
  "latency_cold": {
    "count": 13174,
    "mean_us": 13.018032,
    "p50_us": 13.105755,
    "p99_us": 22.327039,
    "min_us": 1.491160,
    "max_us": 28.879226
  },
  "dispatch_cct_us": 31.384856,
  "combine_cct_us": 26.207195,
  "roundtrip_step_us": 58.392051,
  "e2e_step_us": 73.626426
}
