{
  "scenario": 1,
  "scheme": "packet_spray",
  "mode": "roundtrip",
  "batch": 16,
  "zipf_s": 0.900000,
  "topk": 8,
  "ep_size": 128,
  "seed": 60,
  "start_skew_us": 4.000000,
  "tau_g_ns": 143.360000,
  "grain_bytes": 7168,
  "total_tokens": 32768,
  "max_egress_load": 209,
  "konig_us": 57.630720,
  "rtt_us": 0.000000,
  "barrier_us": 4.000000,
  "cct_us": 94.230613,
  "step_us": 158.464988,
  "gemv_us": 60.234375,
  "e2e_us": 154.464988,
  "throughput_GBs": 1482.226626,
  "latency_all": {
    "count": 32768,
    "mean_us": 25.078215,
    "p50_us": 23.353502,
    "p99_us": 42.850462,
    "min_us": 2.277786,
    "max_us": 50.376631
  },
  "latency_hot": {
    "count": 14514,
    "mean_us": 26.997025,
    "p50_us": 26.005431,
    "p99_us": 44.355511,
    "min_us": 2.854914,
    "max_us": 50.376631
  },
  "latency_cold": {
    "count": 5818,
    "mean_us": 22.909206,
    "p50_us": 20.626945,
    "p99_us": 42.993822,
    "min_us": 2.277786,
    "max_us": 43.853982
  },
  "dispatch_cct_us": 50.376631,
  "combine_cct_us": 43.853982,
  "roundtrip_step_us": 98.230613,
  "e2e_step_us": 158.464988
}
