{
  "scenario": 4,
  "scheme": "packet_spray",
  "mode": "roundtrip",
  "batch": 512,
  "zipf_s": 0.900000,
  "topk": 8,
  "ep_size": 512,
  "seed": 6,
  "start_skew_us": 4.000000,
  "tau_g_ns": 143.360000,
  "grain_bytes": 7168,
  "total_tokens": 4194304,
  "max_egress_load": 22240,
  "konig_us": 6089.789440,
  "rtt_us": 0.000000,
  "barrier_us": 6.000000,
  "cct_us": 6263.823095,
  "step_us": 12594.393408,
  "gemv_us": 6324.570312,
  "e2e_us": 12588.393408,
  "throughput_GBs": 2387.155149,
  "latency_all": {
    "count": 4194304,
    "mean_us": 916.586079,
    "p50_us": 115.422237,
    "p99_us": 2338.809846,
    "min_us": 0.193360,
    "max_us": 3290.931969
  },
  "latency_hot": {
    "count": 2327044,
    "mean_us": 1012.048606,
    "p50_us": 159.854798,
    "p99_us": 2336.229366,
    "min_us": 2.343760,
    "max_us": 3260.396289
  },
  "latency_cold": {
    "count": 611664,
    "mean_us": 795.239739,
    "p50_us": 92.752325,
    "p99_us": 124.942299,
    "min_us": 0.193360,
    "max_us": 3290.931969
  },
  "dispatch_cct_us": 2972.891126,
  "combine_cct_us": 3290.931969,
  "roundtrip_step_us": 6269.823095,
  "e2e_step_us": 12594.393408
}
