{
  "scenario": 1,
  "scheme": "ub_rg",
  "mode": "roundtrip",
  "batch": 128,
  "zipf_s": 0.900000,
  "topk": 8,
  "ep_size": 64,
  "seed": 86,
  "start_skew_us": 4.000000,
  "tau_g_ns": 143.360000,
  "grain_bytes": 7168,
  "total_tokens": 131072,
  "max_egress_load": 858,
  "konig_us": 243.712000,
  "rtt_us": 0.600000,
  "barrier_us": 0.800000,
  "cct_us": 273.005664,
  "step_us": 536.813477,
  "gemv_us": 263.007812,
  "e2e_us": 536.013477,
  "throughput_GBs": 1750.187238,
  "latency_all": {
    "count": 131072,
    "mean_us": 32.473026,
    "p50_us": 23.601541,
    "p99_us": 120.251360,
    "min_us": 1.146013,
    "max_us": 138.392355
  },
  "latency_hot": {
    "count": 48204,
    "mean_us": 52.546716,
    "p50_us": 48.154170,
    "p99_us": 127.943682,
    "min_us": 1.571201,
    "max_us": 138.392355
  },
  "latency_cold": {
    "count": 27688,
    "mean_us": 16.333589,
    "p50_us": 16.219882,
    "p99_us": 27.615448,
    "min_us": 1.435975,
    "max_us": 31.647694
  },
  "dispatch_cct_us": 138.392355,
  "combine_cct_us": 134.613309,
  "roundtrip_step_us": 273.805664,
  "e2e_step_us": 536.813477
}
