{
  "scenario": 4,
  "scheme": "ub_rg_pop",
  "mode": "roundtrip",
  "batch": 64,
  "zipf_s": 0.700000,
  "topk": 8,
  "ep_size": 256,
  "seed": 18,
  "start_skew_us": 4.000000,
  "tau_g_ns": 143.360000,
  "grain_bytes": 7168,
  "total_tokens": 262144,
  "max_egress_load": 1000,
  "konig_us": 272.384000,
  "rtt_us": 1.200000,
  "barrier_us": 1.600000,
  "cct_us": 326.618269,
  "step_us": 609.272956,
  "gemv_us": 281.054688,
  "e2e_us": 607.672956,
  "throughput_GBs": 3084.082712,
  "latency_all": {
    "count": 262144,
    "mean_us": 26.126208,
    "p50_us": 17.383220,
    "p99_us": 104.925123,
    "min_us": 1.662307,
    "max_us": 167.924954
  },
  "latency_hot": {
    "count": 100858,
    "mean_us": 40.565156,
    "p50_us": 32.197571,
    "p99_us": 133.595810,
    "min_us": 2.575633,
    "max_us": 167.924954
  },
  "latency_cold": {
    "count": 60788,
    "mean_us": 15.065807,
    "p50_us": 15.064851,
    "p99_us": 24.947298,
    "min_us": 1.989229,
    "max_us": 33.120904
  },
  "dispatch_cct_us": 167.924954,
  "combine_cct_us": 158.693315,
  "roundtrip_step_us": 328.218269,
  "e2e_step_us": 609.272956
}
