{
  "scenario": 4,
  "scheme": "packet_spray",
  "mode": "roundtrip",
  "batch": 256,
  "zipf_s": 0.900000,
  "topk": 8,
  "ep_size": 128,
  "seed": 38,
  "start_skew_us": 4.000000,
  "tau_g_ns": 143.360000,
  "grain_bytes": 7168,
  "total_tokens": 524288,
  "max_egress_load": 3386,
  "konig_us": 926.392320,
  "rtt_us": 0.000000,
  "barrier_us": 6.000000,
  "cct_us": 1004.210651,
  "step_us": 1971.226276,
  "gemv_us": 961.015625,
  "e2e_us": 1965.226276,
  "throughput_GBs": 1906.476405,
  "latency_all": {
    "count": 524288,
    "mean_us": 165.788894,
    "p50_us": 55.890555,
    "p99_us": 335.137452,
    "min_us": 0.442081,
    "max_us": 521.842479
  },
  "latency_hot": {
    "count": 231602,
    "mean_us": 188.698069,
    "p50_us": 148.644475,
    "p99_us": 450.826963,
    "min_us": 0.675183,
    "max_us": 501.915439
  },
  "latency_cold": {
    "count": 94482,
    "mean_us": 146.037411,
    "p50_us": 52.701914,
    "p99_us": 466.218799,
    "min_us": 0.442081,
    "max_us": 521.842479
  },
  "dispatch_cct_us": 482.368172,
  "combine_cct_us": 521.842479,
  "roundtrip_step_us": 1010.210651,
  "e2e_step_us": 1971.226276
}
