{
  "scenario": 1,
  "scheme": "ub_rg_pop",
  "mode": "roundtrip",
  "batch": 16,
  "zipf_s": 0.700000,
  "topk": 8,
  "ep_size": 128,
  "seed": 46,
  "start_skew_us": 4.000000,
  "tau_g_ns": 143.360000,
  "grain_bytes": 7168,
  "total_tokens": 32768,
  "max_egress_load": 155,
  "konig_us": 42.147840,
  "rtt_us": 0.900000,
  "barrier_us": 0.800000,
  "cct_us": 71.117923,
  "step_us": 115.316361,
  "gemv_us": 43.398438,
  "e2e_us": 114.516361,
  "throughput_GBs": 2036.840413,
  "latency_all": {
    "count": 32768,
    "mean_us": 16.771367,
    "p50_us": 16.490239,
    "p99_us": 31.613895,
    "min_us": 1.535480,
    "max_us": 41.439607
  },
  "latency_hot": {
    "count": 11306,
    "mean_us": 19.060187,
    "p50_us": 18.649255,
    "p99_us": 35.341894,
    "min_us": 1.600552,
    "max_us": 41.439607
  },
  "latency_cold": {
    "count": 8028,
    "mean_us": 14.860057,
    "p50_us": 14.662205,
    "p99_us": 24.407160,
    "min_us": 1.535480,
    "max_us": 25.456573
  },
  "dispatch_cct_us": 41.439607,
  "combine_cct_us": 29.678317,
  "roundtrip_step_us": 71.917923,
  "e2e_step_us": 115.316361
}
