{
  "scenario": 1,
  "scheme": "ub_rg",
  "mode": "roundtrip",
  "batch": 64,
  "zipf_s": 0.700000,
  "topk": 8,
  "ep_size": 32,
  "seed": 10,
  "start_skew_us": 4.000000,
  "tau_g_ns": 143.360000,
  "grain_bytes": 7168,
  "total_tokens": 32768,
  "max_egress_load": 210,
  "konig_us": 59.207680,
  "rtt_us": 0.600000,
  "barrier_us": 0.800000,
  "cct_us": 68.094951,
  "step_us": 132.137139,
  "gemv_us": 63.242188,
  "e2e_us": 131.337139,
  "throughput_GBs": 1777.554941,
  "latency_all": {
    "count": 32768,
    "mean_us": 9.632501,
    "p50_us": 8.068091,
    "p99_us": 29.364273,
    "min_us": 1.197237,
    "max_us": 34.428433
  },
  "latency_hot": {
    "count": 7852,
    "mean_us": 15.635745,
    "p50_us": 15.249079,
    "p99_us": 31.801513,
    "min_us": 1.354970,
    "max_us": 34.428433
  },
  "latency_cold": {
    "count": 9978,
    "mean_us": 6.263391,
    "p50_us": 6.176477,
    "p99_us": 11.607962,
    "min_us": 1.197237,
    "max_us": 13.776990
  },
  "dispatch_cct_us": 34.428433,
  "combine_cct_us": 33.666518,
  "roundtrip_step_us": 68.894951,
  "e2e_step_us": 132.137139
}
