{
  "scenario": 4,
  "scheme": "ub_rg",
  "mode": "roundtrip",
  "batch": 512,
  "zipf_s": 0.900000,
  "topk": 8,
  "ep_size": 256,
  "seed": 59,
  "start_skew_us": 4.000000,
  "tau_g_ns": 143.360000,
  "grain_bytes": 7168,
  "total_tokens": 2097152,
  "max_egress_load": 12164,
  "konig_us": 3340.001280,
  "rtt_us": 0.800000,
  "barrier_us": 1.600000,
  "cct_us": 3492.909842,
  "step_us": 6973.767654,
  "gemv_us": 3479.257812,
  "e2e_us": 6972.167654,
  "throughput_GBs": 2155.561567,
  "latency_all": {
    "count": 2097152,
    "mean_us": 189.301647,
    "p50_us": 14.848147,
    "p99_us": 1032.578045,
    "min_us": 1.126249,
    "max_us": 1747.025446
  },
  "latency_hot": {
    "count": 1062462,
    "mean_us": 341.451785,
    "p50_us": 86.716608,
    "p99_us": 1032.604410,
    "min_us": 1.366628,
    "max_us": 1747.025446
  },
  "latency_cold": {
    "count": 336860,
    "mean_us": 16.950853,
    "p50_us": 14.953647,
    "p99_us": 35.423994,
    "min_us": 1.156194,
    "max_us": 61.190425
  },
  "dispatch_cct_us": 1745.884395,
  "combine_cct_us": 1747.025446,
  "roundtrip_step_us": 3494.509842,
  "e2e_step_us": 6973.767654
}
