{
  "scenario": 1,
  "scheme": "ub_rg",
  "mode": "roundtrip",
  "batch": 64,
  "zipf_s": 0.900000,
  "topk": 8,
  "ep_size": 128,
  "seed": 51,
  "start_skew_us": 4.000000,
  "tau_g_ns": 143.360000,
  "grain_bytes": 7168,
  "total_tokens": 131072,
  "max_egress_load": 786,
  "konig_us": 221.777920,
  "rtt_us": 0.600000,
  "barrier_us": 0.800000,
  "cct_us": 251.494878,
  "step_us": 489.873003,
  "gemv_us": 237.578125,
  "e2e_us": 489.073003,
  "throughput_GBs": 1917.893188,
  "latency_all": {
    "count": 131072,
    "mean_us": 27.328704,
    "p50_us": 19.849051,
    "p99_us": 107.221757,
    "min_us": 1.210555,
    "max_us": 129.849532
  },
  "latency_hot": {
    "count": 58046,
    "mean_us": 41.368646,
    "p50_us": 34.591085,
    "p99_us": 113.775218,
    "min_us": 3.359408,
    "max_us": 129.849532
  },
  "latency_cold": {
    "count": 23808,
    "mean_us": 13.971665,
    "p50_us": 13.802911,
    "p99_us": 23.515751,
    "min_us": 2.013313,
    "max_us": 27.420456
  },
  "dispatch_cct_us": 129.849532,
  "combine_cct_us": 121.645347,
  "roundtrip_step_us": 252.294878,
  "e2e_step_us": 489.873003
}
