{
  "scenario": 4,
  "scheme": "packet_spray",
  "mode": "roundtrip",
  "batch": 64,
  "zipf_s": 0.700000,
  "topk": 8,
  "ep_size": 512,
  "seed": 14,
  "start_skew_us": 4.000000,
  "tau_g_ns": 143.360000,
  "grain_bytes": 7168,
  "total_tokens": 524288,
  "max_egress_load": 1625,
  "konig_us": 444.702720,
  "rtt_us": 0.000000,
  "barrier_us": 6.000000,
  "cct_us": 472.533255,
  "step_us": 940.095755,
  "gemv_us": 461.562500,
  "e2e_us": 934.095755,
  "throughput_GBs": 3997.567655,
  "latency_all": {
    "count": 524288,
    "mean_us": 68.937185,
    "p50_us": 14.918492,
    "p99_us": 135.376027,
    "min_us": 0.263978,
    "max_us": 247.075737
  },
  "latency_hot": {
    "count": 217088,
    "mean_us": 76.521657,
    "p50_us": 49.606221,
    "p99_us": 212.095897,
    "min_us": 0.374931,
    "max_us": 240.911257
  },
  "latency_cold": {
    "count": 115852,
    "mean_us": 63.494205,
    "p50_us": 16.059981,
    "p99_us": 218.260377,
    "min_us": 0.263978,
    "max_us": 247.075737
  },
  "dispatch_cct_us": 225.457518,
  "combine_cct_us": 247.075737,
  "roundtrip_step_us": 478.533255,
  "e2e_step_us": 940.095755
}
