{
  "scenario": 4,
  "scheme": "ub_rg",
  "mode": "roundtrip",
  "batch": 256,
  "zipf_s": 0.300000,
  "topk": 8,
  "ep_size": 128,
  "seed": 45,
  "start_skew_us": 4.000000,
  "tau_g_ns": 143.360000,
  "grain_bytes": 7168,
  "total_tokens": 524288,
  "max_egress_load": 811,
  "konig_us": 221.061120,
  "rtt_us": 0.800000,
  "barrier_us": 1.600000,
  "cct_us": 262.828662,
  "step_us": 492.631787,
  "gemv_us": 228.203125,
  "e2e_us": 491.031787,
  "throughput_GBs": 7628.611240,
  "latency_all": {
    "count": 524288,
    "mean_us": 34.632851,
    "p50_us": 26.604971,
    "p99_us": 48.754254,
    "min_us": 1.357192,
    "max_us": 132.438570
  },
  "latency_hot": {
    "count": 90598,
    "mean_us": 48.928963,
    "p50_us": 47.296246,
    "p99_us": 109.713860,
    "min_us": 2.556163,
    "max_us": 132.438570
  },
  "latency_cold": {
    "count": 207160,
    "mean_us": 28.726440,
    "p50_us": 28.006658,
    "p99_us": 46.106778,
    "min_us": 1.357192,
    "max_us": 63.474333
  },
  "dispatch_cct_us": 132.438570,
  "combine_cct_us": 130.390091,
  "roundtrip_step_us": 264.428662,
  "e2e_step_us": 492.631787
}
