{
  "scenario": 1,
  "scheme": "packet_spray",
  "mode": "roundtrip",
  "batch": 512,
  "zipf_s": 0.700000,
  "topk": 8,
  "ep_size": 64,
  "seed": 82,
  "start_skew_us": 4.000000,
  "tau_g_ns": 143.360000,
  "grain_bytes": 7168,
  "total_tokens": 524288,
  "max_egress_load": 2759,
  "konig_us": 779.878400,
  "rtt_us": 0.000000,
  "barrier_us": 4.000000,
  "cct_us": 917.811437,
  "step_us": 1759.350499,
  "gemv_us": 837.539062,
  "e2e_us": 1755.350499,
  "throughput_GBs": 2136.070320,
  "latency_all": {
    "count": 524288,
    "mean_us": 181.018313,
    "p50_us": 102.434186,
    "p99_us": 333.530506,
    "min_us": 1.522531,
    "max_us": 464.418186
  },
  "latency_hot": {
    "count": 156132,
    "mean_us": 201.370537,
    "p50_us": 193.324426,
    "p99_us": 425.710986,
    "min_us": 1.522531,
    "max_us": 464.418186
  },
  "latency_cold": {
    "count": 140208,
    "mean_us": 173.219726,
    "p50_us": 108.304569,
    "p99_us": 438.770531,
    "min_us": 4.375946,
    "max_us": 453.393251
  },
  "dispatch_cct_us": 464.418186,
  "combine_cct_us": 453.393251,
  "roundtrip_step_us": 921.811437,
  "e2e_step_us": 1759.350499
}
