{
  "scenario": 1,
  "scheme": "islip",
  "mode": "roundtrip",
  "batch": 64,
  "zipf_s": 0.300000,
  "topk": 8,
  "ep_size": 128,
  "seed": 2,
  "start_skew_us": 4.000000,
  "tau_g_ns": 143.360000,
  "grain_bytes": 7168,
  "total_tokens": 131072,
  "max_egress_load": 198,
  "konig_us": 54.476800,
  "rtt_us": 0.600000,
  "barrier_us": 0.800000,
  "cct_us": 79.958298,
  "step_us": 137.594235,
  "gemv_us": 56.835938,
  "e2e_us": 136.794235,
  "throughput_GBs": 6828.222805,
  "latency_all": {
    "count": 131072,
    "mean_us": 16.039319,
    "p50_us": 15.824864,
    "p99_us": 30.289675,
    "min_us": 1.165278,
    "max_us": 42.700456
  },
  "latency_hot": {
    "count": 22920,
    "mean_us": 18.851182,
    "p50_us": 18.520078,
    "p99_us": 35.181247,
    "min_us": 1.172439,
    "max_us": 42.700456
  },
  "latency_cold": {
    "count": 51878,
    "mean_us": 14.874547,
    "p50_us": 14.920338,
    "p99_us": 25.433804,
    "min_us": 1.229186,
    "max_us": 30.571921
  },
  "dispatch_cct_us": 42.700456,
  "combine_cct_us": 37.257842,
  "roundtrip_step_us": 80.758298,
  "e2e_step_us": 137.594235
}
