{
  "scenario": 1,
  "scheme": "islip",
  "mode": "roundtrip",
  "batch": 512,
  "zipf_s": 0.900000,
  "topk": 8,
  "ep_size": 64,
  "seed": 79,
  "start_skew_us": 4.000000,
  "tau_g_ns": 143.360000,
  "grain_bytes": 7168,
  "total_tokens": 524288,
  "max_egress_load": 3415,
  "konig_us": 972.554240,
  "rtt_us": 0.600000,
  "barrier_us": 0.800000,
  "cct_us": 988.547717,
  "step_us": 2042.003967,
  "gemv_us": 1052.656250,
  "e2e_us": 2041.203967,
  "throughput_GBs": 1840.396221,
  "latency_all": {
    "count": 524288,
    "mean_us": 85.464861,
    "p50_us": 33.209498,
    "p99_us": 192.523964,
    "min_us": 1.193095,
    "max_us": 494.459282
  },
  "latency_hot": {
    "count": 192948,
    "mean_us": 166.851637,
    "p50_us": 147.185772,
    "p99_us": 469.630085,
    "min_us": 1.332647,
    "max_us": 494.459282
  },
  "latency_cold": {
    "count": 109986,
    "mean_us": 19.078892,
    "p50_us": 18.512161,
    "p99_us": 41.686345,
    "min_us": 1.242169,
    "max_us": 48.649395
  },
  "dispatch_cct_us": 494.088435,
  "combine_cct_us": 494.459282,
  "roundtrip_step_us": 989.347717,
  "e2e_step_us": 2042.003967
}
