{
  "scenario": 4,
  "scheme": "packet_spray",
  "mode": "roundtrip",
  "batch": 64,
  "zipf_s": 0.300000,
  "topk": 8,
  "ep_size": 512,
  "seed": 54,
  "start_skew_us": 4.000000,
  "tau_g_ns": 143.360000,
  "grain_bytes": 7168,
  "total_tokens": 524288,
  "max_egress_load": 353,
  "konig_us": 91.607040,
  "rtt_us": 0.000000,
  "barrier_us": 6.000000,
  "cct_us": 145.907207,
  "step_us": 241.008770,
  "gemv_us": 89.101562,
  "e2e_us": 235.008770,
  "throughput_GBs": 15593.193493,
  "latency_all": {
    "count": 524288,
    "mean_us": 35.120788,
    "p50_us": 29.180802,
    "p99_us": 44.334093,
    "min_us": 0.336720,
    "max_us": 74.401659
  },
  "latency_hot": {
    "count": 100990,
    "mean_us": 35.549912,
    "p50_us": 34.593889,
    "p99_us": 60.639099,
    "min_us": 3.542112,
    "max_us": 71.505548
  },
  "latency_cold": {
    "count": 203146,
    "mean_us": 35.580328,
    "p50_us": 32.015345,
    "p99_us": 66.373499,
    "min_us": 0.336720,
    "max_us": 74.401659
  },
  "dispatch_cct_us": 71.505548,
  "combine_cct_us": 74.401659,
  "roundtrip_step_us": 151.907207,
  "e2e_step_us": 241.008770
}
