{
  "scenario": 2,
  "scheme": "packet_spray",
  "mode": "roundtrip",
  "batch": 256,
  "zipf_s": 0.900000,
  "topk": 8,
  "ep_size": 1024,
  "seed": 73,
  "tau_g_ns": 143.360000,
  "grain_bytes": 7168,
  "total_tokens": 4194304,
  "max_egress_load": 18528,
  "konig_us": 5285.396480,
  "rtt_us": 0.000000,
  "barrier_us": 8.000000,
  "cct_us": 5354.535840,
  "step_us": 5362.535840,
  "throughput_GBs": 5606.446646,
  "latency_all": {
    "count": 4194304,
    "mean_us": 832.847992,
    "p50_us": 57.794000,
    "p99_us": 2060.676560,
    "min_us": 0.880080,
    "max_us": 2688.306640
  },
  "latency_hot": {
    "count": 2466144,
    "mean_us": 901.340912,
    "p50_us": 89.906640,
    "p99_us": 2056.089040,
    "min_us": 0.880080,
    "max_us": 2688.306640
  },
  "latency_cold": {
    "count": 564466,
    "mean_us": 734.872340,
    "p50_us": 41.020880,
    "p99_us": 48.045520,
    "min_us": 0.880080,
    "max_us": 2666.229200
  },
  "dispatch_cct_us": 2688.306640,
  "combine_cct_us": 2666.229200,
  "roundtrip_step_us": 5362.535840
}
