{
  "scenario": 4,
  "scheme": "ub_rg_pop",
  "mode": "roundtrip",
  "batch": 128,
  "zipf_s": 0.900000,
  "topk": 8,
  "ep_size": 128,
  "seed": 69,
  "start_skew_us": 4.000000,
  "tau_g_ns": 143.360000,
  "grain_bytes": 7168,
  "total_tokens": 262144,
  "max_egress_load": 1629,
  "konig_us": 451.727360,
  "rtt_us": 1.200000,
  "barrier_us": 1.600000,
  "cct_us": 496.026003,
  "step_us": 972.977565,
  "gemv_us": 475.351562,
  "e2e_us": 971.377565,
  "throughput_GBs": 1931.234860,
  "latency_all": {
    "count": 262144,
    "mean_us": 43.076052,
    "p50_us": 21.877525,
    "p99_us": 196.019010,
    "min_us": 1.562125,
    "max_us": 251.838228
  },
  "latency_hot": {
    "count": 115592,
    "mean_us": 70.447442,
    "p50_us": 55.790089,
    "p99_us": 220.560726,
    "min_us": 3.643077,
    "max_us": 251.838228
  },
  "latency_cold": {
    "count": 47620,
    "mean_us": 16.077065,
    "p50_us": 16.137222,
    "p99_us": 27.207253,
    "min_us": 1.744534,
    "max_us": 34.906859
  },
  "dispatch_cct_us": 251.838228,
  "combine_cct_us": 244.187775,
  "roundtrip_step_us": 497.626003,
  "e2e_step_us": 972.977565
}
