{
  "scenario": 1,
  "scheme": "ub_rg",
  "mode": "roundtrip",
  "batch": 256,
  "zipf_s": 0.300000,
  "topk": 8,
  "ep_size": 64,
  "seed": 36,
  "start_skew_us": 4.000000,
  "tau_g_ns": 143.360000,
  "grain_bytes": 7168,
  "total_tokens": 262144,
  "max_egress_load": 620,
  "konig_us": 174.755840,
  "rtt_us": 0.600000,
  "barrier_us": 0.800000,
  "cct_us": 185.648807,
  "step_us": 373.636307,
  "gemv_us": 187.187500,
  "e2e_us": 372.836307,
  "throughput_GBs": 5029.083518,
  "latency_all": {
    "count": 262144,
    "mean_us": 23.782173,
    "p50_us": 17.594340,
    "p99_us": 64.791541,
    "min_us": 1.308726,
    "max_us": 92.836100
  },
  "latency_hot": {
    "count": 43224,
    "mean_us": 37.044636,
    "p50_us": 36.075668,
    "p99_us": 85.774979,
    "min_us": 1.467658,
    "max_us": 92.836100
  },
  "latency_cold": {
    "count": 105574,
    "mean_us": 18.522864,
    "p50_us": 18.344083,
    "p99_us": 35.954405,
    "min_us": 1.308726,
    "max_us": 40.926049
  },
  "dispatch_cct_us": 92.812707,
  "combine_cct_us": 92.836100,
  "roundtrip_step_us": 186.448807,
  "e2e_step_us": 373.636307
}
