{
  "scenario": 1,
  "scheme": "packet_spray",
  "mode": "roundtrip",
  "batch": 256,
  "zipf_s": 0.000000,
  "topk": 8,
  "ep_size": 32,
  "seed": 10,
  "start_skew_us": 4.000000,
  "tau_g_ns": 143.360000,
  "grain_bytes": 7168,
  "total_tokens": 131072,
  "max_egress_load": 295,
  "konig_us": 79.994880,
  "rtt_us": 0.000000,
  "barrier_us": 4.000000,
  "cct_us": 156.115202,
  "step_us": 242.185514,
  "gemv_us": 82.070312,
  "e2e_us": 238.185514,
  "throughput_GBs": 3879.357110,
  "latency_all": {
    "count": 131072,
    "mean_us": 46.733519,
    "p50_us": 47.418513,
    "p99_us": 74.226833,
    "min_us": 2.936797,
    "max_us": 80.391313
  },
  "latency_hot": {
    "count": 12322,
    "mean_us": 38.476553,
    "p50_us": 38.530193,
    "p99_us": 74.513553,
    "min_us": 2.936797,
    "max_us": 78.097553
  },
  "latency_cold": {
    "count": 65430,
    "mean_us": 51.208088,
    "p50_us": 51.496049,
    "p99_us": 74.083473,
    "min_us": 3.693713,
    "max_us": 79.387793
  },
  "dispatch_cct_us": 80.391313,
  "combine_cct_us": 75.723889,
  "roundtrip_step_us": 160.115202,
  "e2e_step_us": 242.185514
}
