{
  "scenario": 1,
  "scheme": "packet_spray",
  "mode": "roundtrip",
  "batch": 64,
  "zipf_s": 0.700000,
  "topk": 8,
  "ep_size": 32,
  "seed": 20,
  "tau_g_ns": 143.360000,
  "grain_bytes": 7168,
  "total_tokens": 32768,
  "max_egress_load": 213,
  "konig_us": 59.064320,
  "rtt_us": 0.000000,
  "barrier_us": 4.000000,
  "cct_us": 76.194080,
  "step_us": 80.194080,
  "throughput_GBs": 2928.907271,
  "latency_all": {
    "count": 32768,
    "mean_us": 16.578607,
    "p50_us": 14.729360,
    "p99_us": 34.943120,
    "min_us": 0.536720,
    "max_us": 38.383760
  },
  "latency_hot": {
    "count": 7846,
    "mean_us": 17.610118,
    "p50_us": 17.739920,
    "p99_us": 35.229840,
    "min_us": 0.536720,
    "max_us": 38.383760
  },
  "latency_cold": {
    "count": 9988,
    "mean_us": 16.465942,
    "p50_us": 13.009040,
    "p99_us": 35.946640,
    "min_us": 0.536720,
    "max_us": 37.810320
  },
  "dispatch_cct_us": 38.383760,
  "combine_cct_us": 37.810320,
  "roundtrip_step_us": 80.194080
}
