{
  "scenario": 1,
  "scheme": "ub_rg_pop",
  "mode": "roundtrip",
  "batch": 16,
  "zipf_s": 0.000000,
  "topk": 8,
  "ep_size": 64,
  "seed": 5,
  "tau_g_ns": 143.360000,
  "grain_bytes": 7168,
  "total_tokens": 16384,
  "max_egress_load": 28,
  "konig_us": 7.884800,
  "rtt_us": 0.900000,
  "barrier_us": 0.800000,
  "cct_us": 11.300937,
  "step_us": 12.100937,
  "throughput_GBs": 9705.076145,
  "latency_all": {
    "count": 16384,
    "mean_us": 2.940297,
    "p50_us": 2.896603,
    "p99_us": 4.791291,
    "min_us": 1.443678,
    "max_us": 5.651156
  },
  "latency_hot": {
    "count": 1588,
    "mean_us": 2.984719,
    "p50_us": 2.935540,
    "p99_us": 4.897095,
    "min_us": 1.443678,
    "max_us": 5.551197
  },
  "latency_cold": {
    "count": 8238,
    "mean_us": 2.940252,
    "p50_us": 2.899636,
    "p99_us": 4.757929,
    "min_us": 1.443958,
    "max_us": 5.649781
  },
  "dispatch_cct_us": 5.651156,
  "combine_cct_us": 5.649781,
  "roundtrip_step_us": 12.100937
}
