{
  "scenario": 1,
  "scheme": "packet_spray",
  "mode": "roundtrip",
  "batch": 256,
  "zipf_s": 0.300000,
  "topk": 8,
  "ep_size": 64,
  "seed": 7,
  "start_skew_us": 4.000000,
  "tau_g_ns": 143.360000,
  "grain_bytes": 7168,
  "total_tokens": 262144,
  "max_egress_load": 625,
  "konig_us": 174.325760,
  "rtt_us": 0.000000,
  "barrier_us": 4.000000,
  "cct_us": 245.928227,
  "step_us": 434.498540,
  "gemv_us": 184.570312,
  "e2e_us": 430.498540,
  "throughput_GBs": 4324.636378,
  "latency_all": {
    "count": 262144,
    "mean_us": 58.471819,
    "p50_us": 54.335643,
    "p99_us": 99.378970,
    "min_us": 0.862363,
    "max_us": 124.643464
  },
  "latency_hot": {
    "count": 43196,
    "mean_us": 57.193487,
    "p50_us": 58.554504,
    "p99_us": 112.601224,
    "min_us": 0.862363,
    "max_us": 124.643464
  },
  "latency_cold": {
    "count": 105392,
    "mean_us": 61.471566,
    "p50_us": 56.547464,
    "p99_us": 114.403483,
    "min_us": 1.446174,
    "max_us": 121.284763
  },
  "dispatch_cct_us": 124.643464,
  "combine_cct_us": 121.284763,
  "roundtrip_step_us": 249.928227,
  "e2e_step_us": 434.498540
}
