{
  "scenario": 1,
  "scheme": "islip",
  "mode": "roundtrip",
  "batch": 512,
  "zipf_s": 0.900000,
  "topk": 8,
  "ep_size": 64,
  "seed": 66,
  "start_skew_us": 4.000000,
  "tau_g_ns": 143.360000,
  "grain_bytes": 7168,
  "total_tokens": 524288,
  "max_egress_load": 3408,
  "konig_us": 973.414400,
  "rtt_us": 0.600000,
  "barrier_us": 0.800000,
  "cct_us": 982.592252,
  "step_us": 2040.189127,
  "gemv_us": 1056.796875,
  "e2e_us": 2039.389127,
  "throughput_GBs": 1842.033337,
  "latency_all": {
    "count": 524288,
    "mean_us": 85.407893,
    "p50_us": 33.092739,
    "p99_us": 192.179600,
    "min_us": 1.160915,
    "max_us": 491.422446
  },
  "latency_hot": {
    "count": 192836,
    "mean_us": 166.974739,
    "p50_us": 147.309839,
    "p99_us": 470.380435,
    "min_us": 1.172154,
    "max_us": 491.422446
  },
  "latency_cold": {
    "count": 110540,
    "mean_us": 19.179906,
    "p50_us": 18.587178,
    "p99_us": 42.335114,
    "min_us": 1.160915,
    "max_us": 50.528799
  },
  "dispatch_cct_us": 491.422446,
  "combine_cct_us": 491.169806,
  "roundtrip_step_us": 983.392252,
  "e2e_step_us": 2040.189127
}
