{
  "scenario": 4,
  "scheme": "ub_rg_pop",
  "mode": "roundtrip",
  "batch": 512,
  "zipf_s": 0.700000,
  "topk": 8,
  "ep_size": 256,
  "seed": 95,
  "start_skew_us": 4.000000,
  "tau_g_ns": 143.360000,
  "grain_bytes": 7168,
  "total_tokens": 2097152,
  "max_egress_load": 7796,
  "konig_us": 2150.400000,
  "rtt_us": 1.200000,
  "barrier_us": 1.600000,
  "cct_us": 2267.878729,
  "step_us": 4520.689667,
  "gemv_us": 2251.210938,
  "e2e_us": 4519.089667,
  "throughput_GBs": 3325.241643,
  "latency_all": {
    "count": 2097152,
    "mean_us": 117.513283,
    "p50_us": 24.999485,
    "p99_us": 577.649442,
    "min_us": 1.512579,
    "max_us": 1138.814223
  },
  "latency_hot": {
    "count": 810358,
    "mean_us": 230.901893,
    "p50_us": 91.841337,
    "p99_us": 577.750955,
    "min_us": 1.764466,
    "max_us": 1138.814223
  },
  "latency_cold": {
    "count": 484534,
    "mean_us": 32.443414,
    "p50_us": 29.940411,
    "p99_us": 46.691557,
    "min_us": 1.554825,
    "max_us": 96.925512
  },
  "dispatch_cct_us": 1138.814223,
  "combine_cct_us": 1129.064506,
  "roundtrip_step_us": 2269.478729,
  "e2e_step_us": 4520.689667
}
