{
  "scenario": 4,
  "scheme": "packet_spray",
  "mode": "roundtrip",
  "batch": 256,
  "zipf_s": 0.700000,
  "topk": 8,
  "ep_size": 256,
  "seed": 94,
  "start_skew_us": 4.000000,
  "tau_g_ns": 143.360000,
  "grain_bytes": 7168,
  "total_tokens": 1048576,
  "max_egress_load": 4033,
  "konig_us": 1094.840320,
  "rtt_us": 0.000000,
  "barrier_us": 6.000000,
  "cct_us": 1167.030052,
  "step_us": 2299.162865,
  "gemv_us": 1126.132812,
  "e2e_us": 2293.162865,
  "throughput_GBs": 3269.099759,
  "latency_all": {
    "count": 1048576,
    "mean_us": 179.346599,
    "p50_us": 46.067284,
    "p99_us": 229.502155,
    "min_us": 0.320004,
    "max_us": 607.347059
  },
  "latency_hot": {
    "count": 404880,
    "mean_us": 202.174049,
    "p50_us": 106.570955,
    "p99_us": 502.459595,
    "min_us": 0.350542,
    "max_us": 585.843059
  },
  "latency_cold": {
    "count": 242186,
    "mean_us": 165.224951,
    "p50_us": 50.539153,
    "p99_us": 534.233459,
    "min_us": 0.320004,
    "max_us": 607.347059
  },
  "dispatch_cct_us": 559.682993,
  "combine_cct_us": 607.347059,
  "roundtrip_step_us": 1173.030052,
  "e2e_step_us": 2299.162865
}
