{
  "scenario": 1,
  "scheme": "packet_spray",
  "mode": "roundtrip",
  "batch": 64,
  "zipf_s": 0.000000,
  "topk": 8,
  "ep_size": 128,
  "seed": 30,
  "start_skew_us": 4.000000,
  "tau_g_ns": 143.360000,
  "grain_bytes": 7168,
  "total_tokens": 131072,
  "max_egress_load": 93,
  "konig_us": 24.944640,
  "rtt_us": 0.000000,
  "barrier_us": 4.000000,
  "cct_us": 75.960225,
  "step_us": 102.694600,
  "gemv_us": 22.734375,
  "e2e_us": 98.694600,
  "throughput_GBs": 9148.719544,
  "latency_all": {
    "count": 131072,
    "mean_us": 26.095440,
    "p50_us": 26.522291,
    "p99_us": 35.482484,
    "min_us": 1.809115,
    "max_us": 39.259374
  },
  "latency_hot": {
    "count": 12158,
    "mean_us": 22.576670,
    "p50_us": 22.373186,
    "p99_us": 34.815214,
    "min_us": 1.809115,
    "max_us": 37.252334
  },
  "latency_cold": {
    "count": 65514,
    "mean_us": 27.645974,
    "p50_us": 28.075021,
    "p99_us": 35.553971,
    "min_us": 7.188418,
    "max_us": 39.259374
  },
  "dispatch_cct_us": 39.259374,
  "combine_cct_us": 36.700851,
  "roundtrip_step_us": 79.960225,
  "e2e_step_us": 102.694600
}
