{
  "scenario": 1,
  "scheme": "packet_spray",
  "mode": "roundtrip",
  "batch": 128,
  "zipf_s": 0.000000,
  "topk": 8,
  "ep_size": 32,
  "seed": 77,
  "start_skew_us": 4.000000,
  "tau_g_ns": 143.360000,
  "grain_bytes": 7168,
  "total_tokens": 65536,
  "max_egress_load": 156,
  "konig_us": 42.004480,
  "rtt_us": 0.000000,
  "barrier_us": 4.000000,
  "cct_us": 92.620890,
  "step_us": 139.159952,
  "gemv_us": 42.539062,
  "e2e_us": 135.159952,
  "throughput_GBs": 3375.698547,
  "latency_all": {
    "count": 65536,
    "mean_us": 29.390234,
    "p50_us": 30.060923,
    "p99_us": 43.563428,
    "min_us": 1.557030,
    "max_us": 47.507167
  },
  "latency_hot": {
    "count": 5974,
    "mean_us": 24.565914,
    "p50_us": 23.704443,
    "p99_us": 43.206367,
    "min_us": 1.557030,
    "max_us": 45.786847
  },
  "latency_cold": {
    "count": 33206,
    "mean_us": 31.823051,
    "p50_us": 32.498043,
    "p99_us": 44.066527,
    "min_us": 1.557030,
    "max_us": 47.507167
  },
  "dispatch_cct_us": 47.507167,
  "combine_cct_us": 45.113723,
  "roundtrip_step_us": 96.620890,
  "e2e_step_us": 139.159952
}
