{
  "scenario": 1,
  "scheme": "ub_rg_pop",
  "mode": "roundtrip",
  "batch": 256,
  "zipf_s": 0.900000,
  "topk": 8,
  "ep_size": 32,
  "seed": 17,
  "start_skew_us": 4.000000,
  "tau_g_ns": 143.360000,
  "grain_bytes": 7168,
  "total_tokens": 131072,
  "max_egress_load": 930,
  "konig_us": 265.072640,
  "rtt_us": 0.900000,
  "barrier_us": 0.800000,
  "cct_us": 288.470670,
  "step_us": 576.223795,
  "gemv_us": 286.953125,
  "e2e_us": 575.423795,
  "throughput_GBs": 1630.484724,
  "latency_all": {
    "count": 131072,
    "mean_us": 38.643239,
    "p50_us": 29.599550,
    "p99_us": 126.626128,
    "min_us": 1.443677,
    "max_us": 150.369332
  },
  "latency_hot": {
    "count": 36228,
    "mean_us": 63.845934,
    "p50_us": 62.545454,
    "p99_us": 135.168398,
    "min_us": 1.681049,
    "max_us": 150.369332
  },
  "latency_cold": {
    "count": 33356,
    "mean_us": 19.633558,
    "p50_us": 19.261505,
    "p99_us": 36.577760,
    "min_us": 1.663799,
    "max_us": 45.783461
  },
  "dispatch_cct_us": 150.369332,
  "combine_cct_us": 138.101338,
  "roundtrip_step_us": 289.270670,
  "e2e_step_us": 576.223795
}
