{
  "scenario": 4,
  "scheme": "packet_spray",
  "mode": "roundtrip",
  "batch": 256,
  "zipf_s": 0.000000,
  "topk": 8,
  "ep_size": 256,
  "seed": 49,
  "start_skew_us": 4.000000,
  "tau_g_ns": 143.360000,
  "grain_bytes": 7168,
  "total_tokens": 1048576,
  "max_egress_load": 333,
  "konig_us": 91.607040,
  "rtt_us": 0.000000,
  "barrier_us": 6.000000,
  "cct_us": 168.603808,
  "step_us": 259.447558,
  "gemv_us": 84.843750,
  "e2e_us": 253.447558,
  "throughput_GBs": 28969.988509,
  "latency_all": {
    "count": 1048576,
    "mean_us": 46.876762,
    "p50_us": 44.241073,
    "p99_us": 70.906033,
    "min_us": 0.223400,
    "max_us": 85.640998
  },
  "latency_hot": {
    "count": 102256,
    "mean_us": 38.783073,
    "p50_us": 38.928371,
    "p99_us": 74.059953,
    "min_us": 0.537172,
    "max_us": 84.314336
  },
  "latency_cold": {
    "count": 525576,
    "mean_us": 51.326022,
    "p50_us": 50.692152,
    "p99_us": 69.540560,
    "min_us": 0.223400,
    "max_us": 85.640998
  },
  "dispatch_cct_us": 85.640998,
  "combine_cct_us": 82.962810,
  "roundtrip_step_us": 174.603808,
  "e2e_step_us": 259.447558
}
