{
  "scenario": 4,
  "scheme": "ub_rg",
  "mode": "roundtrip",
  "batch": 64,
  "zipf_s": 0.300000,
  "topk": 8,
  "ep_size": 512,
  "seed": 93,
  "start_skew_us": 4.000000,
  "tau_g_ns": 143.360000,
  "grain_bytes": 7168,
  "total_tokens": 524288,
  "max_egress_load": 321,
  "konig_us": 87.449600,
  "rtt_us": 0.800000,
  "barrier_us": 1.600000,
  "cct_us": 118.477808,
  "step_us": 210.194996,
  "gemv_us": 90.117188,
  "e2e_us": 208.594996,
  "throughput_GBs": 17879.095417,
  "latency_all": {
    "count": 524288,
    "mean_us": 19.043112,
    "p50_us": 17.107065,
    "p99_us": 25.609102,
    "min_us": 1.347392,
    "max_us": 64.709280
  },
  "latency_hot": {
    "count": 100660,
    "mean_us": 23.678298,
    "p50_us": 23.118439,
    "p99_us": 45.561315,
    "min_us": 1.409662,
    "max_us": 64.709280
  },
  "latency_cold": {
    "count": 203108,
    "mean_us": 17.178689,
    "p50_us": 17.087863,
    "p99_us": 26.704113,
    "min_us": 1.370596,
    "max_us": 37.444116
  },
  "dispatch_cct_us": 64.709280,
  "combine_cct_us": 53.768528,
  "roundtrip_step_us": 120.077808,
  "e2e_step_us": 210.194996
}
