{
  "scenario": 1,
  "scheme": "ub_rg_pop",
  "mode": "roundtrip",
  "batch": 128,
  "zipf_s": 0.300000,
  "topk": 8,
  "ep_size": 32,
  "seed": 10,
  "start_skew_us": 4.000000,
  "tau_g_ns": 143.360000,
  "grain_bytes": 7168,
  "total_tokens": 65536,
  "max_egress_load": 250,
  "konig_us": 70.103040,
  "rtt_us": 0.900000,
  "barrier_us": 0.800000,
  "cct_us": 97.989187,
  "step_us": 173.476687,
  "gemv_us": 74.687500,
  "e2e_us": 172.676687,
  "throughput_GBs": 2707.926090,
  "latency_all": {
    "count": 65536,
    "mean_us": 20.116767,
    "p50_us": 19.551596,
    "p99_us": 40.766252,
    "min_us": 1.444926,
    "max_us": 51.787218
  },
  "latency_hot": {
    "count": 9854,
    "mean_us": 25.990789,
    "p50_us": 25.706514,
    "p99_us": 45.174156,
    "min_us": 1.466197,
    "max_us": 51.787218
  },
  "latency_cold": {
    "count": 27288,
    "mean_us": 18.145036,
    "p50_us": 18.128486,
    "p99_us": 30.682393,
    "min_us": 1.447352,
    "max_us": 36.021939
  },
  "dispatch_cct_us": 51.787218,
  "combine_cct_us": 46.201969,
  "roundtrip_step_us": 98.789187,
  "e2e_step_us": 173.476687
}
