{
  "scenario": 1,
  "scheme": "packet_spray",
  "mode": "roundtrip",
  "batch": 128,
  "zipf_s": 0.000000,
  "topk": 8,
  "ep_size": 64,
  "seed": 16,
  "start_skew_us": 4.000000,
  "tau_g_ns": 143.360000,
  "grain_bytes": 7168,
  "total_tokens": 131072,
  "max_egress_load": 161,
  "konig_us": 42.864640,
  "rtt_us": 0.000000,
  "barrier_us": 4.000000,
  "cct_us": 84.445650,
  "step_us": 131.453463,
  "gemv_us": 43.007812,
  "e2e_us": 127.453463,
  "throughput_GBs": 7147.199289,
  "latency_all": {
    "count": 131072,
    "mean_us": 25.229249,
    "p50_us": 25.552993,
    "p99_us": 39.235935,
    "min_us": 1.818975,
    "max_us": 43.696497
  },
  "latency_hot": {
    "count": 12254,
    "mean_us": 21.083595,
    "p50_us": 21.019931,
    "p99_us": 39.252337,
    "min_us": 1.818975,
    "max_us": 42.021661
  },
  "latency_cold": {
    "count": 65736,
    "mean_us": 27.509705,
    "p50_us": 27.591564,
    "p99_us": 39.297821,
    "min_us": 1.818975,
    "max_us": 43.696497
  },
  "dispatch_cct_us": 43.696497,
  "combine_cct_us": 40.749153,
  "roundtrip_step_us": 88.445650,
  "e2e_step_us": 131.453463
}
