{
  "scenario": 1,
  "scheme": "packet_spray",
  "mode": "roundtrip",
  "batch": 128,
  "zipf_s": 0.300000,
  "topk": 8,
  "ep_size": 64,
  "seed": 84,
  "start_skew_us": 4.000000,
  "tau_g_ns": 143.360000,
  "grain_bytes": 7168,
  "total_tokens": 131072,
  "max_egress_load": 318,
  "konig_us": 86.876160,
  "rtt_us": 0.000000,
  "barrier_us": 4.000000,
  "cct_us": 140.684303,
  "step_us": 234.488990,
  "gemv_us": 89.804688,
  "e2e_us": 230.488990,
  "throughput_GBs": 4006.687458,
  "latency_all": {
    "count": 131072,
    "mean_us": 38.536235,
    "p50_us": 38.488498,
    "p99_us": 63.289778,
    "min_us": 2.113680,
    "max_us": 73.038258
  },
  "latency_hot": {
    "count": 21118,
    "mean_us": 37.573429,
    "p50_us": 38.543965,
    "p99_us": 65.608172,
    "min_us": 7.662797,
    "max_us": 73.038258
  },
  "latency_cold": {
    "count": 52480,
    "mean_us": 39.901677,
    "p50_us": 38.513132,
    "p99_us": 64.348765,
    "min_us": 2.113680,
    "max_us": 67.646045
  },
  "dispatch_cct_us": 73.038258,
  "combine_cct_us": 67.646045,
  "roundtrip_step_us": 144.684303,
  "e2e_step_us": 234.488990
}
