{
  "scenario": 4,
  "scheme": "packet_spray",
  "mode": "roundtrip",
  "batch": 16,
  "zipf_s": 0.000000,
  "topk": 8,
  "ep_size": 512,
  "seed": 4,
  "start_skew_us": 4.000000,
  "tau_g_ns": 143.360000,
  "grain_bytes": 7168,
  "total_tokens": 131072,
  "max_egress_load": 33,
  "konig_us": 9.318400,
  "rtt_us": 0.000000,
  "barrier_us": 6.000000,
  "cct_us": 20.298969,
  "step_us": 32.666156,
  "gemv_us": 6.367188,
  "e2e_us": 26.666156,
  "throughput_GBs": 28761.390896,
  "latency_all": {
    "count": 131072,
    "mean_us": 5.893500,
    "p50_us": 6.036729,
    "p99_us": 8.623348,
    "min_us": 0.215173,
    "max_us": 10.178357
  },
  "latency_hot": {
    "count": 13354,
    "mean_us": 5.142171,
    "p50_us": 5.273691,
    "p99_us": 8.415799,
    "min_us": 0.507674,
    "max_us": 9.942401
  },
  "latency_cold": {
    "count": 65672,
    "mean_us": 6.243334,
    "p50_us": 6.329588,
    "p99_us": 8.775522,
    "min_us": 0.215173,
    "max_us": 10.178357
  },
  "dispatch_cct_us": 10.120612,
  "combine_cct_us": 10.178357,
  "roundtrip_step_us": 26.298969,
  "e2e_step_us": 32.666156
}
