{
  "scenario": 4,
  "scheme": "ub_rg",
  "mode": "roundtrip",
  "batch": 256,
  "zipf_s": 0.000000,
  "topk": 8,
  "ep_size": 256,
  "seed": 25,
  "start_skew_us": 4.000000,
  "tau_g_ns": 143.360000,
  "grain_bytes": 7168,
  "total_tokens": 1048576,
  "max_egress_load": 325,
  "konig_us": 92.180480,
  "rtt_us": 0.800000,
  "barrier_us": 1.600000,
  "cct_us": 128.896706,
  "step_us": 214.442019,
  "gemv_us": 83.945312,
  "e2e_us": 212.842019,
  "throughput_GBs": 35050.000088,
  "latency_all": {
    "count": 1048576,
    "mean_us": 31.147929,
    "p50_us": 21.182894,
    "p99_us": 49.361196,
    "min_us": 1.294731,
    "max_us": 64.472751
  },
  "latency_hot": {
    "count": 102736,
    "mean_us": 31.147841,
    "p50_us": 31.030869,
    "p99_us": 54.741802,
    "min_us": 1.413568,
    "max_us": 63.986490
  },
  "latency_cold": {
    "count": 523080,
    "mean_us": 31.087241,
    "p50_us": 27.785222,
    "p99_us": 45.748852,
    "min_us": 1.294731,
    "max_us": 64.472751
  },
  "dispatch_cct_us": 64.472751,
  "combine_cct_us": 64.423955,
  "roundtrip_step_us": 130.496706,
  "e2e_step_us": 214.442019
}
