{
  "scenario": 1,
  "scheme": "ub_rg_pop",
  "mode": "roundtrip",
  "batch": 128,
  "zipf_s": 0.000000,
  "topk": 8,
  "ep_size": 64,
  "seed": 57,
  "start_skew_us": 4.000000,
  "tau_g_ns": 143.360000,
  "grain_bytes": 7168,
  "total_tokens": 131072,
  "max_egress_load": 161,
  "konig_us": 46.018560,
  "rtt_us": 0.900000,
  "barrier_us": 0.800000,
  "cct_us": 55.786201,
  "step_us": 99.320576,
  "gemv_us": 42.734375,
  "e2e_us": 98.520576,
  "throughput_GBs": 9459.511182,
  "latency_all": {
    "count": 131072,
    "mean_us": 13.089592,
    "p50_us": 12.961538,
    "p99_us": 24.304256,
    "min_us": 1.565114,
    "max_us": 28.254878
  },
  "latency_hot": {
    "count": 12092,
    "mean_us": 12.761743,
    "p50_us": 12.615174,
    "p99_us": 24.370277,
    "min_us": 1.644502,
    "max_us": 27.531323
  },
  "latency_cold": {
    "count": 65908,
    "mean_us": 13.145202,
    "p50_us": 13.028559,
    "p99_us": 24.319553,
    "min_us": 1.628936,
    "max_us": 27.368126
  },
  "dispatch_cct_us": 28.254878,
  "combine_cct_us": 27.531323,
  "roundtrip_step_us": 56.586201,
  "e2e_step_us": 99.320576
}
