{
  "scenario": 1,
  "scheme": "ub_rg",
  "mode": "roundtrip",
  "batch": 128,
  "zipf_s": 0.900000,
  "topk": 8,
  "ep_size": 128,
  "seed": 19,
  "start_skew_us": 4.000000,
  "tau_g_ns": 143.360000,
  "grain_bytes": 7168,
  "total_tokens": 262144,
  "max_egress_load": 1583,
  "konig_us": 446.279680,
  "rtt_us": 0.600000,
  "barrier_us": 0.800000,
  "cct_us": 468.141792,
  "step_us": 946.910542,
  "gemv_us": 477.968750,
  "e2e_us": 946.110542,
  "throughput_GBs": 1984.398851,
  "latency_all": {
    "count": 262144,
    "mean_us": 43.512057,
    "p50_us": 22.476963,
    "p99_us": 195.935871,
    "min_us": 1.146648,
    "max_us": 240.093222
  },
  "latency_hot": {
    "count": 115884,
    "mean_us": 70.264479,
    "p50_us": 56.360089,
    "p99_us": 215.747914,
    "min_us": 1.146648,
    "max_us": 240.093222
  },
  "latency_cold": {
    "count": 46720,
    "mean_us": 17.276384,
    "p50_us": 17.552390,
    "p99_us": 27.378753,
    "min_us": 1.236510,
    "max_us": 31.891705
  },
  "dispatch_cct_us": 240.093222,
  "combine_cct_us": 228.048570,
  "roundtrip_step_us": 468.941792,
  "e2e_step_us": 946.910542
}
