{
  "scenario": 1,
  "scheme": "ub_rg",
  "mode": "roundtrip",
  "batch": 64,
  "zipf_s": 0.700000,
  "topk": 8,
  "ep_size": 32,
  "seed": 23,
  "start_skew_us": 4.000000,
  "tau_g_ns": 143.360000,
  "grain_bytes": 7168,
  "total_tokens": 32768,
  "max_egress_load": 209,
  "konig_us": 58.490880,
  "rtt_us": 0.600000,
  "barrier_us": 0.800000,
  "cct_us": 81.999687,
  "step_us": 144.987187,
  "gemv_us": 62.187500,
  "e2e_us": 144.187187,
  "throughput_GBs": 1620.012289,
  "latency_all": {
    "count": 32768,
    "mean_us": 14.353407,
    "p50_us": 13.321485,
    "p99_us": 33.940127,
    "min_us": 1.179689,
    "max_us": 46.191545
  },
  "latency_hot": {
    "count": 7838,
    "mean_us": 20.074834,
    "p50_us": 20.035008,
    "p99_us": 38.540005,
    "min_us": 1.199323,
    "max_us": 46.191545
  },
  "latency_cold": {
    "count": 9916,
    "mean_us": 10.924702,
    "p50_us": 10.835122,
    "p99_us": 21.719833,
    "min_us": 1.179689,
    "max_us": 25.729404
  },
  "dispatch_cct_us": 46.191545,
  "combine_cct_us": 35.808142,
  "roundtrip_step_us": 82.799687,
  "e2e_step_us": 144.987187
}
