{
  "scenario": 1,
  "scheme": "packet_spray",
  "mode": "roundtrip",
  "batch": 64,
  "zipf_s": 0.900000,
  "topk": 8,
  "ep_size": 32,
  "seed": 59,
  "start_skew_us": 4.000000,
  "tau_g_ns": 143.360000,
  "grain_bytes": 7168,
  "total_tokens": 32768,
  "max_egress_load": 252,
  "konig_us": 69.242880,
  "rtt_us": 0.000000,
  "barrier_us": 4.000000,
  "cct_us": 110.576408,
  "step_us": 186.568596,
  "gemv_us": 71.992188,
  "e2e_us": 182.568596,
  "throughput_GBs": 1258.952629,
  "latency_all": {
    "count": 32768,
    "mean_us": 28.906271,
    "p50_us": 28.350401,
    "p99_us": 49.826648,
    "min_us": 4.733999,
    "max_us": 61.152088
  },
  "latency_hot": {
    "count": 8996,
    "mean_us": 30.333290,
    "p50_us": 31.046488,
    "p99_us": 54.987608,
    "min_us": 4.733999,
    "max_us": 61.152088
  },
  "latency_cold": {
    "count": 8484,
    "mean_us": 28.289112,
    "p50_us": 26.458968,
    "p99_us": 47.847361,
    "min_us": 4.733999,
    "max_us": 49.424321
  },
  "dispatch_cct_us": 61.152088,
  "combine_cct_us": 49.424321,
  "roundtrip_step_us": 114.576408,
  "e2e_step_us": 186.568596
}
