{
  "scenario": 1,
  "scheme": "packet_spray",
  "mode": "roundtrip",
  "batch": 64,
  "zipf_s": 0.700000,
  "topk": 8,
  "ep_size": 32,
  "seed": 80,
  "tau_g_ns": 143.360000,
  "grain_bytes": 7168,
  "total_tokens": 32768,
  "max_egress_load": 222,
  "konig_us": 60.784640,
  "rtt_us": 0.000000,
  "barrier_us": 4.000000,
  "cct_us": 78.057760,
  "step_us": 82.057760,
  "throughput_GBs": 2862.386495,
  "latency_all": {
    "count": 32768,
    "mean_us": 16.553171,
    "p50_us": 14.729360,
    "p99_us": 35.229840,
    "min_us": 0.536720,
    "max_us": 40.247440
  },
  "latency_hot": {
    "count": 7738,
    "mean_us": 17.532328,
    "p50_us": 17.596560,
    "p99_us": 36.376720,
    "min_us": 0.536720,
    "max_us": 40.247440
  },
  "latency_cold": {
    "count": 9900,
    "mean_us": 16.499146,
    "p50_us": 13.009040,
    "p99_us": 36.090000,
    "min_us": 0.536720,
    "max_us": 37.810320
  },
  "dispatch_cct_us": 40.247440,
  "combine_cct_us": 37.810320,
  "roundtrip_step_us": 82.057760
}
