{
  "scenario": 1,
  "scheme": "ub_rg",
  "mode": "roundtrip",
  "batch": 128,
  "zipf_s": 0.900000,
  "topk": 8,
  "ep_size": 32,
  "seed": 47,
  "start_skew_us": 4.000000,
  "tau_g_ns": 143.360000,
  "grain_bytes": 7168,
  "total_tokens": 65536,
  "max_egress_load": 477,
  "konig_us": 135.045120,
  "rtt_us": 0.600000,
  "barrier_us": 0.800000,
  "cct_us": 145.441737,
  "step_us": 291.437050,
  "gemv_us": 145.195312,
  "e2e_us": 290.637050,
  "throughput_GBs": 1611.881703,
  "latency_all": {
    "count": 65536,
    "mean_us": 18.270182,
    "p50_us": 13.389127,
    "p99_us": 64.868151,
    "min_us": 1.249682,
    "max_us": 73.496060
  },
  "latency_hot": {
    "count": 18416,
    "mean_us": 32.122602,
    "p50_us": 31.325785,
    "p99_us": 69.278888,
    "min_us": 1.501545,
    "max_us": 73.496060
  },
  "latency_cold": {
    "count": 16404,
    "mean_us": 8.144809,
    "p50_us": 7.932431,
    "p99_us": 15.425697,
    "min_us": 1.249682,
    "max_us": 18.314248
  },
  "dispatch_cct_us": 71.945677,
  "combine_cct_us": 73.496060,
  "roundtrip_step_us": 146.241737,
  "e2e_step_us": 291.437050
}
