{
  "scenario": 4,
  "scheme": "ub_rg",
  "mode": "roundtrip",
  "batch": 256,
  "zipf_s": 0.700000,
  "topk": 8,
  "ep_size": 256,
  "seed": 50,
  "start_skew_us": 4.000000,
  "tau_g_ns": 143.360000,
  "grain_bytes": 7168,
  "total_tokens": 1048576,
  "max_egress_load": 3970,
  "konig_us": 1086.382080,
  "rtt_us": 0.800000,
  "barrier_us": 1.600000,
  "cct_us": 1167.589297,
  "step_us": 2296.689297,
  "gemv_us": 1127.500000,
  "e2e_us": 2295.089297,
  "throughput_GBs": 3272.620627,
  "latency_all": {
    "count": 1048576,
    "mean_us": 65.319647,
    "p50_us": 22.405881,
    "p99_us": 205.671871,
    "min_us": 1.276276,
    "max_us": 586.564114
  },
  "latency_hot": {
    "count": 406768,
    "mean_us": 122.146654,
    "p50_us": 85.798800,
    "p99_us": 436.828084,
    "min_us": 3.007340,
    "max_us": 586.564114
  },
  "latency_cold": {
    "count": 241112,
    "mean_us": 22.239523,
    "p50_us": 20.530852,
    "p99_us": 37.272643,
    "min_us": 1.353153,
    "max_us": 62.602248
  },
  "dispatch_cct_us": 586.564114,
  "combine_cct_us": 581.025183,
  "roundtrip_step_us": 1169.189297,
  "e2e_step_us": 2296.689297
}
