{
  "scenario": 3,
  "scheme": "packet_spray",
  "mode": "roundtrip",
  "batch": 256,
  "zipf_s": 0.300000,
  "topk": 8,
  "ep_size": 256,
  "seed": 63,
  "tau_g_ns": 143.360000,
  "grain_bytes": 7168,
  "total_tokens": 1048576,
  "max_egress_load": 971,
  "konig_us": 271.953920,
  "rtt_us": 0.000000,
  "barrier_us": 8.000000,
  "cct_us": 345.967520,
  "step_us": 353.967520,
  "throughput_GBs": 21234.131222,
  "latency_all": {
    "count": 1048576,
    "mean_us": 79.533381,
    "p50_us": 45.465040,
    "p99_us": 88.903120,
    "min_us": 0.880080,
    "max_us": 174.202320
  },
  "latency_hot": {
    "count": 194936,
    "mean_us": 76.607424,
    "p50_us": 72.273360,
    "p99_us": 139.509200,
    "min_us": 0.880080,
    "max_us": 174.202320
  },
  "latency_cold": {
    "count": 410470,
    "mean_us": 82.303499,
    "p50_us": 52.346320,
    "p99_us": 69.406160,
    "min_us": 0.880080,
    "max_us": 171.765200
  },
  "dispatch_cct_us": 174.202320,
  "combine_cct_us": 171.765200,
  "roundtrip_step_us": 353.967520
}
