{
  "scenario": 4,
  "scheme": "packet_spray",
  "mode": "roundtrip",
  "batch": 16,
  "zipf_s": 0.000000,
  "topk": 8,
  "ep_size": 256,
  "seed": 28,
  "start_skew_us": 4.000000,
  "tau_g_ns": 143.360000,
  "grain_bytes": 7168,
  "total_tokens": 65536,
  "max_egress_load": 30,
  "konig_us": 8.458240,
  "rtt_us": 0.000000,
  "barrier_us": 6.000000,
  "cct_us": 20.050776,
  "step_us": 32.144526,
  "gemv_us": 6.093750,
  "e2e_us": 26.144526,
  "throughput_GBs": 14614.060596,
  "latency_all": {
    "count": 65536,
    "mean_us": 5.793950,
    "p50_us": 5.945708,
    "p99_us": 8.484841,
    "min_us": 0.217720,
    "max_us": 10.334675
  },
  "latency_hot": {
    "count": 6474,
    "mean_us": 4.901252,
    "p50_us": 5.048046,
    "p99_us": 8.073068,
    "min_us": 0.285301,
    "max_us": 8.789868
  },
  "latency_cold": {
    "count": 32864,
    "mean_us": 6.161890,
    "p50_us": 6.264701,
    "p99_us": 8.711685,
    "min_us": 0.217720,
    "max_us": 10.334675
  },
  "dispatch_cct_us": 9.716101,
  "combine_cct_us": 10.334675,
  "roundtrip_step_us": 26.050776,
  "e2e_step_us": 32.144526
}
