{
  "scenario": 1,
  "scheme": "ub_rg",
  "mode": "roundtrip",
  "batch": 64,
  "zipf_s": 0.300000,
  "topk": 8,
  "ep_size": 64,
  "seed": 80,
  "start_skew_us": 4.000000,
  "tau_g_ns": 143.360000,
  "grain_bytes": 7168,
  "total_tokens": 65536,
  "max_egress_load": 161,
  "konig_us": 44.298240,
  "rtt_us": 0.600000,
  "barrier_us": 0.800000,
  "cct_us": 52.018200,
  "step_us": 98.872887,
  "gemv_us": 46.054688,
  "e2e_us": 98.072887,
  "throughput_GBs": 4751.171548,
  "latency_all": {
    "count": 65536,
    "mean_us": 8.562998,
    "p50_us": 8.143107,
    "p99_us": 19.763235,
    "min_us": 1.257107,
    "max_us": 26.691191
  },
  "latency_hot": {
    "count": 10626,
    "mean_us": 11.575297,
    "p50_us": 11.319794,
    "p99_us": 23.712931,
    "min_us": 1.361555,
    "max_us": 26.691191
  },
  "latency_cold": {
    "count": 26564,
    "mean_us": 7.433232,
    "p50_us": 7.343599,
    "p99_us": 13.235567,
    "min_us": 1.257107,
    "max_us": 15.038707
  },
  "dispatch_cct_us": 26.691191,
  "combine_cct_us": 25.327009,
  "roundtrip_step_us": 52.818200,
  "e2e_step_us": 98.872887
}
