{
  "scenario": 1,
  "scheme": "islip",
  "mode": "roundtrip",
  "batch": 512,
  "zipf_s": 0.700000,
  "topk": 8,
  "ep_size": 32,
  "seed": 4,
  "start_skew_us": 4.000000,
  "tau_g_ns": 143.360000,
  "grain_bytes": 7168,
  "total_tokens": 262144,
  "max_egress_load": 1654,
  "konig_us": 468.787200,
  "rtt_us": 0.600000,
  "barrier_us": 0.800000,
  "cct_us": 492.414186,
  "step_us": 998.175123,
  "gemv_us": 504.960938,
  "e2e_us": 997.375123,
  "throughput_GBs": 1882.483493,
  "latency_all": {
    "count": 262144,
    "mean_us": 61.323042,
    "p50_us": 39.666395,
    "p99_us": 208.337035,
    "min_us": 1.156219,
    "max_us": 254.159683
  },
  "latency_hot": {
    "count": 62620,
    "mean_us": 105.132326,
    "p50_us": 102.355288,
    "p99_us": 234.101227,
    "min_us": 1.156219,
    "max_us": 254.159683
  },
  "latency_cold": {
    "count": 79826,
    "mean_us": 34.336996,
    "p50_us": 33.909134,
    "p99_us": 66.030577,
    "min_us": 1.250607,
    "max_us": 76.851832
  },
  "dispatch_cct_us": 254.159683,
  "combine_cct_us": 238.254503,
  "roundtrip_step_us": 493.214186,
  "e2e_step_us": 998.175123
}
