{
  "scenario": 3,
  "scheme": "packet_spray",
  "mode": "roundtrip",
  "batch": 64,
  "zipf_s": 0.900000,
  "topk": 8,
  "ep_size": 1024,
  "seed": 94,
  "tau_g_ns": 143.360000,
  "grain_bytes": 7168,
  "total_tokens": 1048576,
  "max_egress_load": 4716,
  "konig_us": 1337.262080,
  "rtt_us": 0.000000,
  "barrier_us": 8.000000,
  "cct_us": 1354.361760,
  "step_us": 1362.361760,
  "throughput_GBs": 5517.031517,
  "latency_all": {
    "count": 1048576,
    "mean_us": 209.586362,
    "p50_us": 15.359440,
    "p99_us": 268.819920,
    "min_us": 0.880080,
    "max_us": 682.556880
  },
  "latency_hot": {
    "count": 617484,
    "mean_us": 226.583784,
    "p50_us": 46.181840,
    "p99_us": 413.613520,
    "min_us": 0.880080,
    "max_us": 682.556880
  },
  "latency_cold": {
    "count": 140174,
    "mean_us": 185.079843,
    "p50_us": 15.216080,
    "p99_us": 669.224400,
    "min_us": 0.880080,
    "max_us": 671.804880
  },
  "dispatch_cct_us": 682.556880,
  "combine_cct_us": 671.804880,
  "roundtrip_step_us": 1362.361760
}
