{
  "scenario": 4,
  "scheme": "ub_rg",
  "mode": "roundtrip",
  "batch": 128,
  "zipf_s": 0.700000,
  "topk": 8,
  "ep_size": 256,
  "seed": 54,
  "start_skew_us": 4.000000,
  "tau_g_ns": 143.360000,
  "grain_bytes": 7168,
  "total_tokens": 524288,
  "max_egress_load": 1974,
  "konig_us": 540.323840,
  "rtt_us": 0.800000,
  "barrier_us": 1.600000,
  "cct_us": 571.708970,
  "step_us": 1134.051158,
  "gemv_us": 560.742188,
  "e2e_us": 1132.451158,
  "throughput_GBs": 3313.868478,
  "latency_all": {
    "count": 524288,
    "mean_us": 30.223827,
    "p50_us": 12.596727,
    "p99_us": 59.066135,
    "min_us": 1.077251,
    "max_us": 286.557286
  },
  "latency_hot": {
    "count": 202840,
    "mean_us": 58.681218,
    "p50_us": 40.737073,
    "p99_us": 228.729251,
    "min_us": 1.507105,
    "max_us": 286.557286
  },
  "latency_cold": {
    "count": 121604,
    "mean_us": 8.736620,
    "p50_us": 8.605497,
    "p99_us": 15.950868,
    "min_us": 1.412170,
    "max_us": 30.703996
  },
  "dispatch_cct_us": 286.557286,
  "combine_cct_us": 285.151684,
  "roundtrip_step_us": 573.308970,
  "e2e_step_us": 1134.051158
}
