{
  "scenario": 3,
  "scheme": "ub_rg_pop",
  "mode": "roundtrip",
  "batch": 64,
  "zipf_s": 0.700000,
  "topk": 8,
  "ep_size": 1024,
  "seed": 18,
  "tau_g_ns": 143.360000,
  "grain_bytes": 7168,
  "total_tokens": 1048576,
  "max_egress_load": 2429,
  "konig_us": 691.281920,
  "rtt_us": 1.650000,
  "barrier_us": 2.400000,
  "cct_us": 701.563926,
  "step_us": 703.963926,
  "throughput_GBs": 10676.957282,
  "latency_all": {
    "count": 1048576,
    "mean_us": 25.632156,
    "p50_us": 6.211176,
    "p99_us": 90.450240,
    "min_us": 2.593391,
    "max_us": 350.842126
  },
  "latency_hot": {
    "count": 455510,
    "mean_us": 49.301275,
    "p50_us": 24.131987,
    "p99_us": 105.422620,
    "min_us": 2.593391,
    "max_us": 350.842126
  },
  "latency_cold": {
    "count": 223124,
    "mean_us": 5.398051,
    "p50_us": 5.091055,
    "p99_us": 9.346267,
    "min_us": 2.593563,
    "max_us": 13.043600
  },
  "dispatch_cct_us": 350.721800,
  "combine_cct_us": 350.842126,
  "roundtrip_step_us": 703.963926
}
