{
  "scenario": 4,
  "scheme": "ub_rg",
  "mode": "roundtrip",
  "batch": 256,
  "zipf_s": 0.900000,
  "topk": 8,
  "ep_size": 256,
  "seed": 47,
  "start_skew_us": 4.000000,
  "tau_g_ns": 143.360000,
  "grain_bytes": 7168,
  "total_tokens": 1048576,
  "max_egress_load": 6213,
  "konig_us": 1687.777280,
  "rtt_us": 0.800000,
  "barrier_us": 1.600000,
  "cct_us": 1790.371414,
  "step_us": 3529.276101,
  "gemv_us": 1737.304688,
  "e2e_us": 3527.676101,
  "throughput_GBs": 2129.669811,
  "latency_all": {
    "count": 1048576,
    "mean_us": 97.028315,
    "p50_us": 13.278148,
    "p99_us": 379.026263,
    "min_us": 1.148577,
    "max_us": 896.018357
  },
  "latency_hot": {
    "count": 530970,
    "mean_us": 173.225994,
    "p50_us": 79.172429,
    "p99_us": 378.908013,
    "min_us": 1.731618,
    "max_us": 896.018357
  },
  "latency_cold": {
    "count": 167942,
    "mean_us": 10.594483,
    "p50_us": 10.327765,
    "p99_us": 20.830901,
    "min_us": 1.150893,
    "max_us": 39.888391
  },
  "dispatch_cct_us": 894.353057,
  "combine_cct_us": 896.018357,
  "roundtrip_step_us": 1791.971414,
  "e2e_step_us": 3529.276101
}
