{
  "scenario": 4,
  "scheme": "ub_rg",
  "mode": "roundtrip",
  "batch": 256,
  "zipf_s": 0.900000,
  "topk": 8,
  "ep_size": 256,
  "seed": 67,
  "start_skew_us": 4.000000,
  "tau_g_ns": 143.360000,
  "grain_bytes": 7168,
  "total_tokens": 1048576,
  "max_egress_load": 6091,
  "konig_us": 1669.427200,
  "rtt_us": 0.800000,
  "barrier_us": 1.600000,
  "cct_us": 1775.141661,
  "step_us": 3512.288536,
  "gemv_us": 1735.546875,
  "e2e_us": 3510.688536,
  "throughput_GBs": 2139.970191,
  "latency_all": {
    "count": 1048576,
    "mean_us": 105.878888,
    "p50_us": 22.098331,
    "p99_us": 387.297841,
    "min_us": 1.375878,
    "max_us": 890.196475
  },
  "latency_hot": {
    "count": 531052,
    "mean_us": 181.622573,
    "p50_us": 87.884908,
    "p99_us": 387.381925,
    "min_us": 3.502911,
    "max_us": 890.196475
  },
  "latency_cold": {
    "count": 169226,
    "mean_us": 20.231919,
    "p50_us": 20.023449,
    "p99_us": 34.065231,
    "min_us": 1.565406,
    "max_us": 50.847001
  },
  "dispatch_cct_us": 890.196475,
  "combine_cct_us": 884.945185,
  "roundtrip_step_us": 1776.741661,
  "e2e_step_us": 3512.288536
}
