{
  "scenario": 4,
  "scheme": "packet_spray",
  "mode": "roundtrip",
  "batch": 64,
  "zipf_s": 0.000000,
  "topk": 8,
  "ep_size": 512,
  "seed": 84,
  "start_skew_us": 4.000000,
  "tau_g_ns": 143.360000,
  "grain_bytes": 7168,
  "total_tokens": 524288,
  "max_egress_load": 95,
  "konig_us": 26.951680,
  "rtt_us": 0.000000,
  "barrier_us": 6.000000,
  "cct_us": 84.722038,
  "step_us": 113.261100,
  "gemv_us": 22.539062,
  "e2e_us": 107.261100,
  "throughput_GBs": 33180.821836,
  "latency_all": {
    "count": 524288,
    "mean_us": 26.771118,
    "p50_us": 26.527406,
    "p99_us": 33.661494,
    "min_us": 1.138898,
    "max_us": 44.134622
  },
  "latency_hot": {
    "count": 51974,
    "mean_us": 22.637308,
    "p50_us": 22.649986,
    "p99_us": 35.010435,
    "min_us": 2.419670,
    "max_us": 38.580376
  },
  "latency_cold": {
    "count": 262026,
    "mean_us": 28.191283,
    "p50_us": 27.729529,
    "p99_us": 37.396702,
    "min_us": 1.138898,
    "max_us": 44.134622
  },
  "dispatch_cct_us": 40.587416,
  "combine_cct_us": 44.134622,
  "roundtrip_step_us": 90.722038,
  "e2e_step_us": 113.261100
}
