{
  "scenario": 1,
  "scheme": "islip",
  "mode": "roundtrip",
  "batch": 128,
  "zipf_s": 0.000000,
  "topk": 8,
  "ep_size": 32,
  "seed": 65,
  "start_skew_us": 4.000000,
  "tau_g_ns": 143.360000,
  "grain_bytes": 7168,
  "total_tokens": 65536,
  "max_egress_load": 158,
  "konig_us": 44.728320,
  "rtt_us": 0.600000,
  "barrier_us": 0.800000,
  "cct_us": 79.593428,
  "step_us": 123.752803,
  "gemv_us": 43.359375,
  "e2e_us": 122.952803,
  "throughput_GBs": 3795.970959,
  "latency_all": {
    "count": 65536,
    "mean_us": 18.960938,
    "p50_us": 18.843832,
    "p99_us": 33.865794,
    "min_us": 1.145121,
    "max_us": 42.424509
  },
  "latency_hot": {
    "count": 6272,
    "mean_us": 19.228740,
    "p50_us": 19.191615,
    "p99_us": 33.285250,
    "min_us": 1.411924,
    "max_us": 36.430675
  },
  "latency_cold": {
    "count": 32744,
    "mean_us": 19.585216,
    "p50_us": 19.447355,
    "p99_us": 34.868276,
    "min_us": 1.158043,
    "max_us": 42.424509
  },
  "dispatch_cct_us": 37.168919,
  "combine_cct_us": 42.424509,
  "roundtrip_step_us": 80.393428,
  "e2e_step_us": 123.752803
}
