{
  "scenario": 4,
  "scheme": "ub_rg_pop",
  "mode": "roundtrip",
  "batch": 128,
  "zipf_s": 0.900000,
  "topk": 8,
  "ep_size": 128,
  "seed": 84,
  "start_skew_us": 4.000000,
  "tau_g_ns": 143.360000,
  "grain_bytes": 7168,
  "total_tokens": 262144,
  "max_egress_load": 1647,
  "konig_us": 455.598080,
  "rtt_us": 1.200000,
  "barrier_us": 1.600000,
  "cct_us": 479.237370,
  "step_us": 959.274870,
  "gemv_us": 478.437500,
  "e2e_us": 957.674870,
  "throughput_GBs": 1958.821450,
  "latency_all": {
    "count": 262144,
    "mean_us": 34.769066,
    "p50_us": 12.241588,
    "p99_us": 187.519388,
    "min_us": 1.525206,
    "max_us": 239.967928
  },
  "latency_hot": {
    "count": 115876,
    "mean_us": 62.865513,
    "p50_us": 48.029804,
    "p99_us": 213.493285,
    "min_us": 1.762354,
    "max_us": 239.967928
  },
  "latency_cold": {
    "count": 47804,
    "mean_us": 7.899424,
    "p50_us": 7.732739,
    "p99_us": 14.356011,
    "min_us": 1.774697,
    "max_us": 19.395856
  },
  "dispatch_cct_us": 239.269442,
  "combine_cct_us": 239.967928,
  "roundtrip_step_us": 480.837370,
  "e2e_step_us": 959.274870
}
