{
  "scenario": 4,
  "scheme": "ub_rg",
  "mode": "roundtrip",
  "batch": 512,
  "zipf_s": 0.700000,
  "topk": 8,
  "ep_size": 128,
  "seed": 84,
  "start_skew_us": 4.000000,
  "tau_g_ns": 143.360000,
  "grain_bytes": 7168,
  "total_tokens": 1048576,
  "max_egress_load": 4619,
  "konig_us": 1288.519680,
  "rtt_us": 0.800000,
  "barrier_us": 1.600000,
  "cct_us": 1330.601465,
  "step_us": 2697.240527,
  "gemv_us": 1365.039062,
  "e2e_us": 2695.640527,
  "throughput_GBs": 2786.623103,
  "latency_all": {
    "count": 1048576,
    "mean_us": 83.672836,
    "p50_us": 20.362411,
    "p99_us": 277.968551,
    "min_us": 1.147858,
    "max_us": 665.672336
  },
  "latency_hot": {
    "count": 360130,
    "mean_us": 173.143638,
    "p50_us": 124.271008,
    "p99_us": 593.882650,
    "min_us": 1.386106,
    "max_us": 665.672336
  },
  "latency_cold": {
    "count": 258586,
    "mean_us": 22.684975,
    "p50_us": 18.026102,
    "p99_us": 46.981708,
    "min_us": 1.379259,
    "max_us": 74.734676
  },
  "dispatch_cct_us": 664.929129,
  "combine_cct_us": 665.672336,
  "roundtrip_step_us": 1332.201465,
  "e2e_step_us": 2697.240527
}
