{
  "scenario": 1,
  "scheme": "ub_rg",
  "mode": "roundtrip",
  "batch": 16,
  "zipf_s": 0.900000,
  "topk": 8,
  "ep_size": 32,
  "seed": 12,
  "start_skew_us": 4.000000,
  "tau_g_ns": 143.360000,
  "grain_bytes": 7168,
  "total_tokens": 8192,
  "max_egress_load": 60,
  "konig_us": 16.916480,
  "rtt_us": 0.600000,
  "barrier_us": 0.800000,
  "cct_us": 26.273680,
  "step_us": 45.042430,
  "gemv_us": 17.968750,
  "e2e_us": 44.242430,
  "throughput_GBs": 1303.665353,
  "latency_all": {
    "count": 8192,
    "mean_us": 5.129091,
    "p50_us": 4.786136,
    "p99_us": 11.660400,
    "min_us": 1.158685,
    "max_us": 13.138699
  },
  "latency_hot": {
    "count": 2268,
    "mean_us": 7.290145,
    "p50_us": 7.191282,
    "p99_us": 12.527266,
    "min_us": 1.315684,
    "max_us": 13.138699
  },
  "latency_cold": {
    "count": 2094,
    "mean_us": 3.811213,
    "p50_us": 3.849852,
    "p99_us": 6.443373,
    "min_us": 1.199565,
    "max_us": 7.470733
  },
  "dispatch_cct_us": 13.134982,
  "combine_cct_us": 13.138699,
  "roundtrip_step_us": 27.073680,
  "e2e_step_us": 45.042430
}
