{
  "scenario": 4,
  "scheme": "packet_spray",
  "mode": "roundtrip",
  "batch": 64,
  "zipf_s": 0.000000,
  "topk": 8,
  "ep_size": 256,
  "seed": 70,
  "start_skew_us": 4.000000,
  "tau_g_ns": 143.360000,
  "grain_bytes": 7168,
  "total_tokens": 262144,
  "max_egress_load": 104,
  "konig_us": 27.381760,
  "rtt_us": 0.000000,
  "barrier_us": 6.000000,
  "cct_us": 87.644341,
  "step_us": 115.988091,
  "gemv_us": 22.343750,
  "e2e_us": 109.988091,
  "throughput_GBs": 16200.354533,
  "latency_all": {
    "count": 262144,
    "mean_us": 29.489621,
    "p50_us": 29.935958,
    "p99_us": 42.269683,
    "min_us": 0.193360,
    "max_us": 47.430643
  },
  "latency_hot": {
    "count": 25498,
    "mean_us": 26.397683,
    "p50_us": 26.193879,
    "p99_us": 41.839603,
    "min_us": 5.074102,
    "max_us": 45.997043
  },
  "latency_cold": {
    "count": 130828,
    "mean_us": 30.797806,
    "p50_us": 30.944243,
    "p99_us": 41.839603,
    "min_us": 0.837553,
    "max_us": 46.427123
  },
  "dispatch_cct_us": 47.430643,
  "combine_cct_us": 40.213698,
  "roundtrip_step_us": 93.644341,
  "e2e_step_us": 115.988091
}
