{
  "scenario": 4,
  "scheme": "ub_rg_pop",
  "mode": "roundtrip",
  "batch": 256,
  "zipf_s": 0.300000,
  "topk": 8,
  "ep_size": 512,
  "seed": 5,
  "start_skew_us": 4.000000,
  "tau_g_ns": 143.360000,
  "grain_bytes": 7168,
  "total_tokens": 2097152,
  "max_egress_load": 1341,
  "konig_us": 357.539840,
  "rtt_us": 1.200000,
  "barrier_us": 1.600000,
  "cct_us": 418.006551,
  "step_us": 779.723739,
  "gemv_us": 360.117188,
  "e2e_us": 778.123739,
  "throughput_GBs": 19279.117446,
  "latency_all": {
    "count": 2097152,
    "mean_us": 37.639022,
    "p50_us": 21.218886,
    "p99_us": 77.073523,
    "min_us": 1.904707,
    "max_us": 209.639555
  },
  "latency_hot": {
    "count": 404542,
    "mean_us": 55.611037,
    "p50_us": 52.483312,
    "p99_us": 128.863057,
    "min_us": 2.934210,
    "max_us": 209.639555
  },
  "latency_cold": {
    "count": 814864,
    "mean_us": 30.480737,
    "p50_us": 24.162369,
    "p99_us": 44.891785,
    "min_us": 2.779399,
    "max_us": 79.494441
  },
  "dispatch_cct_us": 209.639555,
  "combine_cct_us": 208.366996,
  "roundtrip_step_us": 419.606551,
  "e2e_step_us": 779.723739
}
