{
  "scenario": 4,
  "scheme": "packet_spray",
  "mode": "roundtrip",
  "batch": 512,
  "zipf_s": 0.900000,
  "topk": 8,
  "ep_size": 512,
  "seed": 53,
  "start_skew_us": 4.000000,
  "tau_g_ns": 143.360000,
  "grain_bytes": 7168,
  "total_tokens": 4194304,
  "max_egress_load": 22301,
  "konig_us": 6088.212480,
  "rtt_us": 0.000000,
  "barrier_us": 6.000000,
  "cct_us": 6226.565604,
  "step_us": 12534.674979,
  "gemv_us": 6302.109375,
  "e2e_us": 12528.674979,
  "throughput_GBs": 2398.528173,
  "latency_all": {
    "count": 4194304,
    "mean_us": 901.426975,
    "p50_us": 101.978439,
    "p99_us": 2317.750599,
    "min_us": 0.304147,
    "max_us": 3271.579805
  },
  "latency_hot": {
    "count": 2322370,
    "mean_us": 997.369027,
    "p50_us": 145.846599,
    "p99_us": 2275.459399,
    "min_us": 0.334685,
    "max_us": 3238.320285
  },
  "latency_cold": {
    "count": 610832,
    "mean_us": 780.922132,
    "p50_us": 78.764229,
    "p99_us": 111.638345,
    "min_us": 0.409531,
    "max_us": 3271.579805
  },
  "dispatch_cct_us": 2954.985799,
  "combine_cct_us": 3271.579805,
  "roundtrip_step_us": 6232.565604,
  "e2e_step_us": 12534.674979
}
