{
  "scenario": 1,
  "scheme": "packet_spray",
  "mode": "roundtrip",
  "batch": 256,
  "zipf_s": 0.900000,
  "topk": 8,
  "ep_size": 64,
  "seed": 31,
  "start_skew_us": 4.000000,
  "tau_g_ns": 143.360000,
  "grain_bytes": 7168,
  "total_tokens": 262144,
  "max_egress_load": 1763,
  "konig_us": 493.875200,
  "rtt_us": 0.000000,
  "barrier_us": 4.000000,
  "cct_us": 563.258753,
  "step_us": 1092.844690,
  "gemv_us": 525.585938,
  "e2e_us": 1088.844690,
  "throughput_GBs": 1719.410094,
  "latency_all": {
    "count": 262144,
    "mean_us": 107.446728,
    "p50_us": 70.121916,
    "p99_us": 250.182076,
    "min_us": 1.555397,
    "max_us": 287.455676
  },
  "latency_hot": {
    "count": 96788,
    "mean_us": 121.943135,
    "p50_us": 114.993596,
    "p99_us": 258.640316,
    "min_us": 1.555397,
    "max_us": 287.455676
  },
  "latency_cold": {
    "count": 55022,
    "mean_us": 97.771035,
    "p50_us": 51.726956,
    "p99_us": 268.635077,
    "min_us": 1.770215,
    "max_us": 275.803077
  },
  "dispatch_cct_us": 287.455676,
  "combine_cct_us": 275.803077,
  "roundtrip_step_us": 567.258753,
  "e2e_step_us": 1092.844690
}
