{
  "scenario": 2,
  "scheme": "ub_rg_pop",
  "mode": "roundtrip",
  "batch": 16,
  "zipf_s": 0.700000,
  "topk": 8,
  "ep_size": 256,
  "seed": 39,
  "tau_g_ns": 143.360000,
  "grain_bytes": 7168,
  "total_tokens": 65536,
  "max_egress_load": 238,
  "konig_us": 66.805760,
  "rtt_us": 1.650000,
  "barrier_us": 2.400000,
  "cct_us": 73.400887,
  "step_us": 75.800887,
  "throughput_GBs": 6197.315986,
  "latency_all": {
    "count": 65536,
    "mean_us": 6.329711,
    "p50_us": 4.427282,
    "p99_us": 29.406914,
    "min_us": 2.593433,
    "max_us": 36.766441
  },
  "latency_hot": {
    "count": 25572,
    "mean_us": 10.002058,
    "p50_us": 8.020366,
    "p99_us": 33.039471,
    "min_us": 2.593433,
    "max_us": 36.766441
  },
  "latency_cold": {
    "count": 15106,
    "mean_us": 3.433870,
    "p50_us": 3.378242,
    "p99_us": 4.650403,
    "min_us": 2.594230,
    "max_us": 5.364307
  },
  "dispatch_cct_us": 36.766441,
  "combine_cct_us": 36.634446,
  "roundtrip_step_us": 75.800887
}
