{
  "scenario": 1,
  "scheme": "packet_spray",
  "mode": "roundtrip",
  "batch": 256,
  "zipf_s": 0.300000,
  "topk": 8,
  "ep_size": 32,
  "seed": 90,
  "start_skew_us": 4.000000,
  "tau_g_ns": 143.360000,
  "grain_bytes": 7168,
  "total_tokens": 131072,
  "max_egress_load": 490,
  "konig_us": 137.625600,
  "rtt_us": 0.000000,
  "barrier_us": 4.000000,
  "cct_us": 209.469250,
  "step_us": 360.305187,
  "gemv_us": 146.835938,
  "e2e_us": 356.305187,
  "throughput_GBs": 2607.578600,
  "latency_all": {
    "count": 131072,
    "mean_us": 54.176241,
    "p50_us": 54.239487,
    "p99_us": 96.530687,
    "min_us": 1.913087,
    "max_us": 105.627203
  },
  "latency_hot": {
    "count": 19794,
    "mean_us": 51.100222,
    "p50_us": 52.232447,
    "p99_us": 99.489828,
    "min_us": 1.913087,
    "max_us": 105.627203
  },
  "latency_cold": {
    "count": 54296,
    "mean_us": 57.477883,
    "p50_us": 55.529727,
    "p99_us": 98.394367,
    "min_us": 3.841603,
    "max_us": 103.842047
  },
  "dispatch_cct_us": 105.627203,
  "combine_cct_us": 103.842047,
  "roundtrip_step_us": 213.469250,
  "e2e_step_us": 360.305187
}
