{
  "scenario": 4,
  "scheme": "packet_spray",
  "mode": "roundtrip",
  "batch": 64,
  "zipf_s": 0.900000,
  "topk": 8,
  "ep_size": 128,
  "seed": 14,
  "start_skew_us": 4.000000,
  "tau_g_ns": 143.360000,
  "grain_bytes": 7168,
  "total_tokens": 131072,
  "max_egress_load": 847,
  "konig_us": 231.383040,
  "rtt_us": 0.000000,
  "barrier_us": 6.000000,
  "cct_us": 277.032024,
  "step_us": 522.641399,
  "gemv_us": 239.609375,
  "e2e_us": 516.641399,
  "throughput_GBs": 1797.645761,
  "latency_all": {
    "count": 131072,
    "mean_us": 55.545232,
    "p50_us": 43.494105,
    "p99_us": 128.590527,
    "min_us": 1.053520,
    "max_us": 145.076927
  },
  "latency_hot": {
    "count": 57786,
    "mean_us": 60.980119,
    "p50_us": 53.613247,
    "p99_us": 126.296767,
    "min_us": 1.053520,
    "max_us": 140.202687
  },
  "latency_cold": {
    "count": 24066,
    "mean_us": 50.832194,
    "p50_us": 30.001579,
    "p99_us": 130.740927,
    "min_us": 1.510431,
    "max_us": 145.076927
  },
  "dispatch_cct_us": 131.955097,
  "combine_cct_us": 145.076927,
  "roundtrip_step_us": 283.032024,
  "e2e_step_us": 522.641399
}
