{
  "scenario": 4,
  "scheme": "ub_rg_pop",
  "mode": "roundtrip",
  "batch": 128,
  "zipf_s": 0.300000,
  "topk": 8,
  "ep_size": 512,
  "seed": 42,
  "start_skew_us": 4.000000,
  "tau_g_ns": 143.360000,
  "grain_bytes": 7168,
  "total_tokens": 1048576,
  "max_egress_load": 611,
  "konig_us": 170.741760,
  "rtt_us": 1.200000,
  "barrier_us": 1.600000,
  "cct_us": 183.405051,
  "step_us": 366.255051,
  "gemv_us": 181.250000,
  "e2e_us": 364.655051,
  "throughput_GBs": 20521.745010,
  "latency_all": {
    "count": 1048576,
    "mean_us": 16.343525,
    "p50_us": 10.806417,
    "p99_us": 31.843493,
    "min_us": 1.480819,
    "max_us": 92.280973
  },
  "latency_hot": {
    "count": 202102,
    "mean_us": 25.310481,
    "p50_us": 23.742728,
    "p99_us": 68.478743,
    "min_us": 1.799286,
    "max_us": 92.280973
  },
  "latency_cold": {
    "count": 406582,
    "mean_us": 12.743517,
    "p50_us": 13.637770,
    "p99_us": 23.675370,
    "min_us": 1.572256,
    "max_us": 37.067518
  },
  "dispatch_cct_us": 92.280973,
  "combine_cct_us": 91.124078,
  "roundtrip_step_us": 185.005051,
  "e2e_step_us": 366.255051
}
