{
  "scenario": 1,
  "scheme": "packet_spray",
  "mode": "roundtrip",
  "batch": 16,
  "zipf_s": 0.000000,
  "topk": 8,
  "ep_size": 128,
  "seed": 52,
  "start_skew_us": 4.000000,
  "tau_g_ns": 143.360000,
  "grain_bytes": 7168,
  "total_tokens": 32768,
  "max_egress_load": 29,
  "konig_us": 7.884800,
  "rtt_us": 0.000000,
  "barrier_us": 4.000000,
  "cct_us": 19.574278,
  "step_us": 29.550840,
  "gemv_us": 5.976562,
  "e2e_us": 25.550840,
  "throughput_GBs": 7948.370409,
  "latency_all": {
    "count": 32768,
    "mean_us": 5.794050,
    "p50_us": 5.942252,
    "p99_us": 8.377319,
    "min_us": 0.582335,
    "max_us": 9.797959
  },
  "latency_hot": {
    "count": 3098,
    "mean_us": 4.912172,
    "p50_us": 5.067079,
    "p99_us": 8.261474,
    "min_us": 0.582335,
    "max_us": 9.121634
  },
  "latency_cold": {
    "count": 16634,
    "mean_us": 6.154887,
    "p50_us": 6.271926,
    "p99_us": 8.507719,
    "min_us": 0.818841,
    "max_us": 9.797959
  },
  "dispatch_cct_us": 9.776318,
  "combine_cct_us": 9.797959,
  "roundtrip_step_us": 23.574278,
  "e2e_step_us": 29.550840
}
