{
  "scenario": 1,
  "scheme": "ub_rg",
  "mode": "roundtrip",
  "batch": 128,
  "zipf_s": 0.900000,
  "topk": 8,
  "ep_size": 64,
  "seed": 3,
  "start_skew_us": 4.000000,
  "tau_g_ns": 143.360000,
  "grain_bytes": 7168,
  "total_tokens": 131072,
  "max_egress_load": 859,
  "konig_us": 244.142080,
  "rtt_us": 0.600000,
  "barrier_us": 0.800000,
  "cct_us": 278.325409,
  "step_us": 542.719159,
  "gemv_us": 263.593750,
  "e2e_us": 541.919159,
  "throughput_GBs": 1731.142305,
  "latency_all": {
    "count": 131072,
    "mean_us": 32.729697,
    "p50_us": 23.430887,
    "p99_us": 122.300941,
    "min_us": 1.188545,
    "max_us": 139.378943
  },
  "latency_hot": {
    "count": 48500,
    "mean_us": 53.787277,
    "p50_us": 48.666538,
    "p99_us": 130.399659,
    "min_us": 2.184128,
    "max_us": 139.378943
  },
  "latency_cold": {
    "count": 27654,
    "mean_us": 15.612702,
    "p50_us": 15.698059,
    "p99_us": 25.576518,
    "min_us": 1.889239,
    "max_us": 30.847704
  },
  "dispatch_cct_us": 139.378943,
  "combine_cct_us": 138.946466,
  "roundtrip_step_us": 279.125409,
  "e2e_step_us": 542.719159
}
