{
  "scenario": 4,
  "scheme": "packet_spray",
  "mode": "roundtrip",
  "batch": 256,
  "zipf_s": 0.900000,
  "topk": 8,
  "ep_size": 512,
  "seed": 82,
  "start_skew_us": 4.000000,
  "tau_g_ns": 143.360000,
  "grain_bytes": 7168,
  "total_tokens": 2097152,
  "max_egress_load": 11130,
  "konig_us": 3044.679680,
  "rtt_us": 0.000000,
  "barrier_us": 6.000000,
  "cct_us": 3129.132060,
  "step_us": 6293.764873,
  "gemv_us": 3158.632812,
  "e2e_us": 6287.764873,
  "throughput_GBs": 2388.456804,
  "latency_all": {
    "count": 2097152,
    "mean_us": 453.755060,
    "p50_us": 48.184601,
    "p99_us": 929.183929,
    "min_us": 0.220804,
    "max_us": 1646.435171
  },
  "latency_hot": {
    "count": 1163156,
    "mean_us": 501.934563,
    "p50_us": 86.428931,
    "p99_us": 900.982639,
    "min_us": 0.220804,
    "max_us": 1631.095651
  },
  "latency_cold": {
    "count": 306406,
    "mean_us": 392.612537,
    "p50_us": 43.541517,
    "p99_us": 1414.478691,
    "min_us": 0.233612,
    "max_us": 1646.435171
  },
  "dispatch_cct_us": 1482.696889,
  "combine_cct_us": 1646.435171,
  "roundtrip_step_us": 3135.132060,
  "e2e_step_us": 6293.764873
}
