{
  "scenario": 1,
  "scheme": "ub_rg",
  "mode": "roundtrip",
  "batch": 64,
  "zipf_s": 0.700000,
  "topk": 8,
  "ep_size": 64,
  "seed": 18,
  "start_skew_us": 4.000000,
  "tau_g_ns": 143.360000,
  "grain_bytes": 7168,
  "total_tokens": 65536,
  "max_egress_load": 352,
  "konig_us": 99.061760,
  "rtt_us": 0.600000,
  "barrier_us": 0.800000,
  "cct_us": 136.619012,
  "step_us": 243.356512,
  "gemv_us": 105.937500,
  "e2e_us": 242.556512,
  "throughput_GBs": 1930.345092,
  "latency_all": {
    "count": 65536,
    "mean_us": 18.072801,
    "p50_us": 15.761055,
    "p99_us": 53.534492,
    "min_us": 1.191160,
    "max_us": 74.987585
  },
  "latency_hot": {
    "count": 19350,
    "mean_us": 26.866284,
    "p50_us": 25.304583,
    "p99_us": 58.442806,
    "min_us": 2.033960,
    "max_us": 74.987585
  },
  "latency_cold": {
    "count": 17842,
    "mean_us": 12.798013,
    "p50_us": 13.004308,
    "p99_us": 25.900629,
    "min_us": 1.191160,
    "max_us": 31.575543
  },
  "dispatch_cct_us": 74.987585,
  "combine_cct_us": 61.631426,
  "roundtrip_step_us": 137.419012,
  "e2e_step_us": 243.356512
}
