{
  "scenario": 1,
  "scheme": "ub_rg",
  "mode": "roundtrip",
  "batch": 128,
  "zipf_s": 0.000000,
  "topk": 8,
  "ep_size": 64,
  "seed": 37,
  "start_skew_us": 4.000000,
  "tau_g_ns": 143.360000,
  "grain_bytes": 7168,
  "total_tokens": 131072,
  "max_egress_load": 166,
  "konig_us": 46.305280,
  "rtt_us": 0.600000,
  "barrier_us": 0.800000,
  "cct_us": 55.583729,
  "step_us": 99.782167,
  "gemv_us": 43.398438,
  "e2e_us": 98.982167,
  "throughput_GBs": 9415.751615,
  "latency_all": {
    "count": 131072,
    "mean_us": 12.746858,
    "p50_us": 12.625085,
    "p99_us": 23.899803,
    "min_us": 1.304312,
    "max_us": 28.281223
  },
  "latency_hot": {
    "count": 12504,
    "mean_us": 12.945076,
    "p50_us": 12.825029,
    "p99_us": 24.097945,
    "min_us": 1.725118,
    "max_us": 26.953599
  },
  "latency_cold": {
    "count": 65318,
    "mean_us": 12.680423,
    "p50_us": 12.557714,
    "p99_us": 23.835598,
    "min_us": 1.355672,
    "max_us": 28.281223
  },
  "dispatch_cct_us": 28.281223,
  "combine_cct_us": 27.302506,
  "roundtrip_step_us": 56.383729,
  "e2e_step_us": 99.782167
}
