{
  "scenario": 4,
  "scheme": "ub_rg_pop",
  "mode": "roundtrip",
  "batch": 128,
  "zipf_s": 0.000000,
  "topk": 8,
  "ep_size": 256,
  "seed": 78,
  "start_skew_us": 4.000000,
  "tau_g_ns": 143.360000,
  "grain_bytes": 7168,
  "total_tokens": 524288,
  "max_egress_load": 180,
  "konig_us": 50.319360,
  "rtt_us": 1.200000,
  "barrier_us": 1.600000,
  "cct_us": 96.269363,
  "step_us": 141.697488,
  "gemv_us": 43.828125,
  "e2e_us": 140.097488,
  "throughput_GBs": 26521.969046,
  "latency_all": {
    "count": 524288,
    "mean_us": 23.512413,
    "p50_us": 21.884126,
    "p99_us": 32.097763,
    "min_us": 1.672069,
    "max_us": 50.742710
  },
  "latency_hot": {
    "count": 51608,
    "mean_us": 24.060800,
    "p50_us": 23.974795,
    "p99_us": 39.868513,
    "min_us": 4.204549,
    "max_us": 50.742710
  },
  "latency_cold": {
    "count": 262186,
    "mean_us": 23.278594,
    "p50_us": 20.902204,
    "p99_us": 38.392343,
    "min_us": 1.769750,
    "max_us": 47.553362
  },
  "dispatch_cct_us": 50.742710,
  "combine_cct_us": 45.526653,
  "roundtrip_step_us": 97.869363,
  "e2e_step_us": 141.697488
}
