{
  "scenario": 1,
  "scheme": "islip",
  "mode": "roundtrip",
  "batch": 16,
  "zipf_s": 0.000000,
  "topk": 8,
  "ep_size": 32,
  "seed": 15,
  "start_skew_us": 4.000000,
  "tau_g_ns": 143.360000,
  "grain_bytes": 7168,
  "total_tokens": 8192,
  "max_egress_load": 26,
  "konig_us": 7.454720,
  "rtt_us": 0.600000,
  "barrier_us": 0.800000,
  "cct_us": 16.581042,
  "step_us": 23.357604,
  "gemv_us": 5.976562,
  "e2e_us": 22.557604,
  "throughput_GBs": 2513.967413,
  "latency_all": {
    "count": 8192,
    "mean_us": 4.494533,
    "p50_us": 4.552221,
    "p99_us": 7.472163,
    "min_us": 1.178017,
    "max_us": 8.416804
  },
  "latency_hot": {
    "count": 770,
    "mean_us": 4.534598,
    "p50_us": 4.591647,
    "p99_us": 7.303550,
    "min_us": 1.267778,
    "max_us": 8.111842
  },
  "latency_cold": {
    "count": 4032,
    "mean_us": 4.537573,
    "p50_us": 4.650850,
    "p99_us": 7.359478,
    "min_us": 1.198752,
    "max_us": 8.251428
  },
  "dispatch_cct_us": 8.164238,
  "combine_cct_us": 8.416804,
  "roundtrip_step_us": 17.381042,
  "e2e_step_us": 23.357604
}
