{
  "scenario": 4,
  "scheme": "ub_rg",
  "mode": "roundtrip",
  "batch": 16,
  "zipf_s": 0.700000,
  "topk": 8,
  "ep_size": 128,
  "seed": 26,
  "start_skew_us": 4.000000,
  "tau_g_ns": 143.360000,
  "grain_bytes": 7168,
  "total_tokens": 32768,
  "max_egress_load": 145,
  "konig_us": 39.854080,
  "rtt_us": 0.800000,
  "barrier_us": 1.600000,
  "cct_us": 47.767916,
  "step_us": 90.656979,
  "gemv_us": 41.289062,
  "e2e_us": 89.056979,
  "throughput_GBs": 2590.876373,
  "latency_all": {
    "count": 32768,
    "mean_us": 6.138925,
    "p50_us": 5.325387,
    "p99_us": 18.811587,
    "min_us": 1.168072,
    "max_us": 24.786456
  },
  "latency_hot": {
    "count": 11542,
    "mean_us": 8.943942,
    "p50_us": 8.242479,
    "p99_us": 21.156771,
    "min_us": 1.614751,
    "max_us": 24.786456
  },
  "latency_cold": {
    "count": 7964,
    "mean_us": 4.127630,
    "p50_us": 4.111835,
    "p99_us": 6.749457,
    "min_us": 1.204016,
    "max_us": 7.690309
  },
  "dispatch_cct_us": 24.786456,
  "combine_cct_us": 22.981460,
  "roundtrip_step_us": 49.367916,
  "e2e_step_us": 90.656979
}
