{
  "scenario": 4,
  "scheme": "ub_rg_pop",
  "mode": "roundtrip",
  "batch": 512,
  "zipf_s": 0.700000,
  "topk": 8,
  "ep_size": 512,
  "seed": 66,
  "start_skew_us": 4.000000,
  "tau_g_ns": 143.360000,
  "grain_bytes": 7168,
  "total_tokens": 4194304,
  "max_egress_load": 13069,
  "konig_us": 3556.904960,
  "rtt_us": 1.200000,
  "barrier_us": 1.600000,
  "cct_us": 3768.555326,
  "step_us": 7439.530326,
  "gemv_us": 3669.375000,
  "e2e_us": 7437.930326,
  "throughput_GBs": 4041.218969,
  "latency_all": {
    "count": 4194304,
    "mean_us": 147.793213,
    "p50_us": 31.660796,
    "p99_us": 1110.756673,
    "min_us": 1.416821,
    "max_us": 1889.025891
  },
  "latency_hot": {
    "count": 1740206,
    "mean_us": 292.836314,
    "p50_us": 62.025071,
    "p99_us": 1110.699095,
    "min_us": 2.814609,
    "max_us": 1889.025891
  },
  "latency_cold": {
    "count": 925642,
    "mean_us": 31.994135,
    "p50_us": 25.125155,
    "p99_us": 51.218073,
    "min_us": 1.693080,
    "max_us": 108.766825
  },
  "dispatch_cct_us": 1889.025891,
  "combine_cct_us": 1879.529435,
  "roundtrip_step_us": 3770.155326,
  "e2e_step_us": 7439.530326
}
