{
  "scenario": 4,
  "scheme": "packet_spray",
  "mode": "roundtrip",
  "batch": 512,
  "zipf_s": 0.900000,
  "topk": 8,
  "ep_size": 128,
  "seed": 55,
  "start_skew_us": 4.000000,
  "tau_g_ns": 143.360000,
  "grain_bytes": 7168,
  "total_tokens": 1048576,
  "max_egress_load": 6753,
  "konig_us": 1845.186560,
  "rtt_us": 0.000000,
  "barrier_us": 6.000000,
  "cct_us": 2012.686977,
  "step_us": 3930.288539,
  "gemv_us": 1911.601562,
  "e2e_us": 3924.288539,
  "throughput_GBs": 1912.376838,
  "latency_all": {
    "count": 1048576,
    "mean_us": 328.633494,
    "p50_us": 94.669642,
    "p99_us": 508.177646,
    "min_us": 0.565804,
    "max_us": 1041.657655
  },
  "latency_hot": {
    "count": 462586,
    "mean_us": 374.295864,
    "p50_us": 219.679562,
    "p99_us": 783.801162,
    "min_us": 0.688470,
    "max_us": 1000.800055
  },
  "latency_cold": {
    "count": 189598,
    "mean_us": 290.553991,
    "p50_us": 108.814135,
    "p99_us": 925.105975,
    "min_us": 0.565804,
    "max_us": 1041.657655
  },
  "dispatch_cct_us": 971.029322,
  "combine_cct_us": 1041.657655,
  "roundtrip_step_us": 2018.686977,
  "e2e_step_us": 3930.288539
}
