{
  "scenario": 1,
  "scheme": "islip",
  "mode": "roundtrip",
  "batch": 512,
  "zipf_s": 0.300000,
  "topk": 8,
  "ep_size": 32,
  "seed": 22,
  "start_skew_us": 4.000000,
  "tau_g_ns": 143.360000,
  "grain_bytes": 7168,
  "total_tokens": 262144,
  "max_egress_load": 980,
  "konig_us": 275.537920,
  "rtt_us": 0.600000,
  "barrier_us": 0.800000,
  "cct_us": 300.198940,
  "step_us": 595.178627,
  "gemv_us": 294.179688,
  "e2e_us": 594.378627,
  "throughput_GBs": 3157.116378,
  "latency_all": {
    "count": 262144,
    "mean_us": 47.156029,
    "p50_us": 36.289060,
    "p99_us": 113.780685,
    "min_us": 1.162708,
    "max_us": 150.665348
  },
  "latency_hot": {
    "count": 39294,
    "mean_us": 66.394961,
    "p50_us": 65.491121,
    "p99_us": 140.328041,
    "min_us": 1.162708,
    "max_us": 150.665348
  },
  "latency_cold": {
    "count": 108588,
    "mean_us": 39.395308,
    "p50_us": 39.225008,
    "p99_us": 75.530922,
    "min_us": 1.193488,
    "max_us": 87.291252
  },
  "dispatch_cct_us": 150.665348,
  "combine_cct_us": 149.533592,
  "roundtrip_step_us": 300.998940,
  "e2e_step_us": 595.178627
}
