{
  "scenario": 4,
  "scheme": "ub_rg_pop",
  "mode": "roundtrip",
  "batch": 16,
  "zipf_s": 0.700000,
  "topk": 8,
  "ep_size": 512,
  "seed": 35,
  "start_skew_us": 4.000000,
  "tau_g_ns": 143.360000,
  "grain_bytes": 7168,
  "total_tokens": 131072,
  "max_egress_load": 406,
  "konig_us": 110.530560,
  "rtt_us": 1.200000,
  "barrier_us": 1.600000,
  "cct_us": 151.612920,
  "step_us": 267.119170,
  "gemv_us": 113.906250,
  "e2e_us": 265.519170,
  "throughput_GBs": 3517.246986,
  "latency_all": {
    "count": 131072,
    "mean_us": 18.199727,
    "p50_us": 16.484820,
    "p99_us": 54.787814,
    "min_us": 1.784011,
    "max_us": 78.059269
  },
  "latency_hot": {
    "count": 54242,
    "mean_us": 23.277784,
    "p50_us": 20.434160,
    "p99_us": 62.037793,
    "min_us": 2.647834,
    "max_us": 78.059269
  },
  "latency_cold": {
    "count": 28724,
    "mean_us": 14.046905,
    "p50_us": 14.086675,
    "p99_us": 24.058703,
    "min_us": 1.784011,
    "max_us": 28.974707
  },
  "dispatch_cct_us": 78.059269,
  "combine_cct_us": 73.553651,
  "roundtrip_step_us": 153.212920,
  "e2e_step_us": 267.119170
}
