{
  "scenario": 1,
  "scheme": "packet_spray",
  "mode": "roundtrip",
  "batch": 128,
  "zipf_s": 0.000000,
  "topk": 8,
  "ep_size": 64,
  "seed": 12,
  "start_skew_us": 4.000000,
  "tau_g_ns": 143.360000,
  "grain_bytes": 7168,
  "total_tokens": 131072,
  "max_egress_load": 160,
  "konig_us": 42.577920,
  "rtt_us": 0.000000,
  "barrier_us": 4.000000,
  "cct_us": 106.756073,
  "step_us": 153.295135,
  "gemv_us": 42.539062,
  "e2e_us": 149.295135,
  "throughput_GBs": 6128.857863,
  "latency_all": {
    "count": 131072,
    "mean_us": 35.965667,
    "p50_us": 36.498325,
    "p99_us": 49.926950,
    "min_us": 1.471144,
    "max_us": 53.388483
  },
  "latency_hot": {
    "count": 12278,
    "mean_us": 30.072544,
    "p50_us": 29.823007,
    "p99_us": 48.514243,
    "min_us": 1.757864,
    "max_us": 51.954883
  },
  "latency_cold": {
    "count": 65560,
    "mean_us": 38.617874,
    "p50_us": 38.888230,
    "p99_us": 50.643750,
    "min_us": 1.471144,
    "max_us": 53.388483
  },
  "dispatch_cct_us": 53.388483,
  "combine_cct_us": 53.367590,
  "roundtrip_step_us": 110.756073,
  "e2e_step_us": 153.295135
}
