{
  "scenario": 1,
  "scheme": "ub_rg_pop",
  "mode": "roundtrip",
  "batch": 16,
  "zipf_s": 0.700000,
  "topk": 8,
  "ep_size": 128,
  "seed": 30,
  "start_skew_us": 4.000000,
  "tau_g_ns": 143.360000,
  "grain_bytes": 7168,
  "total_tokens": 32768,
  "max_egress_load": 149,
  "konig_us": 41.000960,
  "rtt_us": 0.900000,
  "barrier_us": 0.800000,
  "cct_us": 75.322557,
  "step_us": 118.856932,
  "gemv_us": 42.734375,
  "e2e_us": 118.056932,
  "throughput_GBs": 1976.165961,
  "latency_all": {
    "count": 32768,
    "mean_us": 14.094300,
    "p50_us": 13.512116,
    "p99_us": 30.465462,
    "min_us": 1.530967,
    "max_us": 40.105227
  },
  "latency_hot": {
    "count": 11290,
    "mean_us": 16.793161,
    "p50_us": 15.968274,
    "p99_us": 32.752388,
    "min_us": 2.716056,
    "max_us": 40.105227
  },
  "latency_cold": {
    "count": 7970,
    "mean_us": 11.852065,
    "p50_us": 12.076386,
    "p99_us": 21.524118,
    "min_us": 1.530967,
    "max_us": 23.554090
  },
  "dispatch_cct_us": 40.105227,
  "combine_cct_us": 35.217331,
  "roundtrip_step_us": 76.122557,
  "e2e_step_us": 118.856932
}
