{
  "scenario": 1,
  "scheme": "packet_spray",
  "mode": "roundtrip",
  "batch": 512,
  "zipf_s": 0.000000,
  "topk": 8,
  "ep_size": 128,
  "seed": 51,
  "start_skew_us": 4.000000,
  "tau_g_ns": 143.360000,
  "grain_bytes": 7168,
  "total_tokens": 1048576,
  "max_egress_load": 589,
  "konig_us": 161.280000,
  "rtt_us": 0.000000,
  "barrier_us": 4.000000,
  "cct_us": 306.302428,
  "step_us": 477.646178,
  "gemv_us": 167.343750,
  "e2e_us": 473.646178,
  "throughput_GBs": 15735.900575,
  "latency_all": {
    "count": 1048576,
    "mean_us": 91.882312,
    "p50_us": 87.399318,
    "p99_us": 140.442518,
    "min_us": 1.181247,
    "max_us": 156.341170
  },
  "latency_hot": {
    "count": 97678,
    "mean_us": 75.041295,
    "p50_us": 75.148321,
    "p99_us": 144.155570,
    "min_us": 1.181247,
    "max_us": 154.190770
  },
  "latency_cold": {
    "count": 523836,
    "mean_us": 101.046302,
    "p50_us": 100.574130,
    "p99_us": 135.552133,
    "min_us": 4.279092,
    "max_us": 156.054450
  },
  "dispatch_cct_us": 156.341170,
  "combine_cct_us": 149.961258,
  "roundtrip_step_us": 310.302428,
  "e2e_step_us": 477.646178
}
