{
  "scenario": 4,
  "scheme": "packet_spray",
  "mode": "roundtrip",
  "batch": 256,
  "zipf_s": 0.300000,
  "topk": 8,
  "ep_size": 256,
  "seed": 7,
  "start_skew_us": 4.000000,
  "tau_g_ns": 143.360000,
  "grain_bytes": 7168,
  "total_tokens": 1048576,
  "max_egress_load": 1060,
  "konig_us": 285.859840,
  "rtt_us": 0.000000,
  "barrier_us": 6.000000,
  "cct_us": 358.465827,
  "step_us": 656.340827,
  "gemv_us": 291.875000,
  "e2e_us": 650.340827,
  "throughput_GBs": 11451.661170,
  "latency_all": {
    "count": 1048576,
    "mean_us": 70.551114,
    "p50_us": 44.500346,
    "p99_us": 83.742053,
    "min_us": 0.341738,
    "max_us": 186.370203
  },
  "latency_hot": {
    "count": 194778,
    "mean_us": 71.483385,
    "p50_us": 70.152957,
    "p99_us": 146.257690,
    "min_us": 0.519003,
    "max_us": 172.095624
  },
  "latency_cold": {
    "count": 410704,
    "mean_us": 72.801995,
    "p50_us": 50.532859,
    "p99_us": 68.559025,
    "min_us": 0.578337,
    "max_us": 186.370203
  },
  "dispatch_cct_us": 172.095624,
  "combine_cct_us": 186.370203,
  "roundtrip_step_us": 364.465827,
  "e2e_step_us": 656.340827
}
