{
  "scenario": 1,
  "scheme": "ub_rg",
  "mode": "roundtrip",
  "batch": 16,
  "zipf_s": 0.900000,
  "topk": 8,
  "ep_size": 32,
  "seed": 42,
  "start_skew_us": 4.000000,
  "tau_g_ns": 143.360000,
  "grain_bytes": 7168,
  "total_tokens": 8192,
  "max_egress_load": 62,
  "konig_us": 17.203200,
  "rtt_us": 0.600000,
  "barrier_us": 0.800000,
  "cct_us": 25.071456,
  "step_us": 43.957393,
  "gemv_us": 18.085938,
  "e2e_us": 43.157393,
  "throughput_GBs": 1335.844826,
  "latency_all": {
    "count": 8192,
    "mean_us": 5.011266,
    "p50_us": 4.791702,
    "p99_us": 10.960379,
    "min_us": 1.234568,
    "max_us": 13.148699
  },
  "latency_hot": {
    "count": 2242,
    "mean_us": 6.241745,
    "p50_us": 6.076771,
    "p99_us": 11.785050,
    "min_us": 1.388811,
    "max_us": 13.148699
  },
  "latency_cold": {
    "count": 2144,
    "mean_us": 4.023761,
    "p50_us": 4.036902,
    "p99_us": 6.619998,
    "min_us": 1.234568,
    "max_us": 7.249347
  },
  "dispatch_cct_us": 13.148699,
  "combine_cct_us": 11.922756,
  "roundtrip_step_us": 25.871456,
  "e2e_step_us": 43.957393
}
