{
  "scenario": 1,
  "scheme": "islip",
  "mode": "roundtrip",
  "batch": 512,
  "zipf_s": 0.300000,
  "topk": 8,
  "ep_size": 32,
  "seed": 39,
  "start_skew_us": 4.000000,
  "tau_g_ns": 143.360000,
  "grain_bytes": 7168,
  "total_tokens": 262144,
  "max_egress_load": 978,
  "konig_us": 276.254720,
  "rtt_us": 0.600000,
  "barrier_us": 0.800000,
  "cct_us": 305.206294,
  "step_us": 602.490669,
  "gemv_us": 296.484375,
  "e2e_us": 601.690669,
  "throughput_GBs": 3118.800485,
  "latency_all": {
    "count": 262144,
    "mean_us": 47.567373,
    "p50_us": 36.490537,
    "p99_us": 116.804926,
    "min_us": 1.143581,
    "max_us": 152.769158
  },
  "latency_hot": {
    "count": 39744,
    "mean_us": 68.126709,
    "p50_us": 67.220611,
    "p99_us": 144.007393,
    "min_us": 1.237069,
    "max_us": 152.769158
  },
  "latency_cold": {
    "count": 108470,
    "mean_us": 39.064985,
    "p50_us": 38.877021,
    "p99_us": 75.413390,
    "min_us": 1.144072,
    "max_us": 86.385341
  },
  "dispatch_cct_us": 152.437137,
  "combine_cct_us": 152.769158,
  "roundtrip_step_us": 306.006294,
  "e2e_step_us": 602.490669
}
