{
  "scenario": 1,
  "scheme": "ub_rg",
  "mode": "roundtrip",
  "batch": 512,
  "zipf_s": 0.900000,
  "topk": 8,
  "ep_size": 32,
  "seed": 20,
  "start_skew_us": 4.000000,
  "tau_g_ns": 143.360000,
  "grain_bytes": 7168,
  "total_tokens": 262144,
  "max_egress_load": 1861,
  "konig_us": 531.865600,
  "rtt_us": 0.600000,
  "barrier_us": 0.800000,
  "cct_us": 557.673748,
  "step_us": 1136.247185,
  "gemv_us": 577.773438,
  "e2e_us": 1135.447185,
  "throughput_GBs": 1653.731879,
  "latency_all": {
    "count": 262144,
    "mean_us": 68.353270,
    "p50_us": 39.120190,
    "p99_us": 243.831473,
    "min_us": 1.144715,
    "max_us": 287.337538
  },
  "latency_hot": {
    "count": 72738,
    "mean_us": 120.670495,
    "p50_us": 117.442318,
    "p99_us": 267.889939,
    "min_us": 1.210956,
    "max_us": 287.337538
  },
  "latency_cold": {
    "count": 67000,
    "mean_us": 30.321176,
    "p50_us": 29.800997,
    "p99_us": 60.096076,
    "min_us": 1.146648,
    "max_us": 74.731375
  },
  "dispatch_cct_us": 287.337538,
  "combine_cct_us": 270.336209,
  "roundtrip_step_us": 558.473748,
  "e2e_step_us": 1136.247185
}
