{
  "scenario": 4,
  "scheme": "ub_rg_pop",
  "mode": "roundtrip",
  "batch": 64,
  "zipf_s": 0.900000,
  "topk": 8,
  "ep_size": 256,
  "seed": 48,
  "start_skew_us": 4.000000,
  "tau_g_ns": 143.360000,
  "grain_bytes": 7168,
  "total_tokens": 262144,
  "max_egress_load": 1544,
  "konig_us": 419.328000,
  "rtt_us": 1.200000,
  "barrier_us": 1.600000,
  "cct_us": 476.839366,
  "step_us": 909.767491,
  "gemv_us": 431.328125,
  "e2e_us": 908.167491,
  "throughput_GBs": 2065.415846,
  "latency_all": {
    "count": 262144,
    "mean_us": 36.016096,
    "p50_us": 18.515590,
    "p99_us": 175.569355,
    "min_us": 1.461584,
    "max_us": 241.291784
  },
  "latency_hot": {
    "count": 132706,
    "mean_us": 54.898199,
    "p50_us": 38.531234,
    "p99_us": 199.935379,
    "min_us": 1.672577,
    "max_us": 241.291784
  },
  "latency_cold": {
    "count": 42284,
    "mean_us": 14.659149,
    "p50_us": 14.771834,
    "p99_us": 24.108697,
    "min_us": 1.461584,
    "max_us": 28.709592
  },
  "dispatch_cct_us": 241.291784,
  "combine_cct_us": 235.547582,
  "roundtrip_step_us": 478.439366,
  "e2e_step_us": 909.767491
}
