{
  "scenario": 1,
  "scheme": "ub_rg_pop",
  "mode": "roundtrip",
  "batch": 64,
  "zipf_s": 0.700000,
  "topk": 8,
  "ep_size": 128,
  "seed": 70,
  "tau_g_ns": 143.360000,
  "grain_bytes": 7168,
  "total_tokens": 131072,
  "max_egress_load": 569,
  "konig_us": 159.703040,
  "rtt_us": 0.900000,
  "barrier_us": 0.800000,
  "cct_us": 166.126444,
  "step_us": 166.926444,
  "throughput_GBs": 5628.371831,
  "latency_all": {
    "count": 131072,
    "mean_us": 12.056678,
    "p50_us": 7.081949,
    "p99_us": 67.827151,
    "min_us": 1.443887,
    "max_us": 83.080971
  },
  "latency_hot": {
    "count": 45056,
    "mean_us": 23.102751,
    "p50_us": 19.006799,
    "p99_us": 75.526518,
    "min_us": 1.444534,
    "max_us": 83.080971
  },
  "latency_cold": {
    "count": 31936,
    "mean_us": 4.324621,
    "p50_us": 4.223076,
    "p99_us": 8.078163,
    "min_us": 1.443887,
    "max_us": 10.115690
  },
  "dispatch_cct_us": 83.045473,
  "combine_cct_us": 83.080971,
  "roundtrip_step_us": 166.926444
}
