{
  "scenario": 1,
  "scheme": "islip",
  "mode": "roundtrip",
  "batch": 16,
  "zipf_s": 0.900000,
  "topk": 8,
  "ep_size": 32,
  "seed": 5,
  "start_skew_us": 4.000000,
  "tau_g_ns": 143.360000,
  "grain_bytes": 7168,
  "total_tokens": 8192,
  "max_egress_load": 58,
  "konig_us": 16.343040,
  "rtt_us": 0.600000,
  "barrier_us": 0.800000,
  "cct_us": 26.698920,
  "step_us": 44.998920,
  "gemv_us": 17.500000,
  "e2e_us": 44.198920,
  "throughput_GBs": 1304.925902,
  "latency_all": {
    "count": 8192,
    "mean_us": 5.212042,
    "p50_us": 4.947850,
    "p99_us": 11.831522,
    "min_us": 1.169620,
    "max_us": 13.875426
  },
  "latency_hot": {
    "count": 2352,
    "mean_us": 6.823129,
    "p50_us": 6.660094,
    "p99_us": 12.859050,
    "min_us": 1.186489,
    "max_us": 13.875426
  },
  "latency_cold": {
    "count": 2102,
    "mean_us": 4.153135,
    "p50_us": 4.271439,
    "p99_us": 6.534605,
    "min_us": 1.180233,
    "max_us": 7.251509
  },
  "dispatch_cct_us": 12.823494,
  "combine_cct_us": 13.875426,
  "roundtrip_step_us": 27.498920,
  "e2e_step_us": 44.998920
}
