{
  "scenario": 4,
  "scheme": "ub_rg",
  "mode": "roundtrip",
  "batch": 128,
  "zipf_s": 0.000000,
  "topk": 8,
  "ep_size": 128,
  "seed": 17,
  "start_skew_us": 4.000000,
  "tau_g_ns": 143.360000,
  "grain_bytes": 7168,
  "total_tokens": 262144,
  "max_egress_load": 176,
  "konig_us": 49.745920,
  "rtt_us": 0.800000,
  "barrier_us": 1.600000,
  "cct_us": 59.270020,
  "step_us": 105.127832,
  "gemv_us": 44.257812,
  "e2e_us": 103.527832,
  "throughput_GBs": 17873.936479,
  "latency_all": {
    "count": 262144,
    "mean_us": 13.277127,
    "p50_us": 10.961720,
    "p99_us": 24.476253,
    "min_us": 1.106338,
    "max_us": 29.642320
  },
  "latency_hot": {
    "count": 24376,
    "mean_us": 13.404102,
    "p50_us": 13.260188,
    "p99_us": 24.601574,
    "min_us": 1.913940,
    "max_us": 27.114853
  },
  "latency_cold": {
    "count": 130838,
    "mean_us": 13.163349,
    "p50_us": 13.049236,
    "p99_us": 24.584453,
    "min_us": 1.131363,
    "max_us": 29.642320
  },
  "dispatch_cct_us": 29.627700,
  "combine_cct_us": 29.642320,
  "roundtrip_step_us": 60.870020,
  "e2e_step_us": 105.127832
}
