{
  "scenario": 1,
  "scheme": "packet_spray",
  "mode": "roundtrip",
  "batch": 64,
  "zipf_s": 0.700000,
  "topk": 8,
  "ep_size": 128,
  "seed": 33,
  "start_skew_us": 4.000000,
  "tau_g_ns": 143.360000,
  "grain_bytes": 7168,
  "total_tokens": 131072,
  "max_egress_load": 583,
  "konig_us": 163.573760,
  "rtt_us": 0.000000,
  "barrier_us": 4.000000,
  "cct_us": 184.136705,
  "step_us": 362.511705,
  "gemv_us": 174.375000,
  "e2e_us": 358.511705,
  "throughput_GBs": 2591.706924,
  "latency_all": {
    "count": 131072,
    "mean_us": 33.104421,
    "p50_us": 23.768717,
    "p99_us": 85.290863,
    "min_us": 0.786100,
    "max_us": 93.398162
  },
  "latency_hot": {
    "count": 45300,
    "mean_us": 37.251533,
    "p50_us": 32.326802,
    "p99_us": 83.140463,
    "min_us": 1.281903,
    "max_us": 93.398162
  },
  "latency_cold": {
    "count": 32496,
    "mean_us": 30.846481,
    "p50_us": 15.738919,
    "p99_us": 87.297903,
    "min_us": 0.876905,
    "max_us": 90.738543
  },
  "dispatch_cct_us": 93.398162,
  "combine_cct_us": 90.738543,
  "roundtrip_step_us": 188.136705,
  "e2e_step_us": 362.511705
}
