{
  "scenario": 4,
  "scheme": "ub_rg",
  "mode": "roundtrip",
  "batch": 128,
  "zipf_s": 0.700000,
  "topk": 8,
  "ep_size": 512,
  "seed": 90,
  "start_skew_us": 4.000000,
  "tau_g_ns": 143.360000,
  "grain_bytes": 7168,
  "total_tokens": 1048576,
  "max_egress_load": 3269,
  "konig_us": 890.982400,
  "rtt_us": 0.800000,
  "barrier_us": 1.600000,
  "cct_us": 961.620230,
  "step_us": 1883.610855,
  "gemv_us": 920.390625,
  "e2e_us": 1882.010855,
  "throughput_GBs": 3990.310816,
  "latency_all": {
    "count": 1048576,
    "mean_us": 47.960805,
    "p50_us": 20.183795,
    "p99_us": 144.728958,
    "min_us": 0.995775,
    "max_us": 485.185995
  },
  "latency_hot": {
    "count": 434986,
    "mean_us": 83.768922,
    "p50_us": 52.610551,
    "p99_us": 210.752372,
    "min_us": 2.959486,
    "max_us": 485.185995
  },
  "latency_cold": {
    "count": 231186,
    "mean_us": 18.832017,
    "p50_us": 17.937994,
    "p99_us": 30.582643,
    "min_us": 0.995775,
    "max_us": 47.052250
  },
  "dispatch_cct_us": 485.185995,
  "combine_cct_us": 476.434236,
  "roundtrip_step_us": 963.220230,
  "e2e_step_us": 1883.610855
}
