{
  "scenario": 1,
  "scheme": "packet_spray",
  "mode": "roundtrip",
  "batch": 256,
  "zipf_s": 0.900000,
  "topk": 8,
  "ep_size": 32,
  "seed": 18,
  "tau_g_ns": 143.360000,
  "grain_bytes": 7168,
  "total_tokens": 131072,
  "max_egress_load": 958,
  "konig_us": 269.660160,
  "rtt_us": 0.000000,
  "barrier_us": 4.000000,
  "cct_us": 335.388960,
  "step_us": 339.388960,
  "throughput_GBs": 2768.281255,
  "latency_all": {
    "count": 131072,
    "mean_us": 72.150081,
    "p50_us": 62.611600,
    "p99_us": 155.938960,
    "min_us": 0.536720,
    "max_us": 169.558160
  },
  "latency_hot": {
    "count": 36332,
    "mean_us": 78.602703,
    "p50_us": 78.954640,
    "p99_us": 157.515920,
    "min_us": 0.536720,
    "max_us": 169.558160
  },
  "latency_cold": {
    "count": 33706,
    "mean_us": 69.761451,
    "p50_us": 50.712720,
    "p99_us": 160.096400,
    "min_us": 0.536720,
    "max_us": 165.830800
  },
  "dispatch_cct_us": 169.558160,
  "combine_cct_us": 165.830800,
  "roundtrip_step_us": 339.388960
}
