{
  "scenario": 1,
  "scheme": "ub_rg_pop",
  "mode": "combine",
  "batch": 256,
  "zipf_s": 0.900000,
  "topk": 8,
  "ep_size": 128,
  "seed": 1,
  "start_skew_us": 2.000000,
  "tau_g_ns": 143.360000,
  "grain_bytes": 7168,
  "total_tokens": 262144,
  "max_egress_load": 1081,
  "konig_us": 443.412480,
  "rtt_us": 0.900000,
  "barrier_us": 0.400000,
  "cct_us": 448.881496,
  "step_us": 449.281496,
  "gemv_us": 0.000000,
  "e2e_us": 0.000000,
  "throughput_GBs": 4186.067387,
  "latency_all": {
    "count": 262144,
    "mean_us": 63.985016,
    "p50_us": 18.754709,
    "p99_us": 150.374703,
    "min_us": 1.458470,
    "max_us": 448.881496
  },
  "latency_hot": {
    "count": 115999,
    "mean_us": 121.181845,
    "p50_us": 90.543128,
    "p99_us": 425.361384,
    "min_us": 1.794833,
    "max_us": 448.881496
  },
  "latency_cold": {
    "count": 47891,
    "mean_us": 9.712434,
    "p50_us": 9.425374,
    "p99_us": 20.004869,
    "min_us": 1.466601,
    "max_us": 23.827220
  }
}
