{
  "scenario": 1,
  "scheme": "packet_spray",
  "mode": "roundtrip",
  "batch": 256,
  "zipf_s": 0.300000,
  "topk": 8,
  "ep_size": 64,
  "seed": 68,
  "tau_g_ns": 143.360000,
  "grain_bytes": 7168,
  "total_tokens": 262144,
  "max_egress_load": 622,
  "konig_us": 174.469120,
  "rtt_us": 0.000000,
  "barrier_us": 4.000000,
  "cct_us": 245.788960,
  "step_us": 249.788960,
  "throughput_GBs": 7522.542998,
  "latency_all": {
    "count": 262144,
    "mean_us": 57.057521,
    "p50_us": 52.289680,
    "p99_us": 99.311760,
    "min_us": 0.536720,
    "max_us": 123.826320
  },
  "latency_hot": {
    "count": 43056,
    "mean_us": 55.876800,
    "p50_us": 56.733840,
    "p99_us": 110.780560,
    "min_us": 0.536720,
    "max_us": 123.826320
  },
  "latency_cold": {
    "count": 105400,
    "mean_us": 60.017478,
    "p50_us": 54.726800,
    "p99_us": 114.651280,
    "min_us": 0.536720,
    "max_us": 121.962640
  },
  "dispatch_cct_us": 123.826320,
  "combine_cct_us": 121.962640,
  "roundtrip_step_us": 249.788960
}
