{
  "scenario": 1,
  "scheme": "packet_spray",
  "mode": "roundtrip",
  "batch": 512,
  "zipf_s": 0.900000,
  "topk": 8,
  "ep_size": 64,
  "seed": 89,
  "start_skew_us": 4.000000,
  "tau_g_ns": 143.360000,
  "grain_bytes": 7168,
  "total_tokens": 524288,
  "max_egress_load": 3465,
  "konig_us": 981.299200,
  "rtt_us": 0.000000,
  "barrier_us": 4.000000,
  "cct_us": 1134.998848,
  "step_us": 2194.975411,
  "gemv_us": 1055.976562,
  "e2e_us": 2190.975411,
  "throughput_GBs": 1712.135984,
  "latency_all": {
    "count": 524288,
    "mean_us": 225.567169,
    "p50_us": 112.409900,
    "p99_us": 416.333100,
    "min_us": 9.764140,
    "max_us": 568.151340
  },
  "latency_hot": {
    "count": 192710,
    "mean_us": 254.202278,
    "p50_us": 238.423340,
    "p99_us": 524.139820,
    "min_us": 9.764140,
    "max_us": 568.151340
  },
  "latency_cold": {
    "count": 110966,
    "mean_us": 206.772583,
    "p50_us": 110.819348,
    "p99_us": 552.941588,
    "min_us": 9.764140,
    "max_us": 566.847508
  },
  "dispatch_cct_us": 568.151340,
  "combine_cct_us": 566.847508,
  "roundtrip_step_us": 1138.998848,
  "e2e_step_us": 2194.975411
}
