{
  "scenario": 1,
  "scheme": "ub_rg_pop",
  "mode": "roundtrip",
  "batch": 16,
  "zipf_s": 0.900000,
  "topk": 8,
  "ep_size": 32,
  "seed": 30,
  "tau_g_ns": 143.360000,
  "grain_bytes": 7168,
  "total_tokens": 8192,
  "max_egress_load": 60,
  "konig_us": 16.773120,
  "rtt_us": 0.900000,
  "barrier_us": 0.800000,
  "cct_us": 20.022965,
  "step_us": 20.822965,
  "throughput_GBs": 2819.975687,
  "latency_all": {
    "count": 8192,
    "mean_us": 3.499765,
    "p50_us": 2.933363,
    "p99_us": 8.898538,
    "min_us": 1.443609,
    "max_us": 10.080816
  },
  "latency_hot": {
    "count": 2210,
    "mean_us": 5.038956,
    "p50_us": 4.948369,
    "p99_us": 9.496304,
    "min_us": 1.450949,
    "max_us": 10.080816
  },
  "latency_cold": {
    "count": 1992,
    "mean_us": 2.247544,
    "p50_us": 2.191670,
    "p99_us": 3.456845,
    "min_us": 1.443609,
    "max_us": 3.677240
  },
  "dispatch_cct_us": 10.080816,
  "combine_cct_us": 9.942149,
  "roundtrip_step_us": 20.822965
}
