{
  "scenario": 4,
  "scheme": "packet_spray",
  "mode": "roundtrip",
  "batch": 128,
  "zipf_s": 0.700000,
  "topk": 8,
  "ep_size": 128,
  "seed": 82,
  "start_skew_us": 4.000000,
  "tau_g_ns": 143.360000,
  "grain_bytes": 7168,
  "total_tokens": 262144,
  "max_egress_load": 1174,
  "konig_us": 326.717440,
  "rtt_us": 0.000000,
  "barrier_us": 6.000000,
  "cct_us": 376.189980,
  "step_us": 727.268105,
  "gemv_us": 345.078125,
  "e2e_us": 721.268105,
  "throughput_GBs": 2583.707684,
  "latency_all": {
    "count": 262144,
    "mean_us": 63.705809,
    "p50_us": 35.967169,
    "p99_us": 162.515811,
    "min_us": 0.227674,
    "max_us": 193.911651
  },
  "latency_hot": {
    "count": 90174,
    "mean_us": 72.178767,
    "p50_us": 62.450531,
    "p99_us": 167.140611,
    "min_us": 0.572704,
    "max_us": 182.278329
  },
  "latency_cold": {
    "count": 64516,
    "mean_us": 59.338282,
    "p50_us": 29.127170,
    "p99_us": 172.407651,
    "min_us": 0.586347,
    "max_us": 193.911651
  },
  "dispatch_cct_us": 182.278329,
  "combine_cct_us": 193.911651,
  "roundtrip_step_us": 382.189980,
  "e2e_step_us": 727.268105
}
