{
  "scenario": 3,
  "scheme": "packet_spray",
  "mode": "combine",
  "batch": 16,
  "zipf_s": 0.300000,
  "topk": 8,
  "ep_size": 1024,
  "seed": 1,
  "engine": "packet",
  "total_tokens": 131072,
  "barrier_us": 4.000000,
  "cct_us": 357.024000,
  "step_us": 361.024000,
  "throughput_GBs": 2631.543246,
  "konig_us": 18.350080,
  "rtt_us": 0.000000,
  "latency_all": {"count": 131072, "mean_us": 129.677640, "p50_us": 128.992000, "p99_us": 309.577000, "min_us": 0, "max_us": 357.024000},
  "latency_hot": {"count": 25719, "mean_us": 199.218903, "p50_us": 196.683000, "p99_us": 333.636000, "min_us": 0, "max_us": 0},
  "latency_cold": {"count": 50717, "mean_us": 96.538261, "p50_us": 97.560000, "p99_us": 157.535000, "min_us": 0, "max_us": 0}
}
