{
  "scenario": 1,
  "scheme": "islip",
  "mode": "roundtrip",
  "batch": 128,
  "zipf_s": 0.900000,
  "topk": 8,
  "ep_size": 128,
  "seed": 30,
  "start_skew_us": 4.000000,
  "tau_g_ns": 143.360000,
  "grain_bytes": 7168,
  "total_tokens": 262144,
  "max_egress_load": 1544,
  "konig_us": 440.115200,
  "rtt_us": 0.600000,
  "barrier_us": 0.800000,
  "cct_us": 473.157740,
  "step_us": 950.832740,
  "gemv_us": 476.875000,
  "e2e_us": 950.032740,
  "throughput_GBs": 1976.213179,
  "latency_all": {
    "count": 262144,
    "mean_us": 41.364374,
    "p50_us": 19.592330,
    "p99_us": 194.920932,
    "min_us": 1.181647,
    "max_us": 238.159613
  },
  "latency_hot": {
    "count": 115712,
    "mean_us": 69.471391,
    "p50_us": 54.701550,
    "p99_us": 221.580843,
    "min_us": 1.827299,
    "max_us": 238.159613
  },
  "latency_cold": {
    "count": 48018,
    "mean_us": 14.318515,
    "p50_us": 14.373559,
    "p99_us": 25.547615,
    "min_us": 1.192366,
    "max_us": 30.950278
  },
  "dispatch_cct_us": 238.159613,
  "combine_cct_us": 234.998128,
  "roundtrip_step_us": 473.957740,
  "e2e_step_us": 950.832740
}
