{
  "scenario": 1,
  "scheme": "packet_spray",
  "mode": "roundtrip",
  "batch": 64,
  "zipf_s": 0.900000,
  "topk": 8,
  "ep_size": 32,
  "seed": 43,
  "start_skew_us": 4.000000,
  "tau_g_ns": 143.360000,
  "grain_bytes": 7168,
  "total_tokens": 32768,
  "max_egress_load": 251,
  "konig_us": 69.242880,
  "rtt_us": 0.000000,
  "barrier_us": 4.000000,
  "cct_us": 107.490067,
  "step_us": 183.951005,
  "gemv_us": 72.460938,
  "e2e_us": 179.951005,
  "throughput_GBs": 1276.867306,
  "latency_all": {
    "count": 32768,
    "mean_us": 29.319981,
    "p50_us": 27.275230,
    "p99_us": 51.256117,
    "min_us": 5.420646,
    "max_us": 54.266677
  },
  "latency_hot": {
    "count": 9076,
    "mean_us": 30.525315,
    "p50_us": 30.612277,
    "p99_us": 48.896207,
    "min_us": 7.895247,
    "max_us": 53.223390
  },
  "latency_cold": {
    "count": 8286,
    "mean_us": 28.830823,
    "p50_us": 24.877877,
    "p99_us": 52.833077,
    "min_us": 5.564006,
    "max_us": 54.266677
  },
  "dispatch_cct_us": 53.223390,
  "combine_cct_us": 54.266677,
  "roundtrip_step_us": 111.490067,
  "e2e_step_us": 183.951005
}
