{
  "scenario": 1,
  "scheme": "ub_rg",
  "mode": "roundtrip",
  "batch": 16,
  "zipf_s": 0.900000,
  "topk": 8,
  "ep_size": 32,
  "seed": 50,
  "start_skew_us": 4.000000,
  "tau_g_ns": 143.360000,
  "grain_bytes": 7168,
  "total_tokens": 8192,
  "max_egress_load": 61,
  "konig_us": 17.059840,
  "rtt_us": 0.600000,
  "barrier_us": 0.800000,
  "cct_us": 27.262108,
  "step_us": 45.952733,
  "gemv_us": 17.890625,
  "e2e_us": 45.152733,
  "throughput_GBs": 1277.840339,
  "latency_all": {
    "count": 8192,
    "mean_us": 5.259303,
    "p50_us": 5.023462,
    "p99_us": 12.059334,
    "min_us": 1.179803,
    "max_us": 13.634034
  },
  "latency_hot": {
    "count": 2300,
    "mean_us": 6.859999,
    "p50_us": 6.675969,
    "p99_us": 13.029596,
    "min_us": 1.305688,
    "max_us": 13.634034
  },
  "latency_cold": {
    "count": 2062,
    "mean_us": 4.108701,
    "p50_us": 4.149900,
    "p99_us": 6.660223,
    "min_us": 1.319534,
    "max_us": 7.380742
  },
  "dispatch_cct_us": 13.634034,
  "combine_cct_us": 13.628074,
  "roundtrip_step_us": 28.062108,
  "e2e_step_us": 45.952733
}
