{
  "scenario": 4,
  "scheme": "ub_rg",
  "mode": "roundtrip",
  "batch": 128,
  "zipf_s": 0.000000,
  "topk": 8,
  "ep_size": 512,
  "seed": 77,
  "start_skew_us": 4.000000,
  "tau_g_ns": 143.360000,
  "grain_bytes": 7168,
  "total_tokens": 1048576,
  "max_egress_load": 194,
  "konig_us": 52.183040,
  "rtt_us": 0.800000,
  "barrier_us": 1.600000,
  "cct_us": 66.299871,
  "step_us": 111.688934,
  "gemv_us": 43.789062,
  "e2e_us": 110.088934,
  "throughput_GBs": 67295.769885,
  "latency_all": {
    "count": 1048576,
    "mean_us": 14.553806,
    "p50_us": 10.443248,
    "p99_us": 24.915827,
    "min_us": 1.092231,
    "max_us": 35.900462
  },
  "latency_hot": {
    "count": 104598,
    "mean_us": 14.504157,
    "p50_us": 14.460144,
    "p99_us": 27.105771,
    "min_us": 1.356393,
    "max_us": 32.974211
  },
  "latency_cold": {
    "count": 524354,
    "mean_us": 14.554615,
    "p50_us": 13.814742,
    "p99_us": 23.247051,
    "min_us": 1.148837,
    "max_us": 35.900462
  },
  "dispatch_cct_us": 35.900462,
  "combine_cct_us": 30.399409,
  "roundtrip_step_us": 67.899871,
  "e2e_step_us": 111.688934
}
