{
  "scenario": 2,
  "scheme": "ub_rg_pop",
  "mode": "roundtrip",
  "batch": 64,
  "zipf_s": 0.300000,
  "topk": 8,
  "ep_size": 1024,
  "seed": 57,
  "tau_g_ns": 143.360000,
  "grain_bytes": 7168,
  "total_tokens": 1048576,
  "max_egress_load": 391,
  "konig_us": 107.376640,
  "rtt_us": 1.650000,
  "barrier_us": 2.400000,
  "cct_us": 117.211905,
  "step_us": 119.611905,
  "throughput_GBs": 62838.165956,
  "latency_all": {
    "count": 1048576,
    "mean_us": 9.604822,
    "p50_us": 7.009435,
    "p99_us": 18.616163,
    "min_us": 2.593367,
    "max_us": 58.617959
  },
  "latency_hot": {
    "count": 203900,
    "mean_us": 14.696268,
    "p50_us": 13.858308,
    "p99_us": 37.242062,
    "min_us": 2.594270,
    "max_us": 58.617959
  },
  "latency_cold": {
    "count": 405912,
    "mean_us": 7.493136,
    "p50_us": 8.170086,
    "p99_us": 13.894696,
    "min_us": 2.593367,
    "max_us": 17.686589
  },
  "dispatch_cct_us": 58.617959,
  "combine_cct_us": 58.593947,
  "roundtrip_step_us": 119.611905
}
