{
  "scenario": 1,
  "scheme": "ub_rg_pop",
  "mode": "roundtrip",
  "batch": 256,
  "zipf_s": 0.900000,
  "topk": 8,
  "ep_size": 32,
  "seed": 55,
  "tau_g_ns": 143.360000,
  "grain_bytes": 7168,
  "total_tokens": 131072,
  "max_egress_load": 946,
  "konig_us": 268.369920,
  "rtt_us": 0.900000,
  "barrier_us": 0.800000,
  "cct_us": 274.371969,
  "step_us": 275.171969,
  "throughput_GBs": 3414.316141,
  "latency_all": {
    "count": 131072,
    "mean_us": 30.660884,
    "p50_us": 20.829153,
    "p99_us": 122.436433,
    "min_us": 1.444043,
    "max_us": 137.265460
  },
  "latency_hot": {
    "count": 36440,
    "mean_us": 57.576571,
    "p50_us": 55.999818,
    "p99_us": 130.895585,
    "min_us": 1.457619,
    "max_us": 137.265460
  },
  "latency_cold": {
    "count": 33644,
    "mean_us": 11.442478,
    "p50_us": 11.064949,
    "p99_us": 26.112070,
    "min_us": 1.444043,
    "max_us": 30.676669
  },
  "dispatch_cct_us": 137.106510,
  "combine_cct_us": 137.265460,
  "roundtrip_step_us": 275.171969
}
