{
  "scenario": 1,
  "scheme": "packet_spray",
  "mode": "roundtrip",
  "batch": 16,
  "zipf_s": 0.900000,
  "topk": 8,
  "ep_size": 32,
  "seed": 80,
  "start_skew_us": 4.000000,
  "tau_g_ns": 143.360000,
  "grain_bytes": 7168,
  "total_tokens": 8192,
  "max_egress_load": 65,
  "konig_us": 17.920000,
  "rtt_us": 0.000000,
  "barrier_us": 4.000000,
  "cct_us": 53.415434,
  "step_us": 75.931059,
  "gemv_us": 18.515625,
  "e2e_us": 71.931059,
  "throughput_GBs": 773.336451,
  "latency_all": {
    "count": 8192,
    "mean_us": 18.027888,
    "p50_us": 16.111124,
    "p99_us": 30.136310,
    "min_us": 1.540240,
    "max_us": 30.996470
  },
  "latency_hot": {
    "count": 2282,
    "mean_us": 14.725079,
    "p50_us": 15.538243,
    "p99_us": 21.128724,
    "min_us": 3.856495,
    "max_us": 22.418964
  },
  "latency_cold": {
    "count": 2046,
    "mean_us": 19.354554,
    "p50_us": 15.681603,
    "p99_us": 30.566390,
    "min_us": 1.540240,
    "max_us": 30.996470
  },
  "dispatch_cct_us": 22.418964,
  "combine_cct_us": 30.996470,
  "roundtrip_step_us": 57.415434,
  "e2e_step_us": 75.931059
}
