{
  "scenario": 1,
  "scheme": "packet_spray",
  "mode": "roundtrip",
  "batch": 256,
  "zipf_s": 0.000000,
  "topk": 8,
  "ep_size": 128,
  "seed": 60,
  "tau_g_ns": 143.360000,
  "grain_bytes": 7168,
  "total_tokens": 524288,
  "max_egress_load": 309,
  "konig_us": 83.005440,
  "rtt_us": 0.000000,
  "barrier_us": 4.000000,
  "cct_us": 155.472160,
  "step_us": 159.472160,
  "throughput_GBs": 23565.846126,
  "latency_all": {
    "count": 524288,
    "mean_us": 45.036000,
    "p50_us": 48.705680,
    "p99_us": 66.625680,
    "min_us": 0.536720,
    "max_us": 80.388240
  },
  "latency_hot": {
    "count": 49370,
    "mean_us": 36.742350,
    "p50_us": 36.950160,
    "p99_us": 71.786640,
    "min_us": 0.536720,
    "max_us": 77.234320
  },
  "latency_cold": {
    "count": 261396,
    "mean_us": 49.631278,
    "p50_us": 49.279120,
    "p99_us": 72.073360,
    "min_us": 0.536720,
    "max_us": 77.951120
  },
  "dispatch_cct_us": 80.388240,
  "combine_cct_us": 75.083920,
  "roundtrip_step_us": 159.472160
}
