{
  "scenario": 4,
  "scheme": "ub_rg",
  "mode": "roundtrip",
  "batch": 128,
  "zipf_s": 0.900000,
  "topk": 8,
  "ep_size": 512,
  "seed": 65,
  "start_skew_us": 4.000000,
  "tau_g_ns": 143.360000,
  "grain_bytes": 7168,
  "total_tokens": 1048576,
  "max_egress_load": 5658,
  "konig_us": 1535.242240,
  "rtt_us": 0.800000,
  "barrier_us": 1.600000,
  "cct_us": 1630.221076,
  "step_us": 3210.102326,
  "gemv_us": 1578.281250,
  "e2e_us": 3208.502326,
  "throughput_GBs": 2341.418436,
  "latency_all": {
    "count": 1048576,
    "mean_us": 76.465624,
    "p50_us": 9.851366,
    "p99_us": 315.332172,
    "min_us": 1.024123,
    "max_us": 815.645253
  },
  "latency_hot": {
    "count": 580928,
    "mean_us": 128.879479,
    "p50_us": 43.087199,
    "p99_us": 315.271960,
    "min_us": 1.214023,
    "max_us": 815.645253
  },
  "latency_cold": {
    "count": 152544,
    "mean_us": 7.093211,
    "p50_us": 6.972490,
    "p99_us": 13.176190,
    "min_us": 1.024123,
    "max_us": 36.905993
  },
  "dispatch_cct_us": 815.645253,
  "combine_cct_us": 814.575822,
  "roundtrip_step_us": 1631.821076,
  "e2e_step_us": 3210.102326
}
