{
  "scenario": 1,
  "scheme": "ub_rg_pop",
  "mode": "roundtrip",
  "batch": 16,
  "zipf_s": 0.000000,
  "topk": 8,
  "ep_size": 64,
  "seed": 17,
  "tau_g_ns": 143.360000,
  "grain_bytes": 7168,
  "total_tokens": 16384,
  "max_egress_load": 28,
  "konig_us": 8.028160,
  "rtt_us": 0.900000,
  "barrier_us": 0.800000,
  "cct_us": 11.326443,
  "step_us": 12.126443,
  "throughput_GBs": 9684.662558,
  "latency_all": {
    "count": 16384,
    "mean_us": 2.950688,
    "p50_us": 2.904975,
    "p99_us": 4.817668,
    "min_us": 1.443677,
    "max_us": 5.858105
  },
  "latency_hot": {
    "count": 1528,
    "mean_us": 2.938224,
    "p50_us": 2.901925,
    "p99_us": 4.668315,
    "min_us": 1.451206,
    "max_us": 5.177083
  },
  "latency_cold": {
    "count": 8216,
    "mean_us": 2.961373,
    "p50_us": 2.910381,
    "p99_us": 4.905541,
    "min_us": 1.443677,
    "max_us": 5.858105
  },
  "dispatch_cct_us": 5.858105,
  "combine_cct_us": 5.468339,
  "roundtrip_step_us": 12.126443
}
