{
  "scenario": 4,
  "scheme": "ub_rg",
  "mode": "roundtrip",
  "batch": 128,
  "zipf_s": 0.700000,
  "topk": 8,
  "ep_size": 512,
  "seed": 86,
  "start_skew_us": 4.000000,
  "tau_g_ns": 143.360000,
  "grain_bytes": 7168,
  "total_tokens": 1048576,
  "max_egress_load": 3216,
  "konig_us": 880.087040,
  "rtt_us": 0.800000,
  "barrier_us": 1.600000,
  "cct_us": 951.745252,
  "step_us": 1866.548377,
  "gemv_us": 913.203125,
  "e2e_us": 1864.948377,
  "throughput_GBs": 4026.787015,
  "latency_all": {
    "count": 1048576,
    "mean_us": 47.044141,
    "p50_us": 18.428572,
    "p99_us": 141.503918,
    "min_us": 1.140860,
    "max_us": 478.896095
  },
  "latency_hot": {
    "count": 435126,
    "mean_us": 82.932554,
    "p50_us": 50.806779,
    "p99_us": 205.815334,
    "min_us": 1.140860,
    "max_us": 478.896095
  },
  "latency_cold": {
    "count": 230930,
    "mean_us": 17.902306,
    "p50_us": 17.025221,
    "p99_us": 28.472602,
    "min_us": 1.151710,
    "max_us": 50.482607
  },
  "dispatch_cct_us": 478.896095,
  "combine_cct_us": 472.849157,
  "roundtrip_step_us": 953.345252,
  "e2e_step_us": 1866.548377
}
