{
  "scenario": 1,
  "scheme": "packet_spray",
  "mode": "combine",
  "batch": 256,
  "zipf_s": 0.700000,
  "topk": 8,
  "ep_size": 128,
  "seed": 1,
  "start_skew_us": 2.000000,
  "tau_g_ns": 143.360000,
  "grain_bytes": 7168,
  "total_tokens": 262144,
  "max_egress_load": 270,
  "konig_us": 318.259200,
  "rtt_us": 0.000000,
  "barrier_us": 2.000000,
  "cct_us": 354.610766,
  "step_us": 356.610766,
  "gemv_us": 0.000000,
  "e2e_us": 0.000000,
  "throughput_GBs": 5298.903389,
  "latency_all": {
    "count": 262144,
    "mean_us": 177.404818,
    "p50_us": 173.260366,
    "p99_us": 333.680206,
    "min_us": 1.801806,
    "max_us": 354.610766
  },
  "latency_hot": {
    "count": 90509,
    "mean_us": 165.450171,
    "p50_us": 165.088846,
    "p99_us": 322.068046,
    "min_us": 1.801806,
    "max_us": 330.382926
  },
  "latency_cold": {
    "count": 64959,
    "mean_us": 191.471485,
    "p50_us": 191.037006,
    "p99_us": 347.586126,
    "min_us": 28.896846,
    "max_us": 354.610766
  }
}
