{
  "scenario": 1,
  "scheme": "islip",
  "mode": "roundtrip",
  "batch": 256,
  "zipf_s": 0.300000,
  "topk": 8,
  "ep_size": 128,
  "seed": 50,
  "start_skew_us": 4.000000,
  "tau_g_ns": 143.360000,
  "grain_bytes": 7168,
  "total_tokens": 524288,
  "max_egress_load": 773,
  "konig_us": 217.907200,
  "rtt_us": 0.600000,
  "barrier_us": 0.800000,
  "cct_us": 249.892620,
  "step_us": 483.934807,
  "gemv_us": 233.242188,
  "e2e_us": 483.134807,
  "throughput_GBs": 7765.707960,
  "latency_all": {
    "count": 524288,
    "mean_us": 32.268600,
    "p50_us": 26.783167,
    "p99_us": 49.038242,
    "min_us": 1.153153,
    "max_us": 129.316445
  },
  "latency_hot": {
    "count": 91456,
    "mean_us": 47.442862,
    "p50_us": 45.639487,
    "p99_us": 110.127440,
    "min_us": 1.282916,
    "max_us": 129.316445
  },
  "latency_cold": {
    "count": 206202,
    "mean_us": 26.217861,
    "p50_us": 25.593332,
    "p99_us": 45.609082,
    "min_us": 1.153153,
    "max_us": 56.008786
  },
  "dispatch_cct_us": 129.316445,
  "combine_cct_us": 120.576175,
  "roundtrip_step_us": 250.692620,
  "e2e_step_us": 483.934807
}
