{
  "scenario": 1,
  "scheme": "ub_rg",
  "mode": "roundtrip",
  "batch": 256,
  "zipf_s": 0.300000,
  "topk": 8,
  "ep_size": 32,
  "seed": 63,
  "start_skew_us": 4.000000,
  "tau_g_ns": 143.360000,
  "grain_bytes": 7168,
  "total_tokens": 131072,
  "max_egress_load": 488,
  "konig_us": 137.052160,
  "rtt_us": 0.600000,
  "barrier_us": 0.800000,
  "cct_us": 155.348235,
  "step_us": 302.359172,
  "gemv_us": 146.210938,
  "e2e_us": 301.559172,
  "throughput_GBs": 3107.311377,
  "latency_all": {
    "count": 131072,
    "mean_us": 29.508571,
    "p50_us": 28.385029,
    "p99_us": 65.239415,
    "min_us": 1.178329,
    "max_us": 80.971232
  },
  "latency_hot": {
    "count": 19642,
    "mean_us": 38.221602,
    "p50_us": 38.218780,
    "p99_us": 71.453900,
    "min_us": 1.181936,
    "max_us": 80.971232
  },
  "latency_cold": {
    "count": 54034,
    "mean_us": 25.103523,
    "p50_us": 24.941651,
    "p99_us": 47.458911,
    "min_us": 1.194100,
    "max_us": 54.609637
  },
  "dispatch_cct_us": 80.971232,
  "combine_cct_us": 74.377002,
  "roundtrip_step_us": 156.148235,
  "e2e_step_us": 302.359172
}
