{
  "scenario": 1,
  "scheme": "ub_rg_pop",
  "mode": "roundtrip",
  "batch": 256,
  "zipf_s": 0.300000,
  "topk": 8,
  "ep_size": 128,
  "seed": 70,
  "tau_g_ns": 143.360000,
  "grain_bytes": 7168,
  "total_tokens": 524288,
  "max_egress_load": 792,
  "konig_us": 219.197440,
  "rtt_us": 0.900000,
  "barrier_us": 0.800000,
  "cct_us": 229.858819,
  "step_us": 230.658819,
  "throughput_GBs": 16292.879644,
  "latency_all": {
    "count": 524288,
    "mean_us": 22.794092,
    "p50_us": 17.083241,
    "p99_us": 38.285907,
    "min_us": 1.443887,
    "max_us": 114.952244
  },
  "latency_hot": {
    "count": 90906,
    "mean_us": 37.807626,
    "p50_us": 36.075291,
    "p99_us": 98.871696,
    "min_us": 1.444674,
    "max_us": 114.952244
  },
  "latency_cold": {
    "count": 207058,
    "mean_us": 16.850772,
    "p50_us": 16.166733,
    "p99_us": 33.127227,
    "min_us": 1.444184,
    "max_us": 39.528635
  },
  "dispatch_cct_us": 114.952244,
  "combine_cct_us": 114.906575,
  "roundtrip_step_us": 230.658819
}
