{
  "scenario": 1,
  "scheme": "packet_spray",
  "mode": "roundtrip",
  "batch": 512,
  "zipf_s": 0.300000,
  "topk": 8,
  "ep_size": 32,
  "seed": 14,
  "start_skew_us": 4.000000,
  "tau_g_ns": 143.360000,
  "grain_bytes": 7168,
  "total_tokens": 262144,
  "max_egress_load": 975,
  "konig_us": 275.251200,
  "rtt_us": 0.000000,
  "barrier_us": 4.000000,
  "cct_us": 416.998489,
  "step_us": 716.232864,
  "gemv_us": 295.234375,
  "e2e_us": 712.232864,
  "throughput_GBs": 2623.515739,
  "latency_all": {
    "count": 262144,
    "mean_us": 106.602160,
    "p50_us": 102.282137,
    "p99_us": 175.558926,
    "min_us": 1.044672,
    "max_us": 209.060032
  },
  "latency_hot": {
    "count": 39180,
    "mean_us": 100.959126,
    "p50_us": 103.116992,
    "p99_us": 196.874432,
    "min_us": 1.044672,
    "max_us": 209.060032
  },
  "latency_cold": {
    "count": 108550,
    "mean_us": 113.331241,
    "p50_us": 108.708032,
    "p99_us": 197.329817,
    "min_us": 1.044672,
    "max_us": 207.938457
  },
  "dispatch_cct_us": 209.060032,
  "combine_cct_us": 207.938457,
  "roundtrip_step_us": 420.998489,
  "e2e_step_us": 716.232864
}
