{
  "scenario": 4,
  "scheme": "ub_rg_pop",
  "mode": "roundtrip",
  "batch": 64,
  "zipf_s": 0.900000,
  "topk": 8,
  "ep_size": 256,
  "seed": 82,
  "start_skew_us": 4.000000,
  "tau_g_ns": 143.360000,
  "grain_bytes": 7168,
  "total_tokens": 262144,
  "max_egress_load": 1531,
  "konig_us": 420.044800,
  "rtt_us": 1.200000,
  "barrier_us": 1.600000,
  "cct_us": 446.295786,
  "step_us": 885.044223,
  "gemv_us": 437.148438,
  "e2e_us": 883.444223,
  "throughput_GBs": 2123.112205,
  "latency_all": {
    "count": 262144,
    "mean_us": 27.730272,
    "p50_us": 9.100146,
    "p99_us": 168.533157,
    "min_us": 1.465972,
    "max_us": 224.167763
  },
  "latency_hot": {
    "count": 132654,
    "mean_us": 46.791624,
    "p50_us": 30.009042,
    "p99_us": 191.930619,
    "min_us": 1.847972,
    "max_us": 224.167763
  },
  "latency_cold": {
    "count": 42298,
    "mean_us": 5.889776,
    "p50_us": 5.883351,
    "p99_us": 9.756095,
    "min_us": 1.465972,
    "max_us": 18.611164
  },
  "dispatch_cct_us": 224.167763,
  "combine_cct_us": 222.128023,
  "roundtrip_step_us": 447.895786,
  "e2e_step_us": 885.044223
}
