{
  "scenario": 1,
  "scheme": "islip",
  "mode": "roundtrip",
  "batch": 256,
  "zipf_s": 0.700000,
  "topk": 8,
  "ep_size": 128,
  "seed": 53,
  "start_skew_us": 4.000000,
  "tau_g_ns": 143.360000,
  "grain_bytes": 7168,
  "total_tokens": 524288,
  "max_egress_load": 2242,
  "konig_us": 636.805120,
  "rtt_us": 0.600000,
  "barrier_us": 0.800000,
  "cct_us": 667.663871,
  "step_us": 1355.924809,
  "gemv_us": 687.460938,
  "e2e_us": 1355.124809,
  "throughput_GBs": 2771.611199,
  "latency_all": {
    "count": 524288,
    "mean_us": 51.036272,
    "p50_us": 27.385747,
    "p99_us": 98.829743,
    "min_us": 1.156569,
    "max_us": 338.551800
  },
  "latency_hot": {
    "count": 180156,
    "mean_us": 96.150064,
    "p50_us": 78.924217,
    "p99_us": 309.146206,
    "min_us": 1.178504,
    "max_us": 338.551800
  },
  "latency_cold": {
    "count": 128952,
    "mean_us": 20.022495,
    "p50_us": 19.737378,
    "p99_us": 37.343033,
    "min_us": 1.156569,
    "max_us": 47.074891
  },
  "dispatch_cct_us": 338.551800,
  "combine_cct_us": 329.112071,
  "roundtrip_step_us": 668.463871,
  "e2e_step_us": 1355.924809
}
