{
  "scenario": 4,
  "scheme": "ub_rg",
  "mode": "roundtrip",
  "batch": 128,
  "zipf_s": 0.300000,
  "topk": 8,
  "ep_size": 256,
  "seed": 60,
  "start_skew_us": 4.000000,
  "tau_g_ns": 143.360000,
  "grain_bytes": 7168,
  "total_tokens": 524288,
  "max_egress_load": 486,
  "konig_us": 136.192000,
  "rtt_us": 0.800000,
  "barrier_us": 1.600000,
  "cct_us": 148.544647,
  "step_us": 294.949334,
  "gemv_us": 144.804688,
  "e2e_us": 293.349334,
  "throughput_GBs": 12741.498104,
  "latency_all": {
    "count": 524288,
    "mean_us": 15.192495,
    "p50_us": 12.582955,
    "p99_us": 24.027777,
    "min_us": 1.208870,
    "max_us": 74.513716
  },
  "latency_hot": {
    "count": 98364,
    "mean_us": 23.451565,
    "p50_us": 22.299800,
    "p99_us": 62.612751,
    "min_us": 1.666846,
    "max_us": 74.513716
  },
  "latency_cold": {
    "count": 204680,
    "mean_us": 11.774832,
    "p50_us": 11.500898,
    "p99_us": 21.594899,
    "min_us": 1.208870,
    "max_us": 29.833220
  },
  "dispatch_cct_us": 74.030931,
  "combine_cct_us": 74.513716,
  "roundtrip_step_us": 150.144647,
  "e2e_step_us": 294.949334
}
