{
  "scenario": 4,
  "scheme": "ub_rg",
  "mode": "roundtrip",
  "batch": 128,
  "zipf_s": 0.300000,
  "topk": 8,
  "ep_size": 512,
  "seed": 7,
  "start_skew_us": 4.000000,
  "tau_g_ns": 143.360000,
  "grain_bytes": 7168,
  "total_tokens": 1048576,
  "max_egress_load": 631,
  "konig_us": 173.035520,
  "rtt_us": 0.800000,
  "barrier_us": 1.600000,
  "cct_us": 210.596702,
  "step_us": 392.079514,
  "gemv_us": 179.882812,
  "e2e_us": 390.479514,
  "throughput_GBs": 19170.072628,
  "latency_all": {
    "count": 1048576,
    "mean_us": 25.089619,
    "p50_us": 19.413126,
    "p99_us": 42.109259,
    "min_us": 1.344759,
    "max_us": 111.469342
  },
  "latency_hot": {
    "count": 201790,
    "mean_us": 33.844272,
    "p50_us": 32.264049,
    "p99_us": 78.494574,
    "min_us": 1.486492,
    "max_us": 111.469342
  },
  "latency_cold": {
    "count": 408018,
    "mean_us": 21.373135,
    "p50_us": 22.891696,
    "p99_us": 35.798282,
    "min_us": 1.344759,
    "max_us": 48.260578
  },
  "dispatch_cct_us": 111.469342,
  "combine_cct_us": 99.127360,
  "roundtrip_step_us": 212.196702,
  "e2e_step_us": 392.079514
}
