{
  "scenario": 1,
  "scheme": "ub_rg",
  "mode": "roundtrip",
  "batch": 128,
  "zipf_s": 0.700000,
  "topk": 8,
  "ep_size": 32,
  "seed": 90,
  "start_skew_us": 4.000000,
  "tau_g_ns": 143.360000,
  "grain_bytes": 7168,
  "total_tokens": 65536,
  "max_egress_load": 419,
  "konig_us": 117.985280,
  "rtt_us": 0.600000,
  "barrier_us": 0.800000,
  "cct_us": 132.873584,
  "step_us": 259.884521,
  "gemv_us": 126.210938,
  "e2e_us": 259.084521,
  "throughput_GBs": 1807.579942,
  "latency_all": {
    "count": 65536,
    "mean_us": 19.588012,
    "p50_us": 16.959547,
    "p99_us": 57.194292,
    "min_us": 1.145280,
    "max_us": 70.177251
  },
  "latency_hot": {
    "count": 15690,
    "mean_us": 29.442763,
    "p50_us": 28.679156,
    "p99_us": 63.123103,
    "min_us": 1.575855,
    "max_us": 70.177251
  },
  "latency_cold": {
    "count": 19856,
    "mean_us": 13.817759,
    "p50_us": 13.615308,
    "p99_us": 25.937847,
    "min_us": 1.534851,
    "max_us": 31.342238
  },
  "dispatch_cct_us": 70.177251,
  "combine_cct_us": 62.696332,
  "roundtrip_step_us": 133.673584,
  "e2e_step_us": 259.884521
}
