{
  "scenario": 1,
  "scheme": "packet_spray",
  "mode": "roundtrip",
  "batch": 256,
  "zipf_s": 0.900000,
  "topk": 8,
  "ep_size": 64,
  "seed": 70,
  "start_skew_us": 4.000000,
  "tau_g_ns": 143.360000,
  "grain_bytes": 7168,
  "total_tokens": 262144,
  "max_egress_load": 1727,
  "konig_us": 490.147840,
  "rtt_us": 0.000000,
  "barrier_us": 4.000000,
  "cct_us": 559.494014,
  "step_us": 1092.165889,
  "gemv_us": 528.671875,
  "e2e_us": 1088.165889,
  "throughput_GBs": 1720.478739,
  "latency_all": {
    "count": 262144,
    "mean_us": 108.655609,
    "p50_us": 70.307988,
    "p99_us": 252.928746,
    "min_us": 1.157996,
    "max_us": 280.473748
  },
  "latency_hot": {
    "count": 96530,
    "mean_us": 123.169257,
    "p50_us": 115.589866,
    "p99_us": 259.543188,
    "min_us": 3.072148,
    "max_us": 280.473748
  },
  "latency_cold": {
    "count": 55062,
    "mean_us": 99.420616,
    "p50_us": 51.938026,
    "p99_us": 271.852266,
    "min_us": 1.157996,
    "max_us": 279.020266
  },
  "dispatch_cct_us": 280.473748,
  "combine_cct_us": 279.020266,
  "roundtrip_step_us": 563.494014,
  "e2e_step_us": 1092.165889
}
