{
  "scenario": 1,
  "scheme": "ub_rg",
  "mode": "roundtrip",
  "batch": 64,
  "zipf_s": 0.000000,
  "topk": 8,
  "ep_size": 128,
  "seed": 19,
  "start_skew_us": 4.000000,
  "tau_g_ns": 143.360000,
  "grain_bytes": 7168,
  "total_tokens": 131072,
  "max_egress_load": 91,
  "konig_us": 25.518080,
  "rtt_us": 0.600000,
  "barrier_us": 0.800000,
  "cct_us": 70.069616,
  "step_us": 92.549303,
  "gemv_us": 21.679688,
  "e2e_us": 91.749303,
  "throughput_GBs": 10151.606348,
  "latency_all": {
    "count": 131072,
    "mean_us": 18.534866,
    "p50_us": 18.703838,
    "p99_us": 29.406365,
    "min_us": 1.144715,
    "max_us": 35.364193
  },
  "latency_hot": {
    "count": 12120,
    "mean_us": 17.495361,
    "p50_us": 18.047765,
    "p99_us": 27.351481,
    "min_us": 1.144715,
    "max_us": 34.001779
  },
  "latency_cold": {
    "count": 65440,
    "mean_us": 18.604746,
    "p50_us": 18.811926,
    "p99_us": 29.238665,
    "min_us": 1.389633,
    "max_us": 34.705423
  },
  "dispatch_cct_us": 35.364193,
  "combine_cct_us": 34.705423,
  "roundtrip_step_us": 70.869616,
  "e2e_step_us": 92.549303
}
