{
  "scenario": 4,
  "scheme": "ub_rg_pop",
  "mode": "roundtrip",
  "batch": 256,
  "zipf_s": 0.700000,
  "topk": 8,
  "ep_size": 256,
  "seed": 90,
  "start_skew_us": 4.000000,
  "tau_g_ns": 143.360000,
  "grain_bytes": 7168,
  "total_tokens": 1048576,
  "max_egress_load": 3946,
  "konig_us": 1082.224640,
  "rtt_us": 1.200000,
  "barrier_us": 1.600000,
  "cct_us": 1138.607959,
  "step_us": 2266.067334,
  "gemv_us": 1125.859375,
  "e2e_us": 2264.467334,
  "throughput_GBs": 3316.844410,
  "latency_all": {
    "count": 1048576,
    "mean_us": 56.274538,
    "p50_us": 13.777490,
    "p99_us": 196.194794,
    "min_us": 1.446034,
    "max_us": 569.724903
  },
  "latency_hot": {
    "count": 404366,
    "mean_us": 113.073012,
    "p50_us": 76.879853,
    "p99_us": 447.626614,
    "min_us": 1.654033,
    "max_us": 569.724903
  },
  "latency_cold": {
    "count": 242524,
    "mean_us": 13.882174,
    "p50_us": 12.110795,
    "p99_us": 26.305630,
    "min_us": 1.649852,
    "max_us": 61.261280
  },
  "dispatch_cct_us": 569.724903,
  "combine_cct_us": 568.883055,
  "roundtrip_step_us": 1140.207959,
  "e2e_step_us": 2266.067334
}
