{
  "scenario": 4,
  "scheme": "ub_rg",
  "mode": "roundtrip",
  "batch": 64,
  "zipf_s": 0.700000,
  "topk": 8,
  "ep_size": 128,
  "seed": 63,
  "start_skew_us": 4.000000,
  "tau_g_ns": 143.360000,
  "grain_bytes": 7168,
  "total_tokens": 131072,
  "max_egress_load": 574,
  "konig_us": 161.136640,
  "rtt_us": 0.800000,
  "barrier_us": 1.600000,
  "cct_us": 182.989323,
  "step_us": 356.190885,
  "gemv_us": 171.601562,
  "e2e_us": 354.590885,
  "throughput_GBs": 2637.698308,
  "latency_all": {
    "count": 131072,
    "mean_us": 22.841491,
    "p50_us": 19.252029,
    "p99_us": 73.342155,
    "min_us": 1.063421,
    "max_us": 99.287933
  },
  "latency_hot": {
    "count": 45446,
    "mean_us": 33.598033,
    "p50_us": 30.328915,
    "p99_us": 82.081496,
    "min_us": 1.063421,
    "max_us": 99.287933
  },
  "latency_cold": {
    "count": 32244,
    "mean_us": 15.270617,
    "p50_us": 15.293248,
    "p99_us": 24.820459,
    "min_us": 2.507740,
    "max_us": 30.807952
  },
  "dispatch_cct_us": 99.287933,
  "combine_cct_us": 83.701390,
  "roundtrip_step_us": 184.589323,
  "e2e_step_us": 356.190885
}
