{
  "scenario": 1,
  "scheme": "ub_rg",
  "mode": "roundtrip",
  "batch": 64,
  "zipf_s": 0.300000,
  "topk": 8,
  "ep_size": 64,
  "seed": 43,
  "tau_g_ns": 143.360000,
  "grain_bytes": 7168,
  "total_tokens": 65536,
  "max_egress_load": 168,
  "konig_us": 46.018560,
  "rtt_us": 0.600000,
  "barrier_us": 0.800000,
  "cct_us": 50.527787,
  "step_us": 51.327787,
  "throughput_GBs": 9152.197565,
  "latency_all": {
    "count": 65536,
    "mean_us": 6.630833,
    "p50_us": 6.134022,
    "p99_us": 18.195224,
    "min_us": 1.143968,
    "max_us": 25.289002
  },
  "latency_hot": {
    "count": 10736,
    "mean_us": 9.862712,
    "p50_us": 9.532931,
    "p99_us": 22.672389,
    "min_us": 1.152570,
    "max_us": 25.289002
  },
  "latency_cold": {
    "count": 26242,
    "mean_us": 5.308184,
    "p50_us": 5.206753,
    "p99_us": 10.264896,
    "min_us": 1.144188,
    "max_us": 12.068684
  },
  "dispatch_cct_us": 25.238785,
  "combine_cct_us": 25.289002,
  "roundtrip_step_us": 51.327787
}
