{
  "scenario": 4,
  "scheme": "packet_spray",
  "mode": "roundtrip",
  "batch": 64,
  "zipf_s": 0.900000,
  "topk": 8,
  "ep_size": 256,
  "seed": 20,
  "start_skew_us": 4.000000,
  "tau_g_ns": 143.360000,
  "grain_bytes": 7168,
  "total_tokens": 262144,
  "max_egress_load": 1475,
  "konig_us": 409.722880,
  "rtt_us": 0.000000,
  "barrier_us": 6.000000,
  "cct_us": 461.296281,
  "step_us": 899.444718,
  "gemv_us": 432.148438,
  "e2e_us": 893.444718,
  "throughput_GBs": 2089.120269,
  "latency_all": {
    "count": 262144,
    "mean_us": 78.473999,
    "p50_us": 42.012696,
    "p99_us": 205.316756,
    "min_us": 0.336720,
    "max_us": 237.142676
  },
  "latency_hot": {
    "count": 133326,
    "mean_us": 86.694955,
    "p50_us": 69.841556,
    "p99_us": 208.814084,
    "min_us": 0.336720,
    "max_us": 231.408276
  },
  "latency_cold": {
    "count": 42474,
    "mean_us": 69.410141,
    "p50_us": 30.246031,
    "p99_us": 210.907796,
    "min_us": 0.536720,
    "max_us": 237.142676
  },
  "dispatch_cct_us": 224.153604,
  "combine_cct_us": 237.142676,
  "roundtrip_step_us": 467.296281,
  "e2e_step_us": 899.444718
}
