{
  "scenario": 1,
  "scheme": "packet_spray",
  "mode": "roundtrip",
  "batch": 128,
  "zipf_s": 0.300000,
  "topk": 8,
  "ep_size": 64,
  "seed": 26,
  "start_skew_us": 4.000000,
  "tau_g_ns": 143.360000,
  "grain_bytes": 7168,
  "total_tokens": 131072,
  "max_egress_load": 314,
  "konig_us": 87.019520,
  "rtt_us": 0.000000,
  "barrier_us": 4.000000,
  "cct_us": 123.857560,
  "step_us": 219.302873,
  "gemv_us": 91.445312,
  "e2e_us": 215.302873,
  "throughput_GBs": 4284.139486,
  "latency_all": {
    "count": 131072,
    "mean_us": 29.816994,
    "p50_us": 28.829289,
    "p99_us": 56.211049,
    "min_us": 1.447529,
    "max_us": 62.342191
  },
  "latency_hot": {
    "count": 21658,
    "mean_us": 29.142837,
    "p50_us": 29.743438,
    "p99_us": 56.441209,
    "min_us": 1.447529,
    "max_us": 62.342191
  },
  "latency_cold": {
    "count": 52230,
    "mean_us": 31.290494,
    "p50_us": 28.829289,
    "p99_us": 57.788009,
    "min_us": 1.700911,
    "max_us": 61.515369
  },
  "dispatch_cct_us": 62.342191,
  "combine_cct_us": 61.515369,
  "roundtrip_step_us": 127.857560,
  "e2e_step_us": 219.302873
}
