{
  "scenario": 1,
  "scheme": "islip",
  "mode": "roundtrip",
  "batch": 128,
  "zipf_s": 0.300000,
  "topk": 8,
  "ep_size": 128,
  "seed": 68,
  "start_skew_us": 4.000000,
  "tau_g_ns": 143.360000,
  "grain_bytes": 7168,
  "total_tokens": 262144,
  "max_egress_load": 414,
  "konig_us": 113.827840,
  "rtt_us": 0.600000,
  "barrier_us": 0.800000,
  "cct_us": 153.808502,
  "step_us": 273.163189,
  "gemv_us": 118.554688,
  "e2e_us": 272.363189,
  "throughput_GBs": 6878.848487,
  "latency_all": {
    "count": 262144,
    "mean_us": 23.562176,
    "p50_us": 20.198218,
    "p99_us": 48.550610,
    "min_us": 1.175878,
    "max_us": 79.579999
  },
  "latency_hot": {
    "count": 45580,
    "mean_us": 30.791388,
    "p50_us": 29.759870,
    "p99_us": 64.367254,
    "min_us": 1.200722,
    "max_us": 79.579999
  },
  "latency_cold": {
    "count": 103590,
    "mean_us": 20.728081,
    "p50_us": 20.663370,
    "p99_us": 34.094304,
    "min_us": 1.190528,
    "max_us": 42.671373
  },
  "dispatch_cct_us": 79.579999,
  "combine_cct_us": 74.228503,
  "roundtrip_step_us": 154.608502,
  "e2e_step_us": 273.163189
}
