{
  "scenario": 4,
  "scheme": "ub_rg",
  "mode": "roundtrip",
  "batch": 512,
  "zipf_s": 0.900000,
  "topk": 8,
  "ep_size": 512,
  "seed": 83,
  "start_skew_us": 4.000000,
  "tau_g_ns": 143.360000,
  "grain_bytes": 7168,
  "total_tokens": 4194304,
  "max_egress_load": 22370,
  "konig_us": 6096.240640,
  "rtt_us": 0.800000,
  "barrier_us": 1.600000,
  "cct_us": 6442.657843,
  "step_us": 12742.265656,
  "gemv_us": 6298.007812,
  "e2e_us": 12740.665656,
  "throughput_GBs": 2359.452540,
  "latency_all": {
    "count": 4194304,
    "mean_us": 300.377272,
    "p50_us": 30.498980,
    "p99_us": 2292.002218,
    "min_us": 1.375385,
    "max_us": 3225.083844
  },
  "latency_hot": {
    "count": 2324176,
    "mean_us": 509.596063,
    "p50_us": 66.477466,
    "p99_us": 2292.284911,
    "min_us": 3.384084,
    "max_us": 3225.083844
  },
  "latency_cold": {
    "count": 610414,
    "mean_us": 25.298454,
    "p50_us": 23.338160,
    "p99_us": 37.618257,
    "min_us": 1.428818,
    "max_us": 73.623578
  },
  "dispatch_cct_us": 3225.083844,
  "combine_cct_us": 3217.573999,
  "roundtrip_step_us": 6444.257843,
  "e2e_step_us": 12742.265656
}
