{
  "scenario": 1,
  "scheme": "packet_spray",
  "mode": "roundtrip",
  "batch": 512,
  "zipf_s": 0.300000,
  "topk": 8,
  "ep_size": 32,
  "seed": 95,
  "start_skew_us": 4.000000,
  "tau_g_ns": 143.360000,
  "grain_bytes": 7168,
  "total_tokens": 262144,
  "max_egress_load": 973,
  "konig_us": 272.670720,
  "rtt_us": 0.000000,
  "barrier_us": 4.000000,
  "cct_us": 428.018867,
  "step_us": 722.214180,
  "gemv_us": 290.195312,
  "e2e_us": 718.214180,
  "throughput_GBs": 2601.788008,
  "latency_all": {
    "count": 262144,
    "mean_us": 114.810801,
    "p50_us": 111.916253,
    "p99_us": 185.071575,
    "min_us": 10.274013,
    "max_us": 214.890455
  },
  "latency_hot": {
    "count": 39128,
    "mean_us": 108.867896,
    "p50_us": 111.056093,
    "p99_us": 205.141975,
    "min_us": 10.274013,
    "max_us": 214.890455
  },
  "latency_cold": {
    "count": 108982,
    "mean_us": 121.533830,
    "p50_us": 117.937373,
    "p99_us": 202.233053,
    "min_us": 11.749335,
    "max_us": 213.128413
  },
  "dispatch_cct_us": 214.890455,
  "combine_cct_us": 213.128413,
  "roundtrip_step_us": 432.018867,
  "e2e_step_us": 722.214180
}
