{
  "scenario": 1,
  "scheme": "ub_rg_pop",
  "mode": "roundtrip",
  "batch": 16,
  "zipf_s": 0.000000,
  "topk": 8,
  "ep_size": 128,
  "seed": 40,
  "start_skew_us": 4.000000,
  "tau_g_ns": 143.360000,
  "grain_bytes": 7168,
  "total_tokens": 32768,
  "max_egress_load": 27,
  "konig_us": 7.741440,
  "rtt_us": 0.900000,
  "barrier_us": 0.800000,
  "cct_us": 48.973210,
  "step_us": 56.062272,
  "gemv_us": 6.289062,
  "e2e_us": 55.262272,
  "throughput_GBs": 4189.645082,
  "latency_all": {
    "count": 32768,
    "mean_us": 12.093132,
    "p50_us": 12.140713,
    "p99_us": 21.549465,
    "min_us": 1.462107,
    "max_us": 26.115236
  },
  "latency_hot": {
    "count": 3136,
    "mean_us": 11.290726,
    "p50_us": 11.126564,
    "p99_us": 20.513325,
    "min_us": 1.462107,
    "max_us": 25.088214
  },
  "latency_cold": {
    "count": 16342,
    "mean_us": 12.122148,
    "p50_us": 12.276082,
    "p99_us": 21.723247,
    "min_us": 2.313418,
    "max_us": 26.115236
  },
  "dispatch_cct_us": 26.115236,
  "combine_cct_us": 22.857974,
  "roundtrip_step_us": 49.773210,
  "e2e_step_us": 56.062272
}
