{
  "scenario": 1,
  "scheme": "ub_rg",
  "mode": "roundtrip",
  "batch": 128,
  "zipf_s": 0.000000,
  "topk": 8,
  "ep_size": 32,
  "seed": 87,
  "start_skew_us": 4.000000,
  "tau_g_ns": 143.360000,
  "grain_bytes": 7168,
  "total_tokens": 65536,
  "max_egress_load": 154,
  "konig_us": 44.154880,
  "rtt_us": 0.600000,
  "barrier_us": 0.800000,
  "cct_us": 76.863480,
  "step_us": 120.515043,
  "gemv_us": 42.851562,
  "e2e_us": 119.715043,
  "throughput_GBs": 3897.953623,
  "latency_all": {
    "count": 65536,
    "mean_us": 18.886417,
    "p50_us": 18.747967,
    "p99_us": 35.838400,
    "min_us": 1.210014,
    "max_us": 41.896360
  },
  "latency_hot": {
    "count": 6206,
    "mean_us": 18.301803,
    "p50_us": 18.081213,
    "p99_us": 36.036067,
    "min_us": 1.300648,
    "max_us": 40.423079
  },
  "latency_cold": {
    "count": 32838,
    "mean_us": 19.261455,
    "p50_us": 19.155942,
    "p99_us": 35.909000,
    "min_us": 1.210014,
    "max_us": 41.896360
  },
  "dispatch_cct_us": 41.896360,
  "combine_cct_us": 34.967120,
  "roundtrip_step_us": 77.663480,
  "e2e_step_us": 120.515043
}
