{
  "scenario": 1,
  "scheme": "ub_rg_pop",
  "mode": "roundtrip",
  "batch": 256,
  "zipf_s": 0.000000,
  "topk": 8,
  "ep_size": 64,
  "seed": 39,
  "start_skew_us": 4.000000,
  "tau_g_ns": 143.360000,
  "grain_bytes": 7168,
  "total_tokens": 262144,
  "max_egress_load": 308,
  "konig_us": 87.306240,
  "rtt_us": 0.900000,
  "barrier_us": 0.800000,
  "cct_us": 96.104796,
  "step_us": 181.162609,
  "gemv_us": 84.257812,
  "e2e_us": 180.362609,
  "throughput_GBs": 10372.163458,
  "latency_all": {
    "count": 262144,
    "mean_us": 22.395711,
    "p50_us": 17.897132,
    "p99_us": 42.360347,
    "min_us": 1.540177,
    "max_us": 48.636702
  },
  "latency_hot": {
    "count": 24932,
    "mean_us": 22.885149,
    "p50_us": 22.726268,
    "p99_us": 43.526057,
    "min_us": 1.761550,
    "max_us": 47.632796
  },
  "latency_cold": {
    "count": 130634,
    "mean_us": 22.291136,
    "p50_us": 22.137751,
    "p99_us": 42.677908,
    "min_us": 1.540177,
    "max_us": 48.636702
  },
  "dispatch_cct_us": 48.636702,
  "combine_cct_us": 47.468094,
  "roundtrip_step_us": 96.904796,
  "e2e_step_us": 181.162609
}
