{
  "scenario": 1,
  "scheme": "ub_rg_pop",
  "mode": "roundtrip",
  "batch": 128,
  "zipf_s": 0.300000,
  "topk": 8,
  "ep_size": 128,
  "seed": 20,
  "start_skew_us": 4.000000,
  "tau_g_ns": 143.360000,
  "grain_bytes": 7168,
  "total_tokens": 262144,
  "max_egress_load": 386,
  "konig_us": 107.663360,
  "rtt_us": 0.900000,
  "barrier_us": 0.800000,
  "cct_us": 138.514319,
  "step_us": 253.298694,
  "gemv_us": 113.984375,
  "e2e_us": 252.498694,
  "throughput_GBs": 7418.309836,
  "latency_all": {
    "count": 262144,
    "mean_us": 24.380094,
    "p50_us": 21.100208,
    "p99_us": 49.618982,
    "min_us": 1.444715,
    "max_us": 73.559860
  },
  "latency_hot": {
    "count": 45522,
    "mean_us": 31.429072,
    "p50_us": 30.927783,
    "p99_us": 60.572206,
    "min_us": 1.510956,
    "max_us": 73.559860
  },
  "latency_cold": {
    "count": 103390,
    "mean_us": 21.245780,
    "p50_us": 21.272345,
    "p99_us": 35.223784,
    "min_us": 1.444715,
    "max_us": 42.148810
  },
  "dispatch_cct_us": 73.559860,
  "combine_cct_us": 64.954459,
  "roundtrip_step_us": 139.314319,
  "e2e_step_us": 253.298694
}
