{
  "scenario": 4,
  "scheme": "packet_spray",
  "mode": "roundtrip",
  "batch": 256,
  "zipf_s": 0.300000,
  "topk": 8,
  "ep_size": 512,
  "seed": 74,
  "start_skew_us": 4.000000,
  "tau_g_ns": 143.360000,
  "grain_bytes": 7168,
  "total_tokens": 2097152,
  "max_egress_load": 1246,
  "konig_us": 341.053440,
  "rtt_us": 0.000000,
  "barrier_us": 6.000000,
  "cct_us": 440.979149,
  "step_us": 800.846337,
  "gemv_us": 353.867188,
  "e2e_us": 794.846337,
  "throughput_GBs": 18770.624086,
  "latency_all": {
    "count": 2097152,
    "mean_us": 88.514426,
    "p50_us": 52.807727,
    "p99_us": 109.561105,
    "min_us": 1.257078,
    "max_us": 225.331644
  },
  "latency_hot": {
    "count": 403686,
    "mean_us": 89.979049,
    "p50_us": 81.892625,
    "p99_us": 174.441618,
    "min_us": 1.389745,
    "max_us": 215.647505
  },
  "latency_cold": {
    "count": 814652,
    "mean_us": 90.583926,
    "p50_us": 55.502880,
    "p99_us": 75.140533,
    "min_us": 1.257078,
    "max_us": 225.331644
  },
  "dispatch_cct_us": 215.647505,
  "combine_cct_us": 225.331644,
  "roundtrip_step_us": 446.979149,
  "e2e_step_us": 800.846337
}
