{
  "scenario": 4,
  "scheme": "ub_rg",
  "mode": "roundtrip",
  "batch": 16,
  "zipf_s": 0.700000,
  "topk": 8,
  "ep_size": 512,
  "seed": 63,
  "start_skew_us": 4.000000,
  "tau_g_ns": 143.360000,
  "grain_bytes": 7168,
  "total_tokens": 131072,
  "max_egress_load": 391,
  "konig_us": 109.096960,
  "rtt_us": 0.800000,
  "barrier_us": 1.600000,
  "cct_us": 119.931545,
  "step_us": 236.883107,
  "gemv_us": 115.351562,
  "e2e_us": 235.283107,
  "throughput_GBs": 3966.192887,
  "latency_all": {
    "count": 131072,
    "mean_us": 8.090404,
    "p50_us": 5.704084,
    "p99_us": 44.608043,
    "min_us": 1.164210,
    "max_us": 60.799298
  },
  "latency_hot": {
    "count": 54720,
    "mean_us": 12.793687,
    "p50_us": 9.392069,
    "p99_us": 51.460356,
    "min_us": 1.315807,
    "max_us": 60.799298
  },
  "latency_cold": {
    "count": 28816,
    "mean_us": 4.171499,
    "p50_us": 4.154585,
    "p99_us": 6.695787,
    "min_us": 1.269553,
    "max_us": 8.482465
  },
  "dispatch_cct_us": 60.799298,
  "combine_cct_us": 59.132247,
  "roundtrip_step_us": 121.531545,
  "e2e_step_us": 236.883107
}
