{
  "scenario": 3,
  "scheme": "packet_spray",
  "mode": "combine",
  "batch": 16,
  "zipf_s": 0.900000,
  "topk": 8,
  "ep_size": 1024,
  "seed": 1,
  "tau_g_ns": 143.360000,
  "grain_bytes": 7168,
  "total_tokens": 131072,
  "max_egress_load": 29,
  "konig_us": 165.437440,
  "rtt_us": 0.000000,
  "barrier_us": 4.000000,
  "cct_us": 169.471440,
  "step_us": 173.471440,
  "throughput_GBs": 5543.849135,
  "latency_all": {
    "count": 131072,
    "mean_us": 85.922583,
    "p50_us": 85.032400,
    "p99_us": 167.464400,
    "min_us": 0.880080,
    "max_us": 169.471440
  },
  "latency_hot": {
    "count": 77089,
    "mean_us": 84.311247,
    "p50_us": 84.028880,
    "p99_us": 166.460880,
    "min_us": 0.880080,
    "max_us": 167.894480
  },
  "latency_cold": {
    "count": 17864,
    "mean_us": 89.392947,
    "p50_us": 86.322640,
    "p99_us": 168.324560,
    "min_us": 8.048080,
    "max_us": 169.471440
  }
}
