{
  "scenario": 4,
  "scheme": "ub_rg_pop",
  "mode": "roundtrip",
  "batch": 512,
  "zipf_s": 0.900000,
  "topk": 8,
  "ep_size": 128,
  "seed": 94,
  "start_skew_us": 4.000000,
  "tau_g_ns": 143.360000,
  "grain_bytes": 7168,
  "total_tokens": 1048576,
  "max_egress_load": 6528,
  "konig_us": 1818.521600,
  "rtt_us": 1.200000,
  "barrier_us": 1.600000,
  "cct_us": 1878.171993,
  "step_us": 3803.834493,
  "gemv_us": 1924.062500,
  "e2e_us": 3802.234493,
  "throughput_GBs": 1975.951578,
  "latency_all": {
    "count": 1048576,
    "mean_us": 126.314414,
    "p50_us": 20.719277,
    "p99_us": 457.720529,
    "min_us": 1.491136,
    "max_us": 940.427651
  },
  "latency_hot": {
    "count": 464198,
    "mean_us": 239.784577,
    "p50_us": 156.590468,
    "p99_us": 469.497474,
    "min_us": 2.044918,
    "max_us": 940.427651
  },
  "latency_cold": {
    "count": 189932,
    "mean_us": 18.244811,
    "p50_us": 17.657216,
    "p99_us": 38.926959,
    "min_us": 1.491136,
    "max_us": 62.613306
  },
  "dispatch_cct_us": 940.427651,
  "combine_cct_us": 937.744341,
  "roundtrip_step_us": 1879.771993,
  "e2e_step_us": 3803.834493
}
