{
  "scenario": 4,
  "scheme": "ub_rg",
  "mode": "roundtrip",
  "batch": 16,
  "zipf_s": 0.000000,
  "topk": 8,
  "ep_size": 128,
  "seed": 57,
  "start_skew_us": 4.000000,
  "tau_g_ns": 143.360000,
  "grain_bytes": 7168,
  "total_tokens": 32768,
  "max_egress_load": 31,
  "konig_us": 8.458240,
  "rtt_us": 0.800000,
  "barrier_us": 1.600000,
  "cct_us": 18.109379,
  "step_us": 25.998441,
  "gemv_us": 6.289062,
  "e2e_us": 24.398441,
  "throughput_GBs": 9034.427208,
  "latency_all": {
    "count": 32768,
    "mean_us": 4.912299,
    "p50_us": 4.892114,
    "p99_us": 8.126637,
    "min_us": 1.060290,
    "max_us": 9.378253
  },
  "latency_hot": {
    "count": 3018,
    "mean_us": 4.866871,
    "p50_us": 4.862263,
    "p99_us": 8.152283,
    "min_us": 1.490371,
    "max_us": 9.378253
  },
  "latency_cold": {
    "count": 16594,
    "mean_us": 4.934365,
    "p50_us": 4.893851,
    "p99_us": 8.144724,
    "min_us": 1.064755,
    "max_us": 9.322875
  },
  "dispatch_cct_us": 9.378253,
  "combine_cct_us": 8.731125,
  "roundtrip_step_us": 19.709379,
  "e2e_step_us": 25.998441
}
