{
  "scenario": 4,
  "scheme": "ub_rg_pop",
  "mode": "roundtrip",
  "batch": 16,
  "zipf_s": 0.700000,
  "topk": 8,
  "ep_size": 128,
  "seed": 48,
  "start_skew_us": 4.000000,
  "tau_g_ns": 143.360000,
  "grain_bytes": 7168,
  "total_tokens": 32768,
  "max_egress_load": 158,
  "konig_us": 43.008000,
  "rtt_us": 1.200000,
  "barrier_us": 1.600000,
  "cct_us": 54.210423,
  "step_us": 99.951048,
  "gemv_us": 44.140625,
  "e2e_us": 98.351048,
  "throughput_GBs": 2349.960604,
  "latency_all": {
    "count": 32768,
    "mean_us": 6.708434,
    "p50_us": 5.795268,
    "p99_us": 21.665565,
    "min_us": 1.551311,
    "max_us": 27.287201
  },
  "latency_hot": {
    "count": 11398,
    "mean_us": 9.552166,
    "p50_us": 8.555883,
    "p99_us": 23.765664,
    "min_us": 1.752391,
    "max_us": 27.287201
  },
  "latency_cold": {
    "count": 8016,
    "mean_us": 4.604729,
    "p50_us": 4.559753,
    "p99_us": 7.252021,
    "min_us": 1.551311,
    "max_us": 8.516334
  },
  "dispatch_cct_us": 26.923222,
  "combine_cct_us": 27.287201,
  "roundtrip_step_us": 55.810423,
  "e2e_step_us": 99.951048
}
