{
  "scenario": 1,
  "scheme": "ub_rg",
  "mode": "roundtrip",
  "batch": 256,
  "zipf_s": 0.700000,
  "topk": 8,
  "ep_size": 64,
  "seed": 74,
  "start_skew_us": 4.000000,
  "tau_g_ns": 143.360000,
  "grain_bytes": 7168,
  "total_tokens": 262144,
  "max_egress_load": 1345,
  "konig_us": 383.057920,
  "rtt_us": 0.600000,
  "barrier_us": 0.800000,
  "cct_us": 416.314382,
  "step_us": 831.762819,
  "gemv_us": 414.648438,
  "e2e_us": 830.962819,
  "throughput_GBs": 2259.115398,
  "latency_all": {
    "count": 262144,
    "mean_us": 42.719313,
    "p50_us": 25.609785,
    "p99_us": 165.650079,
    "min_us": 1.163801,
    "max_us": 212.307138
  },
  "latency_hot": {
    "count": 78220,
    "mean_us": 76.493799,
    "p50_us": 70.155544,
    "p99_us": 194.588150,
    "min_us": 2.074596,
    "max_us": 212.307138
  },
  "latency_cold": {
    "count": 70380,
    "mean_us": 21.907227,
    "p50_us": 21.719213,
    "p99_us": 38.075184,
    "min_us": 2.034577,
    "max_us": 48.066859
  },
  "dispatch_cct_us": 212.307138,
  "combine_cct_us": 204.007244,
  "roundtrip_step_us": 417.114382,
  "e2e_step_us": 831.762819
}
