{
  "scenario": 4,
  "scheme": "ub_rg",
  "mode": "roundtrip",
  "batch": 16,
  "zipf_s": 0.900000,
  "topk": 8,
  "ep_size": 512,
  "seed": 52,
  "start_skew_us": 4.000000,
  "tau_g_ns": 143.360000,
  "grain_bytes": 7168,
  "total_tokens": 131072,
  "max_egress_load": 686,
  "konig_us": 187.658240,
  "rtt_us": 0.800000,
  "barrier_us": 1.600000,
  "cct_us": 202.690446,
  "step_us": 398.743571,
  "gemv_us": 194.453125,
  "e2e_us": 397.143571,
  "throughput_GBs": 2356.211272,
  "latency_all": {
    "count": 131072,
    "mean_us": 12.565627,
    "p50_us": 6.419153,
    "p99_us": 80.158609,
    "min_us": 1.089691,
    "max_us": 102.278081
  },
  "latency_hot": {
    "count": 72274,
    "mean_us": 19.128489,
    "p50_us": 11.388250,
    "p99_us": 85.418914,
    "min_us": 1.232939,
    "max_us": 102.278081
  },
  "latency_cold": {
    "count": 19174,
    "mean_us": 3.894130,
    "p50_us": 3.907353,
    "p99_us": 6.324387,
    "min_us": 1.200612,
    "max_us": 9.463177
  },
  "dispatch_cct_us": 102.278081,
  "combine_cct_us": 100.412364,
  "roundtrip_step_us": 204.290446,
  "e2e_step_us": 398.743571
}
