{
  "scenario": 4,
  "scheme": "packet_spray",
  "mode": "roundtrip",
  "batch": 16,
  "zipf_s": 0.000000,
  "topk": 8,
  "ep_size": 512,
  "seed": 31,
  "start_skew_us": 4.000000,
  "tau_g_ns": 143.360000,
  "grain_bytes": 7168,
  "total_tokens": 131072,
  "max_egress_load": 35,
  "konig_us": 9.605120,
  "rtt_us": 0.000000,
  "barrier_us": 6.000000,
  "cct_us": 20.376028,
  "step_us": 32.782278,
  "gemv_us": 6.406250,
  "e2e_us": 26.782278,
  "throughput_GBs": 28659.511956,
  "latency_all": {
    "count": 131072,
    "mean_us": 5.887115,
    "p50_us": 6.038265,
    "p99_us": 8.557159,
    "min_us": 0.215999,
    "max_us": 10.602201
  },
  "latency_hot": {
    "count": 13000,
    "mean_us": 5.055468,
    "p50_us": 5.194940,
    "p99_us": 8.341233,
    "min_us": 0.454230,
    "max_us": 9.482632
  },
  "latency_cold": {
    "count": 65582,
    "mean_us": 6.238871,
    "p50_us": 6.344594,
    "p99_us": 8.672827,
    "min_us": 0.477084,
    "max_us": 10.602201
  },
  "dispatch_cct_us": 10.602201,
  "combine_cct_us": 9.773828,
  "roundtrip_step_us": 26.376028,
  "e2e_step_us": 32.782278
}
