{
  "scenario": 4,
  "scheme": "ub_rg_pop",
  "mode": "roundtrip",
  "batch": 512,
  "zipf_s": 0.300000,
  "topk": 8,
  "ep_size": 512,
  "seed": 42,
  "start_skew_us": 4.000000,
  "tau_g_ns": 143.360000,
  "grain_bytes": 7168,
  "total_tokens": 4194304,
  "max_egress_load": 2493,
  "konig_us": 687.267840,
  "rtt_us": 1.200000,
  "barrier_us": 1.600000,
  "cct_us": 723.620184,
  "step_us": 1444.126434,
  "gemv_us": 718.906250,
  "e2e_us": 1442.526434,
  "throughput_GBs": 20818.655739,
  "latency_all": {
    "count": 4194304,
    "mean_us": 48.922236,
    "p50_us": 22.007623,
    "p99_us": 160.565025,
    "min_us": 1.480819,
    "max_us": 362.734437
  },
  "latency_hot": {
    "count": 807556,
    "mean_us": 84.002905,
    "p50_us": 45.375430,
    "p99_us": 160.644232,
    "min_us": 1.629415,
    "max_us": 362.734437
  },
  "latency_cold": {
    "count": 1628130,
    "mean_us": 35.096592,
    "p50_us": 16.632992,
    "p99_us": 64.789296,
    "min_us": 1.567685,
    "max_us": 116.305597
  },
  "dispatch_cct_us": 362.734437,
  "combine_cct_us": 360.885747,
  "roundtrip_step_us": 725.220184,
  "e2e_step_us": 1444.126434
}
