{
  "scenario": 4,
  "scheme": "packet_spray",
  "mode": "roundtrip",
  "batch": 256,
  "zipf_s": 0.300000,
  "topk": 8,
  "ep_size": 128,
  "seed": 79,
  "start_skew_us": 4.000000,
  "tau_g_ns": 143.360000,
  "grain_bytes": 7168,
  "total_tokens": 524288,
  "max_egress_load": 842,
  "konig_us": 226.652160,
  "rtt_us": 0.000000,
  "barrier_us": 6.000000,
  "cct_us": 307.772132,
  "step_us": 544.436194,
  "gemv_us": 230.664062,
  "e2e_us": 538.436194,
  "throughput_GBs": 6902.730611,
  "latency_all": {
    "count": 524288,
    "mean_us": 64.504784,
    "p50_us": 50.068428,
    "p99_us": 94.590824,
    "min_us": 0.540499,
    "max_us": 155.709354
  },
  "latency_hot": {
    "count": 91212,
    "mean_us": 64.641726,
    "p50_us": 64.553132,
    "p99_us": 124.998940,
    "min_us": 0.540499,
    "max_us": 152.062777
  },
  "latency_cold": {
    "count": 207232,
    "mean_us": 66.972452,
    "p50_us": 56.955052,
    "p99_us": 137.932714,
    "min_us": 1.009983,
    "max_us": 155.709354
  },
  "dispatch_cct_us": 152.062777,
  "combine_cct_us": 155.709354,
  "roundtrip_step_us": 313.772132,
  "e2e_step_us": 544.436194
}
