{
  "scenario": 1,
  "scheme": "ub_rg_pop",
  "mode": "roundtrip",
  "batch": 16,
  "zipf_s": 0.300000,
  "topk": 8,
  "ep_size": 128,
  "seed": 86,
  "start_skew_us": 4.000000,
  "tau_g_ns": 143.360000,
  "grain_bytes": 7168,
  "total_tokens": 32768,
  "max_egress_load": 51,
  "konig_us": 13.189120,
  "rtt_us": 0.900000,
  "barrier_us": 0.800000,
  "cct_us": 52.567528,
  "step_us": 65.945653,
  "gemv_us": 12.578125,
  "e2e_us": 65.145653,
  "throughput_GBs": 3561.736253,
  "latency_all": {
    "count": 32768,
    "mean_us": 14.123407,
    "p50_us": 14.043466,
    "p99_us": 23.405789,
    "min_us": 1.446013,
    "max_us": 27.265413
  },
  "latency_hot": {
    "count": 5466,
    "mean_us": 15.152960,
    "p50_us": 15.149978,
    "p99_us": 24.251883,
    "min_us": 1.531879,
    "max_us": 27.265413
  },
  "latency_cold": {
    "count": 13042,
    "mean_us": 13.804758,
    "p50_us": 13.576832,
    "p99_us": 23.300901,
    "min_us": 1.524974,
    "max_us": 25.071203
  },
  "dispatch_cct_us": 27.265413,
  "combine_cct_us": 25.302116,
  "roundtrip_step_us": 53.367528,
  "e2e_step_us": 65.945653
}
