{
  "scenario": 4,
  "scheme": "ub_rg",
  "mode": "roundtrip",
  "batch": 256,
  "zipf_s": 0.000000,
  "topk": 8,
  "ep_size": 128,
  "seed": 48,
  "start_skew_us": 4.000000,
  "tau_g_ns": 143.360000,
  "grain_bytes": 7168,
  "total_tokens": 524288,
  "max_egress_load": 338,
  "konig_us": 95.477760,
  "rtt_us": 0.800000,
  "barrier_us": 1.600000,
  "cct_us": 130.916093,
  "step_us": 216.578593,
  "gemv_us": 84.062500,
  "e2e_us": 214.978593,
  "throughput_GBs": 17352.113723,
  "latency_all": {
    "count": 524288,
    "mean_us": 30.949717,
    "p50_us": 28.567096,
    "p99_us": 46.721711,
    "min_us": 1.061584,
    "max_us": 67.170171
  },
  "latency_hot": {
    "count": 48798,
    "mean_us": 30.411165,
    "p50_us": 30.244154,
    "p99_us": 54.228342,
    "min_us": 1.377699,
    "max_us": 63.664712
  },
  "latency_cold": {
    "count": 262360,
    "mean_us": 30.937016,
    "p50_us": 26.394649,
    "p99_us": 55.108745,
    "min_us": 1.061584,
    "max_us": 67.170171
  },
  "dispatch_cct_us": 67.170171,
  "combine_cct_us": 63.745922,
  "roundtrip_step_us": 132.516093,
  "e2e_step_us": 216.578593
}
