{
  "scenario": 4,
  "scheme": "packet_spray",
  "mode": "roundtrip",
  "batch": 16,
  "zipf_s": 0.000000,
  "topk": 8,
  "ep_size": 256,
  "seed": 6,
  "start_skew_us": 4.000000,
  "tau_g_ns": 143.360000,
  "grain_bytes": 7168,
  "total_tokens": 65536,
  "max_egress_load": 30,
  "konig_us": 8.458240,
  "rtt_us": 0.000000,
  "barrier_us": 6.000000,
  "cct_us": 20.378222,
  "step_us": 32.315722,
  "gemv_us": 5.937500,
  "e2e_us": 26.315722,
  "throughput_GBs": 14536.640890,
  "latency_all": {
    "count": 65536,
    "mean_us": 5.937186,
    "p50_us": 6.063701,
    "p99_us": 8.550676,
    "min_us": 0.436080,
    "max_us": 10.462095
  },
  "latency_hot": {
    "count": 6474,
    "mean_us": 5.232061,
    "p50_us": 5.327403,
    "p99_us": 8.357643,
    "min_us": 0.630200,
    "max_us": 9.240239
  },
  "latency_cold": {
    "count": 32662,
    "mean_us": 6.255870,
    "p50_us": 6.350421,
    "p99_us": 8.672122,
    "min_us": 0.436080,
    "max_us": 10.462095
  },
  "dispatch_cct_us": 10.462095,
  "combine_cct_us": 9.916127,
  "roundtrip_step_us": 26.378222,
  "e2e_step_us": 32.315722
}
