{
  "scenario": 1,
  "scheme": "ub_rg",
  "mode": "roundtrip",
  "batch": 16,
  "zipf_s": 0.000000,
  "topk": 8,
  "ep_size": 64,
  "seed": 70,
  "start_skew_us": 4.000000,
  "tau_g_ns": 143.360000,
  "grain_bytes": 7168,
  "total_tokens": 16384,
  "max_egress_load": 29,
  "konig_us": 8.171520,
  "rtt_us": 0.600000,
  "barrier_us": 0.800000,
  "cct_us": 18.014182,
  "step_us": 24.712619,
  "gemv_us": 5.898438,
  "e2e_us": 23.912619,
  "throughput_GBs": 4752.248702,
  "latency_all": {
    "count": 16384,
    "mean_us": 4.714314,
    "p50_us": 4.750566,
    "p99_us": 7.740092,
    "min_us": 1.164329,
    "max_us": 9.280148
  },
  "latency_hot": {
    "count": 1558,
    "mean_us": 4.963096,
    "p50_us": 4.942520,
    "p99_us": 7.795493,
    "min_us": 1.497957,
    "max_us": 8.734034
  },
  "latency_cold": {
    "count": 8096,
    "mean_us": 4.703554,
    "p50_us": 4.718495,
    "p99_us": 7.788275,
    "min_us": 1.164329,
    "max_us": 9.280148
  },
  "dispatch_cct_us": 8.734034,
  "combine_cct_us": 9.280148,
  "roundtrip_step_us": 18.814182,
  "e2e_step_us": 24.712619
}
