{
  "scenario": 1,
  "scheme": "packet_spray",
  "mode": "roundtrip",
  "batch": 16,
  "zipf_s": 0.300000,
  "topk": 8,
  "ep_size": 128,
  "seed": 40,
  "start_skew_us": 4.000000,
  "tau_g_ns": 143.360000,
  "grain_bytes": 7168,
  "total_tokens": 32768,
  "max_egress_load": 55,
  "konig_us": 14.909440,
  "rtt_us": 0.000000,
  "barrier_us": 4.000000,
  "cct_us": 27.702153,
  "step_us": 46.897465,
  "gemv_us": 15.195312,
  "e2e_us": 42.897465,
  "throughput_GBs": 5008.394874,
  "latency_all": {
    "count": 32768,
    "mean_us": 6.721170,
    "p50_us": 6.506465,
    "p99_us": 12.307368,
    "min_us": 0.801319,
    "max_us": 13.884328
  },
  "latency_hot": {
    "count": 5830,
    "mean_us": 6.907592,
    "p50_us": 6.858508,
    "p99_us": 11.862863,
    "min_us": 0.865210,
    "max_us": 13.817825
  },
  "latency_cold": {
    "count": 12848,
    "mean_us": 6.819767,
    "p50_us": 6.504591,
    "p99_us": 12.594088,
    "min_us": 0.801319,
    "max_us": 13.884328
  },
  "dispatch_cct_us": 13.817825,
  "combine_cct_us": 13.884328,
  "roundtrip_step_us": 31.702153,
  "e2e_step_us": 46.897465
}
