{
  "scenario": 4,
  "scheme": "ub_rg_pop",
  "mode": "roundtrip",
  "batch": 256,
  "zipf_s": 0.000000,
  "topk": 8,
  "ep_size": 128,
  "seed": 5,
  "start_skew_us": 4.000000,
  "tau_g_ns": 143.360000,
  "grain_bytes": 7168,
  "total_tokens": 524288,
  "max_egress_load": 324,
  "konig_us": 92.610560,
  "rtt_us": 1.200000,
  "barrier_us": 1.600000,
  "cct_us": 104.087431,
  "step_us": 189.554618,
  "gemv_us": 83.867188,
  "e2e_us": 187.954618,
  "throughput_GBs": 19825.928903,
  "latency_all": {
    "count": 524288,
    "mean_us": 23.011110,
    "p50_us": 19.168350,
    "p99_us": 36.858881,
    "min_us": 1.430233,
    "max_us": 52.165666
  },
  "latency_hot": {
    "count": 48982,
    "mean_us": 22.905233,
    "p50_us": 22.717811,
    "p99_us": 44.079260,
    "min_us": 1.873457,
    "max_us": 50.662878
  },
  "latency_cold": {
    "count": 262602,
    "mean_us": 22.983817,
    "p50_us": 18.418498,
    "p99_us": 43.138501,
    "min_us": 1.430233,
    "max_us": 52.165666
  },
  "dispatch_cct_us": 52.165666,
  "combine_cct_us": 51.921765,
  "roundtrip_step_us": 105.687431,
  "e2e_step_us": 189.554618
}
