{
  "scenario": 4,
  "scheme": "packet_spray",
  "mode": "roundtrip",
  "batch": 256,
  "zipf_s": 0.300000,
  "topk": 8,
  "ep_size": 256,
  "seed": 82,
  "start_skew_us": 4.000000,
  "tau_g_ns": 143.360000,
  "grain_bytes": 7168,
  "total_tokens": 1048576,
  "max_egress_load": 974,
  "konig_us": 268.800000,
  "rtt_us": 0.000000,
  "barrier_us": 6.000000,
  "cct_us": 349.565650,
  "step_us": 637.089088,
  "gemv_us": 281.523438,
  "e2e_us": 631.089088,
  "throughput_GBs": 11797.710732,
  "latency_all": {
    "count": 1048576,
    "mean_us": 69.812883,
    "p50_us": 44.693359,
    "p99_us": 84.364203,
    "min_us": 0.220804,
    "max_us": 179.432291
  },
  "latency_hot": {
    "count": 195366,
    "mean_us": 71.036728,
    "p50_us": 69.904374,
    "p99_us": 141.858186,
    "min_us": 0.220804,
    "max_us": 170.133359
  },
  "latency_cold": {
    "count": 409056,
    "mean_us": 71.916043,
    "p50_us": 50.526917,
    "p99_us": 68.524400,
    "min_us": 0.429344,
    "max_us": 179.432291
  },
  "dispatch_cct_us": 170.133359,
  "combine_cct_us": 179.432291,
  "roundtrip_step_us": 355.565650,
  "e2e_step_us": 637.089088
}
