{
  "scenario": 1,
  "scheme": "ub_rg_pop",
  "mode": "roundtrip",
  "batch": 64,
  "zipf_s": 0.900000,
  "topk": 8,
  "ep_size": 32,
  "seed": 65,
  "start_skew_us": 4.000000,
  "tau_g_ns": 143.360000,
  "grain_bytes": 7168,
  "total_tokens": 32768,
  "max_egress_load": 236,
  "konig_us": 67.235840,
  "rtt_us": 0.900000,
  "barrier_us": 0.800000,
  "cct_us": 76.035420,
  "step_us": 149.452607,
  "gemv_us": 72.617188,
  "e2e_us": 148.652607,
  "throughput_GBs": 1571.608741,
  "latency_all": {
    "count": 32768,
    "mean_us": 10.942511,
    "p50_us": 8.607764,
    "p99_us": 33.876938,
    "min_us": 1.641361,
    "max_us": 38.605478
  },
  "latency_hot": {
    "count": 9202,
    "mean_us": 17.803132,
    "p50_us": 17.424632,
    "p99_us": 36.094200,
    "min_us": 1.789579,
    "max_us": 38.605478
  },
  "latency_cold": {
    "count": 8438,
    "mean_us": 5.974280,
    "p50_us": 5.872445,
    "p99_us": 10.877019,
    "min_us": 1.752049,
    "max_us": 12.869374
  },
  "dispatch_cct_us": 38.605478,
  "combine_cct_us": 37.429942,
  "roundtrip_step_us": 76.835420,
  "e2e_step_us": 149.452607
}
