{
  "scenario": 1,
  "scheme": "ub_rg",
  "mode": "roundtrip",
  "batch": 256,
  "zipf_s": 0.000000,
  "topk": 8,
  "ep_size": 32,
  "seed": 19,
  "start_skew_us": 4.000000,
  "tau_g_ns": 143.360000,
  "grain_bytes": 7168,
  "total_tokens": 131072,
  "max_egress_load": 300,
  "konig_us": 84.582400,
  "rtt_us": 0.600000,
  "barrier_us": 0.800000,
  "cct_us": 93.033288,
  "step_us": 175.981726,
  "gemv_us": 82.148438,
  "e2e_us": 175.181726,
  "throughput_GBs": 5338.759414,
  "latency_all": {
    "count": 131072,
    "mean_us": 22.041476,
    "p50_us": 21.935161,
    "p99_us": 42.086853,
    "min_us": 1.192596,
    "max_us": 46.794347
  },
  "latency_hot": {
    "count": 12194,
    "mean_us": 21.963079,
    "p50_us": 21.834695,
    "p99_us": 41.432998,
    "min_us": 1.718143,
    "max_us": 44.128306
  },
  "latency_cold": {
    "count": 65438,
    "mean_us": 22.024989,
    "p50_us": 21.917778,
    "p99_us": 42.149877,
    "min_us": 1.192596,
    "max_us": 46.794347
  },
  "dispatch_cct_us": 46.238942,
  "combine_cct_us": 46.794347,
  "roundtrip_step_us": 93.833288,
  "e2e_step_us": 175.981726
}
