{
  "scenario": 4,
  "scheme": "ub_rg",
  "mode": "roundtrip",
  "batch": 64,
  "zipf_s": 0.700000,
  "topk": 8,
  "ep_size": 256,
  "seed": 42,
  "start_skew_us": 4.000000,
  "tau_g_ns": 143.360000,
  "grain_bytes": 7168,
  "total_tokens": 262144,
  "max_egress_load": 974,
  "konig_us": 267.509760,
  "rtt_us": 0.800000,
  "barrier_us": 1.600000,
  "cct_us": 311.562780,
  "step_us": 591.795593,
  "gemv_us": 278.632812,
  "e2e_us": 590.195593,
  "throughput_GBs": 3175.164219,
  "latency_all": {
    "count": 262144,
    "mean_us": 27.284202,
    "p50_us": 18.667791,
    "p99_us": 105.465429,
    "min_us": 1.346322,
    "max_us": 157.123412
  },
  "latency_hot": {
    "count": 101080,
    "mean_us": 41.556267,
    "p50_us": 33.184796,
    "p99_us": 132.828502,
    "min_us": 3.945220,
    "max_us": 157.123412
  },
  "latency_cold": {
    "count": 60906,
    "mean_us": 16.656728,
    "p50_us": 16.604119,
    "p99_us": 26.172030,
    "min_us": 1.347031,
    "max_us": 31.831874
  },
  "dispatch_cct_us": 157.123412,
  "combine_cct_us": 154.439369,
  "roundtrip_step_us": 313.162780,
  "e2e_step_us": 591.795593
}
