{
  "scenario": 1,
  "scheme": "ub_rg_pop",
  "mode": "roundtrip",
  "batch": 128,
  "zipf_s": 0.000000,
  "topk": 8,
  "ep_size": 128,
  "seed": 33,
  "start_skew_us": 4.000000,
  "tau_g_ns": 143.360000,
  "grain_bytes": 7168,
  "total_tokens": 262144,
  "max_egress_load": 167,
  "konig_us": 47.308800,
  "rtt_us": 0.900000,
  "barrier_us": 0.800000,
  "cct_us": 83.402477,
  "step_us": 126.897790,
  "gemv_us": 42.695312,
  "e2e_us": 126.097790,
  "throughput_GBs": 14807.572238,
  "latency_all": {
    "count": 262144,
    "mean_us": 21.065054,
    "p50_us": 18.752998,
    "p99_us": 35.119886,
    "min_us": 1.452786,
    "max_us": 42.187316
  },
  "latency_hot": {
    "count": 25114,
    "mean_us": 20.605166,
    "p50_us": 20.553028,
    "p99_us": 35.116206,
    "min_us": 1.602920,
    "max_us": 39.392852
  },
  "latency_cold": {
    "count": 130848,
    "mean_us": 20.985785,
    "p50_us": 20.911129,
    "p99_us": 35.716328,
    "min_us": 1.610165,
    "max_us": 42.187316
  },
  "dispatch_cct_us": 41.215161,
  "combine_cct_us": 42.187316,
  "roundtrip_step_us": 84.202477,
  "e2e_step_us": 126.897790
}
