{
  "scenario": 4,
  "scheme": "ub_rg",
  "mode": "roundtrip",
  "batch": 512,
  "zipf_s": 0.700000,
  "topk": 8,
  "ep_size": 128,
  "seed": 51,
  "start_skew_us": 4.000000,
  "tau_g_ns": 143.360000,
  "grain_bytes": 7168,
  "total_tokens": 1048576,
  "max_egress_load": 4598,
  "konig_us": 1284.792320,
  "rtt_us": 0.800000,
  "barrier_us": 1.600000,
  "cct_us": 1324.985458,
  "step_us": 2690.218270,
  "gemv_us": 1363.632812,
  "e2e_us": 2688.618270,
  "throughput_GBs": 2793.897005,
  "latency_all": {
    "count": 1048576,
    "mean_us": 83.714617,
    "p50_us": 20.178582,
    "p99_us": 278.205836,
    "min_us": 1.029803,
    "max_us": 663.921640
  },
  "latency_hot": {
    "count": 361540,
    "mean_us": 173.047485,
    "p50_us": 125.065279,
    "p99_us": 593.154358,
    "min_us": 1.451075,
    "max_us": 663.921640
  },
  "latency_cold": {
    "count": 258024,
    "mean_us": 22.739226,
    "p50_us": 18.129068,
    "p99_us": 46.830762,
    "min_us": 1.029803,
    "max_us": 65.290650
  },
  "dispatch_cct_us": 663.921640,
  "combine_cct_us": 661.063818,
  "roundtrip_step_us": 1326.585458,
  "e2e_step_us": 2690.218270
}
