{
  "scenario": 1,
  "scheme": "ub_rg_pop",
  "mode": "roundtrip",
  "batch": 512,
  "zipf_s": 0.900000,
  "topk": 8,
  "ep_size": 64,
  "seed": 59,
  "start_skew_us": 4.000000,
  "tau_g_ns": 143.360000,
  "grain_bytes": 7168,
  "total_tokens": 524288,
  "max_egress_load": 3406,
  "konig_us": 972.697600,
  "rtt_us": 0.900000,
  "barrier_us": 0.800000,
  "cct_us": 982.572183,
  "step_us": 2039.231558,
  "gemv_us": 1055.859375,
  "e2e_us": 2038.431558,
  "throughput_GBs": 1842.898306,
  "latency_all": {
    "count": 524288,
    "mean_us": 86.020706,
    "p50_us": 34.122955,
    "p99_us": 193.538411,
    "min_us": 1.573470,
    "max_us": 491.643050
  },
  "latency_hot": {
    "count": 193002,
    "mean_us": 167.346230,
    "p50_us": 147.773146,
    "p99_us": 470.514651,
    "min_us": 1.573470,
    "max_us": 491.643050
  },
  "latency_cold": {
    "count": 110394,
    "mean_us": 19.810411,
    "p50_us": 19.177637,
    "p99_us": 42.792908,
    "min_us": 1.597911,
    "max_us": 50.461695
  },
  "dispatch_cct_us": 490.929133,
  "combine_cct_us": 491.643050,
  "roundtrip_step_us": 983.372183,
  "e2e_step_us": 2039.231558
}
