{
  "scenario": 1,
  "scheme": "ub_rg",
  "mode": "roundtrip",
  "batch": 16,
  "zipf_s": 0.900000,
  "topk": 8,
  "ep_size": 32,
  "seed": 8,
  "start_skew_us": 4.000000,
  "tau_g_ns": 143.360000,
  "grain_bytes": 7168,
  "total_tokens": 8192,
  "max_egress_load": 59,
  "konig_us": 16.629760,
  "rtt_us": 0.600000,
  "barrier_us": 0.800000,
  "cct_us": 25.202627,
  "step_us": 43.737002,
  "gemv_us": 17.734375,
  "e2e_us": 42.937002,
  "throughput_GBs": 1342.576145,
  "latency_all": {
    "count": 8192,
    "mean_us": 5.163772,
    "p50_us": 4.910634,
    "p99_us": 11.157560,
    "min_us": 1.265171,
    "max_us": 12.912654
  },
  "latency_hot": {
    "count": 2262,
    "mean_us": 6.468584,
    "p50_us": 6.307957,
    "p99_us": 11.873507,
    "min_us": 1.268358,
    "max_us": 12.912654
  },
  "latency_cold": {
    "count": 2084,
    "mean_us": 3.941480,
    "p50_us": 3.993581,
    "p99_us": 6.331397,
    "min_us": 1.265171,
    "max_us": 7.071549
  },
  "dispatch_cct_us": 12.912654,
  "combine_cct_us": 12.289974,
  "roundtrip_step_us": 26.002627,
  "e2e_step_us": 43.737002
}
