{
  "scenario": 1,
  "scheme": "ub_rg_pop",
  "mode": "roundtrip",
  "batch": 64,
  "zipf_s": 0.300000,
  "topk": 8,
  "ep_size": 32,
  "seed": 93,
  "tau_g_ns": 143.360000,
  "grain_bytes": 7168,
  "total_tokens": 32768,
  "max_egress_load": 128,
  "konig_us": 34.979840,
  "rtt_us": 0.900000,
  "barrier_us": 0.800000,
  "cct_us": 39.445630,
  "step_us": 40.245630,
  "throughput_GBs": 5836.187056,
  "latency_all": {
    "count": 32768,
    "mean_us": 6.587483,
    "p50_us": 6.228070,
    "p99_us": 15.788353,
    "min_us": 1.445065,
    "max_us": 19.766503
  },
  "latency_hot": {
    "count": 4816,
    "mean_us": 8.973648,
    "p50_us": 8.814727,
    "p99_us": 18.216766,
    "min_us": 1.451636,
    "max_us": 19.766503
  },
  "latency_cold": {
    "count": 13552,
    "mean_us": 5.545331,
    "p50_us": 5.444096,
    "p99_us": 10.588388,
    "min_us": 1.450947,
    "max_us": 12.200436
  },
  "dispatch_cct_us": 19.679127,
  "combine_cct_us": 19.766503,
  "roundtrip_step_us": 40.245630
}
