{
  "scenario": 4,
  "scheme": "ub_rg_pop",
  "mode": "roundtrip",
  "batch": 64,
  "zipf_s": 0.900000,
  "topk": 8,
  "ep_size": 512,
  "seed": 50,
  "start_skew_us": 4.000000,
  "tau_g_ns": 143.360000,
  "grain_bytes": 7168,
  "total_tokens": 524288,
  "max_egress_load": 2818,
  "konig_us": 766.545920,
  "rtt_us": 1.200000,
  "barrier_us": 1.600000,
  "cct_us": 841.309934,
  "step_us": 1632.948997,
  "gemv_us": 790.039062,
  "e2e_us": 1631.348997,
  "throughput_GBs": 2301.416879,
  "latency_all": {
    "count": 524288,
    "mean_us": 50.415166,
    "p50_us": 21.118699,
    "p99_us": 100.702893,
    "min_us": 1.676276,
    "max_us": 424.439776
  },
  "latency_hot": {
    "count": 290802,
    "mean_us": 76.814066,
    "p50_us": 33.703682,
    "p99_us": 339.496642,
    "min_us": 3.331422,
    "max_us": 424.439776
  },
  "latency_cold": {
    "count": 76212,
    "mean_us": 15.237441,
    "p50_us": 15.228784,
    "p99_us": 24.835342,
    "min_us": 1.753153,
    "max_us": 37.339264
  },
  "dispatch_cct_us": 424.439776,
  "combine_cct_us": 416.870158,
  "roundtrip_step_us": 842.909934,
  "e2e_step_us": 1632.948997
}
