{
  "scenario": 1,
  "scheme": "ub_rg_pop",
  "mode": "roundtrip",
  "batch": 64,
  "zipf_s": 0.700000,
  "topk": 8,
  "ep_size": 128,
  "seed": 50,
  "tau_g_ns": 143.360000,
  "grain_bytes": 7168,
  "total_tokens": 131072,
  "max_egress_load": 558,
  "konig_us": 159.272960,
  "rtt_us": 0.900000,
  "barrier_us": 0.800000,
  "cct_us": 162.715947,
  "step_us": 163.515947,
  "throughput_GBs": 5745.764339,
  "latency_all": {
    "count": 131072,
    "mean_us": 12.115250,
    "p50_us": 7.060228,
    "p99_us": 68.962290,
    "min_us": 1.443766,
    "max_us": 81.378574
  },
  "latency_hot": {
    "count": 45290,
    "mean_us": 23.277444,
    "p50_us": 19.075599,
    "p99_us": 76.606138,
    "min_us": 1.443766,
    "max_us": 81.378574
  },
  "latency_cold": {
    "count": 32124,
    "mean_us": 4.327638,
    "p50_us": 4.225662,
    "p99_us": 7.992639,
    "min_us": 1.444090,
    "max_us": 10.369309
  },
  "dispatch_cct_us": 81.337372,
  "combine_cct_us": 81.378574,
  "roundtrip_step_us": 163.515947
}
