{
  "scenario": 1,
  "scheme": "ub_rg",
  "mode": "roundtrip",
  "batch": 16,
  "zipf_s": 0.700000,
  "topk": 8,
  "ep_size": 32,
  "seed": 16,
  "tau_g_ns": 143.360000,
  "grain_bytes": 7168,
  "total_tokens": 8192,
  "max_egress_load": 55,
  "konig_us": 15.052800,
  "rtt_us": 0.600000,
  "barrier_us": 0.800000,
  "cct_us": 17.926388,
  "step_us": 18.726388,
  "throughput_GBs": 3135.695712,
  "latency_all": {
    "count": 8192,
    "mean_us": 2.959226,
    "p50_us": 2.561455,
    "p99_us": 7.625620,
    "min_us": 1.143582,
    "max_us": 8.971181
  },
  "latency_hot": {
    "count": 1964,
    "mean_us": 4.351478,
    "p50_us": 4.272359,
    "p99_us": 8.272723,
    "min_us": 1.145896,
    "max_us": 8.971181
  },
  "latency_cold": {
    "count": 2474,
    "mean_us": 2.091820,
    "p50_us": 2.032633,
    "p99_us": 3.431406,
    "min_us": 1.143582,
    "max_us": 3.791646
  },
  "dispatch_cct_us": 8.971181,
  "combine_cct_us": 8.955208,
  "roundtrip_step_us": 18.726388
}
