{
  "scenario": 1,
  "scheme": "packet_spray",
  "mode": "roundtrip",
  "batch": 64,
  "zipf_s": 0.900000,
  "topk": 8,
  "ep_size": 128,
  "seed": 41,
  "start_skew_us": 4.000000,
  "tau_g_ns": 143.360000,
  "grain_bytes": 7168,
  "total_tokens": 131072,
  "max_egress_load": 781,
  "konig_us": 222.064640,
  "rtt_us": 0.000000,
  "barrier_us": 4.000000,
  "cct_us": 262.804109,
  "step_us": 506.530671,
  "gemv_us": 239.726562,
  "e2e_us": 502.530671,
  "throughput_GBs": 1854.821730,
  "latency_all": {
    "count": 131072,
    "mean_us": 53.386855,
    "p50_us": 41.536815,
    "p99_us": 125.689135,
    "min_us": 0.966800,
    "max_us": 131.996975
  },
  "latency_hot": {
    "count": 57680,
    "mean_us": 59.140727,
    "p50_us": 52.028374,
    "p99_us": 123.538735,
    "min_us": 7.100352,
    "max_us": 130.807134
  },
  "latency_cold": {
    "count": 23392,
    "mean_us": 48.545021,
    "p50_us": 25.910575,
    "p99_us": 128.699695,
    "min_us": 0.966800,
    "max_us": 131.996975
  },
  "dispatch_cct_us": 130.807134,
  "combine_cct_us": 131.996975,
  "roundtrip_step_us": 266.804109,
  "e2e_step_us": 506.530671
}
