{
  "scenario": 1,
  "scheme": "islip",
  "mode": "roundtrip",
  "batch": 16,
  "zipf_s": 0.000000,
  "topk": 8,
  "ep_size": 128,
  "seed": 58,
  "start_skew_us": 4.000000,
  "tau_g_ns": 143.360000,
  "grain_bytes": 7168,
  "total_tokens": 32768,
  "max_egress_load": 29,
  "konig_us": 8.028160,
  "rtt_us": 0.600000,
  "barrier_us": 0.800000,
  "cct_us": 52.179612,
  "step_us": 58.956174,
  "gemv_us": 5.976562,
  "e2e_us": 58.156174,
  "throughput_GBs": 3983.993661,
  "latency_all": {
    "count": 32768,
    "mean_us": 12.343858,
    "p50_us": 12.343596,
    "p99_us": 22.247109,
    "min_us": 1.147811,
    "max_us": 26.715666
  },
  "latency_hot": {
    "count": 2998,
    "mean_us": 11.852243,
    "p50_us": 11.613002,
    "p99_us": 20.870116,
    "min_us": 1.501699,
    "max_us": 24.437008
  },
  "latency_cold": {
    "count": 16520,
    "mean_us": 12.506961,
    "p50_us": 12.639843,
    "p99_us": 21.052362,
    "min_us": 1.184923,
    "max_us": 25.463946
  },
  "dispatch_cct_us": 25.463946,
  "combine_cct_us": 26.715666,
  "roundtrip_step_us": 52.979612,
  "e2e_step_us": 58.956174
}
