{
  "scenario": 1,
  "scheme": "ub_rg",
  "mode": "roundtrip",
  "batch": 16,
  "zipf_s": 0.700000,
  "topk": 8,
  "ep_size": 64,
  "seed": 20,
  "start_skew_us": 4.000000,
  "tau_g_ns": 143.360000,
  "grain_bytes": 7168,
  "total_tokens": 16384,
  "max_egress_load": 94,
  "konig_us": 25.661440,
  "rtt_us": 0.600000,
  "barrier_us": 0.800000,
  "cct_us": 57.631954,
  "step_us": 84.916329,
  "gemv_us": 26.484375,
  "e2e_us": 84.116329,
  "throughput_GBs": 1383.014480,
  "latency_all": {
    "count": 16384,
    "mean_us": 14.323543,
    "p50_us": 14.241530,
    "p99_us": 26.262727,
    "min_us": 1.144715,
    "max_us": 34.470050
  },
  "latency_hot": {
    "count": 4986,
    "mean_us": 15.207487,
    "p50_us": 14.522705,
    "p99_us": 28.598764,
    "min_us": 1.210956,
    "max_us": 34.470050
  },
  "latency_cold": {
    "count": 4418,
    "mean_us": 13.173718,
    "p50_us": 13.647906,
    "p99_us": 23.346147,
    "min_us": 1.146648,
    "max_us": 24.858641
  },
  "dispatch_cct_us": 34.470050,
  "combine_cct_us": 23.161903,
  "roundtrip_step_us": 58.431954,
  "e2e_step_us": 84.916329
}
