{
  "scenario": 1,
  "scheme": "packet_spray",
  "mode": "roundtrip",
  "batch": 64,
  "zipf_s": 0.900000,
  "topk": 8,
  "ep_size": 32,
  "seed": 73,
  "start_skew_us": 4.000000,
  "tau_g_ns": 143.360000,
  "grain_bytes": 7168,
  "total_tokens": 32768,
  "max_egress_load": 252,
  "konig_us": 69.099520,
  "rtt_us": 0.000000,
  "barrier_us": 4.000000,
  "cct_us": 89.631036,
  "step_us": 165.232598,
  "gemv_us": 71.601562,
  "e2e_us": 161.232598,
  "throughput_GBs": 1421.517463,
  "latency_all": {
    "count": 32768,
    "mean_us": 19.656643,
    "p50_us": 17.405449,
    "p99_us": 40.343049,
    "min_us": 1.635849,
    "max_us": 46.564147
  },
  "latency_hot": {
    "count": 9170,
    "mean_us": 21.361986,
    "p50_us": 21.419529,
    "p99_us": 41.259827,
    "min_us": 1.635849,
    "max_us": 46.564147
  },
  "latency_cold": {
    "count": 8392,
    "mean_us": 18.881649,
    "p50_us": 14.594867,
    "p99_us": 41.346569,
    "min_us": 2.064746,
    "max_us": 43.066889
  },
  "dispatch_cct_us": 46.564147,
  "combine_cct_us": 43.066889,
  "roundtrip_step_us": 93.631036,
  "e2e_step_us": 165.232598
}
