{
  "scenario": 4,
  "scheme": "ub_rg_pop",
  "mode": "roundtrip",
  "batch": 16,
  "zipf_s": 0.000000,
  "topk": 8,
  "ep_size": 512,
  "seed": 59,
  "start_skew_us": 4.000000,
  "tau_g_ns": 143.360000,
  "grain_bytes": 7168,
  "total_tokens": 131072,
  "max_egress_load": 34,
  "konig_us": 9.318400,
  "rtt_us": 1.200000,
  "barrier_us": 1.600000,
  "cct_us": 20.148068,
  "step_us": 28.115256,
  "gemv_us": 6.367188,
  "e2e_us": 26.515256,
  "throughput_GBs": 33416.879049,
  "latency_all": {
    "count": 131072,
    "mean_us": 5.372663,
    "p50_us": 5.375525,
    "p99_us": 8.528228,
    "min_us": 1.457668,
    "max_us": 10.360790
  },
  "latency_hot": {
    "count": 13060,
    "mean_us": 5.367575,
    "p50_us": 5.368974,
    "p99_us": 8.552426,
    "min_us": 1.889108,
    "max_us": 9.828673
  },
  "latency_cold": {
    "count": 65342,
    "mean_us": 5.346420,
    "p50_us": 5.349896,
    "p99_us": 8.510203,
    "min_us": 1.560530,
    "max_us": 10.033598
  },
  "dispatch_cct_us": 10.360790,
  "combine_cct_us": 9.787279,
  "roundtrip_step_us": 21.748068,
  "e2e_step_us": 28.115256
}
