{
  "scenario": 1,
  "scheme": "islip",
  "mode": "roundtrip",
  "batch": 512,
  "zipf_s": 0.700000,
  "topk": 8,
  "ep_size": 128,
  "seed": 10,
  "start_skew_us": 4.000000,
  "tau_g_ns": 143.360000,
  "grain_bytes": 7168,
  "total_tokens": 1048576,
  "max_egress_load": 4455,
  "konig_us": 1266.872320,
  "rtt_us": 0.600000,
  "barrier_us": 0.800000,
  "cct_us": 1284.047478,
  "step_us": 2654.183416,
  "gemv_us": 1369.335938,
  "e2e_us": 2653.383416,
  "throughput_GBs": 2831.828698,
  "latency_all": {
    "count": 1048576,
    "mean_us": 83.046068,
    "p50_us": 19.075924,
    "p99_us": 278.962348,
    "min_us": 1.161333,
    "max_us": 642.147848
  },
  "latency_hot": {
    "count": 360620,
    "mean_us": 172.841164,
    "p50_us": 123.155920,
    "p99_us": 595.589330,
    "min_us": 1.182604,
    "max_us": 642.147848
  },
  "latency_cold": {
    "count": 257416,
    "mean_us": 21.633214,
    "p50_us": 17.083441,
    "p99_us": 45.388650,
    "min_us": 1.161333,
    "max_us": 56.759249
  },
  "dispatch_cct_us": 641.899631,
  "combine_cct_us": 642.147848,
  "roundtrip_step_us": 1284.847478,
  "e2e_step_us": 2654.183416
}
