{
  "scenario": 1,
  "scheme": "ub_rg_pop",
  "mode": "roundtrip",
  "batch": 16,
  "zipf_s": 0.900000,
  "topk": 8,
  "ep_size": 128,
  "seed": 86,
  "start_skew_us": 4.000000,
  "tau_g_ns": 143.360000,
  "grain_bytes": 7168,
  "total_tokens": 32768,
  "max_egress_load": 197,
  "konig_us": 55.050240,
  "rtt_us": 0.900000,
  "barrier_us": 0.800000,
  "cct_us": 64.417014,
  "step_us": 123.498264,
  "gemv_us": 58.281250,
  "e2e_us": 122.698264,
  "throughput_GBs": 1901.897374,
  "latency_all": {
    "count": 32768,
    "mean_us": 7.435535,
    "p50_us": 5.827441,
    "p99_us": 27.147339,
    "min_us": 1.519731,
    "max_us": 33.141190
  },
  "latency_hot": {
    "count": 14356,
    "mean_us": 10.760460,
    "p50_us": 9.300025,
    "p99_us": 28.893645,
    "min_us": 1.698211,
    "max_us": 33.141190
  },
  "latency_cold": {
    "count": 5910,
    "mean_us": 3.982922,
    "p50_us": 3.814514,
    "p99_us": 6.632398,
    "min_us": 1.519731,
    "max_us": 7.549773
  },
  "dispatch_cct_us": 33.141190,
  "combine_cct_us": 31.275824,
  "roundtrip_step_us": 65.217014,
  "e2e_step_us": 123.498264
}
