{
  "scenario": 4,
  "scheme": "ub_rg",
  "mode": "roundtrip",
  "batch": 128,
  "zipf_s": 0.300000,
  "topk": 8,
  "ep_size": 512,
  "seed": 18,
  "start_skew_us": 4.000000,
  "tau_g_ns": 143.360000,
  "grain_bytes": 7168,
  "total_tokens": 1048576,
  "max_egress_load": 646,
  "konig_us": 175.472640,
  "rtt_us": 0.800000,
  "barrier_us": 1.600000,
  "cct_us": 214.284531,
  "step_us": 396.392343,
  "gemv_us": 180.507812,
  "e2e_us": 394.792343,
  "throughput_GBs": 18961.498361,
  "latency_all": {
    "count": 1048576,
    "mean_us": 24.865299,
    "p50_us": 17.494253,
    "p99_us": 40.116492,
    "min_us": 1.225821,
    "max_us": 108.255824
  },
  "latency_hot": {
    "count": 202010,
    "mean_us": 34.235988,
    "p50_us": 32.551413,
    "p99_us": 77.855007,
    "min_us": 3.766159,
    "max_us": 108.255824
  },
  "latency_cold": {
    "count": 407684,
    "mean_us": 21.171820,
    "p50_us": 20.888955,
    "p99_us": 33.630901,
    "min_us": 1.346102,
    "max_us": 48.034570
  },
  "dispatch_cct_us": 106.028707,
  "combine_cct_us": 108.255824,
  "roundtrip_step_us": 215.884531,
  "e2e_step_us": 396.392343
}
