{
  "scenario": 4,
  "scheme": "packet_spray",
  "mode": "roundtrip",
  "batch": 128,
  "zipf_s": 0.000000,
  "topk": 8,
  "ep_size": 128,
  "seed": 89,
  "start_skew_us": 4.000000,
  "tau_g_ns": 143.360000,
  "grain_bytes": 7168,
  "total_tokens": 262144,
  "max_egress_load": 170,
  "konig_us": 46.735360,
  "rtt_us": 0.000000,
  "barrier_us": 6.000000,
  "cct_us": 87.825064,
  "step_us": 137.340689,
  "gemv_us": 43.515625,
  "e2e_us": 131.340689,
  "throughput_GBs": 13681.656986,
  "latency_all": {
    "count": 262144,
    "mean_us": 24.931373,
    "p50_us": 24.695676,
    "p99_us": 39.097160,
    "min_us": 0.314557,
    "max_us": 44.635183
  },
  "latency_hot": {
    "count": 24804,
    "mean_us": 20.879806,
    "p50_us": 20.824956,
    "p99_us": 39.134701,
    "min_us": 1.918349,
    "max_us": 43.356482
  },
  "latency_cold": {
    "count": 131370,
    "mean_us": 27.147593,
    "p50_us": 27.352643,
    "p99_us": 39.319161,
    "min_us": 0.560924,
    "max_us": 44.635183
  },
  "dispatch_cct_us": 44.635183,
  "combine_cct_us": 43.189881,
  "roundtrip_step_us": 93.825064,
  "e2e_step_us": 137.340689
}
