{
  "scenario": 1,
  "scheme": "packet_spray",
  "mode": "roundtrip",
  "batch": 256,
  "zipf_s": 0.000000,
  "topk": 8,
  "ep_size": 128,
  "seed": 90,
  "start_skew_us": 4.000000,
  "tau_g_ns": 143.360000,
  "grain_bytes": 7168,
  "total_tokens": 524288,
  "max_egress_load": 305,
  "konig_us": 82.575360,
  "rtt_us": 0.000000,
  "barrier_us": 4.000000,
  "cct_us": 158.514349,
  "step_us": 246.615911,
  "gemv_us": 84.101562,
  "e2e_us": 242.615911,
  "throughput_GBs": 15238.661481,
  "latency_all": {
    "count": 524288,
    "mean_us": 47.310921,
    "p50_us": 51.607588,
    "p99_us": 69.602021,
    "min_us": 1.913087,
    "max_us": 81.542723
  },
  "latency_hot": {
    "count": 49216,
    "mean_us": 38.803286,
    "p50_us": 38.885506,
    "p99_us": 74.374723,
    "min_us": 1.913087,
    "max_us": 80.825923
  },
  "latency_cold": {
    "count": 262776,
    "mean_us": 51.943621,
    "p50_us": 51.607588,
    "p99_us": 75.118628,
    "min_us": 2.598256,
    "max_us": 81.542723
  },
  "dispatch_cct_us": 81.542723,
  "combine_cct_us": 76.971626,
  "roundtrip_step_us": 162.514349,
  "e2e_step_us": 246.615911
}
