{
  "scenario": 4,
  "scheme": "ub_rg",
  "mode": "roundtrip",
  "batch": 64,
  "zipf_s": 0.000000,
  "topk": 8,
  "ep_size": 256,
  "seed": 3,
  "start_skew_us": 4.000000,
  "tau_g_ns": 143.360000,
  "grain_bytes": 7168,
  "total_tokens": 262144,
  "max_egress_load": 95,
  "konig_us": 26.664960,
  "rtt_us": 0.800000,
  "barrier_us": 1.600000,
  "cct_us": 39.723370,
  "step_us": 63.784307,
  "gemv_us": 22.460938,
  "e2e_us": 62.184307,
  "throughput_GBs": 29459.412152,
  "latency_all": {
    "count": 262144,
    "mean_us": 9.030774,
    "p50_us": 7.861605,
    "p99_us": 16.086448,
    "min_us": 1.068796,
    "max_us": 21.518409
  },
  "latency_hot": {
    "count": 25482,
    "mean_us": 8.968687,
    "p50_us": 8.916977,
    "p99_us": 15.810053,
    "min_us": 1.436175,
    "max_us": 18.948752
  },
  "latency_cold": {
    "count": 130862,
    "mean_us": 9.010394,
    "p50_us": 8.956955,
    "p99_us": 16.034716,
    "min_us": 1.068796,
    "max_us": 20.428433
  },
  "dispatch_cct_us": 21.518409,
  "combine_cct_us": 18.204961,
  "roundtrip_step_us": 41.323370,
  "e2e_step_us": 63.784307
}
