{
  "scenario": 2,
  "scheme": "ub_rg",
  "mode": "roundtrip",
  "batch": 64,
  "zipf_s": 0.000000,
  "topk": 8,
  "ep_size": 1024,
  "seed": 53,
  "tau_g_ns": 143.360000,
  "grain_bytes": 7168,
  "total_tokens": 1048576,
  "max_egress_load": 95,
  "konig_us": 26.951680,
  "rtt_us": 1.100000,
  "barrier_us": 2.400000,
  "cct_us": 36.182365,
  "step_us": 38.582365,
  "throughput_GBs": 194809.021252,
  "latency_all": {
    "count": 1048576,
    "mean_us": 8.275190,
    "p50_us": 6.696285,
    "p99_us": 14.433047,
    "min_us": 2.043430,
    "max_us": 20.384336
  },
  "latency_hot": {
    "count": 104050,
    "mean_us": 8.256869,
    "p50_us": 8.252334,
    "p99_us": 15.742106,
    "min_us": 2.043455,
    "max_us": 19.276001
  },
  "latency_cold": {
    "count": 524130,
    "mean_us": 8.266610,
    "p50_us": 8.247076,
    "p99_us": 13.862141,
    "min_us": 2.043585,
    "max_us": 20.077555
  },
  "dispatch_cct_us": 20.384336,
  "combine_cct_us": 15.798029,
  "roundtrip_step_us": 38.582365
}
