{
  "scenario": 1,
  "scheme": "ub_rg",
  "mode": "roundtrip",
  "batch": 64,
  "zipf_s": 0.000000,
  "topk": 8,
  "ep_size": 32,
  "seed": 81,
  "start_skew_us": 4.000000,
  "tau_g_ns": 143.360000,
  "grain_bytes": 7168,
  "total_tokens": 32768,
  "max_egress_load": 86,
  "konig_us": 23.941120,
  "rtt_us": 0.600000,
  "barrier_us": 0.800000,
  "cct_us": 59.799315,
  "step_us": 82.513377,
  "gemv_us": 21.914062,
  "e2e_us": 81.713377,
  "throughput_GBs": 2846.581146,
  "latency_all": {
    "count": 32768,
    "mean_us": 13.111676,
    "p50_us": 12.616473,
    "p99_us": 29.044878,
    "min_us": 1.153657,
    "max_us": 36.132343
  },
  "latency_hot": {
    "count": 2980,
    "mean_us": 14.853953,
    "p50_us": 14.687814,
    "p99_us": 28.492665,
    "min_us": 1.304713,
    "max_us": 34.556328
  },
  "latency_cold": {
    "count": 16502,
    "mean_us": 12.930384,
    "p50_us": 12.485352,
    "p99_us": 29.026583,
    "min_us": 1.153657,
    "max_us": 36.132343
  },
  "dispatch_cct_us": 36.132343,
  "combine_cct_us": 23.666972,
  "roundtrip_step_us": 60.599315,
  "e2e_step_us": 82.513377
}
