{
  "scenario": 1,
  "scheme": "ub_rg",
  "mode": "roundtrip",
  "batch": 256,
  "zipf_s": 0.300000,
  "topk": 8,
  "ep_size": 32,
  "seed": 87,
  "start_skew_us": 4.000000,
  "tau_g_ns": 143.360000,
  "grain_bytes": 7168,
  "total_tokens": 131072,
  "max_egress_load": 506,
  "konig_us": 140.779520,
  "rtt_us": 0.600000,
  "barrier_us": 0.800000,
  "cct_us": 152.081296,
  "step_us": 301.396921,
  "gemv_us": 148.515625,
  "e2e_us": 300.596921,
  "throughput_GBs": 3117.231897,
  "latency_all": {
    "count": 131072,
    "mean_us": 22.967953,
    "p50_us": 21.775820,
    "p99_us": 61.018055,
    "min_us": 1.238937,
    "max_us": 76.374714
  },
  "latency_hot": {
    "count": 19610,
    "mean_us": 33.387679,
    "p50_us": 32.820453,
    "p99_us": 70.635355,
    "min_us": 1.238937,
    "max_us": 76.374714
  },
  "latency_cold": {
    "count": 54456,
    "mean_us": 18.885809,
    "p50_us": 18.707825,
    "p99_us": 36.896826,
    "min_us": 1.297812,
    "max_us": 42.349957
  },
  "dispatch_cct_us": 75.706582,
  "combine_cct_us": 76.374714,
  "roundtrip_step_us": 152.881296,
  "e2e_step_us": 301.396921
}
