{
  "scenario": 4,
  "scheme": "ub_rg",
  "mode": "roundtrip",
  "batch": 512,
  "zipf_s": 0.900000,
  "topk": 8,
  "ep_size": 256,
  "seed": 61,
  "start_skew_us": 4.000000,
  "tau_g_ns": 143.360000,
  "grain_bytes": 7168,
  "total_tokens": 2097152,
  "max_egress_load": 12198,
  "konig_us": 3346.739200,
  "rtt_us": 0.800000,
  "barrier_us": 1.600000,
  "cct_us": 3531.249825,
  "step_us": 7016.013887,
  "gemv_us": 3483.164062,
  "e2e_us": 7014.413887,
  "throughput_GBs": 2142.582067,
  "latency_all": {
    "count": 2097152,
    "mean_us": 199.204037,
    "p50_us": 24.016250,
    "p99_us": 1044.291030,
    "min_us": 1.295410,
    "max_us": 1769.507338
  },
  "latency_hot": {
    "count": 1064272,
    "mean_us": 351.556460,
    "p50_us": 95.876311,
    "p99_us": 1044.314626,
    "min_us": 2.490040,
    "max_us": 1769.507338
  },
  "latency_cold": {
    "count": 337440,
    "mean_us": 26.241132,
    "p50_us": 24.179418,
    "p99_us": 46.542446,
    "min_us": 1.508403,
    "max_us": 77.356389
  },
  "dispatch_cct_us": 1769.507338,
  "combine_cct_us": 1761.742486,
  "roundtrip_step_us": 3532.849825,
  "e2e_step_us": 7016.013887
}
