{
  "scenario": 4,
  "scheme": "ub_rg",
  "mode": "roundtrip",
  "batch": 16,
  "zipf_s": 0.700000,
  "topk": 8,
  "ep_size": 512,
  "seed": 89,
  "start_skew_us": 4.000000,
  "tau_g_ns": 143.360000,
  "grain_bytes": 7168,
  "total_tokens": 131072,
  "max_egress_load": 405,
  "konig_us": 111.820800,
  "rtt_us": 0.800000,
  "barrier_us": 1.600000,
  "cct_us": 152.972086,
  "step_us": 271.486148,
  "gemv_us": 116.914062,
  "e2e_us": 269.886148,
  "throughput_GBs": 3460.670472,
  "latency_all": {
    "count": 131072,
    "mean_us": 17.835851,
    "p50_us": 16.012665,
    "p99_us": 56.665507,
    "min_us": 1.192298,
    "max_us": 77.667543
  },
  "latency_hot": {
    "count": 54090,
    "mean_us": 22.800880,
    "p50_us": 19.913153,
    "p99_us": 64.011340,
    "min_us": 1.192298,
    "max_us": 77.667543
  },
  "latency_cold": {
    "count": 29312,
    "mean_us": 13.804181,
    "p50_us": 13.824735,
    "p99_us": 23.528551,
    "min_us": 1.638429,
    "max_us": 28.612323
  },
  "dispatch_cct_us": 77.667543,
  "combine_cct_us": 75.304543,
  "roundtrip_step_us": 154.572086,
  "e2e_step_us": 271.486148
}
