{
  "scenario": 4,
  "scheme": "ub_rg_pop",
  "mode": "roundtrip",
  "batch": 128,
  "zipf_s": 0.000000,
  "topk": 8,
  "ep_size": 256,
  "seed": 9,
  "start_skew_us": 4.000000,
  "tau_g_ns": 143.360000,
  "grain_bytes": 7168,
  "total_tokens": 524288,
  "max_egress_load": 173,
  "konig_us": 48.455680,
  "rtt_us": 1.200000,
  "barrier_us": 1.600000,
  "cct_us": 96.893121,
  "step_us": 142.125933,
  "gemv_us": 43.632812,
  "e2e_us": 140.525933,
  "throughput_GBs": 26442.017250,
  "latency_all": {
    "count": 524288,
    "mean_us": 23.347658,
    "p50_us": 21.770679,
    "p99_us": 31.871164,
    "min_us": 1.564985,
    "max_us": 50.049498
  },
  "latency_hot": {
    "count": 51064,
    "mean_us": 23.152025,
    "p50_us": 23.088822,
    "p99_us": 37.895384,
    "min_us": 3.088836,
    "max_us": 46.740353
  },
  "latency_cold": {
    "count": 262148,
    "mean_us": 23.426990,
    "p50_us": 21.072025,
    "p99_us": 37.828693,
    "min_us": 1.590662,
    "max_us": 50.049498
  },
  "dispatch_cct_us": 46.843623,
  "combine_cct_us": 50.049498,
  "roundtrip_step_us": 98.493121,
  "e2e_step_us": 142.125933
}
