{
  "scenario": 4,
  "scheme": "ub_rg_pop",
  "mode": "roundtrip",
  "batch": 16,
  "zipf_s": 0.300000,
  "topk": 8,
  "ep_size": 256,
  "seed": 74,
  "start_skew_us": 4.000000,
  "tau_g_ns": 143.360000,
  "grain_bytes": 7168,
  "total_tokens": 65536,
  "max_egress_load": 71,
  "konig_us": 18.063360,
  "rtt_us": 1.200000,
  "barrier_us": 1.600000,
  "cct_us": 56.140425,
  "step_us": 74.693550,
  "gemv_us": 16.953125,
  "e2e_us": 73.093550,
  "throughput_GBs": 6289.191586,
  "latency_all": {
    "count": 65536,
    "mean_us": 13.503307,
    "p50_us": 13.426161,
    "p99_us": 23.790149,
    "min_us": 1.740462,
    "max_us": 29.662190
  },
  "latency_hot": {
    "count": 12188,
    "mean_us": 14.408738,
    "p50_us": 14.637612,
    "p99_us": 25.003613,
    "min_us": 1.763801,
    "max_us": 29.662190
  },
  "latency_cold": {
    "count": 25822,
    "mean_us": 13.019934,
    "p50_us": 12.807376,
    "p99_us": 23.013643,
    "min_us": 1.740462,
    "max_us": 26.319052
  },
  "dispatch_cct_us": 29.662190,
  "combine_cct_us": 26.478235,
  "roundtrip_step_us": 57.740425,
  "e2e_step_us": 74.693550
}
