{
  "scenario": 1,
  "scheme": "ub_rg_pop",
  "mode": "roundtrip",
  "batch": 256,
  "zipf_s": 0.900000,
  "topk": 8,
  "ep_size": 32,
  "seed": 70,
  "tau_g_ns": 143.360000,
  "grain_bytes": 7168,
  "total_tokens": 131072,
  "max_egress_load": 929,
  "konig_us": 265.359360,
  "rtt_us": 0.900000,
  "barrier_us": 0.800000,
  "cct_us": 269.478895,
  "step_us": 270.278895,
  "throughput_GBs": 3476.128224,
  "latency_all": {
    "count": 131072,
    "mean_us": 30.702845,
    "p50_us": 21.048521,
    "p99_us": 121.873871,
    "min_us": 1.443887,
    "max_us": 134.823822
  },
  "latency_hot": {
    "count": 36374,
    "mean_us": 57.459437,
    "p50_us": 55.927067,
    "p99_us": 130.290452,
    "min_us": 1.453675,
    "max_us": 134.823822
  },
  "latency_cold": {
    "count": 32998,
    "mean_us": 11.262755,
    "p50_us": 10.868877,
    "p99_us": 24.727727,
    "min_us": 1.443887,
    "max_us": 28.008305
  },
  "dispatch_cct_us": 134.655073,
  "combine_cct_us": 134.823822,
  "roundtrip_step_us": 270.278895
}
