{
  "scenario": 1,
  "scheme": "islip",
  "mode": "roundtrip",
  "batch": 128,
  "zipf_s": 0.300000,
  "topk": 8,
  "ep_size": 32,
  "seed": 85,
  "start_skew_us": 4.000000,
  "tau_g_ns": 143.360000,
  "grain_bytes": 7168,
  "total_tokens": 65536,
  "max_egress_load": 260,
  "konig_us": 71.966720,
  "rtt_us": 0.600000,
  "barrier_us": 0.800000,
  "cct_us": 81.848989,
  "step_us": 158.195864,
  "gemv_us": 75.546875,
  "e2e_us": 157.395864,
  "throughput_GBs": 2969.496403,
  "latency_all": {
    "count": 65536,
    "mean_us": 13.124230,
    "p50_us": 12.456838,
    "p99_us": 32.234774,
    "min_us": 1.172240,
    "max_us": 42.289390
  },
  "latency_hot": {
    "count": 9928,
    "mean_us": 18.356549,
    "p50_us": 18.131916,
    "p99_us": 37.455456,
    "min_us": 1.324239,
    "max_us": 42.289390
  },
  "latency_cold": {
    "count": 27240,
    "mean_us": 11.077094,
    "p50_us": 10.955669,
    "p99_us": 21.122913,
    "min_us": 1.186106,
    "max_us": 24.134775
  },
  "dispatch_cct_us": 42.289390,
  "combine_cct_us": 39.559599,
  "roundtrip_step_us": 82.648989,
  "e2e_step_us": 158.195864
}
