{
  "scenario": 4,
  "scheme": "packet_spray",
  "mode": "roundtrip",
  "batch": 512,
  "zipf_s": 0.700000,
  "topk": 8,
  "ep_size": 512,
  "seed": 12,
  "start_skew_us": 4.000000,
  "tau_g_ns": 143.360000,
  "grain_bytes": 7168,
  "total_tokens": 4194304,
  "max_egress_load": 12875,
  "konig_us": 3527.516160,
  "rtt_us": 0.000000,
  "barrier_us": 6.000000,
  "cct_us": 3698.784725,
  "step_us": 7370.448788,
  "gemv_us": 3665.664062,
  "e2e_us": 7364.448788,
  "throughput_GBs": 4079.096394,
  "latency_all": {
    "count": 4194304,
    "mean_us": 546.086263,
    "p50_us": 106.133824,
    "p99_us": 1158.488570,
    "min_us": 0.825194,
    "max_us": 1946.068955
  },
  "latency_hot": {
    "count": 1743936,
    "mean_us": 607.323339,
    "p50_us": 134.363687,
    "p99_us": 1158.775290,
    "min_us": 0.825194,
    "max_us": 1903.347675
  },
  "latency_cold": {
    "count": 923522,
    "mean_us": 502.213114,
    "p50_us": 91.889102,
    "p99_us": 120.473570,
    "min_us": 1.260019,
    "max_us": 1946.068955
  },
  "dispatch_cct_us": 1752.715770,
  "combine_cct_us": 1946.068955,
  "roundtrip_step_us": 3704.784725,
  "e2e_step_us": 7370.448788
}
