{
  "scenario": 4,
  "scheme": "packet_spray",
  "mode": "roundtrip",
  "batch": 128,
  "zipf_s": 0.700000,
  "topk": 8,
  "ep_size": 128,
  "seed": 69,
  "start_skew_us": 4.000000,
  "tau_g_ns": 143.360000,
  "grain_bytes": 7168,
  "total_tokens": 262144,
  "max_egress_load": 1169,
  "konig_us": 321.843200,
  "rtt_us": 0.000000,
  "barrier_us": 6.000000,
  "cct_us": 384.871750,
  "step_us": 727.043625,
  "gemv_us": 336.171875,
  "e2e_us": 721.043625,
  "throughput_GBs": 2584.505423,
  "latency_all": {
    "count": 262144,
    "mean_us": 71.847615,
    "p50_us": 46.053695,
    "p99_us": 166.642695,
    "min_us": 0.625574,
    "max_us": 198.302015
  },
  "latency_hot": {
    "count": 89760,
    "mean_us": 79.617709,
    "p50_us": 70.734855,
    "p99_us": 172.090375,
    "min_us": 4.602447,
    "max_us": 186.569735
  },
  "latency_cold": {
    "count": 64976,
    "mean_us": 67.942313,
    "p50_us": 40.894147,
    "p99_us": 176.224575,
    "min_us": 0.625574,
    "max_us": 198.302015
  },
  "dispatch_cct_us": 186.569735,
  "combine_cct_us": 198.302015,
  "roundtrip_step_us": 390.871750,
  "e2e_step_us": 727.043625
}
