{
  "scenario": 4,
  "scheme": "packet_spray",
  "mode": "roundtrip",
  "batch": 64,
  "zipf_s": 0.900000,
  "topk": 8,
  "ep_size": 128,
  "seed": 11,
  "start_skew_us": 4.000000,
  "tau_g_ns": 143.360000,
  "grain_bytes": 7168,
  "total_tokens": 131072,
  "max_egress_load": 832,
  "konig_us": 229.949440,
  "rtt_us": 0.000000,
  "barrier_us": 6.000000,
  "cct_us": 284.160639,
  "step_us": 531.254389,
  "gemv_us": 241.093750,
  "e2e_us": 525.254389,
  "throughput_GBs": 1768.501334,
  "latency_all": {
    "count": 131072,
    "mean_us": 56.147527,
    "p50_us": 43.987908,
    "p99_us": 131.505851,
    "min_us": 0.336720,
    "max_us": 147.705531
  },
  "latency_hot": {
    "count": 58006,
    "mean_us": 61.944987,
    "p50_us": 53.879748,
    "p99_us": 129.068731,
    "min_us": 3.114447,
    "max_us": 142.401211
  },
  "latency_cold": {
    "count": 23734,
    "mean_us": 50.811657,
    "p50_us": 28.045516,
    "p99_us": 133.656251,
    "min_us": 1.363755,
    "max_us": 147.705531
  },
  "dispatch_cct_us": 136.455108,
  "combine_cct_us": 147.705531,
  "roundtrip_step_us": 290.160639,
  "e2e_step_us": 531.254389
}
