{
  "scenario": 1,
  "scheme": "packet_spray",
  "mode": "roundtrip",
  "batch": 128,
  "zipf_s": 0.900000,
  "topk": 8,
  "ep_size": 128,
  "seed": 65,
  "start_skew_us": 4.000000,
  "tau_g_ns": 143.360000,
  "grain_bytes": 7168,
  "total_tokens": 262144,
  "max_egress_load": 1594,
  "konig_us": 449.290240,
  "rtt_us": 0.000000,
  "barrier_us": 4.000000,
  "cct_us": 502.067326,
  "step_us": 987.239201,
  "gemv_us": 481.171875,
  "e2e_us": 983.239201,
  "throughput_GBs": 1903.336284,
  "latency_all": {
    "count": 262144,
    "mean_us": 93.937377,
    "p50_us": 52.781785,
    "p99_us": 231.976355,
    "min_us": 6.667633,
    "max_us": 252.887771
  },
  "latency_hot": {
    "count": 115742,
    "mean_us": 104.943903,
    "p50_us": 90.193315,
    "p99_us": 233.696675,
    "min_us": 9.056985,
    "max_us": 252.887771
  },
  "latency_cold": {
    "count": 48158,
    "mean_us": 84.936307,
    "p50_us": 38.042842,
    "p99_us": 243.301795,
    "min_us": 6.667633,
    "max_us": 249.179555
  },
  "dispatch_cct_us": 252.887771,
  "combine_cct_us": 249.179555,
  "roundtrip_step_us": 506.067326,
  "e2e_step_us": 987.239201
}
