{
  "scenario": 1,
  "scheme": "ub_rg",
  "mode": "roundtrip",
  "batch": 16,
  "zipf_s": 0.900000,
  "topk": 8,
  "ep_size": 128,
  "seed": 17,
  "tau_g_ns": 143.360000,
  "grain_bytes": 7168,
  "total_tokens": 32768,
  "max_egress_load": 201,
  "konig_us": 55.767040,
  "rtt_us": 0.600000,
  "barrier_us": 0.800000,
  "cct_us": 59.881726,
  "step_us": 60.681726,
  "throughput_GBs": 3870.704385,
  "latency_all": {
    "count": 32768,
    "mean_us": 5.256895,
    "p50_us": 3.168966,
    "p99_us": 25.117915,
    "min_us": 1.143362,
    "max_us": 30.026246
  },
  "latency_hot": {
    "count": 14296,
    "mean_us": 8.787936,
    "p50_us": 7.076817,
    "p99_us": 26.759123,
    "min_us": 1.146623,
    "max_us": 30.026246
  },
  "latency_cold": {
    "count": 6112,
    "mean_us": 1.842015,
    "p50_us": 1.784705,
    "p99_us": 2.975520,
    "min_us": 1.143362,
    "max_us": 3.748053
  },
  "dispatch_cct_us": 29.855481,
  "combine_cct_us": 30.026246,
  "roundtrip_step_us": 60.681726
}
