{
  "scenario": 1,
  "scheme": "ub_rg",
  "mode": "roundtrip",
  "batch": 128,
  "zipf_s": 0.000000,
  "topk": 8,
  "ep_size": 128,
  "seed": 89,
  "start_skew_us": 4.000000,
  "tau_g_ns": 143.360000,
  "grain_bytes": 7168,
  "total_tokens": 262144,
  "max_egress_load": 166,
  "konig_us": 46.735360,
  "rtt_us": 0.600000,
  "barrier_us": 0.800000,
  "cct_us": 88.867054,
  "step_us": 133.182679,
  "gemv_us": 43.515625,
  "e2e_us": 132.382679,
  "throughput_GBs": 14108.803087,
  "latency_all": {
    "count": 262144,
    "mean_us": 22.454692,
    "p50_us": 20.103238,
    "p99_us": 35.543747,
    "min_us": 1.145775,
    "max_us": 46.003191
  },
  "latency_hot": {
    "count": 24804,
    "mean_us": 23.214757,
    "p50_us": 23.126040,
    "p99_us": 37.730484,
    "min_us": 2.434852,
    "max_us": 42.640075
  },
  "latency_cold": {
    "count": 131370,
    "mean_us": 22.512085,
    "p50_us": 22.408489,
    "p99_us": 37.794676,
    "min_us": 2.155229,
    "max_us": 46.003191
  },
  "dispatch_cct_us": 42.863863,
  "combine_cct_us": 46.003191,
  "roundtrip_step_us": 89.667054,
  "e2e_step_us": 133.182679
}
