{
  "scenario": 1,
  "scheme": "islip",
  "mode": "roundtrip",
  "batch": 512,
  "zipf_s": 0.700000,
  "topk": 8,
  "ep_size": 128,
  "seed": 88,
  "start_skew_us": 4.000000,
  "tau_g_ns": 143.360000,
  "grain_bytes": 7168,
  "total_tokens": 1048576,
  "max_egress_load": 4467,
  "konig_us": 1267.732480,
  "rtt_us": 0.600000,
  "barrier_us": 0.800000,
  "cct_us": 1310.628939,
  "step_us": 2678.694564,
  "gemv_us": 1367.265625,
  "e2e_us": 2677.894564,
  "throughput_GBs": 2805.916311,
  "latency_all": {
    "count": 1048576,
    "mean_us": 91.060635,
    "p50_us": 26.681041,
    "p99_us": 286.463529,
    "min_us": 1.149930,
    "max_us": 656.618918
  },
  "latency_hot": {
    "count": 361374,
    "mean_us": 180.910303,
    "p50_us": 131.308328,
    "p99_us": 602.552127,
    "min_us": 1.219937,
    "max_us": 656.618918
  },
  "latency_cold": {
    "count": 256916,
    "mean_us": 29.706342,
    "p50_us": 25.145276,
    "p99_us": 54.678886,
    "min_us": 1.151709,
    "max_us": 71.722768
  },
  "dispatch_cct_us": 656.618918,
  "combine_cct_us": 654.010020,
  "roundtrip_step_us": 1311.428939,
  "e2e_step_us": 2678.694564
}
