{
  "scenario": 1,
  "scheme": "packet_spray",
  "mode": "roundtrip",
  "batch": 64,
  "zipf_s": 0.700000,
  "topk": 8,
  "ep_size": 64,
  "seed": 59,
  "tau_g_ns": 143.360000,
  "grain_bytes": 7168,
  "total_tokens": 65536,
  "max_egress_load": 356,
  "konig_us": 98.918400,
  "rtt_us": 0.000000,
  "barrier_us": 4.000000,
  "cct_us": 115.331360,
  "step_us": 119.331360,
  "throughput_GBs": 3936.618572,
  "latency_all": {
    "count": 65536,
    "mean_us": 22.170447,
    "p50_us": 17.453200,
    "p99_us": 53.436560,
    "min_us": 0.536720,
    "max_us": 57.880720
  },
  "latency_hot": {
    "count": 19322,
    "mean_us": 24.762727,
    "p50_us": 23.617680,
    "p99_us": 52.576400,
    "min_us": 0.536720,
    "max_us": 57.880720
  },
  "latency_cold": {
    "count": 17770,
    "mean_us": 21.168846,
    "p50_us": 13.152400,
    "p99_us": 55.013520,
    "min_us": 0.536720,
    "max_us": 57.450640
  },
  "dispatch_cct_us": 57.880720,
  "combine_cct_us": 57.450640,
  "roundtrip_step_us": 119.331360
}
