{
  "scenario": 1,
  "scheme": "packet_spray",
  "mode": "roundtrip",
  "batch": 512,
  "zipf_s": 0.300000,
  "topk": 8,
  "ep_size": 32,
  "seed": 63,
  "start_skew_us": 4.000000,
  "tau_g_ns": 143.360000,
  "grain_bytes": 7168,
  "total_tokens": 262144,
  "max_egress_load": 994,
  "konig_us": 277.114880,
  "rtt_us": 0.000000,
  "barrier_us": 4.000000,
  "cct_us": 426.896257,
  "step_us": 724.177507,
  "gemv_us": 293.281250,
  "e2e_us": 720.177507,
  "throughput_GBs": 2594.734267,
  "latency_all": {
    "count": 262144,
    "mean_us": 110.747957,
    "p50_us": 108.817137,
    "p99_us": 186.661617,
    "min_us": 0.536720,
    "max_us": 222.071537
  },
  "latency_hot": {
    "count": 39562,
    "mean_us": 105.296503,
    "p50_us": 107.339920,
    "p99_us": 206.301937,
    "min_us": 0.536720,
    "max_us": 222.071537
  },
  "latency_cold": {
    "count": 108086,
    "mean_us": 117.172300,
    "p50_us": 113.691377,
    "p99_us": 193.786000,
    "min_us": 12.192497,
    "max_us": 204.824720
  },
  "dispatch_cct_us": 222.071537,
  "combine_cct_us": 204.824720,
  "roundtrip_step_us": 430.896257,
  "e2e_step_us": 724.177507
}
