{
  "scenario": 4,
  "scheme": "ub_rg",
  "mode": "roundtrip",
  "batch": 16,
  "zipf_s": 0.300000,
  "topk": 8,
  "ep_size": 128,
  "seed": 46,
  "start_skew_us": 4.000000,
  "tau_g_ns": 143.360000,
  "grain_bytes": 7168,
  "total_tokens": 32768,
  "max_egress_load": 50,
  "konig_us": 13.619200,
  "rtt_us": 0.800000,
  "barrier_us": 1.600000,
  "cct_us": 57.501562,
  "step_us": 72.890624,
  "gemv_us": 13.789062,
  "e2e_us": 71.290624,
  "throughput_GBs": 3222.376355,
  "latency_all": {
    "count": 32768,
    "mean_us": 15.602501,
    "p50_us": 15.469957,
    "p99_us": 25.252604,
    "min_us": 1.344081,
    "max_us": 30.213891
  },
  "latency_hot": {
    "count": 5726,
    "mean_us": 16.156630,
    "p50_us": 16.047322,
    "p99_us": 26.449154,
    "min_us": 1.631930,
    "max_us": 30.213891
  },
  "latency_cold": {
    "count": 12742,
    "mean_us": 15.187109,
    "p50_us": 15.005954,
    "p99_us": 24.794001,
    "min_us": 1.344081,
    "max_us": 27.287671
  },
  "dispatch_cct_us": 30.213891,
  "combine_cct_us": 27.287671,
  "roundtrip_step_us": 59.101562,
  "e2e_step_us": 72.890624
}
