{
  "scenario": 1,
  "scheme": "ub_rg",
  "mode": "roundtrip",
  "batch": 64,
  "zipf_s": 0.000000,
  "topk": 8,
  "ep_size": 128,
  "seed": 72,
  "start_skew_us": 4.000000,
  "tau_g_ns": 143.360000,
  "grain_bytes": 7168,
  "total_tokens": 131072,
  "max_egress_load": 95,
  "konig_us": 26.521600,
  "rtt_us": 0.600000,
  "barrier_us": 0.800000,
  "cct_us": 35.329735,
  "step_us": 59.020360,
  "gemv_us": 22.890625,
  "e2e_us": 58.220360,
  "throughput_GBs": 15918.643955,
  "latency_all": {
    "count": 131072,
    "mean_us": 8.370837,
    "p50_us": 8.294581,
    "p99_us": 15.095732,
    "min_us": 1.154792,
    "max_us": 17.786327
  },
  "latency_hot": {
    "count": 12006,
    "mean_us": 8.217916,
    "p50_us": 8.115082,
    "p99_us": 14.997424,
    "min_us": 1.274143,
    "max_us": 17.630854
  },
  "latency_cold": {
    "count": 65596,
    "mean_us": 8.390172,
    "p50_us": 8.305855,
    "p99_us": 15.160908,
    "min_us": 1.154792,
    "max_us": 17.786327
  },
  "dispatch_cct_us": 17.786327,
  "combine_cct_us": 17.543408,
  "roundtrip_step_us": 36.129735,
  "e2e_step_us": 59.020360
}
