{
  "scenario": 4,
  "scheme": "ub_rg",
  "mode": "roundtrip",
  "batch": 512,
  "zipf_s": 0.700000,
  "topk": 8,
  "ep_size": 512,
  "seed": 39,
  "start_skew_us": 4.000000,
  "tau_g_ns": 143.360000,
  "grain_bytes": 7168,
  "total_tokens": 4194304,
  "max_egress_load": 13074,
  "konig_us": 3558.051840,
  "rtt_us": 0.800000,
  "barrier_us": 1.600000,
  "cct_us": 3757.414069,
  "step_us": 7429.170319,
  "gemv_us": 3670.156250,
  "e2e_us": 7427.570319,
  "throughput_GBs": 4046.854464,
  "latency_all": {
    "count": 4194304,
    "mean_us": 138.393046,
    "p50_us": 21.504679,
    "p99_us": 1102.755025,
    "min_us": 1.223965,
    "max_us": 1879.130874
  },
  "latency_hot": {
    "count": 1742830,
    "mean_us": 283.480860,
    "p50_us": 51.843012,
    "p99_us": 1102.775517,
    "min_us": 1.493205,
    "max_us": 1879.130874
  },
  "latency_cold": {
    "count": 925334,
    "mean_us": 22.370727,
    "p50_us": 15.060812,
    "p99_us": 39.917810,
    "min_us": 1.345099,
    "max_us": 109.309949
  },
  "dispatch_cct_us": 1879.130874,
  "combine_cct_us": 1878.283195,
  "roundtrip_step_us": 3759.014069,
  "e2e_step_us": 7429.170319
}
