{
  "scenario": 4,
  "scheme": "packet_spray",
  "mode": "roundtrip",
  "batch": 16,
  "zipf_s": 0.000000,
  "topk": 8,
  "ep_size": 128,
  "seed": 57,
  "start_skew_us": 4.000000,
  "tau_g_ns": 143.360000,
  "grain_bytes": 7168,
  "total_tokens": 32768,
  "max_egress_load": 31,
  "konig_us": 8.744960,
  "rtt_us": 0.000000,
  "barrier_us": 6.000000,
  "cct_us": 19.660091,
  "step_us": 31.949154,
  "gemv_us": 6.289062,
  "e2e_us": 25.949154,
  "throughput_GBs": 7351.713445,
  "latency_all": {
    "count": 32768,
    "mean_us": 5.823518,
    "p50_us": 6.000715,
    "p99_us": 8.593749,
    "min_us": 0.389876,
    "max_us": 9.977622
  },
  "latency_hot": {
    "count": 3018,
    "mean_us": 4.955398,
    "p50_us": 5.238309,
    "p99_us": 8.163423,
    "min_us": 0.389876,
    "max_us": 9.023583
  },
  "latency_cold": {
    "count": 16594,
    "mean_us": 6.187012,
    "p50_us": 6.299743,
    "p99_us": 8.749879,
    "min_us": 0.470219,
    "max_us": 9.977622
  },
  "dispatch_cct_us": 9.682469,
  "combine_cct_us": 9.977622,
  "roundtrip_step_us": 25.660091,
  "e2e_step_us": 31.949154
}
