{
  "scenario": 1,
  "scheme": "islip",
  "mode": "roundtrip",
  "batch": 512,
  "zipf_s": 0.900000,
  "topk": 8,
  "ep_size": 64,
  "seed": 89,
  "start_skew_us": 4.000000,
  "tau_g_ns": 143.360000,
  "grain_bytes": 7168,
  "total_tokens": 524288,
  "max_egress_load": 3425,
  "konig_us": 975.564800,
  "rtt_us": 0.600000,
  "barrier_us": 0.800000,
  "cct_us": 990.734705,
  "step_us": 2047.511268,
  "gemv_us": 1055.976562,
  "e2e_us": 2046.711268,
  "throughput_GBs": 1835.446009,
  "latency_all": {
    "count": 524288,
    "mean_us": 85.644588,
    "p50_us": 33.196271,
    "p99_us": 192.619701,
    "min_us": 1.188951,
    "max_us": 495.403220
  },
  "latency_hot": {
    "count": 192710,
    "mean_us": 167.516194,
    "p50_us": 147.484507,
    "p99_us": 470.864250,
    "min_us": 1.335777,
    "max_us": 495.403220
  },
  "latency_cold": {
    "count": 110966,
    "mean_us": 19.352180,
    "p50_us": 18.729694,
    "p99_us": 42.953665,
    "min_us": 1.196034,
    "max_us": 50.035719
  },
  "dispatch_cct_us": 495.331485,
  "combine_cct_us": 495.403220,
  "roundtrip_step_us": 991.534705,
  "e2e_step_us": 2047.511268
}
