{
  "scenario": 1,
  "scheme": "islip",
  "mode": "roundtrip",
  "batch": 128,
  "zipf_s": 0.300000,
  "topk": 8,
  "ep_size": 64,
  "seed": 60,
  "start_skew_us": 4.000000,
  "tau_g_ns": 143.360000,
  "grain_bytes": 7168,
  "total_tokens": 131072,
  "max_egress_load": 307,
  "konig_us": 86.876160,
  "rtt_us": 0.600000,
  "barrier_us": 0.800000,
  "cct_us": 116.187752,
  "step_us": 210.386190,
  "gemv_us": 93.398438,
  "e2e_us": 209.586190,
  "throughput_GBs": 4465.711826,
  "latency_all": {
    "count": 131072,
    "mean_us": 20.921860,
    "p50_us": 20.094626,
    "p99_us": 45.328924,
    "min_us": 1.164768,
    "max_us": 58.752002
  },
  "latency_hot": {
    "count": 21782,
    "mean_us": 27.471391,
    "p50_us": 26.912428,
    "p99_us": 53.801042,
    "min_us": 1.356295,
    "max_us": 58.752002
  },
  "latency_cold": {
    "count": 52412,
    "mean_us": 18.317392,
    "p50_us": 18.231734,
    "p99_us": 32.089999,
    "min_us": 1.164768,
    "max_us": 38.066418
  },
  "dispatch_cct_us": 58.752002,
  "combine_cct_us": 57.435750,
  "roundtrip_step_us": 116.987752,
  "e2e_step_us": 210.386190
}
