{
  "scenario": 1,
  "scheme": "ub_rg_pop",
  "mode": "roundtrip",
  "batch": 128,
  "zipf_s": 0.700000,
  "topk": 8,
  "ep_size": 32,
  "seed": 7,
  "start_skew_us": 4.000000,
  "tau_g_ns": 143.360000,
  "grain_bytes": 7168,
  "total_tokens": 65536,
  "max_egress_load": 412,
  "konig_us": 116.695040,
  "rtt_us": 0.900000,
  "barrier_us": 0.800000,
  "cct_us": 140.106971,
  "step_us": 266.453846,
  "gemv_us": 125.546875,
  "e2e_us": 265.653846,
  "throughput_GBs": 1763.014704,
  "latency_all": {
    "count": 65536,
    "mean_us": 21.472296,
    "p50_us": 18.676464,
    "p99_us": 59.145149,
    "min_us": 1.483030,
    "max_us": 75.951560
  },
  "latency_hot": {
    "count": 15732,
    "mean_us": 33.126618,
    "p50_us": 32.718240,
    "p99_us": 65.118112,
    "min_us": 1.493568,
    "max_us": 75.951560
  },
  "latency_cold": {
    "count": 19834,
    "mean_us": 14.402829,
    "p50_us": 14.136525,
    "p99_us": 27.677740,
    "min_us": 1.483030,
    "max_us": 32.109324
  },
  "dispatch_cct_us": 75.951560,
  "combine_cct_us": 64.155410,
  "roundtrip_step_us": 140.906971,
  "e2e_step_us": 266.453846
}
