{
  "scenario": 1,
  "scheme": "ub_rg_pop",
  "mode": "roundtrip",
  "batch": 512,
  "zipf_s": 0.000000,
  "topk": 8,
  "ep_size": 32,
  "seed": 9,
  "start_skew_us": 4.000000,
  "tau_g_ns": 143.360000,
  "grain_bytes": 7168,
  "total_tokens": 262144,
  "max_egress_load": 560,
  "konig_us": 160.419840,
  "rtt_us": 0.900000,
  "barrier_us": 0.800000,
  "cct_us": 192.732885,
  "step_us": 358.298510,
  "gemv_us": 164.765625,
  "e2e_us": 357.498510,
  "throughput_GBs": 5244.365072,
  "latency_all": {
    "count": 262144,
    "mean_us": 47.049824,
    "p50_us": 38.243409,
    "p99_us": 85.300318,
    "min_us": 1.444926,
    "max_us": 96.725331
  },
  "latency_hot": {
    "count": 24378,
    "mean_us": 47.201604,
    "p50_us": 47.129742,
    "p99_us": 86.524898,
    "min_us": 1.582915,
    "max_us": 92.540740
  },
  "latency_cold": {
    "count": 131368,
    "mean_us": 46.914541,
    "p50_us": 46.805316,
    "p99_us": 87.089568,
    "min_us": 1.471625,
    "max_us": 96.725331
  },
  "dispatch_cct_us": 96.725331,
  "combine_cct_us": 96.007554,
  "roundtrip_step_us": 193.532885,
  "e2e_step_us": 358.298510
}
