{
  "scenario": 1,
  "scheme": "packet_spray",
  "mode": "roundtrip",
  "batch": 128,
  "zipf_s": 0.700000,
  "topk": 8,
  "ep_size": 64,
  "seed": 56,
  "start_skew_us": 4.000000,
  "tau_g_ns": 143.360000,
  "grain_bytes": 7168,
  "total_tokens": 131072,
  "max_egress_load": 689,
  "konig_us": 192.532480,
  "rtt_us": 0.000000,
  "barrier_us": 4.000000,
  "cct_us": 231.186725,
  "step_us": 439.288287,
  "gemv_us": 204.101562,
  "e2e_us": 435.288287,
  "throughput_GBs": 2138.741513,
  "latency_all": {
    "count": 131072,
    "mean_us": 45.643910,
    "p50_us": 36.704055,
    "p99_us": 105.456110,
    "min_us": 0.831830,
    "max_us": 118.849335
  },
  "latency_hot": {
    "count": 38922,
    "mean_us": 50.660182,
    "p50_us": 48.839815,
    "p99_us": 105.660215,
    "min_us": 1.376750,
    "max_us": 118.849335
  },
  "latency_cold": {
    "count": 35318,
    "mean_us": 43.740636,
    "p50_us": 28.616886,
    "p99_us": 108.179950,
    "min_us": 0.831830,
    "max_us": 112.337390
  },
  "dispatch_cct_us": 118.849335,
  "combine_cct_us": 112.337390,
  "roundtrip_step_us": 235.186725,
  "e2e_step_us": 439.288287
}
