{
  "scenario": 1,
  "scheme": "packet_spray",
  "mode": "roundtrip",
  "batch": 16,
  "zipf_s": 0.000000,
  "topk": 8,
  "ep_size": 32,
  "seed": 78,
  "start_skew_us": 4.000000,
  "tau_g_ns": 143.360000,
  "grain_bytes": 7168,
  "total_tokens": 8192,
  "max_egress_load": 26,
  "konig_us": 6.881280,
  "rtt_us": 0.000000,
  "barrier_us": 4.000000,
  "cct_us": 16.517079,
  "step_us": 26.259267,
  "gemv_us": 5.742188,
  "e2e_us": 22.259267,
  "throughput_GBs": 2236.172711,
  "latency_all": {
    "count": 8192,
    "mean_us": 5.304524,
    "p50_us": 5.555339,
    "p99_us": 7.730988,
    "min_us": 1.009983,
    "max_us": 8.447788
  },
  "latency_hot": {
    "count": 780,
    "mean_us": 3.967297,
    "p50_us": 3.413864,
    "p99_us": 7.587628,
    "min_us": 1.009983,
    "max_us": 8.017708
  },
  "latency_cold": {
    "count": 4138,
    "mean_us": 5.795120,
    "p50_us": 5.918892,
    "p99_us": 7.873820,
    "min_us": 1.201511,
    "max_us": 8.447788
  },
  "dispatch_cct_us": 8.447788,
  "combine_cct_us": 8.069292,
  "roundtrip_step_us": 20.517079,
  "e2e_step_us": 26.259267
}
