{
  "scenario": 1,
  "scheme": "packet_spray",
  "mode": "roundtrip",
  "batch": 64,
  "zipf_s": 0.700000,
  "topk": 8,
  "ep_size": 128,
  "seed": 44,
  "start_skew_us": 4.000000,
  "tau_g_ns": 143.360000,
  "grain_bytes": 7168,
  "total_tokens": 131072,
  "max_egress_load": 586,
  "konig_us": 162.856960,
  "rtt_us": 0.000000,
  "barrier_us": 4.000000,
  "cct_us": 202.340725,
  "step_us": 378.098537,
  "gemv_us": 171.757812,
  "e2e_us": 374.098537,
  "throughput_GBs": 2484.865726,
  "latency_all": {
    "count": 131072,
    "mean_us": 42.305771,
    "p50_us": 34.620376,
    "p99_us": 90.241915,
    "min_us": 5.725887,
    "max_us": 107.511290
  },
  "latency_hot": {
    "count": 44968,
    "mean_us": 46.753981,
    "p50_us": 43.076475,
    "p99_us": 93.318650,
    "min_us": 6.519675,
    "max_us": 107.511290
  },
  "latency_cold": {
    "count": 32168,
    "mean_us": 39.761393,
    "p50_us": 29.853534,
    "p99_us": 91.388795,
    "min_us": 5.725887,
    "max_us": 94.829435
  },
  "dispatch_cct_us": 107.511290,
  "combine_cct_us": 94.829435,
  "roundtrip_step_us": 206.340725,
  "e2e_step_us": 378.098537
}
