{
  "scenario": 1,
  "scheme": "ub_rg",
  "mode": "roundtrip",
  "batch": 256,
  "zipf_s": 0.700000,
  "topk": 8,
  "ep_size": 64,
  "seed": 14,
  "start_skew_us": 4.000000,
  "tau_g_ns": 143.360000,
  "grain_bytes": 7168,
  "total_tokens": 262144,
  "max_egress_load": 1356,
  "konig_us": 385.495040,
  "rtt_us": 0.600000,
  "barrier_us": 0.800000,
  "cct_us": 417.512878,
  "step_us": 834.641003,
  "gemv_us": 416.328125,
  "e2e_us": 833.841003,
  "throughput_GBs": 2251.325042,
  "latency_all": {
    "count": 262144,
    "mean_us": 41.529211,
    "p50_us": 24.718528,
    "p99_us": 165.679013,
    "min_us": 1.171680,
    "max_us": 210.380935
  },
  "latency_hot": {
    "count": 77752,
    "mean_us": 74.423751,
    "p50_us": 67.428895,
    "p99_us": 197.729469,
    "min_us": 1.171680,
    "max_us": 210.380935
  },
  "latency_cold": {
    "count": 70390,
    "mean_us": 21.442202,
    "p50_us": 21.217939,
    "p99_us": 38.085895,
    "min_us": 1.342157,
    "max_us": 45.356656
  },
  "dispatch_cct_us": 207.131943,
  "combine_cct_us": 210.380935,
  "roundtrip_step_us": 418.312878,
  "e2e_step_us": 834.641003
}
