{
  "scenario": 4,
  "scheme": "ub_rg",
  "mode": "roundtrip",
  "batch": 512,
  "zipf_s": 0.900000,
  "topk": 8,
  "ep_size": 128,
  "seed": 52,
  "start_skew_us": 4.000000,
  "tau_g_ns": 143.360000,
  "grain_bytes": 7168,
  "total_tokens": 1048576,
  "max_egress_load": 6469,
  "konig_us": 1804.185600,
  "rtt_us": 0.800000,
  "barrier_us": 1.600000,
  "cct_us": 1860.809722,
  "step_us": 3773.503472,
  "gemv_us": 1911.093750,
  "e2e_us": 3771.903472,
  "throughput_GBs": 1991.834067,
  "latency_all": {
    "count": 1048576,
    "mean_us": 125.417082,
    "p50_us": 20.382254,
    "p99_us": 456.743171,
    "min_us": 1.069251,
    "max_us": 931.349126
  },
  "latency_hot": {
    "count": 463020,
    "mean_us": 238.698294,
    "p50_us": 156.220910,
    "p99_us": 471.396307,
    "min_us": 1.069251,
    "max_us": 931.349126
  },
  "latency_cold": {
    "count": 190138,
    "mean_us": 17.848374,
    "p50_us": 17.256692,
    "p99_us": 38.661081,
    "min_us": 1.339750,
    "max_us": 53.361164
  },
  "dispatch_cct_us": 931.349126,
  "combine_cct_us": 929.460595,
  "roundtrip_step_us": 1862.409722,
  "e2e_step_us": 3773.503472
}
