{
  "scenario": 1,
  "scheme": "islip",
  "mode": "roundtrip",
  "batch": 128,
  "zipf_s": 0.000000,
  "topk": 8,
  "ep_size": 32,
  "seed": 91,
  "start_skew_us": 4.000000,
  "tau_g_ns": 143.360000,
  "grain_bytes": 7168,
  "total_tokens": 65536,
  "max_egress_load": 159,
  "konig_us": 44.441600,
  "rtt_us": 0.600000,
  "barrier_us": 0.800000,
  "cct_us": 53.517961,
  "step_us": 97.013274,
  "gemv_us": 42.695312,
  "e2e_us": 96.213274,
  "throughput_GBs": 4842.245080,
  "latency_all": {
    "count": 65536,
    "mean_us": 12.536344,
    "p50_us": 12.439689,
    "p99_us": 23.662149,
    "min_us": 1.154306,
    "max_us": 27.362470
  },
  "latency_hot": {
    "count": 6118,
    "mean_us": 12.091735,
    "p50_us": 12.019174,
    "p99_us": 22.756789,
    "min_us": 1.154306,
    "max_us": 24.323882
  },
  "latency_cold": {
    "count": 32790,
    "mean_us": 12.455176,
    "p50_us": 12.353548,
    "p99_us": 23.701318,
    "min_us": 1.211668,
    "max_us": 27.362470
  },
  "dispatch_cct_us": 26.155491,
  "combine_cct_us": 27.362470,
  "roundtrip_step_us": 54.317961,
  "e2e_step_us": 97.013274
}
