{
  "scenario": 4,
  "scheme": "ub_rg",
  "mode": "roundtrip",
  "batch": 512,
  "zipf_s": 0.700000,
  "topk": 8,
  "ep_size": 512,
  "seed": 53,
  "start_skew_us": 4.000000,
  "tau_g_ns": 143.360000,
  "grain_bytes": 7168,
  "total_tokens": 4194304,
  "max_egress_load": 13025,
  "konig_us": 3542.999040,
  "rtt_us": 0.800000,
  "barrier_us": 1.600000,
  "cct_us": 3738.924223,
  "step_us": 7393.141411,
  "gemv_us": 3652.617188,
  "e2e_us": 7391.541411,
  "throughput_GBs": 4066.575952,
  "latency_all": {
    "count": 4194304,
    "mean_us": 137.869260,
    "p50_us": 21.366598,
    "p99_us": 1095.358053,
    "min_us": 1.217479,
    "max_us": 1870.274169
  },
  "latency_hot": {
    "count": 1738742,
    "mean_us": 282.712079,
    "p50_us": 51.668543,
    "p99_us": 1095.352980,
    "min_us": 1.310095,
    "max_us": 1870.274169
  },
  "latency_cold": {
    "count": 925934,
    "mean_us": 22.342624,
    "p50_us": 14.986650,
    "p99_us": 39.760932,
    "min_us": 1.229808,
    "max_us": 114.982741
  },
  "dispatch_cct_us": 1870.274169,
  "combine_cct_us": 1868.650054,
  "roundtrip_step_us": 3740.524223,
  "e2e_step_us": 7393.141411
}
