{
  "scenario": 4,
  "scheme": "ub_rg",
  "mode": "roundtrip",
  "batch": 256,
  "zipf_s": 0.300000,
  "topk": 8,
  "ep_size": 256,
  "seed": 69,
  "start_skew_us": 4.000000,
  "tau_g_ns": 143.360000,
  "grain_bytes": 7168,
  "total_tokens": 1048576,
  "max_egress_load": 1030,
  "konig_us": 277.831680,
  "rtt_us": 0.800000,
  "barrier_us": 1.600000,
  "cct_us": 302.371670,
  "step_us": 587.682607,
  "gemv_us": 283.710938,
  "e2e_us": 586.082607,
  "throughput_GBs": 12789.544346,
  "latency_all": {
    "count": 1048576,
    "mean_us": 25.682763,
    "p50_us": 13.412808,
    "p99_us": 52.011104,
    "min_us": 1.049394,
    "max_us": 151.446743
  },
  "latency_hot": {
    "count": 193874,
    "mean_us": 41.589989,
    "p50_us": 39.228609,
    "p99_us": 117.150215,
    "min_us": 1.322933,
    "max_us": 151.446743
  },
  "latency_cold": {
    "count": 410188,
    "mean_us": 19.249275,
    "p50_us": 19.510601,
    "p99_us": 35.655081,
    "min_us": 1.049394,
    "max_us": 69.907738
  },
  "dispatch_cct_us": 150.924927,
  "combine_cct_us": 151.446743,
  "roundtrip_step_us": 303.971670,
  "e2e_step_us": 587.682607
}
