{
  "scenario": 1,
  "scheme": "ub_rg_pop",
  "mode": "roundtrip",
  "batch": 64,
  "zipf_s": 0.300000,
  "topk": 8,
  "ep_size": 64,
  "seed": 32,
  "tau_g_ns": 143.360000,
  "grain_bytes": 7168,
  "total_tokens": 65536,
  "max_egress_load": 160,
  "konig_us": 44.011520,
  "rtt_us": 0.900000,
  "barrier_us": 0.800000,
  "cct_us": 48.577317,
  "step_us": 49.377317,
  "throughput_GBs": 9513.721612,
  "latency_all": {
    "count": 65536,
    "mean_us": 6.904625,
    "p50_us": 6.430463,
    "p99_us": 18.137943,
    "min_us": 1.443903,
    "max_us": 24.294528
  },
  "latency_hot": {
    "count": 10712,
    "mean_us": 10.063471,
    "p50_us": 9.810336,
    "p99_us": 22.148942,
    "min_us": 1.444838,
    "max_us": 24.294528
  },
  "latency_cold": {
    "count": 26516,
    "mean_us": 5.632648,
    "p50_us": 5.538838,
    "p99_us": 10.520182,
    "min_us": 1.443903,
    "max_us": 12.084328
  },
  "dispatch_cct_us": 24.294528,
  "combine_cct_us": 24.282789,
  "roundtrip_step_us": 49.377317
}
