{
  "scenario": 1,
  "scheme": "islip",
  "mode": "roundtrip",
  "batch": 128,
  "zipf_s": 0.900000,
  "topk": 8,
  "ep_size": 128,
  "seed": 10,
  "start_skew_us": 4.000000,
  "tau_g_ns": 143.360000,
  "grain_bytes": 7168,
  "total_tokens": 262144,
  "max_egress_load": 1555,
  "konig_us": 442.122240,
  "rtt_us": 0.600000,
  "barrier_us": 0.800000,
  "cct_us": 453.376649,
  "step_us": 931.754774,
  "gemv_us": 477.578125,
  "e2e_us": 930.954774,
  "throughput_GBs": 2016.676752,
  "latency_all": {
    "count": 262144,
    "mean_us": 33.772800,
    "p50_us": 11.131841,
    "p99_us": 186.509457,
    "min_us": 1.161333,
    "max_us": 226.846252
  },
  "latency_hot": {
    "count": 115846,
    "mean_us": 61.963252,
    "p50_us": 47.075794,
    "p99_us": 212.082059,
    "min_us": 1.182604,
    "max_us": 226.846252
  },
  "latency_cold": {
    "count": 47180,
    "mean_us": 6.699168,
    "p50_us": 6.481239,
    "p99_us": 13.053972,
    "min_us": 1.161333,
    "max_us": 15.817999
  },
  "dispatch_cct_us": 226.846252,
  "combine_cct_us": 226.530397,
  "roundtrip_step_us": 454.176649,
  "e2e_step_us": 931.754774
}
