{
  "scenario": 4,
  "scheme": "ub_rg",
  "mode": "roundtrip",
  "batch": 256,
  "zipf_s": 0.000000,
  "topk": 8,
  "ep_size": 512,
  "seed": 60,
  "start_skew_us": 4.000000,
  "tau_g_ns": 143.360000,
  "grain_bytes": 7168,
  "total_tokens": 2097152,
  "max_egress_load": 340,
  "konig_us": 97.341440,
  "rtt_us": 0.800000,
  "barrier_us": 1.600000,
  "cct_us": 140.267690,
  "step_us": 227.141128,
  "gemv_us": 85.273438,
  "e2e_us": 225.541128,
  "throughput_GBs": 66180.817599,
  "latency_all": {
    "count": 2097152,
    "mean_us": 34.226935,
    "p50_us": 22.626162,
    "p99_us": 57.477170,
    "min_us": 1.364768,
    "max_us": 72.876018
  },
  "latency_hot": {
    "count": 207916,
    "mean_us": 34.352605,
    "p50_us": 33.561348,
    "p99_us": 58.969107,
    "min_us": 2.483385,
    "max_us": 70.062397
  },
  "latency_cold": {
    "count": 1049508,
    "mean_us": 34.229465,
    "p50_us": 26.068568,
    "p99_us": 54.599147,
    "min_us": 1.777858,
    "max_us": 72.846616
  },
  "dispatch_cct_us": 72.876018,
  "combine_cct_us": 67.391672,
  "roundtrip_step_us": 141.867690,
  "e2e_step_us": 227.141128
}
