{
  "scenario": 1,
  "scheme": "islip",
  "mode": "roundtrip",
  "batch": 16,
  "zipf_s": 0.900000,
  "topk": 8,
  "ep_size": 32,
  "seed": 11,
  "start_skew_us": 4.000000,
  "tau_g_ns": 143.360000,
  "grain_bytes": 7168,
  "total_tokens": 8192,
  "max_egress_load": 58,
  "konig_us": 16.629760,
  "rtt_us": 0.600000,
  "barrier_us": 0.800000,
  "cct_us": 25.249173,
  "step_us": 44.096048,
  "gemv_us": 18.046875,
  "e2e_us": 43.296048,
  "throughput_GBs": 1331.644399,
  "latency_all": {
    "count": 8192,
    "mean_us": 5.091465,
    "p50_us": 4.908376,
    "p99_us": 11.287033,
    "min_us": 1.197237,
    "max_us": 13.350278
  },
  "latency_hot": {
    "count": 2252,
    "mean_us": 6.619234,
    "p50_us": 6.443622,
    "p99_us": 11.975363,
    "min_us": 1.288086,
    "max_us": 13.350278
  },
  "latency_cold": {
    "count": 2018,
    "mean_us": 3.562267,
    "p50_us": 3.363622,
    "p99_us": 6.503598,
    "min_us": 1.283266,
    "max_us": 7.291438
  },
  "dispatch_cct_us": 13.350278,
  "combine_cct_us": 11.898895,
  "roundtrip_step_us": 26.049173,
  "e2e_step_us": 44.096048
}
