{
  "scenario": 4,
  "scheme": "packet_spray",
  "mode": "roundtrip",
  "batch": 512,
  "zipf_s": 0.900000,
  "topk": 8,
  "ep_size": 128,
  "seed": 66,
  "start_skew_us": 4.000000,
  "tau_g_ns": 143.360000,
  "grain_bytes": 7168,
  "total_tokens": 1048576,
  "max_egress_load": 6678,
  "konig_us": 1836.728320,
  "rtt_us": 0.000000,
  "barrier_us": 6.000000,
  "cct_us": 2011.984792,
  "step_us": 3934.859792,
  "gemv_us": 1916.875000,
  "e2e_us": 3928.859792,
  "throughput_GBs": 1910.155168,
  "latency_all": {
    "count": 1048576,
    "mean_us": 335.381876,
    "p50_us": 105.004441,
    "p99_us": 524.144035,
    "min_us": 1.873236,
    "max_us": 1045.359147
  },
  "latency_hot": {
    "count": 462402,
    "mean_us": 381.281131,
    "p50_us": 230.185325,
    "p99_us": 798.177645,
    "min_us": 2.625570,
    "max_us": 1003.928107
  },
  "latency_cold": {
    "count": 190252,
    "mean_us": 297.432431,
    "p50_us": 118.688205,
    "p99_us": 928.234027,
    "min_us": 3.060560,
    "max_us": 1045.359147
  },
  "dispatch_cct_us": 966.625645,
  "combine_cct_us": 1045.359147,
  "roundtrip_step_us": 2017.984792,
  "e2e_step_us": 3934.859792
}
