{
  "scenario": 3,
  "scheme": "ub_rg",
  "mode": "roundtrip",
  "batch": 16,
  "zipf_s": 0.300000,
  "topk": 8,
  "ep_size": 1024,
  "seed": 75,
  "tau_g_ns": 143.360000,
  "grain_bytes": 7168,
  "total_tokens": 262144,
  "max_egress_load": 116,
  "konig_us": 29.962240,
  "rtt_us": 1.100000,
  "barrier_us": 2.400000,
  "cct_us": 37.191083,
  "step_us": 39.591083,
  "throughput_GBs": 47461.398879,
  "latency_all": {
    "count": 262144,
    "mean_us": 3.842620,
    "p50_us": 3.377726,
    "p99_us": 7.641854,
    "min_us": 2.043380,
    "max_us": 18.625920
  },
  "latency_hot": {
    "count": 51254,
    "mean_us": 4.943259,
    "p50_us": 4.653856,
    "p99_us": 11.711343,
    "min_us": 2.044089,
    "max_us": 18.625920
  },
  "latency_cold": {
    "count": 101254,
    "mean_us": 3.416293,
    "p50_us": 3.370783,
    "p99_us": 5.228504,
    "min_us": 2.043380,
    "max_us": 6.783004
  },
  "dispatch_cct_us": 18.625920,
  "combine_cct_us": 18.565163,
  "roundtrip_step_us": 39.591083
}
