{
  "scenario": 1,
  "scheme": "ub_rg",
  "mode": "roundtrip",
  "batch": 64,
  "zipf_s": 0.900000,
  "topk": 8,
  "ep_size": 32,
  "seed": 88,
  "start_skew_us": 4.000000,
  "tau_g_ns": 143.360000,
  "grain_bytes": 7168,
  "total_tokens": 32768,
  "max_egress_load": 243,
  "konig_us": 67.665920,
  "rtt_us": 0.600000,
  "barrier_us": 0.800000,
  "cct_us": 78.350806,
  "step_us": 150.635181,
  "gemv_us": 71.484375,
  "e2e_us": 149.835181,
  "throughput_GBs": 1559.270703,
  "latency_all": {
    "count": 32768,
    "mean_us": 10.768918,
    "p50_us": 8.472681,
    "p99_us": 33.450597,
    "min_us": 1.272906,
    "max_us": 39.779563
  },
  "latency_hot": {
    "count": 9026,
    "mean_us": 17.853733,
    "p50_us": 17.470099,
    "p99_us": 35.849286,
    "min_us": 1.501427,
    "max_us": 39.779563
  },
  "latency_cold": {
    "count": 8214,
    "mean_us": 5.808471,
    "p50_us": 5.733743,
    "p99_us": 10.478790,
    "min_us": 1.272906,
    "max_us": 12.021214
  },
  "dispatch_cct_us": 39.779563,
  "combine_cct_us": 38.571243,
  "roundtrip_step_us": 79.150806,
  "e2e_step_us": 150.635181
}
