{
  "scenario": 4,
  "scheme": "packet_spray",
  "mode": "roundtrip",
  "batch": 16,
  "zipf_s": 0.900000,
  "topk": 8,
  "ep_size": 512,
  "seed": 62,
  "start_skew_us": 4.000000,
  "tau_g_ns": 143.360000,
  "grain_bytes": 7168,
  "total_tokens": 131072,
  "max_egress_load": 703,
  "konig_us": 190.812160,
  "rtt_us": 0.000000,
  "barrier_us": 6.000000,
  "cct_us": 202.595046,
  "step_us": 404.727859,
  "gemv_us": 196.132812,
  "e2e_us": 398.727859,
  "throughput_GBs": 2321.372438,
  "latency_all": {
    "count": 131072,
    "mean_us": 30.852388,
    "p50_us": 19.422782,
    "p99_us": 92.736267,
    "min_us": 0.284482,
    "max_us": 105.065227
  },
  "latency_hot": {
    "count": 72554,
    "mean_us": 33.925656,
    "p50_us": 24.783627,
    "p99_us": 92.306187,
    "min_us": 0.284482,
    "max_us": 103.918347
  },
  "latency_cold": {
    "count": 19088,
    "mean_us": 26.864637,
    "p50_us": 6.747460,
    "p99_us": 93.309707,
    "min_us": 0.289876,
    "max_us": 105.065227
  },
  "dispatch_cct_us": 97.529819,
  "combine_cct_us": 105.065227,
  "roundtrip_step_us": 208.595046,
  "e2e_step_us": 404.727859
}
