{
  "scenario": 1,
  "scheme": "packet_spray",
  "mode": "roundtrip",
  "batch": 64,
  "zipf_s": 0.300000,
  "topk": 8,
  "ep_size": 64,
  "seed": 10,
  "tau_g_ns": 143.360000,
  "grain_bytes": 7168,
  "total_tokens": 65536,
  "max_egress_load": 163,
  "konig_us": 44.584960,
  "rtt_us": 0.000000,
  "barrier_us": 4.000000,
  "cct_us": 62.144800,
  "step_us": 66.144800,
  "throughput_GBs": 7102.025375,
  "latency_all": {
    "count": 65536,
    "mean_us": 14.298525,
    "p50_us": 13.582480,
    "p99_us": 28.061840,
    "min_us": 0.536720,
    "max_us": 31.359120
  },
  "latency_hot": {
    "count": 10848,
    "mean_us": 14.056223,
    "p50_us": 14.299280,
    "p99_us": 27.631760,
    "min_us": 0.536720,
    "max_us": 31.359120
  },
  "latency_cold": {
    "count": 26538,
    "mean_us": 15.006918,
    "p50_us": 13.439120,
    "p99_us": 28.778640,
    "min_us": 0.536720,
    "max_us": 30.785680
  },
  "dispatch_cct_us": 31.359120,
  "combine_cct_us": 30.785680,
  "roundtrip_step_us": 66.144800
}
