{
  "scenario": 1,
  "scheme": "packet_spray",
  "mode": "roundtrip",
  "batch": 64,
  "zipf_s": 0.700000,
  "topk": 8,
  "ep_size": 32,
  "seed": 8,
  "start_skew_us": 4.000000,
  "tau_g_ns": 143.360000,
  "grain_bytes": 7168,
  "total_tokens": 32768,
  "max_egress_load": 221,
  "konig_us": 59.781120,
  "rtt_us": 0.000000,
  "barrier_us": 4.000000,
  "cct_us": 98.195972,
  "step_us": 163.250659,
  "gemv_us": 61.054688,
  "e2e_us": 159.250659,
  "throughput_GBs": 1438.775348,
  "latency_all": {
    "count": 32768,
    "mean_us": 26.282858,
    "p50_us": 25.172627,
    "p99_us": 44.247783,
    "min_us": 4.123389,
    "max_us": 51.654428
  },
  "latency_hot": {
    "count": 7794,
    "mean_us": 27.292766,
    "p50_us": 27.609747,
    "p99_us": 45.633308,
    "min_us": 4.123389,
    "max_us": 51.654428
  },
  "latency_cold": {
    "count": 10022,
    "mean_us": 26.338353,
    "p50_us": 24.100243,
    "p99_us": 44.821223,
    "min_us": 4.123389,
    "max_us": 46.541543
  },
  "dispatch_cct_us": 51.654428,
  "combine_cct_us": 46.541543,
  "roundtrip_step_us": 102.195972,
  "e2e_step_us": 163.250659
}
