{
  "scenario": 4,
  "scheme": "ub_rg",
  "mode": "roundtrip",
  "batch": 256,
  "zipf_s": 0.700000,
  "topk": 8,
  "ep_size": 512,
  "seed": 88,
  "start_skew_us": 4.000000,
  "tau_g_ns": 143.360000,
  "grain_bytes": 7168,
  "total_tokens": 2097152,
  "max_egress_load": 6549,
  "konig_us": 1788.272640,
  "rtt_us": 0.800000,
  "barrier_us": 1.600000,
  "cct_us": 1907.275877,
  "step_us": 3760.438377,
  "gemv_us": 1851.562500,
  "e2e_us": 3758.838377,
  "throughput_GBs": 3997.508809,
  "latency_all": {
    "count": 2097152,
    "mean_us": 80.868304,
    "p50_us": 20.164061,
    "p99_us": 422.834706,
    "min_us": 1.356657,
    "max_us": 954.041963
  },
  "latency_hot": {
    "count": 873202,
    "mean_us": 153.387388,
    "p50_us": 54.921779,
    "p99_us": 422.875039,
    "min_us": 4.253953,
    "max_us": 954.041963
  },
  "latency_cold": {
    "count": 460578,
    "mean_us": 22.385806,
    "p50_us": 22.464400,
    "p99_us": 33.051274,
    "min_us": 1.688021,
    "max_us": 75.513974
  },
  "dispatch_cct_us": 954.041963,
  "combine_cct_us": 953.233914,
  "roundtrip_step_us": 1908.875877,
  "e2e_step_us": 3760.438377
}
