{
  "scenario": 1,
  "scheme": "ub_rg",
  "mode": "roundtrip",
  "batch": 128,
  "zipf_s": 0.900000,
  "topk": 8,
  "ep_size": 64,
  "seed": 51,
  "start_skew_us": 4.000000,
  "tau_g_ns": 143.360000,
  "grain_bytes": 7168,
  "total_tokens": 131072,
  "max_egress_load": 861,
  "konig_us": 243.855360,
  "rtt_us": 0.600000,
  "barrier_us": 0.800000,
  "cct_us": 252.133697,
  "step_us": 515.394634,
  "gemv_us": 262.460938,
  "e2e_us": 514.594634,
  "throughput_GBs": 1822.921764,
  "latency_all": {
    "count": 131072,
    "mean_us": 23.945601,
    "p50_us": 14.258213,
    "p99_us": 111.128946,
    "min_us": 1.389301,
    "max_us": 126.920700
  },
  "latency_hot": {
    "count": 48232,
    "mean_us": 44.053399,
    "p50_us": 39.288728,
    "p99_us": 118.500970,
    "min_us": 1.454885,
    "max_us": 126.920700
  },
  "latency_cold": {
    "count": 27690,
    "mean_us": 7.443593,
    "p50_us": 7.230834,
    "p99_us": 14.462638,
    "min_us": 1.471954,
    "max_us": 17.204391
  },
  "dispatch_cct_us": 126.920700,
  "combine_cct_us": 125.212997,
  "roundtrip_step_us": 252.933697,
  "e2e_step_us": 515.394634
}
