{
  "scenario": 1,
  "scheme": "ub_rg",
  "mode": "roundtrip",
  "batch": 64,
  "zipf_s": 0.000000,
  "topk": 8,
  "ep_size": 128,
  "seed": 36,
  "tau_g_ns": 143.360000,
  "grain_bytes": 7168,
  "total_tokens": 131072,
  "max_egress_load": 89,
  "konig_us": 25.231360,
  "rtt_us": 0.600000,
  "barrier_us": 0.800000,
  "cct_us": 29.204450,
  "step_us": 30.004450,
  "throughput_GBs": 31312.825183,
  "latency_all": {
    "count": 131072,
    "mean_us": 6.491044,
    "p50_us": 6.422555,
    "p99_us": 12.340817,
    "min_us": 1.143523,
    "max_us": 15.084594
  },
  "latency_hot": {
    "count": 12304,
    "mean_us": 6.490579,
    "p50_us": 6.436357,
    "p99_us": 12.244167,
    "min_us": 1.147790,
    "max_us": 13.525558
  },
  "latency_cold": {
    "count": 65836,
    "mean_us": 6.511476,
    "p50_us": 6.448092,
    "p99_us": 12.396580,
    "min_us": 1.144216,
    "max_us": 14.661449
  },
  "dispatch_cct_us": 15.084594,
  "combine_cct_us": 14.119856,
  "roundtrip_step_us": 30.004450
}
