{
  "scenario": 2,
  "scheme": "packet_spray",
  "mode": "roundtrip",
  "batch": 64,
  "zipf_s": 0.300000,
  "topk": 8,
  "ep_size": 256,
  "seed": 82,
  "tau_g_ns": 143.360000,
  "grain_bytes": 7168,
  "total_tokens": 262144,
  "max_egress_load": 238,
  "konig_us": 66.375680,
  "rtt_us": 0.000000,
  "barrier_us": 8.000000,
  "cct_us": 87.202720,
  "step_us": 95.202720,
  "throughput_GBs": 19737.337253,
  "latency_all": {
    "count": 262144,
    "mean_us": 20.088374,
    "p50_us": 16.076240,
    "p99_us": 36.863440,
    "min_us": 0.880080,
    "max_us": 44.318160
  },
  "latency_hot": {
    "count": 48944,
    "mean_us": 19.113701,
    "p50_us": 18.513360,
    "p99_us": 34.856400,
    "min_us": 0.880080,
    "max_us": 42.884560
  },
  "latency_cold": {
    "count": 102486,
    "mean_us": 20.944069,
    "p50_us": 16.649680,
    "p99_us": 42.024400,
    "min_us": 0.880080,
    "max_us": 44.318160
  },
  "dispatch_cct_us": 42.884560,
  "combine_cct_us": 44.318160,
  "roundtrip_step_us": 95.202720
}
