{
  "scenario": 1,
  "scheme": "islip",
  "mode": "roundtrip",
  "batch": 512,
  "zipf_s": 0.900000,
  "topk": 8,
  "ep_size": 32,
  "seed": 66,
  "start_skew_us": 4.000000,
  "tau_g_ns": 143.360000,
  "grain_bytes": 7168,
  "total_tokens": 262144,
  "max_egress_load": 1878,
  "konig_us": 534.732800,
  "rtt_us": 0.600000,
  "barrier_us": 0.800000,
  "cct_us": 544.167029,
  "step_us": 1123.560779,
  "gemv_us": 578.593750,
  "e2e_us": 1122.760779,
  "throughput_GBs": 1672.404580,
  "latency_all": {
    "count": 262144,
    "mean_us": 61.207995,
    "p50_us": 31.219839,
    "p99_us": 232.676192,
    "min_us": 1.264544,
    "max_us": 272.366153
  },
  "latency_hot": {
    "count": 72700,
    "mean_us": 115.139431,
    "p50_us": 111.921636,
    "p99_us": 261.832886,
    "min_us": 1.612357,
    "max_us": 272.366153
  },
  "latency_cold": {
    "count": 66848,
    "mean_us": 22.407926,
    "p50_us": 21.844221,
    "p99_us": 48.852236,
    "min_us": 1.264544,
    "max_us": 57.214371
  },
  "dispatch_cct_us": 272.366153,
  "combine_cct_us": 271.800876,
  "roundtrip_step_us": 544.967029,
  "e2e_step_us": 1123.560779
}
