{
  "scenario": 2,
  "scheme": "ub_rg_pop",
  "mode": "roundtrip",
  "batch": 64,
  "zipf_s": 0.300000,
  "topk": 8,
  "ep_size": 256,
  "seed": 62,
  "tau_g_ns": 143.360000,
  "grain_bytes": 7168,
  "total_tokens": 262144,
  "max_egress_load": 260,
  "konig_us": 69.959680,
  "rtt_us": 1.650000,
  "barrier_us": 2.400000,
  "cct_us": 79.670798,
  "step_us": 82.070798,
  "throughput_GBs": 22895.454273,
  "latency_all": {
    "count": 262144,
    "mean_us": 8.869156,
    "p50_us": 7.090319,
    "p99_us": 21.415555,
    "min_us": 2.593365,
    "max_us": 39.891215
  },
  "latency_hot": {
    "count": 48154,
    "mean_us": 12.973257,
    "p50_us": 12.491263,
    "p99_us": 30.918675,
    "min_us": 2.595150,
    "max_us": 39.891215
  },
  "latency_cold": {
    "count": 102640,
    "mean_us": 7.173627,
    "p50_us": 7.102710,
    "p99_us": 12.528413,
    "min_us": 2.593365,
    "max_us": 15.232731
  },
  "dispatch_cct_us": 39.779582,
  "combine_cct_us": 39.891215,
  "roundtrip_step_us": 82.070798
}
