{
  "scenario": 4,
  "scheme": "packet_spray",
  "mode": "roundtrip",
  "batch": 64,
  "zipf_s": 0.300000,
  "topk": 8,
  "ep_size": 512,
  "seed": 95,
  "start_skew_us": 4.000000,
  "tau_g_ns": 143.360000,
  "grain_bytes": 7168,
  "total_tokens": 524288,
  "max_egress_load": 288,
  "konig_us": 79.421440,
  "rtt_us": 0.000000,
  "barrier_us": 6.000000,
  "cct_us": 126.693137,
  "step_us": 215.544699,
  "gemv_us": 82.851562,
  "e2e_us": 209.544699,
  "throughput_GBs": 17435.345889,
  "latency_all": {
    "count": 524288,
    "mean_us": 31.861326,
    "p50_us": 27.972177,
    "p99_us": 42.547089,
    "min_us": 0.336720,
    "max_us": 64.809524
  },
  "latency_hot": {
    "count": 100172,
    "mean_us": 31.879738,
    "p50_us": 31.696026,
    "p99_us": 52.952373,
    "min_us": 0.336720,
    "max_us": 64.809524
  },
  "latency_cold": {
    "count": 204008,
    "mean_us": 32.439314,
    "p50_us": 30.547477,
    "p99_us": 53.998813,
    "min_us": 0.536720,
    "max_us": 61.883613
  },
  "dispatch_cct_us": 64.809524,
  "combine_cct_us": 61.883613,
  "roundtrip_step_us": 132.693137,
  "e2e_step_us": 215.544699
}
