{
  "scenario": 4,
  "scheme": "packet_spray",
  "mode": "roundtrip",
  "batch": 256,
  "zipf_s": 0.000000,
  "topk": 8,
  "ep_size": 128,
  "seed": 3,
  "start_skew_us": 4.000000,
  "tau_g_ns": 143.360000,
  "grain_bytes": 7168,
  "total_tokens": 524288,
  "max_egress_load": 326,
  "konig_us": 90.030080,
  "rtt_us": 0.000000,
  "barrier_us": 6.000000,
  "cct_us": 186.352193,
  "step_us": 277.313130,
  "gemv_us": 84.960938,
  "e2e_us": 271.313130,
  "throughput_GBs": 13551.815537,
  "latency_all": {
    "count": 524288,
    "mean_us": 58.159625,
    "p50_us": 57.923994,
    "p99_us": 76.536086,
    "min_us": 1.558715,
    "max_us": 94.476587
  },
  "latency_hot": {
    "count": 49294,
    "mean_us": 49.847506,
    "p50_us": 50.034987,
    "p99_us": 81.430428,
    "min_us": 2.487120,
    "max_us": 91.875606
  },
  "latency_cold": {
    "count": 261272,
    "mean_us": 62.616976,
    "p50_us": 61.196566,
    "p99_us": 81.884081,
    "min_us": 1.702075,
    "max_us": 94.476587
  },
  "dispatch_cct_us": 91.875606,
  "combine_cct_us": 94.476587,
  "roundtrip_step_us": 192.352193,
  "e2e_step_us": 277.313130
}
