{
  "scenario": 4,
  "scheme": "packet_spray",
  "mode": "roundtrip",
  "batch": 128,
  "zipf_s": 0.300000,
  "topk": 8,
  "ep_size": 512,
  "seed": 58,
  "start_skew_us": 4.000000,
  "tau_g_ns": 143.360000,
  "grain_bytes": 7168,
  "total_tokens": 1048576,
  "max_egress_load": 610,
  "konig_us": 169.164800,
  "rtt_us": 0.000000,
  "barrier_us": 6.000000,
  "cct_us": 236.404329,
  "step_us": 420.255891,
  "gemv_us": 177.851562,
  "e2e_us": 414.255891,
  "throughput_GBs": 17884.800480,
  "latency_all": {
    "count": 1048576,
    "mean_us": 49.814410,
    "p50_us": 34.324587,
    "p99_us": 56.403857,
    "min_us": 1.021435,
    "max_us": 119.983885
  },
  "latency_hot": {
    "count": 202080,
    "mean_us": 50.664365,
    "p50_us": 48.733965,
    "p99_us": 93.626204,
    "min_us": 1.108155,
    "max_us": 119.983885
  },
  "latency_cold": {
    "count": 406876,
    "mean_us": 50.795591,
    "p50_us": 37.571861,
    "p99_us": 49.107724,
    "min_us": 1.021435,
    "max_us": 116.420444
  },
  "dispatch_cct_us": 119.983885,
  "combine_cct_us": 116.420444,
  "roundtrip_step_us": 242.404329,
  "e2e_step_us": 420.255891
}
