{
  "scenario": 1,
  "scheme": "packet_spray",
  "mode": "roundtrip",
  "batch": 128,
  "zipf_s": 0.300000,
  "topk": 8,
  "ep_size": 128,
  "seed": 8,
  "start_skew_us": 4.000000,
  "tau_g_ns": 143.360000,
  "grain_bytes": 7168,
  "total_tokens": 262144,
  "max_egress_load": 389,
  "konig_us": 108.810240,
  "rtt_us": 0.000000,
  "barrier_us": 4.000000,
  "cct_us": 151.174789,
  "step_us": 270.682601,
  "gemv_us": 115.507812,
  "e2e_us": 266.682601,
  "throughput_GBs": 6941.887593,
  "latency_all": {
    "count": 262144,
    "mean_us": 33.991450,
    "p50_us": 29.233540,
    "p99_us": 60.977142,
    "min_us": 0.862363,
    "max_us": 76.148367
  },
  "latency_hot": {
    "count": 45498,
    "mean_us": 33.877630,
    "p50_us": 34.168822,
    "p99_us": 63.654043,
    "min_us": 0.862363,
    "max_us": 76.148367
  },
  "latency_cold": {
    "count": 103846,
    "mean_us": 35.387889,
    "p50_us": 30.347001,
    "p99_us": 70.438902,
    "min_us": 0.862363,
    "max_us": 75.026422
  },
  "dispatch_cct_us": 76.148367,
  "combine_cct_us": 75.026422,
  "roundtrip_step_us": 155.174789,
  "e2e_step_us": 270.682601
}
