{
  "scenario": 1,
  "scheme": "islip",
  "mode": "roundtrip",
  "batch": 256,
  "zipf_s": 0.300000,
  "topk": 8,
  "ep_size": 64,
  "seed": 46,
  "start_skew_us": 4.000000,
  "tau_g_ns": 143.360000,
  "grain_bytes": 7168,
  "total_tokens": 262144,
  "max_egress_load": 610,
  "konig_us": 171.171840,
  "rtt_us": 0.600000,
  "barrier_us": 0.800000,
  "cct_us": 194.099902,
  "step_us": 377.243652,
  "gemv_us": 182.343750,
  "e2e_us": 376.443652,
  "throughput_GBs": 4980.993529,
  "latency_all": {
    "count": 262144,
    "mean_us": 30.088781,
    "p50_us": 23.981081,
    "p99_us": 71.115648,
    "min_us": 1.144081,
    "max_us": 101.210990
  },
  "latency_hot": {
    "count": 42968,
    "mean_us": 42.354804,
    "p50_us": 41.668441,
    "p99_us": 88.017172,
    "min_us": 1.300552,
    "max_us": 101.210990
  },
  "latency_cold": {
    "count": 105164,
    "mean_us": 24.621941,
    "p50_us": 24.399681,
    "p99_us": 46.623432,
    "min_us": 1.144081,
    "max_us": 55.344810
  },
  "dispatch_cct_us": 101.210990,
  "combine_cct_us": 92.888913,
  "roundtrip_step_us": 194.899902,
  "e2e_step_us": 377.243652
}
