{
  "scenario": 1,
  "scheme": "ub_rg",
  "mode": "roundtrip",
  "batch": 512,
  "zipf_s": 0.300000,
  "topk": 8,
  "ep_size": 64,
  "seed": 88,
  "start_skew_us": 4.000000,
  "tau_g_ns": 143.360000,
  "grain_bytes": 7168,
  "total_tokens": 524288,
  "max_egress_load": 1228,
  "konig_us": 345.784320,
  "rtt_us": 0.600000,
  "barrier_us": 0.800000,
  "cct_us": 378.478691,
  "step_us": 749.044316,
  "gemv_us": 369.765625,
  "e2e_us": 748.244316,
  "throughput_GBs": 5017.188305,
  "latency_all": {
    "count": 524288,
    "mean_us": 49.947668,
    "p50_us": 40.535301,
    "p99_us": 81.598410,
    "min_us": 1.151709,
    "max_us": 192.043236
  },
  "latency_hot": {
    "count": 86146,
    "mean_us": 76.642366,
    "p50_us": 74.663606,
    "p99_us": 173.186986,
    "min_us": 1.407941,
    "max_us": 192.043236
  },
  "latency_cold": {
    "count": 210156,
    "mean_us": 39.409660,
    "p50_us": 37.725387,
    "p99_us": 74.383302,
    "min_us": 1.361315,
    "max_us": 86.947955
  },
  "dispatch_cct_us": 192.043236,
  "combine_cct_us": 186.435455,
  "roundtrip_step_us": 379.278691,
  "e2e_step_us": 749.044316
}
