{
  "scenario": 4,
  "scheme": "ub_rg",
  "mode": "roundtrip",
  "batch": 64,
  "zipf_s": 0.900000,
  "topk": 8,
  "ep_size": 512,
  "seed": 47,
  "start_skew_us": 4.000000,
  "tau_g_ns": 143.360000,
  "grain_bytes": 7168,
  "total_tokens": 524288,
  "max_egress_load": 2918,
  "konig_us": 781.312000,
  "rtt_us": 0.800000,
  "barrier_us": 1.600000,
  "cct_us": 846.704841,
  "step_us": 1639.281403,
  "gemv_us": 790.976562,
  "e2e_us": 1637.681403,
  "throughput_GBs": 2292.526699,
  "latency_all": {
    "count": 524288,
    "mean_us": 40.445792,
    "p50_us": 10.540138,
    "p99_us": 91.078830,
    "min_us": 1.110011,
    "max_us": 423.598465
  },
  "latency_hot": {
    "count": 290936,
    "mean_us": 66.811833,
    "p50_us": 23.460969,
    "p99_us": 330.289253,
    "min_us": 1.148744,
    "max_us": 423.598465
  },
  "latency_cold": {
    "count": 76004,
    "mean_us": 5.255369,
    "p50_us": 5.221014,
    "p99_us": 9.106812,
    "min_us": 1.140364,
    "max_us": 17.855536
  },
  "dispatch_cct_us": 423.106376,
  "combine_cct_us": 423.598465,
  "roundtrip_step_us": 848.304841,
  "e2e_step_us": 1639.281403
}
