{
  "scenario": 1,
  "scheme": "ub_rg",
  "mode": "roundtrip",
  "batch": 256,
  "zipf_s": 0.700000,
  "topk": 8,
  "ep_size": 128,
  "seed": 70,
  "tau_g_ns": 143.360000,
  "grain_bytes": 7168,
  "total_tokens": 524288,
  "max_egress_load": 2224,
  "konig_us": 633.364480,
  "rtt_us": 0.600000,
  "barrier_us": 0.800000,
  "cct_us": 639.837224,
  "step_us": 640.637224,
  "throughput_GBs": 5866.184864,
  "latency_all": {
    "count": 524288,
    "mean_us": 41.743250,
    "p50_us": 16.860015,
    "p99_us": 88.230782,
    "min_us": 1.143887,
    "max_us": 319.943764
  },
  "latency_hot": {
    "count": 180956,
    "mean_us": 86.412644,
    "p50_us": 69.386595,
    "p99_us": 299.399988,
    "min_us": 1.144674,
    "max_us": 319.943764
  },
  "latency_cold": {
    "count": 129140,
    "mean_us": 11.207219,
    "p50_us": 10.921072,
    "p99_us": 23.872597,
    "min_us": 1.143887,
    "max_us": 28.006724
  },
  "dispatch_cct_us": 319.943764,
  "combine_cct_us": 319.893460,
  "roundtrip_step_us": 640.637224
}
