{
  "scenario": 1,
  "scheme": "ub_rg_pop",
  "mode": "roundtrip",
  "batch": 512,
  "zipf_s": 0.300000,
  "topk": 8,
  "ep_size": 32,
  "seed": 65,
  "start_skew_us": 4.000000,
  "tau_g_ns": 143.360000,
  "grain_bytes": 7168,
  "total_tokens": 262144,
  "max_egress_load": 983,
  "konig_us": 276.254720,
  "rtt_us": 0.900000,
  "barrier_us": 0.800000,
  "cct_us": 287.516908,
  "step_us": 583.043471,
  "gemv_us": 294.726562,
  "e2e_us": 582.243471,
  "throughput_GBs": 3222.826918,
  "latency_all": {
    "count": 262144,
    "mean_us": 42.534857,
    "p50_us": 31.563386,
    "p99_us": 109.722702,
    "min_us": 1.630123,
    "max_us": 144.475171
  },
  "latency_hot": {
    "count": 39124,
    "mean_us": 62.967414,
    "p50_us": 62.103218,
    "p99_us": 135.319941,
    "min_us": 1.789579,
    "max_us": 144.475171
  },
  "latency_cold": {
    "count": 109120,
    "mean_us": 34.176494,
    "p50_us": 34.009958,
    "p99_us": 67.532286,
    "min_us": 1.771125,
    "max_us": 78.392943
  },
  "dispatch_cct_us": 143.041737,
  "combine_cct_us": 144.475171,
  "roundtrip_step_us": 288.316908,
  "e2e_step_us": 583.043471
}
