{
  "scenario": 4,
  "scheme": "ub_rg",
  "mode": "roundtrip",
  "batch": 128,
  "zipf_s": 0.700000,
  "topk": 8,
  "ep_size": 512,
  "seed": 49,
  "start_skew_us": 4.000000,
  "tau_g_ns": 143.360000,
  "grain_bytes": 7168,
  "total_tokens": 1048576,
  "max_egress_load": 3233,
  "konig_us": 884.531200,
  "rtt_us": 0.800000,
  "barrier_us": 1.600000,
  "cct_us": 959.447653,
  "step_us": 1878.821091,
  "gemv_us": 917.773438,
  "e2e_us": 1877.221091,
  "throughput_GBs": 4000.483497,
  "latency_all": {
    "count": 1048576,
    "mean_us": 46.510778,
    "p50_us": 17.352585,
    "p99_us": 141.703053,
    "min_us": 1.175111,
    "max_us": 482.545133
  },
  "latency_hot": {
    "count": 434908,
    "mean_us": 82.729226,
    "p50_us": 49.752866,
    "p99_us": 206.507988,
    "min_us": 2.402253,
    "max_us": 482.545133
  },
  "latency_cold": {
    "count": 231736,
    "mean_us": 17.377797,
    "p50_us": 16.368940,
    "p99_us": 28.408414,
    "min_us": 1.244201,
    "max_us": 53.470493
  },
  "dispatch_cct_us": 482.545133,
  "combine_cct_us": 476.902521,
  "roundtrip_step_us": 961.047653,
  "e2e_step_us": 1878.821091
}
