{
  "scenario": 1,
  "scheme": "ub_rg_pop",
  "mode": "roundtrip",
  "batch": 64,
  "zipf_s": 0.900000,
  "topk": 8,
  "ep_size": 128,
  "seed": 56,
  "start_skew_us": 4.000000,
  "tau_g_ns": 143.360000,
  "grain_bytes": 7168,
  "total_tokens": 131072,
  "max_egress_load": 774,
  "konig_us": 219.627520,
  "rtt_us": 0.900000,
  "barrier_us": 0.800000,
  "cct_us": 255.641066,
  "step_us": 493.120753,
  "gemv_us": 236.679688,
  "e2e_us": 492.320753,
  "throughput_GBs": 1905.261724,
  "latency_all": {
    "count": 131072,
    "mean_us": 29.556199,
    "p50_us": 22.130630,
    "p99_us": 109.123954,
    "min_us": 1.453901,
    "max_us": 135.152920
  },
  "latency_hot": {
    "count": 57720,
    "mean_us": 43.400341,
    "p50_us": 36.475126,
    "p99_us": 115.776247,
    "min_us": 2.937391,
    "max_us": 135.152920
  },
  "latency_cold": {
    "count": 23934,
    "mean_us": 16.218687,
    "p50_us": 16.361809,
    "p99_us": 25.158789,
    "min_us": 2.186847,
    "max_us": 32.164258
  },
  "dispatch_cct_us": 135.152920,
  "combine_cct_us": 120.488145,
  "roundtrip_step_us": 256.441066,
  "e2e_step_us": 493.120753
}
