{
  "scenario": 1,
  "scheme": "packet_spray",
  "mode": "roundtrip",
  "batch": 256,
  "zipf_s": 0.900000,
  "topk": 8,
  "ep_size": 32,
  "seed": 6,
  "start_skew_us": 4.000000,
  "tau_g_ns": 143.360000,
  "grain_bytes": 7168,
  "total_tokens": 131072,
  "max_egress_load": 966,
  "konig_us": 270.950400,
  "rtt_us": 0.000000,
  "barrier_us": 4.000000,
  "cct_us": 350.323857,
  "step_us": 642.800419,
  "gemv_us": 288.476562,
  "e2e_us": 638.800419,
  "throughput_GBs": 1461.610895,
  "latency_all": {
    "count": 131072,
    "mean_us": 80.293285,
    "p50_us": 71.964052,
    "p99_us": 161.951485,
    "min_us": 3.682045,
    "max_us": 181.347732
  },
  "latency_hot": {
    "count": 36404,
    "mean_us": 86.300870,
    "p50_us": 86.974205,
    "p99_us": 169.592212,
    "min_us": 3.682045,
    "max_us": 181.347732
  },
  "latency_cold": {
    "count": 33394,
    "mean_us": 78.120360,
    "p50_us": 62.316285,
    "p99_us": 163.671805,
    "min_us": 12.039572,
    "max_us": 168.976125
  },
  "dispatch_cct_us": 181.347732,
  "combine_cct_us": 168.976125,
  "roundtrip_step_us": 354.323857,
  "e2e_step_us": 642.800419
}
