{
  "scenario": 1,
  "scheme": "ub_rg",
  "mode": "roundtrip",
  "batch": 64,
  "zipf_s": 0.900000,
  "topk": 8,
  "ep_size": 32,
  "seed": 20,
  "start_skew_us": 4.000000,
  "tau_g_ns": 143.360000,
  "grain_bytes": 7168,
  "total_tokens": 32768,
  "max_egress_load": 240,
  "konig_us": 67.665920,
  "rtt_us": 0.600000,
  "barrier_us": 0.800000,
  "cct_us": 93.556473,
  "step_us": 166.739286,
  "gemv_us": 72.382812,
  "e2e_us": 165.939286,
  "throughput_GBs": 1408.672363,
  "latency_all": {
    "count": 32768,
    "mean_us": 17.691068,
    "p50_us": 16.812163,
    "p99_us": 43.464686,
    "min_us": 1.144715,
    "max_us": 55.751002
  },
  "latency_hot": {
    "count": 9134,
    "mean_us": 22.901479,
    "p50_us": 22.460949,
    "p99_us": 48.577262,
    "min_us": 1.210956,
    "max_us": 55.751002
  },
  "latency_cold": {
    "count": 8390,
    "mean_us": 13.529107,
    "p50_us": 13.720624,
    "p99_us": 25.963337,
    "min_us": 1.146648,
    "max_us": 28.915222
  },
  "dispatch_cct_us": 55.751002,
  "combine_cct_us": 37.805472,
  "roundtrip_step_us": 94.356473,
  "e2e_step_us": 166.739286
}
