{
  "scenario": 3,
  "scheme": "ub_rg_pop",
  "mode": "roundtrip",
  "batch": 256,
  "zipf_s": 0.700000,
  "topk": 8,
  "ep_size": 256,
  "seed": 3,
  "tau_g_ns": 143.360000,
  "grain_bytes": 7168,
  "total_tokens": 1048576,
  "max_egress_load": 3753,
  "konig_us": 1053.552640,
  "rtt_us": 1.650000,
  "barrier_us": 2.400000,
  "cct_us": 1081.147503,
  "step_us": 1083.547503,
  "throughput_GBs": 6936.652752,
  "latency_all": {
    "count": 1048576,
    "mean_us": 55.026526,
    "p50_us": 12.620481,
    "p99_us": 193.567809,
    "min_us": 2.593666,
    "max_us": 540.575044
  },
  "latency_hot": {
    "count": 405140,
    "mean_us": 111.713989,
    "p50_us": 75.881535,
    "p99_us": 438.951769,
    "min_us": 2.594213,
    "max_us": 540.575044
  },
  "latency_cold": {
    "count": 243544,
    "mean_us": 12.620965,
    "p50_us": 10.833877,
    "p99_us": 24.731037,
    "min_us": 2.593666,
    "max_us": 32.533337
  },
  "dispatch_cct_us": 540.575044,
  "combine_cct_us": 540.572459,
  "roundtrip_step_us": 1083.547503
}
