{
  "scenario": 1,
  "scheme": "ub_rg_pop",
  "mode": "roundtrip",
  "batch": 64,
  "zipf_s": 0.000000,
  "topk": 8,
  "ep_size": 32,
  "seed": 89,
  "start_skew_us": 4.000000,
  "tau_g_ns": 143.360000,
  "grain_bytes": 7168,
  "total_tokens": 32768,
  "max_egress_load": 84,
  "konig_us": 23.654400,
  "rtt_us": 0.900000,
  "barrier_us": 0.800000,
  "cct_us": 34.730503,
  "step_us": 56.585191,
  "gemv_us": 21.054688,
  "e2e_us": 55.785191,
  "throughput_GBs": 4150.927511,
  "latency_all": {
    "count": 32768,
    "mean_us": 8.469293,
    "p50_us": 8.373493,
    "p99_us": 15.000807,
    "min_us": 1.509931,
    "max_us": 17.373880
  },
  "latency_hot": {
    "count": 3028,
    "mean_us": 8.463111,
    "p50_us": 8.339273,
    "p99_us": 15.100684,
    "min_us": 1.661029,
    "max_us": 16.524541
  },
  "latency_cold": {
    "count": 16568,
    "mean_us": 8.464728,
    "p50_us": 8.378080,
    "p99_us": 15.020946,
    "min_us": 1.509931,
    "max_us": 17.329820
  },
  "dispatch_cct_us": 17.356623,
  "combine_cct_us": 17.373880,
  "roundtrip_step_us": 35.530503,
  "e2e_step_us": 56.585191
}
