{
  "scenario": 1,
  "scheme": "ub_rg_pop",
  "mode": "roundtrip",
  "batch": 128,
  "zipf_s": 0.000000,
  "topk": 8,
  "ep_size": 128,
  "seed": 15,
  "start_skew_us": 4.000000,
  "tau_g_ns": 143.360000,
  "grain_bytes": 7168,
  "total_tokens": 262144,
  "max_egress_load": 167,
  "konig_us": 47.452160,
  "rtt_us": 0.900000,
  "barrier_us": 0.800000,
  "cct_us": 88.756378,
  "step_us": 133.189190,
  "gemv_us": 43.632812,
  "e2e_us": 132.389190,
  "throughput_GBs": 14108.113321,
  "latency_all": {
    "count": 262144,
    "mean_us": 22.545049,
    "p50_us": 20.161324,
    "p99_us": 34.755535,
    "min_us": 1.451130,
    "max_us": 47.565147
  },
  "latency_hot": {
    "count": 24582,
    "mean_us": 22.800427,
    "p50_us": 22.750174,
    "p99_us": 38.160882,
    "min_us": 1.893380,
    "max_us": 41.780460
  },
  "latency_cold": {
    "count": 131102,
    "mean_us": 22.573101,
    "p50_us": 22.481231,
    "p99_us": 37.796604,
    "min_us": 1.758400,
    "max_us": 47.565147
  },
  "dispatch_cct_us": 41.191231,
  "combine_cct_us": 47.565147,
  "roundtrip_step_us": 89.556378,
  "e2e_step_us": 133.189190
}
