{
  "scenario": 1,
  "scheme": "ub_rg_pop",
  "mode": "roundtrip",
  "batch": 256,
  "zipf_s": 0.000000,
  "topk": 8,
  "ep_size": 128,
  "seed": 77,
  "start_skew_us": 4.000000,
  "tau_g_ns": 143.360000,
  "grain_bytes": 7168,
  "total_tokens": 524288,
  "max_egress_load": 310,
  "konig_us": 87.306240,
  "rtt_us": 0.900000,
  "barrier_us": 0.800000,
  "cct_us": 98.752834,
  "step_us": 184.084084,
  "gemv_us": 84.531250,
  "e2e_us": 183.284084,
  "throughput_GBs": 20415.107599,
  "latency_all": {
    "count": 524288,
    "mean_us": 22.604309,
    "p50_us": 18.952276,
    "p99_us": 36.546973,
    "min_us": 1.482840,
    "max_us": 50.004489
  },
  "latency_hot": {
    "count": 49486,
    "mean_us": 22.650451,
    "p50_us": 22.508106,
    "p99_us": 43.058607,
    "min_us": 1.826073,
    "max_us": 48.202708
  },
  "latency_cold": {
    "count": 262438,
    "mean_us": 22.633199,
    "p50_us": 18.114139,
    "p99_us": 42.646325,
    "min_us": 1.482840,
    "max_us": 50.004489
  },
  "dispatch_cct_us": 48.748345,
  "combine_cct_us": 50.004489,
  "roundtrip_step_us": 99.552834,
  "e2e_step_us": 184.084084
}
