{
  "scenario": 4,
  "scheme": "packet_spray",
  "mode": "roundtrip",
  "batch": 128,
  "zipf_s": 0.300000,
  "topk": 8,
  "ep_size": 256,
  "seed": 84,
  "start_skew_us": 4.000000,
  "tau_g_ns": 143.360000,
  "grain_bytes": 7168,
  "total_tokens": 524288,
  "max_egress_load": 510,
  "konig_us": 137.768960,
  "rtt_us": 0.000000,
  "barrier_us": 6.000000,
  "cct_us": 201.826829,
  "step_us": 348.647142,
  "gemv_us": 140.820312,
  "e2e_us": 342.647142,
  "throughput_GBs": 10779.082731,
  "latency_all": {
    "count": 524288,
    "mean_us": 45.837570,
    "p50_us": 38.139566,
    "p99_us": 64.224308,
    "min_us": 0.480080,
    "max_us": 101.157514
  },
  "latency_hot": {
    "count": 96706,
    "mean_us": 46.316745,
    "p50_us": 46.335875,
    "p99_us": 82.144308,
    "min_us": 0.766800,
    "max_us": 100.669315
  },
  "latency_cold": {
    "count": 204796,
    "mean_us": 46.903803,
    "p50_us": 41.068070,
    "p99_us": 88.685194,
    "min_us": 0.480080,
    "max_us": 101.157514
  },
  "dispatch_cct_us": 100.669315,
  "combine_cct_us": 101.157514,
  "roundtrip_step_us": 207.826829,
  "e2e_step_us": 348.647142
}
