{
  "scenario": 1,
  "scheme": "packet_spray",
  "mode": "roundtrip",
  "batch": 16,
  "zipf_s": 0.300000,
  "topk": 8,
  "ep_size": 64,
  "seed": 64,
  "start_skew_us": 4.000000,
  "tau_g_ns": 143.360000,
  "grain_bytes": 7168,
  "total_tokens": 16384,
  "max_egress_load": 49,
  "konig_us": 13.045760,
  "rtt_us": 0.000000,
  "barrier_us": 4.000000,
  "cct_us": 48.314661,
  "step_us": 65.244349,
  "gemv_us": 12.929688,
  "e2e_us": 61.244349,
  "throughput_GBs": 1800.010486,
  "latency_all": {
    "count": 16384,
    "mean_us": 17.863133,
    "p50_us": 18.014910,
    "p99_us": 24.655693,
    "min_us": 0.536720,
    "max_us": 26.798351
  },
  "latency_hot": {
    "count": 2788,
    "mean_us": 17.038765,
    "p50_us": 14.910171,
    "p99_us": 25.863418,
    "min_us": 0.536720,
    "max_us": 26.798351
  },
  "latency_cold": {
    "count": 6492,
    "mean_us": 18.412636,
    "p50_us": 18.584511,
    "p99_us": 23.508813,
    "min_us": 0.536720,
    "max_us": 24.799053
  },
  "dispatch_cct_us": 26.798351,
  "combine_cct_us": 21.516310,
  "roundtrip_step_us": 52.314661,
  "e2e_step_us": 65.244349
}
