{
  "scenario": 1,
  "scheme": "islip",
  "mode": "roundtrip",
  "batch": 128,
  "zipf_s": 0.700000,
  "topk": 8,
  "ep_size": 32,
  "seed": 89,
  "start_skew_us": 4.000000,
  "tau_g_ns": 143.360000,
  "grain_bytes": 7168,
  "total_tokens": 65536,
  "max_egress_load": 427,
  "konig_us": 118.988800,
  "rtt_us": 0.600000,
  "barrier_us": 0.800000,
  "cct_us": 144.462023,
  "step_us": 271.160461,
  "gemv_us": 125.898438,
  "e2e_us": 270.360461,
  "throughput_GBs": 1732.413520,
  "latency_all": {
    "count": 65536,
    "mean_us": 20.403362,
    "p50_us": 17.350328,
    "p99_us": 60.836302,
    "min_us": 1.145775,
    "max_us": 73.359457
  },
  "latency_hot": {
    "count": 15626,
    "mean_us": 32.076243,
    "p50_us": 31.105736,
    "p99_us": 66.212796,
    "min_us": 1.362472,
    "max_us": 73.359457
  },
  "latency_cold": {
    "count": 19956,
    "mean_us": 13.533816,
    "p50_us": 13.376456,
    "p99_us": 24.882510,
    "min_us": 1.145775,
    "max_us": 28.605302
  },
  "dispatch_cct_us": 73.359457,
  "combine_cct_us": 71.102566,
  "roundtrip_step_us": 145.262023,
  "e2e_step_us": 271.160461
}
