{
  "scenario": 4,
  "scheme": "ub_rg",
  "mode": "roundtrip",
  "batch": 512,
  "zipf_s": 0.300000,
  "topk": 8,
  "ep_size": 256,
  "seed": 94,
  "start_skew_us": 4.000000,
  "tau_g_ns": 143.360000,
  "grain_bytes": 7168,
  "total_tokens": 2097152,
  "max_egress_load": 2026,
  "konig_us": 554.229760,
  "rtt_us": 0.800000,
  "barrier_us": 1.600000,
  "cct_us": 585.679017,
  "step_us": 1162.279017,
  "gemv_us": 575.000000,
  "e2e_us": 1160.679017,
  "throughput_GBs": 12933.542911,
  "latency_all": {
    "count": 2097152,
    "mean_us": 46.754570,
    "p50_us": 15.066449,
    "p99_us": 122.793361,
    "min_us": 1.091136,
    "max_us": 293.752725
  },
  "latency_hot": {
    "count": 389898,
    "mean_us": 79.800662,
    "p50_us": 73.821975,
    "p99_us": 232.657599,
    "min_us": 1.577404,
    "max_us": 293.752725
  },
  "latency_cold": {
    "count": 819034,
    "mean_us": 33.761162,
    "p50_us": 20.618402,
    "p99_us": 58.935953,
    "min_us": 1.091136,
    "max_us": 111.094759
  },
  "dispatch_cct_us": 293.752725,
  "combine_cct_us": 291.926292,
  "roundtrip_step_us": 587.279017,
  "e2e_step_us": 1162.279017
}
