{
  "scenario": 1,
  "scheme": "packet_spray",
  "mode": "roundtrip",
  "batch": 16,
  "zipf_s": 0.300000,
  "topk": 8,
  "ep_size": 128,
  "seed": 16,
  "start_skew_us": 4.000000,
  "tau_g_ns": 143.360000,
  "grain_bytes": 7168,
  "total_tokens": 32768,
  "max_egress_load": 65,
  "konig_us": 16.199680,
  "rtt_us": 0.000000,
  "barrier_us": 4.000000,
  "cct_us": 27.201592,
  "step_us": 46.162529,
  "gemv_us": 14.960938,
  "e2e_us": 42.162529,
  "throughput_GBs": 5088.131583,
  "latency_all": {
    "count": 32768,
    "mean_us": 6.830493,
    "p50_us": 6.670954,
    "p99_us": 11.271451,
    "min_us": 0.620369,
    "max_us": 14.496541
  },
  "latency_hot": {
    "count": 5616,
    "mean_us": 6.881484,
    "p50_us": 6.883944,
    "p99_us": 11.342621,
    "min_us": 0.743956,
    "max_us": 14.496541
  },
  "latency_cold": {
    "count": 12956,
    "mean_us": 6.951263,
    "p50_us": 6.673721,
    "p99_us": 11.558171,
    "min_us": 0.772889,
    "max_us": 12.705051
  },
  "dispatch_cct_us": 14.496541,
  "combine_cct_us": 12.705051,
  "roundtrip_step_us": 31.201592,
  "e2e_step_us": 46.162529
}
