{
  "scenario": 4,
  "scheme": "ub_rg",
  "mode": "roundtrip",
  "batch": 64,
  "zipf_s": 0.900000,
  "topk": 8,
  "ep_size": 256,
  "seed": 74,
  "start_skew_us": 4.000000,
  "tau_g_ns": 143.360000,
  "grain_bytes": 7168,
  "total_tokens": 262144,
  "max_egress_load": 1542,
  "konig_us": 420.188160,
  "rtt_us": 0.800000,
  "barrier_us": 1.600000,
  "cct_us": 450.969390,
  "step_us": 886.436577,
  "gemv_us": 433.867188,
  "e2e_us": 884.836577,
  "throughput_GBs": 2119.777364,
  "latency_all": {
    "count": 262144,
    "mean_us": 27.272077,
    "p50_us": 8.675636,
    "p99_us": 166.460309,
    "min_us": 1.054661,
    "max_us": 226.099609
  },
  "latency_hot": {
    "count": 133216,
    "mean_us": 46.135141,
    "p50_us": 29.464576,
    "p99_us": 190.714645,
    "min_us": 1.485544,
    "max_us": 226.099609
  },
  "latency_cold": {
    "count": 42260,
    "mean_us": 5.397325,
    "p50_us": 5.357344,
    "p99_us": 9.281496,
    "min_us": 1.054661,
    "max_us": 19.801614
  },
  "dispatch_cct_us": 226.099609,
  "combine_cct_us": 224.869781,
  "roundtrip_step_us": 452.569390,
  "e2e_step_us": 886.436577
}
