{
  "scenario": 1,
  "scheme": "ub_rg",
  "mode": "roundtrip",
  "batch": 16,
  "zipf_s": 0.900000,
  "topk": 8,
  "ep_size": 64,
  "seed": 82,
  "start_skew_us": 4.000000,
  "tau_g_ns": 143.360000,
  "grain_bytes": 7168,
  "total_tokens": 16384,
  "max_egress_load": 115,
  "konig_us": 31.825920,
  "rtt_us": 0.600000,
  "barrier_us": 0.800000,
  "cct_us": 54.785914,
  "step_us": 88.984352,
  "gemv_us": 33.398438,
  "e2e_us": 88.184352,
  "throughput_GBs": 1319.788366,
  "latency_all": {
    "count": 16384,
    "mean_us": 12.345928,
    "p50_us": 12.177481,
    "p99_us": 23.063659,
    "min_us": 1.190899,
    "max_us": 29.444545
  },
  "latency_hot": {
    "count": 5990,
    "mean_us": 14.456762,
    "p50_us": 14.615891,
    "p99_us": 24.468362,
    "min_us": 1.457133,
    "max_us": 29.444545
  },
  "latency_cold": {
    "count": 3410,
    "mean_us": 9.484957,
    "p50_us": 9.311522,
    "p99_us": 18.350711,
    "min_us": 1.190899,
    "max_us": 19.766025
  },
  "dispatch_cct_us": 29.444545,
  "combine_cct_us": 25.341369,
  "roundtrip_step_us": 55.585914,
  "e2e_step_us": 88.984352
}
