{
  "scenario": 1,
  "scheme": "ub_rg",
  "mode": "roundtrip",
  "batch": 16,
  "zipf_s": 0.000000,
  "topk": 8,
  "ep_size": 32,
  "seed": 9,
  "start_skew_us": 4.000000,
  "tau_g_ns": 143.360000,
  "grain_bytes": 7168,
  "total_tokens": 8192,
  "max_egress_load": 25,
  "konig_us": 7.024640,
  "rtt_us": 0.600000,
  "barrier_us": 0.800000,
  "cct_us": 16.344899,
  "step_us": 22.730837,
  "gemv_us": 5.585938,
  "e2e_us": 21.930837,
  "throughput_GBs": 2583.286157,
  "latency_all": {
    "count": 8192,
    "mean_us": 4.476846,
    "p50_us": 4.478020,
    "p99_us": 7.480067,
    "min_us": 1.288382,
    "max_us": 8.402348
  },
  "latency_hot": {
    "count": 760,
    "mean_us": 4.601894,
    "p50_us": 4.596801,
    "p99_us": 7.225973,
    "min_us": 1.463913,
    "max_us": 7.672194
  },
  "latency_cold": {
    "count": 4088,
    "mean_us": 4.575637,
    "p50_us": 4.602151,
    "p99_us": 7.552673,
    "min_us": 1.331851,
    "max_us": 8.402348
  },
  "dispatch_cct_us": 8.402348,
  "combine_cct_us": 7.942552,
  "roundtrip_step_us": 17.144899,
  "e2e_step_us": 22.730837
}
