{
  "scenario": 1,
  "scheme": "packet_spray",
  "mode": "roundtrip",
  "batch": 512,
  "zipf_s": 0.900000,
  "topk": 8,
  "ep_size": 32,
  "seed": 47,
  "start_skew_us": 4.000000,
  "tau_g_ns": 143.360000,
  "grain_bytes": 7168,
  "total_tokens": 262144,
  "max_egress_load": 1884,
  "konig_us": 535.306240,
  "rtt_us": 0.000000,
  "barrier_us": 4.000000,
  "cct_us": 685.120522,
  "step_us": 1267.011147,
  "gemv_us": 577.890625,
  "e2e_us": 1263.011147,
  "throughput_GBs": 1483.055770,
  "latency_all": {
    "count": 262144,
    "mean_us": 153.253335,
    "p50_us": 119.169924,
    "p99_us": 301.594758,
    "min_us": 1.685638,
    "max_us": 344.101764
  },
  "latency_hot": {
    "count": 72942,
    "mean_us": 164.736715,
    "p50_us": 164.829318,
    "p99_us": 317.651078,
    "min_us": 1.685638,
    "max_us": 341.018758
  },
  "latency_cold": {
    "count": 66410,
    "mean_us": 149.398223,
    "p50_us": 108.034071,
    "p99_us": 333.636484,
    "min_us": 1.685638,
    "max_us": 344.101764
  },
  "dispatch_cct_us": 341.018758,
  "combine_cct_us": 344.101764,
  "roundtrip_step_us": 689.120522,
  "e2e_step_us": 1267.011147
}
