{
  "scenario": 1,
  "scheme": "ub_rg_pop",
  "mode": "roundtrip",
  "batch": 16,
  "zipf_s": 0.000000,
  "topk": 8,
  "ep_size": 64,
  "seed": 80,
  "tau_g_ns": 143.360000,
  "grain_bytes": 7168,
  "total_tokens": 16384,
  "max_egress_load": 31,
  "konig_us": 8.458240,
  "rtt_us": 0.900000,
  "barrier_us": 0.800000,
  "cct_us": 12.458479,
  "step_us": 13.258479,
  "throughput_GBs": 8857.766746,
  "latency_all": {
    "count": 16384,
    "mean_us": 2.947607,
    "p50_us": 2.904770,
    "p99_us": 4.802951,
    "min_us": 1.445021,
    "max_us": 6.677431
  },
  "latency_hot": {
    "count": 1448,
    "mean_us": 2.868179,
    "p50_us": 2.829982,
    "p99_us": 4.644924,
    "min_us": 1.458432,
    "max_us": 5.209690
  },
  "latency_cold": {
    "count": 8156,
    "mean_us": 2.941962,
    "p50_us": 2.897579,
    "p99_us": 4.823164,
    "min_us": 1.446649,
    "max_us": 6.677431
  },
  "dispatch_cct_us": 6.677431,
  "combine_cct_us": 5.781048,
  "roundtrip_step_us": 13.258479
}
