{
  "scenario": 4,
  "scheme": "ub_rg",
  "mode": "roundtrip",
  "batch": 128,
  "zipf_s": 0.000000,
  "topk": 8,
  "ep_size": 256,
  "seed": 65,
  "start_skew_us": 4.000000,
  "tau_g_ns": 143.360000,
  "grain_bytes": 7168,
  "total_tokens": 524288,
  "max_egress_load": 182,
  "konig_us": 51.179520,
  "rtt_us": 0.800000,
  "barrier_us": 1.600000,
  "cct_us": 95.008607,
  "step_us": 139.577357,
  "gemv_us": 42.968750,
  "e2e_us": 137.977357,
  "throughput_GBs": 26924.828409,
  "latency_all": {
    "count": 524288,
    "mean_us": 22.059517,
    "p50_us": 19.553476,
    "p99_us": 29.557121,
    "min_us": 1.008043,
    "max_us": 49.953566
  },
  "latency_hot": {
    "count": 51128,
    "mean_us": 22.074608,
    "p50_us": 21.924402,
    "p99_us": 38.828931,
    "min_us": 2.644674,
    "max_us": 49.953566
  },
  "latency_cold": {
    "count": 262410,
    "mean_us": 22.080158,
    "p50_us": 19.706641,
    "p99_us": 35.460905,
    "min_us": 1.122556,
    "max_us": 46.742009
  },
  "dispatch_cct_us": 45.055041,
  "combine_cct_us": 49.953566,
  "roundtrip_step_us": 96.608607,
  "e2e_step_us": 139.577357
}
