{
  "scenario": 1,
  "scheme": "islip",
  "mode": "roundtrip",
  "batch": 16,
  "zipf_s": 0.900000,
  "topk": 8,
  "ep_size": 128,
  "seed": 60,
  "start_skew_us": 4.000000,
  "tau_g_ns": 143.360000,
  "grain_bytes": 7168,
  "total_tokens": 32768,
  "max_egress_load": 207,
  "konig_us": 57.344000,
  "rtt_us": 0.600000,
  "barrier_us": 0.800000,
  "cct_us": 91.291708,
  "step_us": 152.326083,
  "gemv_us": 60.234375,
  "e2e_us": 151.526083,
  "throughput_GBs": 1541.961953,
  "latency_all": {
    "count": 32768,
    "mean_us": 15.950705,
    "p50_us": 14.996553,
    "p99_us": 38.377973,
    "min_us": 1.164768,
    "max_us": 47.098220
  },
  "latency_hot": {
    "count": 14514,
    "mean_us": 19.554691,
    "p50_us": 18.708982,
    "p99_us": 40.661044,
    "min_us": 1.251049,
    "max_us": 47.098220
  },
  "latency_cold": {
    "count": 5818,
    "mean_us": 12.259071,
    "p50_us": 12.730757,
    "p99_us": 21.152033,
    "min_us": 1.164768,
    "max_us": 23.371503
  },
  "dispatch_cct_us": 47.098220,
  "combine_cct_us": 44.193487,
  "roundtrip_step_us": 92.091708,
  "e2e_step_us": 152.326083
}
