{
  "scenario": 1,
  "scheme": "ub_rg_pop",
  "mode": "roundtrip",
  "batch": 256,
  "zipf_s": 0.700000,
  "topk": 8,
  "ep_size": 64,
  "seed": 28,
  "start_skew_us": 4.000000,
  "tau_g_ns": 143.360000,
  "grain_bytes": 7168,
  "total_tokens": 262144,
  "max_egress_load": 1378,
  "konig_us": 390.225920,
  "rtt_us": 0.900000,
  "barrier_us": 0.800000,
  "cct_us": 431.448426,
  "step_us": 852.170301,
  "gemv_us": 419.921875,
  "e2e_us": 851.370301,
  "throughput_GBs": 2205.014876,
  "latency_all": {
    "count": 262144,
    "mean_us": 42.636963,
    "p50_us": 25.221572,
    "p99_us": 166.500166,
    "min_us": 1.479915,
    "max_us": 216.594834
  },
  "latency_hot": {
    "count": 78296,
    "mean_us": 76.653932,
    "p50_us": 69.593849,
    "p99_us": 200.677832,
    "min_us": 2.152053,
    "max_us": 216.594834
  },
  "latency_cold": {
    "count": 70084,
    "mean_us": 21.282602,
    "p50_us": 21.019842,
    "p99_us": 38.518324,
    "min_us": 1.479915,
    "max_us": 44.279761
  },
  "dispatch_cct_us": 214.853592,
  "combine_cct_us": 216.594834,
  "roundtrip_step_us": 432.248426,
  "e2e_step_us": 852.170301
}
