{
  "scenario": 1,
  "scheme": "packet_spray",
  "mode": "roundtrip",
  "batch": 128,
  "zipf_s": 0.300000,
  "topk": 8,
  "ep_size": 128,
  "seed": 26,
  "start_skew_us": 4.000000,
  "tau_g_ns": 143.360000,
  "grain_bytes": 7168,
  "total_tokens": 262144,
  "max_egress_load": 387,
  "konig_us": 107.663360,
  "rtt_us": 0.000000,
  "barrier_us": 4.000000,
  "cct_us": 147.081880,
  "step_us": 264.558443,
  "gemv_us": 113.476562,
  "e2e_us": 260.558443,
  "throughput_GBs": 7102.582603,
  "latency_all": {
    "count": 262144,
    "mean_us": 32.748060,
    "p50_us": 28.654610,
    "p99_us": 58.791529,
    "min_us": 1.375602,
    "max_us": 74.527791
  },
  "latency_hot": {
    "count": 45608,
    "mean_us": 32.625989,
    "p50_us": 32.930169,
    "p99_us": 63.202351,
    "min_us": 1.447529,
    "max_us": 74.527791
  },
  "latency_cold": {
    "count": 103124,
    "mean_us": 34.103561,
    "p50_us": 29.689449,
    "p99_us": 67.679849,
    "min_us": 1.375602,
    "max_us": 72.554089
  },
  "dispatch_cct_us": 74.527791,
  "combine_cct_us": 72.554089,
  "roundtrip_step_us": 151.081880,
  "e2e_step_us": 264.558443
}
