{
  "scenario": 4,
  "scheme": "ub_rg",
  "mode": "roundtrip",
  "batch": 128,
  "zipf_s": 0.300000,
  "topk": 8,
  "ep_size": 512,
  "seed": 2,
  "start_skew_us": 4.000000,
  "tau_g_ns": 143.360000,
  "grain_bytes": 7168,
  "total_tokens": 1048576,
  "max_egress_load": 610,
  "konig_us": 170.311680,
  "rtt_us": 0.800000,
  "barrier_us": 1.600000,
  "cct_us": 203.963546,
  "step_us": 386.110421,
  "gemv_us": 180.546875,
  "e2e_us": 384.510421,
  "throughput_GBs": 19466.433337,
  "latency_all": {
    "count": 1048576,
    "mean_us": 24.498377,
    "p50_us": 19.451259,
    "p99_us": 41.755897,
    "min_us": 1.372439,
    "max_us": 107.456537
  },
  "latency_hot": {
    "count": 201894,
    "mean_us": 33.197324,
    "p50_us": 31.823462,
    "p99_us": 77.336229,
    "min_us": 1.372439,
    "max_us": 107.456537
  },
  "latency_cold": {
    "count": 406988,
    "mean_us": 20.943927,
    "p50_us": 22.825712,
    "p99_us": 35.071544,
    "min_us": 1.389895,
    "max_us": 49.497859
  },
  "dispatch_cct_us": 107.456537,
  "combine_cct_us": 96.507009,
  "roundtrip_step_us": 205.563546,
  "e2e_step_us": 386.110421
}
