{
  "scenario": 4,
  "scheme": "packet_spray",
  "mode": "roundtrip",
  "batch": 128,
  "zipf_s": 0.300000,
  "topk": 8,
  "ep_size": 512,
  "seed": 59,
  "start_skew_us": 4.000000,
  "tau_g_ns": 143.360000,
  "grain_bytes": 7168,
  "total_tokens": 1048576,
  "max_egress_load": 624,
  "konig_us": 172.605440,
  "rtt_us": 0.000000,
  "barrier_us": 6.000000,
  "cct_us": 217.317376,
  "step_us": 404.293939,
  "gemv_us": 180.976562,
  "e2e_us": 398.293939,
  "throughput_GBs": 18590.911330,
  "latency_all": {
    "count": 1048576,
    "mean_us": 39.938138,
    "p50_us": 23.113076,
    "p99_us": 44.510922,
    "min_us": 0.273723,
    "max_us": 113.720483
  },
  "latency_hot": {
    "count": 202204,
    "mean_us": 40.778987,
    "p50_us": 38.214224,
    "p99_us": 87.055523,
    "min_us": 0.373066,
    "max_us": 103.596894
  },
  "latency_cold": {
    "count": 407476,
    "mean_us": 40.926944,
    "p50_us": 26.057185,
    "p99_us": 35.607089,
    "min_us": 0.273723,
    "max_us": 113.720483
  },
  "dispatch_cct_us": 103.596894,
  "combine_cct_us": 113.720483,
  "roundtrip_step_us": 223.317376,
  "e2e_step_us": 404.293939
}
