{
  "scenario": 4,
  "scheme": "ub_rg_pop",
  "mode": "roundtrip",
  "batch": 64,
  "zipf_s": 0.900000,
  "topk": 8,
  "ep_size": 512,
  "seed": 86,
  "start_skew_us": 4.000000,
  "tau_g_ns": 143.360000,
  "grain_bytes": 7168,
  "total_tokens": 524288,
  "max_egress_load": 2802,
  "konig_us": 761.671680,
  "rtt_us": 1.200000,
  "barrier_us": 1.600000,
  "cct_us": 811.248430,
  "step_us": 1597.379680,
  "gemv_us": 784.531250,
  "e2e_us": 1595.779680,
  "throughput_GBs": 2352.663197,
  "latency_all": {
    "count": 524288,
    "mean_us": 40.287531,
    "p50_us": 10.837685,
    "p99_us": 90.607306,
    "min_us": 1.482964,
    "max_us": 406.282036
  },
  "latency_hot": {
    "count": 290140,
    "mean_us": 66.443111,
    "p50_us": 23.724831,
    "p99_us": 327.828462,
    "min_us": 1.650288,
    "max_us": 406.282036
  },
  "latency_cold": {
    "count": 76882,
    "mean_us": 5.621291,
    "p50_us": 5.576523,
    "p99_us": 9.474763,
    "min_us": 1.482964,
    "max_us": 20.287680
  },
  "dispatch_cct_us": 406.282036,
  "combine_cct_us": 404.966394,
  "roundtrip_step_us": 812.848430,
  "e2e_step_us": 1597.379680
}
