{
  "scenario": 1,
  "scheme": "ub_rg_pop",
  "mode": "roundtrip",
  "batch": 64,
  "zipf_s": 0.700000,
  "topk": 8,
  "ep_size": 32,
  "seed": 71,
  "tau_g_ns": 143.360000,
  "grain_bytes": 7168,
  "total_tokens": 32768,
  "max_egress_load": 210,
  "konig_us": 59.207680,
  "rtt_us": 0.900000,
  "barrier_us": 0.800000,
  "cct_us": 62.970944,
  "step_us": 63.770944,
  "throughput_GBs": 3683.198139,
  "latency_all": {
    "count": 32768,
    "mean_us": 7.995280,
    "p50_us": 6.318569,
    "p99_us": 27.516601,
    "min_us": 1.443942,
    "max_us": 31.500389
  },
  "latency_hot": {
    "count": 7878,
    "mean_us": 13.753456,
    "p50_us": 13.366077,
    "p99_us": 29.857432,
    "min_us": 1.445330,
    "max_us": 31.500389
  },
  "latency_cold": {
    "count": 9864,
    "mean_us": 4.517049,
    "p50_us": 4.408002,
    "p99_us": 8.529976,
    "min_us": 1.444972,
    "max_us": 9.799171
  },
  "dispatch_cct_us": 31.470556,
  "combine_cct_us": 31.500389,
  "roundtrip_step_us": 63.770944
}
