{
  "scenario": 4,
  "scheme": "ub_rg_pop",
  "mode": "roundtrip",
  "batch": 512,
  "zipf_s": 0.700000,
  "topk": 8,
  "ep_size": 128,
  "seed": 77,
  "start_skew_us": 4.000000,
  "tau_g_ns": 143.360000,
  "grain_bytes": 7168,
  "total_tokens": 1048576,
  "max_egress_load": 4595,
  "konig_us": 1287.659520,
  "rtt_us": 1.200000,
  "barrier_us": 1.600000,
  "cct_us": 1345.138766,
  "step_us": 2717.559079,
  "gemv_us": 1370.820312,
  "e2e_us": 2715.959079,
  "throughput_GBs": 2765.788176,
  "latency_all": {
    "count": 1048576,
    "mean_us": 92.472518,
    "p50_us": 28.443829,
    "p99_us": 287.215810,
    "min_us": 1.750244,
    "max_us": 675.234468
  },
  "latency_hot": {
    "count": 360490,
    "mean_us": 181.612306,
    "p50_us": 132.501996,
    "p99_us": 605.449758,
    "min_us": 3.652723,
    "max_us": 675.234468
  },
  "latency_cold": {
    "count": 258856,
    "mean_us": 31.380386,
    "p50_us": 26.736844,
    "p99_us": 56.051018,
    "min_us": 1.750244,
    "max_us": 81.889064
  },
  "dispatch_cct_us": 675.234468,
  "combine_cct_us": 669.904298,
  "roundtrip_step_us": 1346.738766,
  "e2e_step_us": 2717.559079
}
