{
  "scenario": 4,
  "scheme": "ub_rg_pop",
  "mode": "roundtrip",
  "batch": 512,
  "zipf_s": 0.900000,
  "topk": 8,
  "ep_size": 256,
  "seed": 30,
  "start_skew_us": 4.000000,
  "tau_g_ns": 143.360000,
  "grain_bytes": 7168,
  "total_tokens": 2097152,
  "max_egress_load": 12134,
  "konig_us": 3333.406720,
  "rtt_us": 1.200000,
  "barrier_us": 1.600000,
  "cct_us": 3489.232831,
  "step_us": 6965.207831,
  "gemv_us": 3474.375000,
  "e2e_us": 6963.607831,
  "throughput_GBs": 2158.210623,
  "latency_all": {
    "count": 2097152,
    "mean_us": 189.551903,
    "p50_us": 15.281597,
    "p99_us": 1031.007188,
    "min_us": 1.515191,
    "max_us": 1745.137018
  },
  "latency_hot": {
    "count": 1062294,
    "mean_us": 341.551515,
    "p50_us": 87.147071,
    "p99_us": 1031.007188,
    "min_us": 1.699461,
    "max_us": 1745.137018
  },
  "latency_cold": {
    "count": 337136,
    "mean_us": 17.361875,
    "p50_us": 15.404922,
    "p99_us": 35.735683,
    "min_us": 1.590065,
    "max_us": 56.798380
  },
  "dispatch_cct_us": 1745.137018,
  "combine_cct_us": 1744.095813,
  "roundtrip_step_us": 3490.832831,
  "e2e_step_us": 6965.207831
}
