{
  "scenario": 1,
  "scheme": "ub_rg",
  "mode": "roundtrip",
  "batch": 64,
  "zipf_s": 0.700000,
  "topk": 8,
  "ep_size": 32,
  "seed": 20,
  "start_skew_us": 4.000000,
  "tau_g_ns": 143.360000,
  "grain_bytes": 7168,
  "total_tokens": 32768,
  "max_egress_load": 209,
  "konig_us": 58.490880,
  "rtt_us": 0.600000,
  "barrier_us": 0.800000,
  "cct_us": 84.033406,
  "step_us": 146.864656,
  "gemv_us": 62.031250,
  "e2e_us": 146.064656,
  "throughput_GBs": 1599.302583,
  "latency_all": {
    "count": 32768,
    "mean_us": 16.808372,
    "p50_us": 16.278011,
    "p99_us": 39.568691,
    "min_us": 1.144715,
    "max_us": 50.665766
  },
  "latency_hot": {
    "count": 7846,
    "mean_us": 20.953932,
    "p50_us": 20.525847,
    "p99_us": 44.083139,
    "min_us": 1.210956,
    "max_us": 50.665766
  },
  "latency_cold": {
    "count": 9988,
    "mean_us": 13.930915,
    "p50_us": 14.193251,
    "p99_us": 26.413567,
    "min_us": 1.146648,
    "max_us": 29.336852
  },
  "dispatch_cct_us": 50.665766,
  "combine_cct_us": 33.367640,
  "roundtrip_step_us": 84.833406,
  "e2e_step_us": 146.864656
}
