{
  "scenario": 1,
  "scheme": "ub_rg_pop",
  "mode": "combine",
  "batch": 16,
  "zipf_s": 0.900000,
  "topk": 8,
  "ep_size": 128,
  "seed": 1,
  "engine": "packet",
  "profile": "wide",
  "traffic": "combine",
  "m_attn": 0,
  "n_ffn": 0,
  "placement": "role_packed",
  "total_tokens": 16384,
  "barrier_us": 0.400000,
  "cct_us": 220040.965000,
  "step_us": 220041.365000,
  "throughput_GBs": 0.533721,
  "konig_us": 27.238400,
  "rtt_us": 0.900000,
  "latency_all": {"count": 16384, "mean_us": 3.310409, "p50_us": 1.840000, "p99_us": 15.161000, "min_us": 0, "max_us": 26.779000},
  "latency_hot": {"count": 7259, "mean_us": 5.459835, "p50_us": 4.384000, "p99_us": 17.016000, "min_us": 0, "max_us": 0},
  "latency_cold": {"count": 2955, "mean_us": 1.450144, "p50_us": 1.356000, "p99_us": 2.605000, "min_us": 0, "max_us": 0}
}
