{
  "scenario": 4,
  "scheme": "packet_spray",
  "mode": "roundtrip",
  "batch": 128,
  "zipf_s": 0.300000,
  "topk": 8,
  "ep_size": 128,
  "seed": 14,
  "start_skew_us": 4.000000,
  "tau_g_ns": 143.360000,
  "grain_bytes": 7168,
  "total_tokens": 262144,
  "max_egress_load": 400,
  "konig_us": 110.100480,
  "rtt_us": 0.000000,
  "barrier_us": 6.000000,
  "cct_us": 154.551463,
  "step_us": 275.512401,
  "gemv_us": 114.960938,
  "e2e_us": 269.512401,
  "throughput_GBs": 6820.194621,
  "latency_all": {
    "count": 262144,
    "mean_us": 32.981356,
    "p50_us": 28.394332,
    "p99_us": 61.137817,
    "min_us": 0.337070,
    "max_us": 79.631257
  },
  "latency_hot": {
    "count": 45254,
    "mean_us": 32.882348,
    "p50_us": 32.839257,
    "p99_us": 63.173998,
    "min_us": 0.404018,
    "max_us": 74.920206
  },
  "latency_cold": {
    "count": 103434,
    "mean_us": 34.297894,
    "p50_us": 29.598233,
    "p99_us": 70.312857,
    "min_us": 0.346103,
    "max_us": 79.631257
  },
  "dispatch_cct_us": 74.920206,
  "combine_cct_us": 79.631257,
  "roundtrip_step_us": 160.551463,
  "e2e_step_us": 275.512401
}
