{
  "scenario": 4,
  "scheme": "ub_rg_pop",
  "mode": "roundtrip",
  "batch": 512,
  "zipf_s": 0.700000,
  "topk": 8,
  "ep_size": 256,
  "seed": 10,
  "start_skew_us": 4.000000,
  "tau_g_ns": 143.360000,
  "grain_bytes": 7168,
  "total_tokens": 2097152,
  "max_egress_load": 7858,
  "konig_us": 2155.991040,
  "rtt_us": 1.200000,
  "barrier_us": 1.600000,
  "cct_us": 2284.890517,
  "step_us": 4530.513954,
  "gemv_us": 2244.023438,
  "e2e_us": 4528.913954,
  "throughput_GBs": 3318.030953,
  "latency_all": {
    "count": 2097152,
    "mean_us": 117.612949,
    "p50_us": 24.646168,
    "p99_us": 574.922497,
    "min_us": 1.416197,
    "max_us": 1142.720663
  },
  "latency_hot": {
    "count": 809524,
    "mean_us": 231.699879,
    "p50_us": 91.486380,
    "p99_us": 574.870214,
    "min_us": 2.381382,
    "max_us": 1142.720663
  },
  "latency_cold": {
    "count": 483334,
    "mean_us": 32.403700,
    "p50_us": 29.580266,
    "p99_us": 46.186621,
    "min_us": 1.791992,
    "max_us": 97.962610
  },
  "dispatch_cct_us": 1142.169854,
  "combine_cct_us": 1142.720663,
  "roundtrip_step_us": 2286.490517,
  "e2e_step_us": 4530.513954
}
