{
  "scenario": 1,
  "scheme": "ub_rg",
  "mode": "roundtrip",
  "batch": 16,
  "zipf_s": 0.900000,
  "topk": 8,
  "ep_size": 128,
  "seed": 41,
  "tau_g_ns": 143.360000,
  "grain_bytes": 7168,
  "total_tokens": 32768,
  "max_egress_load": 205,
  "konig_us": 57.344000,
  "rtt_us": 0.600000,
  "barrier_us": 0.800000,
  "cct_us": 61.050928,
  "step_us": 61.850928,
  "throughput_GBs": 3797.534348,
  "latency_all": {
    "count": 32768,
    "mean_us": 5.359470,
    "p50_us": 3.228557,
    "p99_us": 26.093977,
    "min_us": 1.143529,
    "max_us": 30.558171
  },
  "latency_hot": {
    "count": 14348,
    "mean_us": 8.938021,
    "p50_us": 7.131460,
    "p99_us": 27.862916,
    "min_us": 1.146966,
    "max_us": 30.558171
  },
  "latency_cold": {
    "count": 5742,
    "mean_us": 1.812158,
    "p50_us": 1.760135,
    "p99_us": 2.892035,
    "min_us": 1.143547,
    "max_us": 3.497430
  },
  "dispatch_cct_us": 30.558171,
  "combine_cct_us": 30.492757,
  "roundtrip_step_us": 61.850928
}
