{
  "scenario": 1,
  "scheme": "islip",
  "mode": "roundtrip",
  "batch": 128,
  "zipf_s": 0.300000,
  "topk": 8,
  "ep_size": 32,
  "seed": 96,
  "start_skew_us": 4.000000,
  "tau_g_ns": 143.360000,
  "grain_bytes": 7168,
  "total_tokens": 65536,
  "max_egress_load": 243,
  "konig_us": 68.096000,
  "rtt_us": 0.600000,
  "barrier_us": 0.800000,
  "cct_us": 98.928634,
  "step_us": 171.955196,
  "gemv_us": 72.226562,
  "e2e_us": 171.155196,
  "throughput_GBs": 2731.886318,
  "latency_all": {
    "count": 65536,
    "mean_us": 21.844816,
    "p50_us": 21.383609,
    "p99_us": 41.595952,
    "min_us": 1.153906,
    "max_us": 54.247017
  },
  "latency_hot": {
    "count": 9854,
    "mean_us": 26.406074,
    "p50_us": 26.264345,
    "p99_us": 47.652528,
    "min_us": 1.156478,
    "max_us": 54.247017
  },
  "latency_cold": {
    "count": 27452,
    "mean_us": 20.453892,
    "p50_us": 20.312923,
    "p99_us": 37.147733,
    "min_us": 1.153906,
    "max_us": 44.247364
  },
  "dispatch_cct_us": 54.247017,
  "combine_cct_us": 44.681617,
  "roundtrip_step_us": 99.728634,
  "e2e_step_us": 171.955196
}
