{
  "scenario": 4,
  "scheme": "ub_rg",
  "mode": "roundtrip",
  "batch": 512,
  "zipf_s": 0.900000,
  "topk": 8,
  "ep_size": 128,
  "seed": 85,
  "start_skew_us": 4.000000,
  "tau_g_ns": 143.360000,
  "grain_bytes": 7168,
  "total_tokens": 1048576,
  "max_egress_load": 6540,
  "konig_us": 1814.220800,
  "rtt_us": 0.800000,
  "barrier_us": 1.600000,
  "cct_us": 1881.869646,
  "step_us": 3794.172771,
  "gemv_us": 1910.703125,
  "e2e_us": 3792.572771,
  "throughput_GBs": 1980.983266,
  "latency_all": {
    "count": 1048576,
    "mean_us": 125.413750,
    "p50_us": 20.273172,
    "p99_us": 456.956650,
    "min_us": 1.145882,
    "max_us": 941.713751
  },
  "latency_hot": {
    "count": 463358,
    "mean_us": 238.801345,
    "p50_us": 156.082997,
    "p99_us": 470.913002,
    "min_us": 1.451064,
    "max_us": 941.713751
  },
  "latency_cold": {
    "count": 191862,
    "mean_us": 18.065298,
    "p50_us": 17.516084,
    "p99_us": 38.254825,
    "min_us": 1.145882,
    "max_us": 48.564098
  },
  "dispatch_cct_us": 941.713751,
  "combine_cct_us": 940.155895,
  "roundtrip_step_us": 1883.469646,
  "e2e_step_us": 3794.172771
}
