{
  "scenario": 3,
  "scheme": "ub_rg_pop",
  "mode": "roundtrip",
  "batch": 256,
  "zipf_s": 0.900000,
  "topk": 8,
  "ep_size": 1024,
  "seed": 25,
  "tau_g_ns": 143.360000,
  "grain_bytes": 7168,
  "total_tokens": 4194304,
  "max_egress_load": 18435,
  "konig_us": 5270.487040,
  "rtt_us": 1.650000,
  "barrier_us": 2.400000,
  "cct_us": 5290.773119,
  "step_us": 5293.173119,
  "throughput_GBs": 5679.914561,
  "latency_all": {
    "count": 4194304,
    "mean_us": 230.580049,
    "p50_us": 16.116103,
    "p99_us": 2020.678610,
    "min_us": 2.593361,
    "max_us": 2645.477963
  },
  "latency_hot": {
    "count": 2470454,
    "mean_us": 379.336912,
    "p50_us": 37.096881,
    "p99_us": 2020.839212,
    "min_us": 2.593361,
    "max_us": 2645.477963
  },
  "latency_cold": {
    "count": 560570,
    "mean_us": 9.413979,
    "p50_us": 8.948008,
    "p99_us": 15.703593,
    "min_us": 2.593488,
    "max_us": 25.427348
  },
  "dispatch_cct_us": 2645.295156,
  "combine_cct_us": 2645.477963,
  "roundtrip_step_us": 5293.173119
}
