{
  "scenario": 4,
  "scheme": "ub_rg",
  "mode": "roundtrip",
  "batch": 256,
  "zipf_s": 0.000000,
  "topk": 8,
  "ep_size": 128,
  "seed": 17,
  "start_skew_us": 4.000000,
  "tau_g_ns": 143.360000,
  "grain_bytes": 7168,
  "total_tokens": 524288,
  "max_egress_load": 330,
  "konig_us": 93.614080,
  "rtt_us": 0.800000,
  "barrier_us": 1.600000,
  "cct_us": 143.293949,
  "step_us": 229.425199,
  "gemv_us": 84.531250,
  "e2e_us": 227.825199,
  "throughput_GBs": 16380.486522,
  "latency_all": {
    "count": 524288,
    "mean_us": 31.564979,
    "p50_us": 29.063794,
    "p99_us": 47.398011,
    "min_us": 1.081097,
    "max_us": 76.084876
  },
  "latency_hot": {
    "count": 49104,
    "mean_us": 31.997675,
    "p50_us": 31.823179,
    "p99_us": 58.318241,
    "min_us": 2.647666,
    "max_us": 72.862031
  },
  "latency_cold": {
    "count": 261316,
    "mean_us": 31.279919,
    "p50_us": 26.791240,
    "p99_us": 56.266492,
    "min_us": 1.343677,
    "max_us": 76.084876
  },
  "dispatch_cct_us": 76.084876,
  "combine_cct_us": 67.209073,
  "roundtrip_step_us": 144.893949,
  "e2e_step_us": 229.425199
}
