{
  "scenario": 1,
  "scheme": "packet_spray",
  "mode": "roundtrip",
  "batch": 128,
  "zipf_s": 0.700000,
  "topk": 8,
  "ep_size": 32,
  "seed": 55,
  "start_skew_us": 4.000000,
  "tau_g_ns": 143.360000,
  "grain_bytes": 7168,
  "total_tokens": 65536,
  "max_egress_load": 439,
  "konig_us": 120.709120,
  "rtt_us": 0.000000,
  "barrier_us": 4.000000,
  "cct_us": 159.615617,
  "step_us": 289.357804,
  "gemv_us": 125.742188,
  "e2e_us": 285.357804,
  "throughput_GBs": 1623.464240,
  "latency_all": {
    "count": 65536,
    "mean_us": 35.952675,
    "p50_us": 32.259895,
    "p99_us": 72.830775,
    "min_us": 1.315511,
    "max_us": 81.623882
  },
  "latency_hot": {
    "count": 15588,
    "mean_us": 37.795854,
    "p50_us": 37.994295,
    "p99_us": 73.595722,
    "min_us": 1.315511,
    "max_us": 81.623882
  },
  "latency_cold": {
    "count": 19930,
    "mean_us": 35.762266,
    "p50_us": 28.925166,
    "p99_us": 74.837815,
    "min_us": 1.315511,
    "max_us": 77.991735
  },
  "dispatch_cct_us": 81.623882,
  "combine_cct_us": 77.991735,
  "roundtrip_step_us": 163.615617,
  "e2e_step_us": 289.357804
}
