{
  "scenario": 1,
  "scheme": "ub_rg_pop",
  "mode": "roundtrip",
  "batch": 256,
  "zipf_s": 0.000000,
  "topk": 8,
  "ep_size": 64,
  "seed": 38,
  "start_skew_us": 4.000000,
  "tau_g_ns": 143.360000,
  "grain_bytes": 7168,
  "total_tokens": 262144,
  "max_egress_load": 302,
  "konig_us": 85.012480,
  "rtt_us": 0.900000,
  "barrier_us": 0.800000,
  "cct_us": 125.344299,
  "step_us": 209.777111,
  "gemv_us": 83.632812,
  "e2e_us": 208.977111,
  "throughput_GBs": 8957.355642,
  "latency_all": {
    "count": 262144,
    "mean_us": 29.589782,
    "p50_us": 25.108138,
    "p99_us": 49.754463,
    "min_us": 1.444072,
    "max_us": 63.241830
  },
  "latency_hot": {
    "count": 24574,
    "mean_us": 29.977586,
    "p50_us": 29.895874,
    "p99_us": 55.408348,
    "min_us": 1.921071,
    "max_us": 61.034900
  },
  "latency_cold": {
    "count": 130804,
    "mean_us": 29.498342,
    "p50_us": 29.363875,
    "p99_us": 54.698497,
    "min_us": 1.444072,
    "max_us": 63.241830
  },
  "dispatch_cct_us": 62.102469,
  "combine_cct_us": 63.241830,
  "roundtrip_step_us": 126.144299,
  "e2e_step_us": 209.777111
}
