{
  "scenario": 1,
  "scheme": "packet_spray",
  "mode": "roundtrip",
  "batch": 256,
  "zipf_s": 0.700000,
  "topk": 8,
  "ep_size": 32,
  "seed": 94,
  "tau_g_ns": 143.360000,
  "grain_bytes": 7168,
  "total_tokens": 131072,
  "max_egress_load": 832,
  "konig_us": 234.393600,
  "rtt_us": 0.000000,
  "barrier_us": 4.000000,
  "cct_us": 300.265760,
  "step_us": 304.265760,
  "throughput_GBs": 3087.840367,
  "latency_all": {
    "count": 131072,
    "mean_us": 66.318507,
    "p50_us": 58.740880,
    "p99_us": 139.739280,
    "min_us": 0.536720,
    "max_us": 151.064720
  },
  "latency_hot": {
    "count": 31276,
    "mean_us": 70.552202,
    "p50_us": 70.926480,
    "p99_us": 141.746320,
    "min_us": 0.536720,
    "max_us": 151.064720
  },
  "latency_cold": {
    "count": 39468,
    "mean_us": 65.935054,
    "p50_us": 51.859600,
    "p99_us": 143.323280,
    "min_us": 0.536720,
    "max_us": 149.201040
  },
  "dispatch_cct_us": 151.064720,
  "combine_cct_us": 149.201040,
  "roundtrip_step_us": 304.265760
}
