{
  "scenario": 1,
  "scheme": "packet_spray",
  "mode": "roundtrip",
  "batch": 256,
  "zipf_s": 0.300000,
  "topk": 8,
  "ep_size": 128,
  "seed": 58,
  "start_skew_us": 4.000000,
  "tau_g_ns": 143.360000,
  "grain_bytes": 7168,
  "total_tokens": 524288,
  "max_egress_load": 781,
  "konig_us": 216.903680,
  "rtt_us": 0.000000,
  "barrier_us": 4.000000,
  "cct_us": 300.210404,
  "step_us": 532.960404,
  "gemv_us": 228.750000,
  "e2e_us": 528.960404,
  "throughput_GBs": 7051.361329,
  "latency_all": {
    "count": 524288,
    "mean_us": 72.148598,
    "p50_us": 61.521068,
    "p99_us": 103.955628,
    "min_us": 1.021435,
    "max_us": 154.123445
  },
  "latency_hot": {
    "count": 91128,
    "mean_us": 71.250619,
    "p50_us": 72.088887,
    "p99_us": 133.766325,
    "min_us": 4.733999,
    "max_us": 154.123445
  },
  "latency_cold": {
    "count": 207298,
    "mean_us": 75.026434,
    "p50_us": 67.586177,
    "p99_us": 137.055279,
    "min_us": 1.021435,
    "max_us": 146.086959
  },
  "dispatch_cct_us": 154.123445,
  "combine_cct_us": 146.086959,
  "roundtrip_step_us": 304.210404,
  "e2e_step_us": 532.960404
}
