{
  "scenario": 1,
  "scheme": "islip",
  "mode": "roundtrip",
  "batch": 128,
  "zipf_s": 0.900000,
  "topk": 8,
  "ep_size": 128,
  "seed": 60,
  "start_skew_us": 4.000000,
  "tau_g_ns": 143.360000,
  "grain_bytes": 7168,
  "total_tokens": 262144,
  "max_egress_load": 1550,
  "konig_us": 441.978880,
  "rtt_us": 0.600000,
  "barrier_us": 0.800000,
  "cct_us": 475.922168,
  "step_us": 955.589355,
  "gemv_us": 478.867188,
  "e2e_us": 954.789355,
  "throughput_GBs": 1966.376228,
  "latency_all": {
    "count": 262144,
    "mean_us": 42.918954,
    "p50_us": 20.747030,
    "p99_us": 195.480644,
    "min_us": 1.164768,
    "max_us": 239.330920
  },
  "latency_hot": {
    "count": 116806,
    "mean_us": 71.487383,
    "p50_us": 56.428398,
    "p99_us": 221.904839,
    "min_us": 1.357284,
    "max_us": 239.330920
  },
  "latency_cold": {
    "count": 47148,
    "mean_us": 15.350924,
    "p50_us": 15.561303,
    "p99_us": 25.727793,
    "min_us": 1.164768,
    "max_us": 30.939171
  },
  "dispatch_cct_us": 239.330920,
  "combine_cct_us": 236.591247,
  "roundtrip_step_us": 476.722168,
  "e2e_step_us": 955.589355
}
