{
  "scenario": 1,
  "scheme": "ub_rg",
  "mode": "roundtrip",
  "batch": 16,
  "zipf_s": 0.900000,
  "topk": 8,
  "ep_size": 32,
  "seed": 92,
  "start_skew_us": 4.000000,
  "tau_g_ns": 143.360000,
  "grain_bytes": 7168,
  "total_tokens": 8192,
  "max_egress_load": 61,
  "konig_us": 17.059840,
  "rtt_us": 0.600000,
  "barrier_us": 0.800000,
  "cct_us": 26.439273,
  "step_us": 45.325210,
  "gemv_us": 18.085938,
  "e2e_us": 44.525210,
  "throughput_GBs": 1295.531906,
  "latency_all": {
    "count": 8192,
    "mean_us": 5.357412,
    "p50_us": 5.135827,
    "p99_us": 11.792154,
    "min_us": 1.151942,
    "max_us": 13.329775
  },
  "latency_hot": {
    "count": 2206,
    "mean_us": 7.330167,
    "p50_us": 7.194533,
    "p99_us": 12.667802,
    "min_us": 1.426086,
    "max_us": 13.329775
  },
  "latency_cold": {
    "count": 2056,
    "mean_us": 3.965729,
    "p50_us": 3.817467,
    "p99_us": 6.590814,
    "min_us": 1.151942,
    "max_us": 7.230535
  },
  "dispatch_cct_us": 13.329775,
  "combine_cct_us": 13.109497,
  "roundtrip_step_us": 27.239273,
  "e2e_step_us": 45.325210
}
