{
  "scenario": 1,
  "scheme": "islip",
  "mode": "roundtrip",
  "batch": 64,
  "zipf_s": 0.000000,
  "topk": 8,
  "ep_size": 64,
  "seed": 11,
  "start_skew_us": 4.000000,
  "tau_g_ns": 143.360000,
  "grain_bytes": 7168,
  "total_tokens": 65536,
  "max_egress_load": 86,
  "konig_us": 24.371200,
  "rtt_us": 0.600000,
  "barrier_us": 0.800000,
  "cct_us": 58.893123,
  "step_us": 81.255623,
  "gemv_us": 21.562500,
  "e2e_us": 80.455623,
  "throughput_GBs": 5781.286628,
  "latency_all": {
    "count": 65536,
    "mean_us": 13.920108,
    "p50_us": 13.816393,
    "p99_us": 24.684821,
    "min_us": 1.165133,
    "max_us": 30.638996
  },
  "latency_hot": {
    "count": 6296,
    "mean_us": 13.803209,
    "p50_us": 14.030390,
    "p99_us": 24.002432,
    "min_us": 1.365328,
    "max_us": 25.968398
  },
  "latency_cold": {
    "count": 32672,
    "mean_us": 13.872386,
    "p50_us": 13.782101,
    "p99_us": 24.844727,
    "min_us": 1.165133,
    "max_us": 30.638996
  },
  "dispatch_cct_us": 28.254128,
  "combine_cct_us": 30.638996,
  "roundtrip_step_us": 59.693123,
  "e2e_step_us": 81.255623
}
