{
  "scenario": 1,
  "scheme": "packet_spray",
  "mode": "roundtrip",
  "batch": 256,
  "zipf_s": 0.300000,
  "topk": 8,
  "ep_size": 128,
  "seed": 3,
  "start_skew_us": 4.000000,
  "tau_g_ns": 143.360000,
  "grain_bytes": 7168,
  "total_tokens": 524288,
  "max_egress_load": 791,
  "konig_us": 220.200960,
  "rtt_us": 0.000000,
  "barrier_us": 4.000000,
  "cct_us": 292.033401,
  "step_us": 528.767776,
  "gemv_us": 232.734375,
  "e2e_us": 524.767776,
  "throughput_GBs": 7107.271955,
  "latency_all": {
    "count": 524288,
    "mean_us": 65.078085,
    "p50_us": 50.426780,
    "p99_us": 95.185830,
    "min_us": 1.054698,
    "max_us": 146.185103
  },
  "latency_hot": {
    "count": 91092,
    "mean_us": 64.816703,
    "p50_us": 65.049500,
    "p99_us": 125.634538,
    "min_us": 1.054698,
    "max_us": 145.848298
  },
  "latency_cold": {
    "count": 207082,
    "mean_us": 67.639009,
    "p50_us": 57.327761,
    "p99_us": 137.153423,
    "min_us": 1.054698,
    "max_us": 146.185103
  },
  "dispatch_cct_us": 145.848298,
  "combine_cct_us": 146.185103,
  "roundtrip_step_us": 296.033401,
  "e2e_step_us": 528.767776
}
