{
  "scenario": 4,
  "scheme": "ub_rg_pop",
  "mode": "roundtrip",
  "batch": 16,
  "zipf_s": 0.300000,
  "topk": 8,
  "ep_size": 256,
  "seed": 60,
  "start_skew_us": 4.000000,
  "tau_g_ns": 143.360000,
  "grain_bytes": 7168,
  "total_tokens": 65536,
  "max_egress_load": 59,
  "konig_us": 16.486400,
  "rtt_us": 1.200000,
  "barrier_us": 1.600000,
  "cct_us": 60.833798,
  "step_us": 79.738485,
  "gemv_us": 17.304688,
  "e2e_us": 78.138485,
  "throughput_GBs": 5891.283805,
  "latency_all": {
    "count": 65536,
    "mean_us": 15.556144,
    "p50_us": 15.608268,
    "p99_us": 26.016958,
    "min_us": 1.764768,
    "max_us": 31.615424
  },
  "latency_hot": {
    "count": 12276,
    "mean_us": 16.604010,
    "p50_us": 16.886114,
    "p99_us": 27.297397,
    "min_us": 2.620640,
    "max_us": 31.615424
  },
  "latency_cold": {
    "count": 25464,
    "mean_us": 15.072071,
    "p50_us": 14.922874,
    "p99_us": 25.101592,
    "min_us": 1.956295,
    "max_us": 27.989104
  },
  "dispatch_cct_us": 31.615424,
  "combine_cct_us": 29.218374,
  "roundtrip_step_us": 62.433798,
  "e2e_step_us": 79.738485
}
