{
  "scenario": 4,
  "scheme": "ub_rg_pop",
  "mode": "roundtrip",
  "batch": 64,
  "zipf_s": 0.000000,
  "topk": 8,
  "ep_size": 256,
  "seed": 40,
  "start_skew_us": 4.000000,
  "tau_g_ns": 143.360000,
  "grain_bytes": 7168,
  "total_tokens": 262144,
  "max_egress_load": 98,
  "konig_us": 27.668480,
  "rtt_us": 1.200000,
  "barrier_us": 1.600000,
  "cct_us": 38.280902,
  "step_us": 62.224652,
  "gemv_us": 22.343750,
  "e2e_us": 60.624652,
  "throughput_GBs": 30197.809488,
  "latency_all": {
    "count": 262144,
    "mean_us": 9.401460,
    "p50_us": 8.234404,
    "p99_us": 16.582468,
    "min_us": 1.490177,
    "max_us": 19.963853
  },
  "latency_hot": {
    "count": 25216,
    "mean_us": 9.199539,
    "p50_us": 9.138615,
    "p99_us": 16.396382,
    "min_us": 1.807403,
    "max_us": 19.351369
  },
  "latency_cold": {
    "count": 131112,
    "mean_us": 9.460288,
    "p50_us": 9.411736,
    "p99_us": 16.405240,
    "min_us": 1.490177,
    "max_us": 19.963853
  },
  "dispatch_cct_us": 19.963853,
  "combine_cct_us": 18.317049,
  "roundtrip_step_us": 39.880902,
  "e2e_step_us": 62.224652
}
