{
  "scenario": 1,
  "scheme": "islip",
  "mode": "roundtrip",
  "batch": 16,
  "zipf_s": 0.700000,
  "topk": 8,
  "ep_size": 32,
  "seed": 14,
  "start_skew_us": 4.000000,
  "tau_g_ns": 143.360000,
  "grain_bytes": 7168,
  "total_tokens": 8192,
  "max_egress_load": 51,
  "konig_us": 14.336000,
  "rtt_us": 0.600000,
  "barrier_us": 0.800000,
  "cct_us": 22.570772,
  "step_us": 38.487959,
  "gemv_us": 15.117188,
  "e2e_us": 37.687959,
  "throughput_GBs": 1525.678606,
  "latency_all": {
    "count": 8192,
    "mean_us": 4.520148,
    "p50_us": 4.281762,
    "p99_us": 9.805293,
    "min_us": 1.178017,
    "max_us": 11.825786
  },
  "latency_hot": {
    "count": 1922,
    "mean_us": 5.945869,
    "p50_us": 5.828372,
    "p99_us": 10.538393,
    "min_us": 1.375482,
    "max_us": 11.825786
  },
  "latency_cold": {
    "count": 2404,
    "mean_us": 3.834244,
    "p50_us": 3.761135,
    "p99_us": 6.740382,
    "min_us": 1.178017,
    "max_us": 7.680481
  },
  "dispatch_cct_us": 11.825786,
  "combine_cct_us": 10.744985,
  "roundtrip_step_us": 23.370772,
  "e2e_step_us": 38.487959
}
