{
  "scenario": 4,
  "scheme": "ub_rg_pop",
  "mode": "roundtrip",
  "batch": 256,
  "zipf_s": 0.300000,
  "topk": 8,
  "ep_size": 512,
  "seed": 64,
  "start_skew_us": 4.000000,
  "tau_g_ns": 143.360000,
  "grain_bytes": 7168,
  "total_tokens": 2097152,
  "max_egress_load": 1358,
  "konig_us": 363.560960,
  "rtt_us": 1.200000,
  "barrier_us": 1.600000,
  "cct_us": 394.632251,
  "step_us": 764.240064,
  "gemv_us": 368.007812,
  "e2e_us": 762.640064,
  "throughput_GBs": 19669.716685,
  "latency_all": {
    "count": 2097152,
    "mean_us": 27.521715,
    "p50_us": 12.665585,
    "p99_us": 67.107941,
    "min_us": 1.530658,
    "max_us": 197.925546
  },
  "latency_hot": {
    "count": 403904,
    "mean_us": 45.058253,
    "p50_us": 43.277288,
    "p99_us": 122.570726,
    "min_us": 1.634122,
    "max_us": 197.925546
  },
  "latency_cold": {
    "count": 815242,
    "mean_us": 20.568479,
    "p50_us": 15.068544,
    "p99_us": 34.656055,
    "min_us": 1.530658,
    "max_us": 63.002336
  },
  "dispatch_cct_us": 197.925546,
  "combine_cct_us": 196.706705,
  "roundtrip_step_us": 396.232251,
  "e2e_step_us": 764.240064
}
