{
  "scenario": 1,
  "scheme": "ub_rg_pop",
  "mode": "roundtrip",
  "batch": 512,
  "zipf_s": 0.900000,
  "topk": 8,
  "ep_size": 32,
  "seed": 61,
  "start_skew_us": 4.000000,
  "tau_g_ns": 143.360000,
  "grain_bytes": 7168,
  "total_tokens": 262144,
  "max_egress_load": 1857,
  "konig_us": 531.292160,
  "rtt_us": 0.900000,
  "barrier_us": 0.800000,
  "cct_us": 542.150741,
  "step_us": 1120.606991,
  "gemv_us": 577.656250,
  "e2e_us": 1119.806991,
  "throughput_GBs": 1676.812840,
  "latency_all": {
    "count": 262144,
    "mean_us": 61.649545,
    "p50_us": 31.710931,
    "p99_us": 232.476730,
    "min_us": 1.505349,
    "max_us": 271.318112
  },
  "latency_hot": {
    "count": 72616,
    "mean_us": 115.559633,
    "p50_us": 112.283760,
    "p99_us": 262.745631,
    "min_us": 1.878578,
    "max_us": 271.318112
  },
  "latency_cold": {
    "count": 66504,
    "mean_us": 22.759819,
    "p50_us": 22.117748,
    "p99_us": 50.185696,
    "min_us": 1.505349,
    "max_us": 57.944000
  },
  "dispatch_cct_us": 270.832630,
  "combine_cct_us": 271.318112,
  "roundtrip_step_us": 542.950741,
  "e2e_step_us": 1120.606991
}
