{
  "scenario": 4,
  "scheme": "ub_rg_pop",
  "mode": "roundtrip",
  "batch": 256,
  "zipf_s": 0.900000,
  "topk": 8,
  "ep_size": 256,
  "seed": 85,
  "start_skew_us": 4.000000,
  "tau_g_ns": 143.360000,
  "grain_bytes": 7168,
  "total_tokens": 1048576,
  "max_egress_load": 6108,
  "konig_us": 1669.283840,
  "rtt_us": 1.200000,
  "barrier_us": 1.600000,
  "cct_us": 1759.091222,
  "step_us": 3490.495909,
  "gemv_us": 1729.804688,
  "e2e_us": 3488.895909,
  "throughput_GBs": 2153.330920,
  "latency_all": {
    "count": 1048576,
    "mean_us": 96.920641,
    "p50_us": 13.593615,
    "p99_us": 379.424795,
    "min_us": 1.436106,
    "max_us": 880.442563
  },
  "latency_hot": {
    "count": 530540,
    "mean_us": 172.888735,
    "p50_us": 79.504699,
    "p99_us": 379.392047,
    "min_us": 1.939718,
    "max_us": 880.442563
  },
  "latency_cold": {
    "count": 170348,
    "mean_us": 11.092283,
    "p50_us": 10.829689,
    "p99_us": 21.305207,
    "min_us": 1.436106,
    "max_us": 39.006351
  },
  "dispatch_cct_us": 880.442563,
  "combine_cct_us": 878.648658,
  "roundtrip_step_us": 1760.691222,
  "e2e_step_us": 3490.495909
}
