{
  "scenario": 4,
  "scheme": "ub_rg_pop",
  "mode": "roundtrip",
  "batch": 512,
  "zipf_s": 0.700000,
  "topk": 8,
  "ep_size": 128,
  "seed": 5,
  "start_skew_us": 4.000000,
  "tau_g_ns": 143.360000,
  "grain_bytes": 7168,
  "total_tokens": 1048576,
  "max_egress_load": 4737,
  "konig_us": 1311.600640,
  "rtt_us": 1.200000,
  "barrier_us": 1.600000,
  "cct_us": 1369.560962,
  "step_us": 2749.715649,
  "gemv_us": 1378.554688,
  "e2e_us": 2748.115649,
  "throughput_GBs": 2733.443645,
  "latency_all": {
    "count": 1048576,
    "mean_us": 84.339318,
    "p50_us": 20.524773,
    "p99_us": 279.791070,
    "min_us": 1.454830,
    "max_us": 684.799776
  },
  "latency_hot": {
    "count": 360614,
    "mean_us": 174.341536,
    "p50_us": 124.686437,
    "p99_us": 600.870643,
    "min_us": 1.561777,
    "max_us": 684.799776
  },
  "latency_cold": {
    "count": 259056,
    "mean_us": 23.089306,
    "p50_us": 18.431920,
    "p99_us": 47.209213,
    "min_us": 1.573593,
    "max_us": 63.226649
  },
  "dispatch_cct_us": 684.761185,
  "combine_cct_us": 684.799776,
  "roundtrip_step_us": 1371.160962,
  "e2e_step_us": 2749.715649
}
