{
  "scenario": 1,
  "scheme": "ub_rg",
  "mode": "roundtrip",
  "batch": 512,
  "zipf_s": 0.000000,
  "topk": 8,
  "ep_size": 64,
  "seed": 86,
  "start_skew_us": 4.000000,
  "tau_g_ns": 143.360000,
  "grain_bytes": 7168,
  "total_tokens": 524288,
  "max_egress_load": 576,
  "konig_us": 163.717120,
  "rtt_us": 0.600000,
  "barrier_us": 0.800000,
  "cct_us": 173.470099,
  "step_us": 339.270099,
  "gemv_us": 165.000000,
  "e2e_us": 338.470099,
  "throughput_GBs": 11077.004413,
  "latency_all": {
    "count": 524288,
    "mean_us": 40.290057,
    "p50_us": 32.603614,
    "p99_us": 67.712181,
    "min_us": 1.238937,
    "max_us": 87.233810
  },
  "latency_hot": {
    "count": 49036,
    "mean_us": 40.087405,
    "p50_us": 39.966497,
    "p99_us": 78.719269,
    "min_us": 1.567905,
    "max_us": 85.273073
  },
  "latency_cold": {
    "count": 262854,
    "mean_us": 40.419650,
    "p50_us": 31.467156,
    "p99_us": 78.230145,
    "min_us": 1.257821,
    "max_us": 85.991496
  },
  "dispatch_cct_us": 87.233810,
  "combine_cct_us": 86.236289,
  "roundtrip_step_us": 174.270099,
  "e2e_step_us": 339.270099
}
