{
  "scenario": 4,
  "scheme": "ub_rg_pop",
  "mode": "roundtrip",
  "batch": 256,
  "zipf_s": 0.300000,
  "topk": 8,
  "ep_size": 512,
  "seed": 93,
  "start_skew_us": 4.000000,
  "tau_g_ns": 143.360000,
  "grain_bytes": 7168,
  "total_tokens": 2097152,
  "max_egress_load": 1300,
  "konig_us": 349.798400,
  "rtt_us": 1.200000,
  "barrier_us": 1.600000,
  "cct_us": 404.334525,
  "step_us": 762.106400,
  "gemv_us": 356.171875,
  "e2e_us": 760.506400,
  "throughput_GBs": 19724.785858,
  "latency_all": {
    "count": 2097152,
    "mean_us": 36.445536,
    "p50_us": 20.419189,
    "p99_us": 75.774260,
    "min_us": 1.764906,
    "max_us": 209.764730
  },
  "latency_hot": {
    "count": 402376,
    "mean_us": 53.864282,
    "p50_us": 51.482466,
    "p99_us": 134.597351,
    "min_us": 1.870712,
    "max_us": 209.764730
  },
  "latency_cold": {
    "count": 814132,
    "mean_us": 29.540421,
    "p50_us": 23.200634,
    "p99_us": 43.928706,
    "min_us": 1.894996,
    "max_us": 87.804482
  },
  "dispatch_cct_us": 209.764730,
  "combine_cct_us": 194.569794,
  "roundtrip_step_us": 405.934525,
  "e2e_step_us": 762.106400
}
