{
  "scenario": 1,
  "scheme": "packet_spray",
  "mode": "roundtrip",
  "batch": 128,
  "zipf_s": 0.000000,
  "topk": 8,
  "ep_size": 32,
  "seed": 66,
  "start_skew_us": 4.000000,
  "tau_g_ns": 143.360000,
  "grain_bytes": 7168,
  "total_tokens": 65536,
  "max_egress_load": 157,
  "konig_us": 42.004480,
  "rtt_us": 0.000000,
  "barrier_us": 4.000000,
  "cct_us": 82.968550,
  "step_us": 129.351363,
  "gemv_us": 42.382812,
  "e2e_us": 125.351363,
  "throughput_GBs": 3631.674518,
  "latency_all": {
    "count": 65536,
    "mean_us": 24.457181,
    "p50_us": 24.811403,
    "p99_us": 38.676972,
    "min_us": 2.023443,
    "max_us": 43.121132
  },
  "latency_hot": {
    "count": 6290,
    "mean_us": 20.443997,
    "p50_us": 20.373523,
    "p99_us": 38.820332,
    "min_us": 2.023443,
    "max_us": 40.540652
  },
  "latency_cold": {
    "count": 32552,
    "mean_us": 26.736021,
    "p50_us": 26.818443,
    "p99_us": 38.820332,
    "min_us": 2.590603,
    "max_us": 43.121132
  },
  "dispatch_cct_us": 43.121132,
  "combine_cct_us": 39.847419,
  "roundtrip_step_us": 86.968550,
  "e2e_step_us": 129.351363
}
