{
  "scenario": 1,
  "scheme": "ub_rg",
  "mode": "roundtrip",
  "batch": 256,
  "zipf_s": 0.300000,
  "topk": 8,
  "ep_size": 64,
  "seed": 24,
  "tau_g_ns": 143.360000,
  "grain_bytes": 7168,
  "total_tokens": 262144,
  "max_egress_load": 610,
  "konig_us": 172.032000,
  "rtt_us": 0.600000,
  "barrier_us": 0.800000,
  "cct_us": 177.146433,
  "step_us": 177.946433,
  "throughput_GBs": 10559.628315,
  "latency_all": {
    "count": 262144,
    "mean_us": 21.626797,
    "p50_us": 15.516182,
    "p99_us": 62.215845,
    "min_us": 1.143930,
    "max_us": 88.604097
  },
  "latency_hot": {
    "count": 43132,
    "mean_us": 34.572883,
    "p50_us": 33.683584,
    "p99_us": 82.194101,
    "min_us": 1.144258,
    "max_us": 88.604097
  },
  "latency_cold": {
    "count": 105946,
    "mean_us": 16.535278,
    "p50_us": 16.359016,
    "p99_us": 33.844993,
    "min_us": 1.143930,
    "max_us": 37.787634
  },
  "dispatch_cct_us": 88.542336,
  "combine_cct_us": 88.604097,
  "roundtrip_step_us": 177.946433
}
