{
  "scenario": 1,
  "scheme": "islip",
  "mode": "roundtrip",
  "batch": 256,
  "zipf_s": 0.000000,
  "topk": 8,
  "ep_size": 32,
  "seed": 82,
  "start_skew_us": 4.000000,
  "tau_g_ns": 143.360000,
  "grain_bytes": 7168,
  "total_tokens": 131072,
  "max_egress_load": 305,
  "konig_us": 84.869120,
  "rtt_us": 0.600000,
  "barrier_us": 0.800000,
  "cct_us": 95.935749,
  "step_us": 180.524811,
  "gemv_us": 83.789062,
  "e2e_us": 179.724811,
  "throughput_GBs": 5204.404251,
  "latency_all": {
    "count": 131072,
    "mean_us": 21.732261,
    "p50_us": 21.629272,
    "p99_us": 42.193093,
    "min_us": 1.181101,
    "max_us": 48.749969
  },
  "latency_hot": {
    "count": 12488,
    "mean_us": 22.117456,
    "p50_us": 22.011707,
    "p99_us": 42.481758,
    "min_us": 1.298584,
    "max_us": 45.822840
  },
  "latency_cold": {
    "count": 65626,
    "mean_us": 21.602597,
    "p50_us": 21.516680,
    "p99_us": 42.055883,
    "min_us": 1.181101,
    "max_us": 46.089143
  },
  "dispatch_cct_us": 48.749969,
  "combine_cct_us": 47.185780,
  "roundtrip_step_us": 96.735749,
  "e2e_step_us": 180.524811
}
