{
  "scenario": 4,
  "scheme": "ub_rg",
  "mode": "roundtrip",
  "batch": 16,
  "zipf_s": 0.700000,
  "topk": 8,
  "ep_size": 256,
  "seed": 2,
  "start_skew_us": 4.000000,
  "tau_g_ns": 143.360000,
  "grain_bytes": 7168,
  "total_tokens": 65536,
  "max_egress_load": 254,
  "konig_us": 68.526080,
  "rtt_us": 0.800000,
  "barrier_us": 1.600000,
  "cct_us": 99.828587,
  "step_us": 171.389524,
  "gemv_us": 69.960938,
  "e2e_us": 169.789524,
  "throughput_GBs": 2740.902927,
  "latency_all": {
    "count": 65536,
    "mean_us": 15.221767,
    "p50_us": 14.587412,
    "p99_us": 37.875459,
    "min_us": 1.257163,
    "max_us": 54.292171
  },
  "latency_hot": {
    "count": 25080,
    "mean_us": 18.211846,
    "p50_us": 16.993503,
    "p99_us": 41.915864,
    "min_us": 1.257163,
    "max_us": 54.292171
  },
  "latency_cold": {
    "count": 15108,
    "mean_us": 12.486487,
    "p50_us": 12.231017,
    "p99_us": 21.968676,
    "min_us": 1.405713,
    "max_us": 23.568813
  },
  "dispatch_cct_us": 54.292171,
  "combine_cct_us": 45.536416,
  "roundtrip_step_us": 101.428587,
  "e2e_step_us": 171.389524
}
