{
  "scenario": 1,
  "scheme": "islip",
  "mode": "roundtrip",
  "batch": 64,
  "zipf_s": 0.000000,
  "topk": 8,
  "ep_size": 128,
  "seed": 45,
  "start_skew_us": 4.000000,
  "tau_g_ns": 143.360000,
  "grain_bytes": 7168,
  "total_tokens": 131072,
  "max_egress_load": 91,
  "konig_us": 25.948160,
  "rtt_us": 0.600000,
  "barrier_us": 0.800000,
  "cct_us": 69.202579,
  "step_us": 92.268204,
  "gemv_us": 22.265625,
  "e2e_us": 91.468204,
  "throughput_GBs": 10182.533680,
  "latency_all": {
    "count": 131072,
    "mean_us": 17.904739,
    "p50_us": 17.821135,
    "p99_us": 30.254342,
    "min_us": 1.178736,
    "max_us": 35.025069
  },
  "latency_hot": {
    "count": 12238,
    "mean_us": 17.382747,
    "p50_us": 17.204557,
    "p99_us": 28.962562,
    "min_us": 1.290634,
    "max_us": 33.939802
  },
  "latency_cold": {
    "count": 65692,
    "mean_us": 17.901191,
    "p50_us": 17.806424,
    "p99_us": 30.629861,
    "min_us": 1.178736,
    "max_us": 35.025069
  },
  "dispatch_cct_us": 34.177510,
  "combine_cct_us": 35.025069,
  "roundtrip_step_us": 70.002579,
  "e2e_step_us": 92.268204
}
