{
  "scenario": 1,
  "scheme": "ub_rg_pop",
  "mode": "roundtrip",
  "batch": 256,
  "zipf_s": 0.300000,
  "topk": 8,
  "ep_size": 128,
  "seed": 83,
  "start_skew_us": 4.000000,
  "tau_g_ns": 143.360000,
  "grain_bytes": 7168,
  "total_tokens": 524288,
  "max_egress_load": 800,
  "konig_us": 221.491200,
  "rtt_us": 0.900000,
  "barrier_us": 0.800000,
  "cct_us": 236.609811,
  "step_us": 469.948874,
  "gemv_us": 232.539062,
  "e2e_us": 469.148874,
  "throughput_GBs": 7996.819642,
  "latency_all": {
    "count": 524288,
    "mean_us": 24.866676,
    "p50_us": 19.138144,
    "p99_us": 40.454343,
    "min_us": 1.497234,
    "max_us": 119.133491
  },
  "latency_hot": {
    "count": 91144,
    "mean_us": 40.030508,
    "p50_us": 38.331627,
    "p99_us": 101.850821,
    "min_us": 1.895610,
    "max_us": 119.133491
  },
  "latency_cold": {
    "count": 206980,
    "mean_us": 18.931162,
    "p50_us": 18.262296,
    "p99_us": 35.411998,
    "min_us": 1.519388,
    "max_us": 42.622112
  },
  "dispatch_cct_us": 119.133491,
  "combine_cct_us": 117.476320,
  "roundtrip_step_us": 237.409811,
  "e2e_step_us": 469.948874
}
