{
  "scenario": 1,
  "scheme": "packet_spray",
  "mode": "afd_m2n",
  "batch": 128,
  "zipf_s": 1.000000,
  "topk": 8,
  "ep_size": 128,
  "seed": 1,
  "engine": "packet",
  "profile": "afd",
  "traffic": "afd_m2n",
  "m_attn": 112,
  "n_ffn": 16,
  "placement": "role_packed",
  "total_tokens": 114688,
  "barrier_us": 2.000000,
  "cct_us": 8691.781000,
  "step_us": 8693.781000,
  "throughput_GBs": 94.581719,
  "konig_us": 290.447360,
  "rtt_us": 0.000000,
  "latency_all": {"count": 114688, "mean_us": 1536.971878, "p50_us": 965.201000, "p99_us": 6848.766000, "min_us": 0, "max_us": 8691.781000},
  "latency_hot": {"count": 14120, "mean_us": 3079.319871, "p50_us": 2735.118000, "p99_us": 7965.413000, "min_us": 0, "max_us": 0},
  "latency_cold": {"count": 36532, "mean_us": 568.905216, "p50_us": 369.936000, "p99_us": 1778.088000, "min_us": 0, "max_us": 0}
}
