{
  "scenario": 1,
  "scheme": "ub_rg",
  "mode": "roundtrip",
  "batch": 64,
  "zipf_s": 0.900000,
  "topk": 8,
  "ep_size": 64,
  "seed": 54,
  "tau_g_ns": 143.360000,
  "grain_bytes": 7168,
  "total_tokens": 65536,
  "max_egress_load": 433,
  "konig_us": 121.999360,
  "rtt_us": 0.600000,
  "barrier_us": 0.800000,
  "cct_us": 126.286124,
  "step_us": 127.086124,
  "throughput_GBs": 3696.407075,
  "latency_all": {
    "count": 65536,
    "mean_us": 11.811556,
    "p50_us": 6.949215,
    "p99_us": 55.225944,
    "min_us": 1.143698,
    "max_us": 63.191338
  },
  "latency_hot": {
    "count": 24228,
    "mean_us": 21.814508,
    "p50_us": 19.644569,
    "p99_us": 58.938988,
    "min_us": 1.152608,
    "max_us": 63.191338
  },
  "latency_cold": {
    "count": 13842,
    "mean_us": 3.581394,
    "p50_us": 3.452681,
    "p99_us": 7.037879,
    "min_us": 1.146980,
    "max_us": 8.361382
  },
  "dispatch_cct_us": 63.191338,
  "combine_cct_us": 63.094786,
  "roundtrip_step_us": 127.086124
}
