{
  "scenario": 4,
  "scheme": "ub_rg",
  "mode": "roundtrip",
  "batch": 64,
  "zipf_s": 0.300000,
  "topk": 8,
  "ep_size": 128,
  "seed": 70,
  "start_skew_us": 4.000000,
  "tau_g_ns": 143.360000,
  "grain_bytes": 7168,
  "total_tokens": 131072,
  "max_egress_load": 194,
  "konig_us": 53.186560,
  "rtt_us": 0.800000,
  "barrier_us": 1.600000,
  "cct_us": 63.918975,
  "step_us": 120.597100,
  "gemv_us": 55.078125,
  "e2e_us": 118.997100,
  "throughput_GBs": 7790.602697,
  "latency_all": {
    "count": 131072,
    "mean_us": 9.252157,
    "p50_us": 8.655655,
    "p99_us": 22.747220,
    "min_us": 1.014329,
    "max_us": 32.224930
  },
  "latency_hot": {
    "count": 22740,
    "mean_us": 13.289183,
    "p50_us": 12.946056,
    "p99_us": 27.255989,
    "min_us": 1.673821,
    "max_us": 32.224930
  },
  "latency_cold": {
    "count": 51338,
    "mean_us": 7.675952,
    "p50_us": 7.609357,
    "p99_us": 13.508069,
    "min_us": 1.014329,
    "max_us": 16.008133
  },
  "dispatch_cct_us": 32.224930,
  "combine_cct_us": 31.694045,
  "roundtrip_step_us": 65.518975,
  "e2e_step_us": 120.597100
}
