{
  "scenario": 1,
  "scheme": "packet_spray",
  "mode": "roundtrip",
  "batch": 64,
  "zipf_s": 0.900000,
  "topk": 8,
  "ep_size": 128,
  "seed": 43,
  "tau_g_ns": 143.360000,
  "grain_bytes": 7168,
  "total_tokens": 131072,
  "max_egress_load": 834,
  "konig_us": 228.945920,
  "rtt_us": 0.000000,
  "barrier_us": 4.000000,
  "cct_us": 245.788960,
  "step_us": 249.788960,
  "throughput_GBs": 3761.271499,
  "latency_all": {
    "count": 131072,
    "mean_us": 41.272045,
    "p50_us": 29.495440,
    "p99_us": 112.787600,
    "min_us": 0.536720,
    "max_us": 126.980240
  },
  "latency_hot": {
    "count": 57958,
    "mean_us": 46.976797,
    "p50_us": 39.817360,
    "p99_us": 110.493840,
    "min_us": 0.536720,
    "max_us": 126.980240
  },
  "latency_cold": {
    "count": 23658,
    "mean_us": 36.320844,
    "p50_us": 12.435600,
    "p99_us": 115.368080,
    "min_us": 0.536720,
    "max_us": 118.808720
  },
  "dispatch_cct_us": 126.980240,
  "combine_cct_us": 118.808720,
  "roundtrip_step_us": 249.788960
}
