{
  "scenario": 1,
  "scheme": "ub_rg_pop",
  "mode": "roundtrip",
  "batch": 256,
  "zipf_s": 0.300000,
  "topk": 8,
  "ep_size": 64,
  "seed": 62,
  "start_skew_us": 4.000000,
  "tau_g_ns": 143.360000,
  "grain_bytes": 7168,
  "total_tokens": 262144,
  "max_egress_load": 598,
  "konig_us": 168.591360,
  "rtt_us": 0.900000,
  "barrier_us": 0.800000,
  "cct_us": 179.386445,
  "step_us": 360.733320,
  "gemv_us": 180.546875,
  "e2e_us": 359.933320,
  "throughput_GBs": 5208.967645,
  "latency_all": {
    "count": 262144,
    "mean_us": 23.906548,
    "p50_us": 17.855900,
    "p99_us": 63.852623,
    "min_us": 1.522230,
    "max_us": 90.410444
  },
  "latency_hot": {
    "count": 42730,
    "mean_us": 36.496520,
    "p50_us": 35.610791,
    "p99_us": 82.996846,
    "min_us": 1.522230,
    "max_us": 90.410444
  },
  "latency_cold": {
    "count": 105560,
    "mean_us": 18.876999,
    "p50_us": 18.697745,
    "p99_us": 36.368315,
    "min_us": 1.590341,
    "max_us": 41.364459
  },
  "dispatch_cct_us": 88.976001,
  "combine_cct_us": 90.410444,
  "roundtrip_step_us": 180.186445,
  "e2e_step_us": 360.733320
}
