{
  "scenario": 4,
  "scheme": "ub_rg",
  "mode": "roundtrip",
  "batch": 128,
  "zipf_s": 0.300000,
  "topk": 8,
  "ep_size": 512,
  "seed": 24,
  "start_skew_us": 4.000000,
  "tau_g_ns": 143.360000,
  "grain_bytes": 7168,
  "total_tokens": 1048576,
  "max_egress_load": 691,
  "konig_us": 182.067200,
  "rtt_us": 0.800000,
  "barrier_us": 1.600000,
  "cct_us": 225.489398,
  "step_us": 407.909710,
  "gemv_us": 180.820312,
  "e2e_us": 406.309710,
  "throughput_GBs": 18426.118768,
  "latency_all": {
    "count": 1048576,
    "mean_us": 24.680258,
    "p50_us": 19.293355,
    "p99_us": 41.556362,
    "min_us": 1.046183,
    "max_us": 116.135237
  },
  "latency_hot": {
    "count": 201572,
    "mean_us": 33.346607,
    "p50_us": 31.820639,
    "p99_us": 78.207051,
    "min_us": 3.744581,
    "max_us": 116.135237
  },
  "latency_cold": {
    "count": 407564,
    "mean_us": 20.968251,
    "p50_us": 22.741962,
    "p99_us": 34.880398,
    "min_us": 1.046183,
    "max_us": 46.556193
  },
  "dispatch_cct_us": 116.135237,
  "combine_cct_us": 109.354161,
  "roundtrip_step_us": 227.089398,
  "e2e_step_us": 407.909710
}
