{
  "scenario": 1,
  "scheme": "ub_rg",
  "mode": "roundtrip",
  "batch": 128,
  "zipf_s": 0.000000,
  "topk": 8,
  "ep_size": 32,
  "seed": 29,
  "start_skew_us": 4.000000,
  "tau_g_ns": 143.360000,
  "grain_bytes": 7168,
  "total_tokens": 65536,
  "max_egress_load": 157,
  "konig_us": 44.154880,
  "rtt_us": 0.600000,
  "barrier_us": 0.800000,
  "cct_us": 53.690965,
  "step_us": 96.248777,
  "gemv_us": 41.757812,
  "e2e_us": 95.448777,
  "throughput_GBs": 4880.706666,
  "latency_all": {
    "count": 65536,
    "mean_us": 12.471469,
    "p50_us": 12.386157,
    "p99_us": 23.551515,
    "min_us": 1.209747,
    "max_us": 27.535173
  },
  "latency_hot": {
    "count": 6126,
    "mean_us": 12.463548,
    "p50_us": 12.290633,
    "p99_us": 23.962234,
    "min_us": 1.572222,
    "max_us": 26.155791
  },
  "latency_cold": {
    "count": 32944,
    "mean_us": 12.344695,
    "p50_us": 12.252037,
    "p99_us": 23.425082,
    "min_us": 1.209747,
    "max_us": 27.535173
  },
  "dispatch_cct_us": 27.535173,
  "combine_cct_us": 26.155791,
  "roundtrip_step_us": 54.490965,
  "e2e_step_us": 96.248777
}
