{
  "scenario": 2,
  "scheme": "ub_rg_pop",
  "mode": "roundtrip",
  "batch": 256,
  "zipf_s": 0.300000,
  "topk": 8,
  "ep_size": 1024,
  "seed": 42,
  "tau_g_ns": 143.360000,
  "grain_bytes": 7168,
  "total_tokens": 4194304,
  "max_egress_load": 1470,
  "konig_us": 415.887360,
  "rtt_us": 1.650000,
  "barrier_us": 2.400000,
  "cct_us": 426.639523,
  "step_us": 429.039523,
  "throughput_GBs": 70074.595547,
  "latency_all": {
    "count": 4194304,
    "mean_us": 28.028513,
    "p50_us": 17.963569,
    "p99_us": 84.631468,
    "min_us": 2.593381,
    "max_us": 213.393088
  },
  "latency_hot": {
    "count": 817972,
    "mean_us": 47.024898,
    "p50_us": 30.315845,
    "p99_us": 84.731983,
    "min_us": 2.593575,
    "max_us": 213.393088
  },
  "latency_cold": {
    "count": 1621688,
    "mean_us": 20.407890,
    "p50_us": 13.637358,
    "p99_us": 38.773122,
    "min_us": 2.593381,
    "max_us": 51.837085
  },
  "dispatch_cct_us": 213.246436,
  "combine_cct_us": 213.393088,
  "roundtrip_step_us": 429.039523
}
