{
  "scenario": 1,
  "scheme": "ub_rg",
  "mode": "roundtrip",
  "batch": 128,
  "zipf_s": 0.300000,
  "topk": 8,
  "ep_size": 64,
  "seed": 75,
  "start_skew_us": 4.000000,
  "tau_g_ns": 143.360000,
  "grain_bytes": 7168,
  "total_tokens": 131072,
  "max_egress_load": 325,
  "konig_us": 90.603520,
  "rtt_us": 0.600000,
  "barrier_us": 0.800000,
  "cct_us": 117.926451,
  "step_us": 214.390514,
  "gemv_us": 95.664062,
  "e2e_us": 213.590514,
  "throughput_GBs": 4382.302550,
  "latency_all": {
    "count": 131072,
    "mean_us": 22.465767,
    "p50_us": 21.731452,
    "p99_us": 46.226654,
    "min_us": 1.204683,
    "max_us": 60.400192
  },
  "latency_hot": {
    "count": 21776,
    "mean_us": 28.279196,
    "p50_us": 27.720939,
    "p99_us": 53.706369,
    "min_us": 1.553840,
    "max_us": 60.400192
  },
  "latency_cold": {
    "count": 52738,
    "mean_us": 19.653184,
    "p50_us": 19.660762,
    "p99_us": 33.322139,
    "min_us": 1.204683,
    "max_us": 39.697283
  },
  "dispatch_cct_us": 60.400192,
  "combine_cct_us": 57.526260,
  "roundtrip_step_us": 118.726451,
  "e2e_step_us": 214.390514
}
