{
  "scenario": 1,
  "scheme": "ub_rg_pop",
  "mode": "roundtrip",
  "batch": 16,
  "zipf_s": 0.300000,
  "topk": 8,
  "ep_size": 32,
  "seed": 50,
  "start_skew_us": 4.000000,
  "tau_g_ns": 143.360000,
  "grain_bytes": 7168,
  "total_tokens": 8192,
  "max_egress_load": 37,
  "konig_us": 10.465280,
  "rtt_us": 0.900000,
  "barrier_us": 0.800000,
  "cct_us": 20.917937,
  "step_us": 30.741375,
  "gemv_us": 9.023438,
  "e2e_us": 29.941375,
  "throughput_GBs": 1910.137595,
  "latency_all": {
    "count": 8192,
    "mean_us": 4.999696,
    "p50_us": 5.022132,
    "p99_us": 8.748661,
    "min_us": 1.479803,
    "max_us": 10.487434
  },
  "latency_hot": {
    "count": 1232,
    "mean_us": 5.551642,
    "p50_us": 5.523599,
    "p99_us": 9.769263,
    "min_us": 1.605688,
    "max_us": 10.487434
  },
  "latency_cold": {
    "count": 3408,
    "mean_us": 4.752627,
    "p50_us": 4.774093,
    "p99_us": 7.636450,
    "min_us": 1.609443,
    "max_us": 8.627207
  },
  "dispatch_cct_us": 10.430504,
  "combine_cct_us": 10.487434,
  "roundtrip_step_us": 21.717937,
  "e2e_step_us": 30.741375
}
