{
  "scenario": 1,
  "scheme": "packet_spray",
  "mode": "roundtrip",
  "batch": 512,
  "zipf_s": 0.300000,
  "topk": 8,
  "ep_size": 64,
  "seed": 74,
  "start_skew_us": 4.000000,
  "tau_g_ns": 143.360000,
  "grain_bytes": 7168,
  "total_tokens": 524288,
  "max_egress_load": 1233,
  "konig_us": 345.067520,
  "rtt_us": 0.000000,
  "barrier_us": 4.000000,
  "cct_us": 488.026587,
  "step_us": 858.706275,
  "gemv_us": 366.679688,
  "e2e_us": 854.706275,
  "throughput_GBs": 4376.463167,
  "latency_all": {
    "count": 524288,
    "mean_us": 115.775286,
    "p50_us": 99.292715,
    "p99_us": 172.664329,
    "min_us": 1.635849,
    "max_us": 245.491209
  },
  "latency_hot": {
    "count": 85880,
    "mean_us": 113.104828,
    "p50_us": 115.231699,
    "p99_us": 221.693449,
    "min_us": 1.779209,
    "max_us": 245.491209
  },
  "latency_cold": {
    "count": 210548,
    "mean_us": 121.641398,
    "p50_us": 110.044715,
    "p99_us": 225.762259,
    "min_us": 1.635849,
    "max_us": 242.535379
  },
  "dispatch_cct_us": 245.491209,
  "combine_cct_us": 242.535379,
  "roundtrip_step_us": 492.026587,
  "e2e_step_us": 858.706275
}
