{
  "scenario": 1,
  "scheme": "ub_rg",
  "mode": "roundtrip",
  "batch": 256,
  "zipf_s": 0.900000,
  "topk": 8,
  "ep_size": 128,
  "seed": 49,
  "start_skew_us": 4.000000,
  "tau_g_ns": 143.360000,
  "grain_bytes": 7168,
  "total_tokens": 524288,
  "max_egress_load": 3064,
  "konig_us": 874.926080,
  "rtt_us": 0.600000,
  "barrier_us": 0.800000,
  "cct_us": 884.393178,
  "step_us": 1834.646303,
  "gemv_us": 949.453125,
  "e2e_us": 1833.846303,
  "throughput_GBs": 2048.403760,
  "latency_all": {
    "count": 524288,
    "mean_us": 64.113898,
    "p50_us": 20.191184,
    "p99_us": 148.050361,
    "min_us": 1.210057,
    "max_us": 442.468660
  },
  "latency_hot": {
    "count": 230766,
    "mean_us": 120.345408,
    "p50_us": 78.494541,
    "p99_us": 402.732924,
    "min_us": 1.353390,
    "max_us": 442.468660
  },
  "latency_cold": {
    "count": 95284,
    "mean_us": 10.706388,
    "p50_us": 10.401471,
    "p99_us": 21.548555,
    "min_us": 1.210057,
    "max_us": 26.176106
  },
  "dispatch_cct_us": 441.924517,
  "combine_cct_us": 442.468660,
  "roundtrip_step_us": 885.193178,
  "e2e_step_us": 1834.646303
}
