{
  "scenario": 4,
  "scheme": "ub_rg_pop",
  "mode": "roundtrip",
  "batch": 512,
  "zipf_s": 0.300000,
  "topk": 8,
  "ep_size": 128,
  "seed": 92,
  "start_skew_us": 4.000000,
  "tau_g_ns": 143.360000,
  "grain_bytes": 7168,
  "total_tokens": 1048576,
  "max_egress_load": 1566,
  "konig_us": 437.248000,
  "rtt_us": 1.200000,
  "barrier_us": 1.600000,
  "cct_us": 484.808339,
  "step_us": 950.041152,
  "gemv_us": 463.632812,
  "e2e_us": 948.441152,
  "throughput_GBs": 7911.439155,
  "latency_all": {
    "count": 1048576,
    "mean_us": 53.244441,
    "p50_us": 29.057012,
    "p99_us": 104.059633,
    "min_us": 1.438777,
    "max_us": 245.385395
  },
  "latency_hot": {
    "count": 182766,
    "mean_us": 83.571875,
    "p50_us": 79.853258,
    "p99_us": 209.883019,
    "min_us": 2.966292,
    "max_us": 245.385395
  },
  "latency_cold": {
    "count": 413944,
    "mean_us": 41.391185,
    "p50_us": 41.297598,
    "p99_us": 72.211133,
    "min_us": 1.438777,
    "max_us": 106.104369
  },
  "dispatch_cct_us": 245.385395,
  "combine_cct_us": 239.422944,
  "roundtrip_step_us": 486.408339,
  "e2e_step_us": 950.041152
}
