{
  "scenario": 4,
  "scheme": "packet_spray",
  "mode": "roundtrip",
  "batch": 128,
  "zipf_s": 0.300000,
  "topk": 8,
  "ep_size": 512,
  "seed": 87,
  "start_skew_us": 4.000000,
  "tau_g_ns": 143.360000,
  "grain_bytes": 7168,
  "total_tokens": 1048576,
  "max_egress_load": 673,
  "konig_us": 178.913280,
  "rtt_us": 0.000000,
  "barrier_us": 6.000000,
  "cct_us": 221.409270,
  "step_us": 406.979582,
  "gemv_us": 179.570312,
  "e2e_us": 400.979582,
  "throughput_GBs": 18468.230580,
  "latency_all": {
    "count": 1048576,
    "mean_us": 40.463813,
    "p50_us": 23.037097,
    "p99_us": 44.251693,
    "min_us": 0.203855,
    "max_us": 112.409546
  },
  "latency_hot": {
    "count": 201508,
    "mean_us": 41.336670,
    "p50_us": 38.579146,
    "p99_us": 87.178186,
    "min_us": 0.395194,
    "max_us": 108.999724
  },
  "latency_cold": {
    "count": 406612,
    "mean_us": 41.430370,
    "p50_us": 25.991616,
    "p99_us": 35.598924,
    "min_us": 0.203855,
    "max_us": 112.409546
  },
  "dispatch_cct_us": 108.999724,
  "combine_cct_us": 112.409546,
  "roundtrip_step_us": 227.409270,
  "e2e_step_us": 406.979582
}
