{
  "scenario": 1,
  "scheme": "ub_rg",
  "mode": "roundtrip",
  "batch": 256,
  "zipf_s": 0.700000,
  "topk": 8,
  "ep_size": 128,
  "seed": 32,
  "tau_g_ns": 143.360000,
  "grain_bytes": 7168,
  "total_tokens": 524288,
  "max_egress_load": 2217,
  "konig_us": 633.077760,
  "rtt_us": 0.600000,
  "barrier_us": 0.800000,
  "cct_us": 637.889449,
  "step_us": 638.689449,
  "throughput_GBs": 5884.074631,
  "latency_all": {
    "count": 524288,
    "mean_us": 41.627507,
    "p50_us": 16.850809,
    "p99_us": 87.351069,
    "min_us": 1.144034,
    "max_us": 319.011969
  },
  "latency_hot": {
    "count": 180206,
    "mean_us": 86.239018,
    "p50_us": 69.114171,
    "p99_us": 300.172077,
    "min_us": 1.144838,
    "max_us": 319.011969
  },
  "latency_cold": {
    "count": 129068,
    "mean_us": 11.182772,
    "p50_us": 10.921140,
    "p99_us": 23.805477,
    "min_us": 1.144034,
    "max_us": 28.136412
  },
  "dispatch_cct_us": 319.011969,
  "combine_cct_us": 318.877480,
  "roundtrip_step_us": 638.689449
}
