{
  "scenario": 1,
  "scheme": "packet_spray",
  "mode": "roundtrip",
  "batch": 64,
  "zipf_s": 0.000000,
  "topk": 8,
  "ep_size": 64,
  "seed": 74,
  "start_skew_us": 4.000000,
  "tau_g_ns": 143.360000,
  "grain_bytes": 7168,
  "total_tokens": 65536,
  "max_egress_load": 88,
  "konig_us": 23.224320,
  "rtt_us": 0.000000,
  "barrier_us": 4.000000,
  "cct_us": 71.685721,
  "step_us": 97.873221,
  "gemv_us": 22.187500,
  "e2e_us": 93.873221,
  "throughput_GBs": 4799.699481,
  "latency_all": {
    "count": 65536,
    "mean_us": 24.596325,
    "p50_us": 24.679080,
    "p99_us": 34.534321,
    "min_us": 5.801988,
    "max_us": 38.548401
  },
  "latency_hot": {
    "count": 6040,
    "mean_us": 21.563327,
    "p50_us": 20.928874,
    "p99_us": 34.677681,
    "min_us": 7.722792,
    "max_us": 37.544881
  },
  "latency_cold": {
    "count": 32862,
    "mean_us": 25.920922,
    "p50_us": 26.095607,
    "p99_us": 34.534321,
    "min_us": 5.801988,
    "max_us": 37.258161
  },
  "dispatch_cct_us": 38.548401,
  "combine_cct_us": 33.137320,
  "roundtrip_step_us": 75.685721,
  "e2e_step_us": 97.873221
}
