{
  "scenario": 1,
  "scheme": "ub_rg",
  "mode": "roundtrip",
  "batch": 64,
  "zipf_s": 0.300000,
  "topk": 8,
  "ep_size": 128,
  "seed": 94,
  "start_skew_us": 4.000000,
  "tau_g_ns": 143.360000,
  "grain_bytes": 7168,
  "total_tokens": 131072,
  "max_egress_load": 208,
  "konig_us": 57.200640,
  "rtt_us": 0.600000,
  "barrier_us": 0.800000,
  "cct_us": 91.487559,
  "step_us": 151.857871,
  "gemv_us": 59.570312,
  "e2e_us": 151.057871,
  "throughput_GBs": 6186.864646,
  "latency_all": {
    "count": 131072,
    "mean_us": 18.571189,
    "p50_us": 18.341655,
    "p99_us": 34.000643,
    "min_us": 1.151520,
    "max_us": 49.306226
  },
  "latency_hot": {
    "count": 22796,
    "mean_us": 22.518852,
    "p50_us": 22.376209,
    "p99_us": 39.078988,
    "min_us": 1.151520,
    "max_us": 49.306226
  },
  "latency_cold": {
    "count": 51642,
    "mean_us": 17.142078,
    "p50_us": 17.190246,
    "p99_us": 27.309818,
    "min_us": 1.806577,
    "max_us": 33.207507
  },
  "dispatch_cct_us": 49.306226,
  "combine_cct_us": 42.181333,
  "roundtrip_step_us": 92.287559,
  "e2e_step_us": 151.857871
}
