{
  "scenario": 4,
  "scheme": "ub_rg",
  "mode": "roundtrip",
  "batch": 512,
  "zipf_s": 0.900000,
  "topk": 8,
  "ep_size": 512,
  "seed": 74,
  "start_skew_us": 4.000000,
  "tau_g_ns": 143.360000,
  "grain_bytes": 7168,
  "total_tokens": 4194304,
  "max_egress_load": 22164,
  "konig_us": 6074.449920,
  "rtt_us": 0.800000,
  "barrier_us": 1.600000,
  "cct_us": 6383.658992,
  "step_us": 12700.024617,
  "gemv_us": 6314.765625,
  "e2e_us": 12698.424617,
  "throughput_GBs": 2367.300220,
  "latency_all": {
    "count": 4194304,
    "mean_us": 300.935271,
    "p50_us": 30.177067,
    "p99_us": 2299.579402,
    "min_us": 1.363801,
    "max_us": 3193.777811
  },
  "latency_hot": {
    "count": 2322828,
    "mean_us": 510.987668,
    "p50_us": 66.174188,
    "p99_us": 2299.642738,
    "min_us": 2.395840,
    "max_us": 3193.777811
  },
  "latency_cold": {
    "count": 611222,
    "mean_us": 25.058505,
    "p50_us": 22.957307,
    "p99_us": 37.521503,
    "min_us": 1.363801,
    "max_us": 76.877857
  },
  "dispatch_cct_us": 3193.777811,
  "combine_cct_us": 3189.881181,
  "roundtrip_step_us": 6385.258992,
  "e2e_step_us": 12700.024617
}
