{
  "scenario": 1,
  "scheme": "islip",
  "mode": "roundtrip",
  "batch": 16,
  "zipf_s": 0.700000,
  "topk": 8,
  "ep_size": 32,
  "seed": 96,
  "start_skew_us": 4.000000,
  "tau_g_ns": 143.360000,
  "grain_bytes": 7168,
  "total_tokens": 8192,
  "max_egress_load": 54,
  "konig_us": 15.052800,
  "rtt_us": 0.600000,
  "barrier_us": 0.800000,
  "cct_us": 56.412953,
  "step_us": 73.150453,
  "gemv_us": 15.937500,
  "e2e_us": 72.350453,
  "throughput_GBs": 802.732640,
  "latency_all": {
    "count": 8192,
    "mean_us": 13.589644,
    "p50_us": 13.413001,
    "p99_us": 26.111896,
    "min_us": 1.153906,
    "max_us": 28.389519
  },
  "latency_hot": {
    "count": 2008,
    "mean_us": 14.520122,
    "p50_us": 14.108743,
    "p99_us": 25.734808,
    "min_us": 1.229034,
    "max_us": 28.389519
  },
  "latency_cold": {
    "count": 2470,
    "mean_us": 13.397431,
    "p50_us": 13.313396,
    "p99_us": 27.006190,
    "min_us": 1.175736,
    "max_us": 28.023433
  },
  "dispatch_cct_us": 28.389519,
  "combine_cct_us": 28.023433,
  "roundtrip_step_us": 57.212953,
  "e2e_step_us": 73.150453
}
