{
  "scenario": 4,
  "scheme": "ub_rg_pop",
  "mode": "roundtrip",
  "batch": 512,
  "zipf_s": 0.300000,
  "topk": 8,
  "ep_size": 128,
  "seed": 87,
  "start_skew_us": 4.000000,
  "tau_g_ns": 143.360000,
  "grain_bytes": 7168,
  "total_tokens": 1048576,
  "max_egress_load": 1559,
  "konig_us": 436.674560,
  "rtt_us": 1.200000,
  "barrier_us": 1.600000,
  "cct_us": 471.580221,
  "step_us": 937.633346,
  "gemv_us": 464.453125,
  "e2e_us": 936.033346,
  "throughput_GBs": 8016.132106,
  "latency_all": {
    "count": 1048576,
    "mean_us": 54.257906,
    "p50_us": 30.144060,
    "p99_us": 105.289876,
    "min_us": 1.396013,
    "max_us": 238.025215
  },
  "latency_hot": {
    "count": 182256,
    "mean_us": 84.874107,
    "p50_us": 81.156853,
    "p99_us": 208.412361,
    "min_us": 3.141573,
    "max_us": 238.025215
  },
  "latency_cold": {
    "count": 413642,
    "mean_us": 42.117492,
    "p50_us": 42.392244,
    "p99_us": 73.171474,
    "min_us": 1.550648,
    "max_us": 94.087486
  },
  "dispatch_cct_us": 238.025215,
  "combine_cct_us": 233.555006,
  "roundtrip_step_us": 473.180221,
  "e2e_step_us": 937.633346
}
