{
  "scenario": 1,
  "scheme": "ub_rg_pop",
  "mode": "roundtrip",
  "batch": 16,
  "zipf_s": 0.300000,
  "topk": 8,
  "ep_size": 128,
  "seed": 62,
  "start_skew_us": 4.000000,
  "tau_g_ns": 143.360000,
  "grain_bytes": 7168,
  "total_tokens": 32768,
  "max_egress_load": 56,
  "konig_us": 14.766080,
  "rtt_us": 0.900000,
  "barrier_us": 0.800000,
  "cct_us": 25.187414,
  "step_us": 40.596789,
  "gemv_us": 14.609375,
  "e2e_us": 39.796789,
  "throughput_GBs": 5785.704489,
  "latency_all": {
    "count": 32768,
    "mean_us": 5.251011,
    "p50_us": 5.216718,
    "p99_us": 9.463709,
    "min_us": 1.505349,
    "max_us": 12.791993
  },
  "latency_hot": {
    "count": 5618,
    "mean_us": 6.067138,
    "p50_us": 5.961366,
    "p99_us": 10.936258,
    "min_us": 1.522230,
    "max_us": 12.791993
  },
  "latency_cold": {
    "count": 12996,
    "mean_us": 4.858316,
    "p50_us": 4.881635,
    "p99_us": 7.730970,
    "min_us": 1.549732,
    "max_us": 8.811482
  },
  "dispatch_cct_us": 12.791993,
  "combine_cct_us": 12.395421,
  "roundtrip_step_us": 25.987414,
  "e2e_step_us": 40.596789
}
