{
  "scenario": 1,
  "scheme": "islip",
  "mode": "roundtrip",
  "batch": 128,
  "zipf_s": 0.000000,
  "topk": 8,
  "ep_size": 128,
  "seed": 15,
  "start_skew_us": 4.000000,
  "tau_g_ns": 143.360000,
  "grain_bytes": 7168,
  "total_tokens": 262144,
  "max_egress_load": 167,
  "konig_us": 47.452160,
  "rtt_us": 0.600000,
  "barrier_us": 0.800000,
  "cct_us": 56.879523,
  "step_us": 101.312335,
  "gemv_us": 43.632812,
  "e2e_us": 100.512335,
  "throughput_GBs": 18547.081980,
  "latency_all": {
    "count": 262144,
    "mean_us": 12.611462,
    "p50_us": 10.263336,
    "p99_us": 23.482339,
    "min_us": 1.178017,
    "max_us": 28.719779
  },
  "latency_hot": {
    "count": 24582,
    "mean_us": 12.775207,
    "p50_us": 12.656177,
    "p99_us": 24.102868,
    "min_us": 1.178028,
    "max_us": 27.880486
  },
  "latency_cold": {
    "count": 131102,
    "mean_us": 12.544828,
    "p50_us": 12.386458,
    "p99_us": 24.081101,
    "min_us": 1.198752,
    "max_us": 28.159744
  },
  "dispatch_cct_us": 28.719779,
  "combine_cct_us": 28.159744,
  "roundtrip_step_us": 57.679523,
  "e2e_step_us": 101.312335
}
