{
  "scenario": 1,
  "scheme": "islip",
  "mode": "roundtrip",
  "batch": 16,
  "zipf_s": 0.900000,
  "topk": 8,
  "ep_size": 64,
  "seed": 11,
  "start_skew_us": 4.000000,
  "tau_g_ns": 143.360000,
  "grain_bytes": 7168,
  "total_tokens": 16384,
  "max_egress_load": 110,
  "konig_us": 30.822400,
  "rtt_us": 0.600000,
  "barrier_us": 0.800000,
  "cct_us": 39.541498,
  "step_us": 73.036810,
  "gemv_us": 32.695312,
  "e2e_us": 72.236810,
  "throughput_GBs": 1607.963317,
  "latency_all": {
    "count": 16384,
    "mean_us": 5.984425,
    "p50_us": 5.180949,
    "p99_us": 17.201783,
    "min_us": 1.197237,
    "max_us": 20.249288
  },
  "latency_hot": {
    "count": 6064,
    "mean_us": 8.472504,
    "p50_us": 7.868987,
    "p99_us": 18.268901,
    "min_us": 1.214100,
    "max_us": 20.249288
  },
  "latency_cold": {
    "count": 3342,
    "mean_us": 3.992056,
    "p50_us": 4.159655,
    "p99_us": 6.194523,
    "min_us": 1.197237,
    "max_us": 6.763294
  },
  "dispatch_cct_us": 20.249288,
  "combine_cct_us": 19.292210,
  "roundtrip_step_us": 40.341498,
  "e2e_step_us": 73.036810
}
