{
  "scenario": 4,
  "scheme": "ub_rg",
  "mode": "roundtrip",
  "batch": 256,
  "zipf_s": 0.700000,
  "topk": 8,
  "ep_size": 256,
  "seed": 14,
  "start_skew_us": 4.000000,
  "tau_g_ns": 143.360000,
  "grain_bytes": 7168,
  "total_tokens": 1048576,
  "max_egress_load": 4008,
  "konig_us": 1093.836800,
  "rtt_us": 0.800000,
  "barrier_us": 1.600000,
  "cct_us": 1156.759097,
  "step_us": 2290.195035,
  "gemv_us": 1131.835938,
  "e2e_us": 2288.595035,
  "throughput_GBs": 3281.900735,
  "latency_all": {
    "count": 1048576,
    "mean_us": 55.828912,
    "p50_us": 13.265763,
    "p99_us": 195.415227,
    "min_us": 1.150041,
    "max_us": 578.414320
  },
  "latency_hot": {
    "count": 404676,
    "mean_us": 112.670271,
    "p50_us": 76.438847,
    "p99_us": 447.319213,
    "min_us": 1.171377,
    "max_us": 578.414320
  },
  "latency_cold": {
    "count": 242702,
    "mean_us": 13.343321,
    "p50_us": 11.577203,
    "p99_us": 25.790202,
    "min_us": 1.272415,
    "max_us": 50.379612
  },
  "dispatch_cct_us": 578.414320,
  "combine_cct_us": 578.344777,
  "roundtrip_step_us": 1158.359097,
  "e2e_step_us": 2290.195035
}
