{
  "scenario": 4,
  "scheme": "ub_rg",
  "mode": "roundtrip",
  "batch": 64,
  "zipf_s": 0.000000,
  "topk": 8,
  "ep_size": 256,
  "seed": 37,
  "start_skew_us": 4.000000,
  "tau_g_ns": 143.360000,
  "grain_bytes": 7168,
  "total_tokens": 262144,
  "max_egress_load": 97,
  "konig_us": 27.381760,
  "rtt_us": 0.800000,
  "barrier_us": 1.600000,
  "cct_us": 39.841501,
  "step_us": 64.058689,
  "gemv_us": 22.617188,
  "e2e_us": 62.458689,
  "throughput_GBs": 29333.228981,
  "latency_all": {
    "count": 262144,
    "mean_us": 8.943753,
    "p50_us": 7.771733,
    "p99_us": 16.163377,
    "min_us": 1.114795,
    "max_us": 20.835060
  },
  "latency_hot": {
    "count": 25638,
    "mean_us": 8.865199,
    "p50_us": 8.806933,
    "p99_us": 15.910160,
    "min_us": 1.194657,
    "max_us": 19.625201
  },
  "latency_cold": {
    "count": 131188,
    "mean_us": 8.932924,
    "p50_us": 8.880466,
    "p99_us": 15.978076,
    "min_us": 1.114795,
    "max_us": 20.153938
  },
  "dispatch_cct_us": 20.835060,
  "combine_cct_us": 19.006441,
  "roundtrip_step_us": 41.441501,
  "e2e_step_us": 64.058689
}
