{
  "scenario": 4,
  "scheme": "packet_spray",
  "mode": "roundtrip",
  "batch": 128,
  "zipf_s": 0.700000,
  "topk": 8,
  "ep_size": 256,
  "seed": 2,
  "start_skew_us": 4.000000,
  "tau_g_ns": 143.360000,
  "grain_bytes": 7168,
  "total_tokens": 524288,
  "max_egress_load": 1955,
  "konig_us": 539.893760,
  "rtt_us": 0.000000,
  "barrier_us": 6.000000,
  "cct_us": 588.553781,
  "step_us": 1160.295968,
  "gemv_us": 565.742188,
  "e2e_us": 1154.295968,
  "throughput_GBs": 3238.911870,
  "latency_all": {
    "count": 524288,
    "mean_us": 89.983073,
    "p50_us": 27.187711,
    "p99_us": 179.496523,
    "min_us": 0.197152,
    "max_us": 303.974378
  },
  "latency_hot": {
    "count": 202322,
    "mean_us": 101.621026,
    "p50_us": 78.044173,
    "p99_us": 261.826538,
    "min_us": 0.403993,
    "max_us": 292.218858
  },
  "latency_cold": {
    "count": 121386,
    "mean_us": 82.510012,
    "p50_us": 28.471606,
    "p99_us": 270.714858,
    "min_us": 0.197152,
    "max_us": 303.974378
  },
  "dispatch_cct_us": 284.579403,
  "combine_cct_us": 303.974378,
  "roundtrip_step_us": 594.553781,
  "e2e_step_us": 1160.295968
}
