{
  "scenario": 4,
  "scheme": "ub_rg_pop",
  "mode": "roundtrip",
  "batch": 64,
  "zipf_s": 0.300000,
  "topk": 8,
  "ep_size": 256,
  "seed": 86,
  "start_skew_us": 4.000000,
  "tau_g_ns": 143.360000,
  "grain_bytes": 7168,
  "total_tokens": 262144,
  "max_egress_load": 261,
  "konig_us": 69.672960,
  "rtt_us": 1.200000,
  "barrier_us": 1.600000,
  "cct_us": 82.890833,
  "step_us": 154.764271,
  "gemv_us": 70.273438,
  "e2e_us": 153.164271,
  "throughput_GBs": 12141.356538,
  "latency_all": {
    "count": 262144,
    "mean_us": 9.945091,
    "p50_us": 8.173166,
    "p99_us": 22.934757,
    "min_us": 1.472520,
    "max_us": 42.216653
  },
  "latency_hot": {
    "count": 48328,
    "mean_us": 14.044447,
    "p50_us": 13.590798,
    "p99_us": 32.024169,
    "min_us": 1.641303,
    "max_us": 42.216653
  },
  "latency_cold": {
    "count": 102698,
    "mean_us": 8.294422,
    "p50_us": 8.231786,
    "p99_us": 14.488945,
    "min_us": 1.698811,
    "max_us": 19.228701
  },
  "dispatch_cct_us": 42.216653,
  "combine_cct_us": 40.674180,
  "roundtrip_step_us": 84.490833,
  "e2e_step_us": 154.764271
}
