{
  "scenario": 3,
  "scheme": "ub_rg",
  "mode": "roundtrip",
  "batch": 256,
  "zipf_s": 0.900000,
  "topk": 8,
  "ep_size": 256,
  "seed": 24,
  "tau_g_ns": 143.360000,
  "grain_bytes": 7168,
  "total_tokens": 1048576,
  "max_egress_load": 5601,
  "konig_us": 1599.754240,
  "rtt_us": 1.100000,
  "barrier_us": 2.400000,
  "cct_us": 1609.999552,
  "step_us": 1612.399552,
  "throughput_GBs": 4661.495197,
  "latency_all": {
    "count": 1048576,
    "mean_us": 95.047866,
    "p50_us": 11.814901,
    "p99_us": 377.724299,
    "min_us": 2.043636,
    "max_us": 805.011524
  },
  "latency_hot": {
    "count": 531216,
    "mean_us": 170.944289,
    "p50_us": 77.518594,
    "p99_us": 377.805455,
    "min_us": 2.044258,
    "max_us": 805.011524
  },
  "latency_cold": {
    "count": 168506,
    "mean_us": 9.924930,
    "p50_us": 9.367583,
    "p99_us": 22.056514,
    "min_us": 2.044527,
    "max_us": 36.899147
  },
  "dispatch_cct_us": 804.988028,
  "combine_cct_us": 805.011524,
  "roundtrip_step_us": 1612.399552
}
