{
  "scenario": 1,
  "scheme": "islip",
  "mode": "roundtrip",
  "batch": 128,
  "zipf_s": 0.000000,
  "topk": 8,
  "ep_size": 32,
  "seed": 87,
  "start_skew_us": 4.000000,
  "tau_g_ns": 143.360000,
  "grain_bytes": 7168,
  "total_tokens": 65536,
  "max_egress_load": 154,
  "konig_us": 44.154880,
  "rtt_us": 0.600000,
  "barrier_us": 0.800000,
  "cct_us": 78.150896,
  "step_us": 121.802459,
  "gemv_us": 42.851562,
  "e2e_us": 121.002459,
  "throughput_GBs": 3856.753402,
  "latency_all": {
    "count": 65536,
    "mean_us": 18.732519,
    "p50_us": 18.591709,
    "p99_us": 35.667591,
    "min_us": 1.146013,
    "max_us": 41.896360
  },
  "latency_hot": {
    "count": 6206,
    "mean_us": 18.149498,
    "p50_us": 18.012361,
    "p99_us": 35.473814,
    "min_us": 1.157288,
    "max_us": 40.277349
  },
  "latency_cold": {
    "count": 32838,
    "mean_us": 19.110435,
    "p50_us": 18.984747,
    "p99_us": 35.782358,
    "min_us": 1.149930,
    "max_us": 41.896360
  },
  "dispatch_cct_us": 41.896360,
  "combine_cct_us": 36.254536,
  "roundtrip_step_us": 78.950896,
  "e2e_step_us": 121.802459
}
