{
  "scenario": 4,
  "scheme": "ub_rg_pop",
  "mode": "roundtrip",
  "batch": 512,
  "zipf_s": 0.300000,
  "topk": 8,
  "ep_size": 512,
  "seed": 95,
  "start_skew_us": 4.000000,
  "tau_g_ns": 143.360000,
  "grain_bytes": 7168,
  "total_tokens": 4194304,
  "max_egress_load": 2370,
  "konig_us": 666.337280,
  "rtt_us": 1.200000,
  "barrier_us": 1.600000,
  "cct_us": 712.126604,
  "step_us": 1425.406292,
  "gemv_us": 711.679688,
  "e2e_us": 1423.806292,
  "throughput_GBs": 21092.071254,
  "latency_all": {
    "count": 4194304,
    "mean_us": 59.030929,
    "p50_us": 31.665740,
    "p99_us": 170.710767,
    "min_us": 1.512579,
    "max_us": 360.819636
  },
  "latency_hot": {
    "count": 808892,
    "mean_us": 93.873958,
    "p50_us": 55.131929,
    "p99_us": 170.739281,
    "min_us": 1.680760,
    "max_us": 360.819636
  },
  "latency_cold": {
    "count": 1626828,
    "mean_us": 45.173891,
    "p50_us": 26.220362,
    "p99_us": 75.489778,
    "min_us": 1.512579,
    "max_us": 133.325618
  },
  "dispatch_cct_us": 360.819636,
  "combine_cct_us": 351.306969,
  "roundtrip_step_us": 713.726604,
  "e2e_step_us": 1425.406292
}
