{
  "scenario": 1,
  "scheme": "packet_spray",
  "mode": "roundtrip",
  "batch": 16,
  "zipf_s": 0.700000,
  "topk": 8,
  "ep_size": 32,
  "seed": 87,
  "start_skew_us": 4.000000,
  "tau_g_ns": 143.360000,
  "grain_bytes": 7168,
  "total_tokens": 8192,
  "max_egress_load": 53,
  "konig_us": 14.909440,
  "rtt_us": 0.000000,
  "barrier_us": 4.000000,
  "cct_us": 24.784968,
  "step_us": 44.488093,
  "gemv_us": 15.703125,
  "e2e_us": 40.488093,
  "throughput_GBs": 1319.909478,
  "latency_all": {
    "count": 8192,
    "mean_us": 7.065424,
    "p50_us": 6.793435,
    "p99_us": 11.954395,
    "min_us": 1.100363,
    "max_us": 12.957915
  },
  "latency_hot": {
    "count": 2010,
    "mean_us": 7.172572,
    "p50_us": 7.223515,
    "p99_us": 10.992173,
    "min_us": 1.304945,
    "max_us": 11.827054
  },
  "latency_cold": {
    "count": 2390,
    "mean_us": 7.056507,
    "p50_us": 6.506715,
    "p99_us": 12.344266,
    "min_us": 1.100363,
    "max_us": 12.957915
  },
  "dispatch_cct_us": 11.827054,
  "combine_cct_us": 12.957915,
  "roundtrip_step_us": 28.784968,
  "e2e_step_us": 44.488093
}
