{
  "scenario": 1,
  "scheme": "ub_rg_pop",
  "mode": "roundtrip",
  "batch": 128,
  "zipf_s": 0.700000,
  "topk": 8,
  "ep_size": 32,
  "seed": 25,
  "start_skew_us": 4.000000,
  "tau_g_ns": 143.360000,
  "grain_bytes": 7168,
  "total_tokens": 65536,
  "max_egress_load": 413,
  "konig_us": 117.268480,
  "rtt_us": 0.900000,
  "barrier_us": 0.800000,
  "cct_us": 137.020674,
  "step_us": 264.344111,
  "gemv_us": 126.523438,
  "e2e_us": 263.544111,
  "throughput_GBs": 1777.085352,
  "latency_all": {
    "count": 65536,
    "mean_us": 22.458435,
    "p50_us": 20.068898,
    "p99_us": 58.975793,
    "min_us": 1.548598,
    "max_us": 73.118100
  },
  "latency_hot": {
    "count": 15726,
    "mean_us": 32.731841,
    "p50_us": 32.169606,
    "p99_us": 64.699852,
    "min_us": 2.020365,
    "max_us": 73.118100
  },
  "latency_cold": {
    "count": 19812,
    "mean_us": 15.969621,
    "p50_us": 15.842114,
    "p99_us": 29.184507,
    "min_us": 1.891896,
    "max_us": 33.748090
  },
  "dispatch_cct_us": 73.118100,
  "combine_cct_us": 63.902574,
  "roundtrip_step_us": 137.820674,
  "e2e_step_us": 264.344111
}
