{
  "scenario": 4,
  "scheme": "packet_spray",
  "mode": "roundtrip",
  "batch": 64,
  "zipf_s": 0.700000,
  "topk": 8,
  "ep_size": 512,
  "seed": 73,
  "start_skew_us": 4.000000,
  "tau_g_ns": 143.360000,
  "grain_bytes": 7168,
  "total_tokens": 524288,
  "max_egress_load": 1621,
  "konig_us": 441.978880,
  "rtt_us": 0.000000,
  "barrier_us": 6.000000,
  "cct_us": 496.721517,
  "step_us": 959.596517,
  "gemv_us": 456.875000,
  "e2e_us": 953.596517,
  "throughput_GBs": 3916.329747,
  "latency_all": {
    "count": 524288,
    "mean_us": 79.630319,
    "p50_us": 29.810003,
    "p99_us": 148.617073,
    "min_us": 0.480080,
    "max_us": 256.784124
  },
  "latency_hot": {
    "count": 217926,
    "mean_us": 87.377143,
    "p50_us": 61.408621,
    "p99_us": 219.367164,
    "min_us": 0.766800,
    "max_us": 251.049724
  },
  "latency_cold": {
    "count": 116206,
    "mean_us": 74.098670,
    "p50_us": 31.583321,
    "p99_us": 223.811324,
    "min_us": 0.480080,
    "max_us": 256.784124
  },
  "dispatch_cct_us": 239.937393,
  "combine_cct_us": 256.784124,
  "roundtrip_step_us": 502.721517,
  "e2e_step_us": 959.596517
}
