{
  "scenario": 1,
  "scheme": "islip",
  "mode": "roundtrip",
  "batch": 64,
  "zipf_s": 0.000000,
  "topk": 8,
  "ep_size": 64,
  "seed": 65,
  "start_skew_us": 4.000000,
  "tau_g_ns": 143.360000,
  "grain_bytes": 7168,
  "total_tokens": 65536,
  "max_egress_load": 87,
  "konig_us": 24.514560,
  "rtt_us": 0.600000,
  "barrier_us": 0.800000,
  "cct_us": 64.314668,
  "step_us": 86.989668,
  "gemv_us": 21.875000,
  "e2e_us": 86.189668,
  "throughput_GBs": 5400.205081,
  "latency_all": {
    "count": 65536,
    "mean_us": 14.784379,
    "p50_us": 14.756397,
    "p99_us": 26.767583,
    "min_us": 1.145121,
    "max_us": 33.822909
  },
  "latency_hot": {
    "count": 6256,
    "mean_us": 14.366341,
    "p50_us": 14.292659,
    "p99_us": 25.175463,
    "min_us": 1.282226,
    "max_us": 29.351555
  },
  "latency_cold": {
    "count": 32728,
    "mean_us": 14.827164,
    "p50_us": 14.843195,
    "p99_us": 26.509097,
    "min_us": 1.158043,
    "max_us": 33.114810
  },
  "dispatch_cct_us": 30.491759,
  "combine_cct_us": 33.822909,
  "roundtrip_step_us": 65.114668,
  "e2e_step_us": 86.989668
}
