{
  "scenario": 4,
  "scheme": "ub_rg_pop",
  "mode": "roundtrip",
  "batch": 64,
  "zipf_s": 0.000000,
  "topk": 8,
  "ep_size": 128,
  "seed": 11,
  "start_skew_us": 4.000000,
  "tau_g_ns": 143.360000,
  "grain_bytes": 7168,
  "total_tokens": 131072,
  "max_egress_load": 96,
  "konig_us": 26.951680,
  "rtt_us": 1.200000,
  "barrier_us": 1.600000,
  "cct_us": 37.002781,
  "step_us": 60.516844,
  "gemv_us": 21.914062,
  "e2e_us": 58.916844,
  "throughput_GBs": 15525.001557,
  "latency_all": {
    "count": 131072,
    "mean_us": 9.045651,
    "p50_us": 8.969719,
    "p99_us": 15.653292,
    "min_us": 1.464100,
    "max_us": 18.582427
  },
  "latency_hot": {
    "count": 12606,
    "mean_us": 9.348160,
    "p50_us": 9.280748,
    "p99_us": 15.759084,
    "min_us": 2.290365,
    "max_us": 17.804358
  },
  "latency_cold": {
    "count": 65484,
    "mean_us": 9.044651,
    "p50_us": 8.962858,
    "p99_us": 15.652413,
    "min_us": 1.464100,
    "max_us": 18.582427
  },
  "dispatch_cct_us": 18.420355,
  "combine_cct_us": 18.582427,
  "roundtrip_step_us": 38.602781,
  "e2e_step_us": 60.516844
}
