{
  "scenario": 1,
  "scheme": "ub_rg",
  "mode": "roundtrip",
  "batch": 16,
  "zipf_s": 0.300000,
  "topk": 8,
  "ep_size": 64,
  "seed": 44,
  "tau_g_ns": 143.360000,
  "grain_bytes": 7168,
  "total_tokens": 16384,
  "max_egress_load": 43,
  "konig_us": 11.898880,
  "rtt_us": 0.600000,
  "barrier_us": 0.800000,
  "cct_us": 14.536167,
  "step_us": 15.336167,
  "throughput_GBs": 7657.748686,
  "latency_all": {
    "count": 16384,
    "mean_us": 2.770378,
    "p50_us": 2.605410,
    "p99_us": 6.035002,
    "min_us": 1.144297,
    "max_us": 7.272903
  },
  "latency_hot": {
    "count": 2766,
    "mean_us": 3.658500,
    "p50_us": 3.589271,
    "p99_us": 6.752508,
    "min_us": 1.146253,
    "max_us": 7.272903
  },
  "latency_cold": {
    "count": 6442,
    "mean_us": 2.383747,
    "p50_us": 2.327437,
    "p99_us": 3.989924,
    "min_us": 1.144297,
    "max_us": 5.059779
  },
  "dispatch_cct_us": 7.263264,
  "combine_cct_us": 7.272903,
  "roundtrip_step_us": 15.336167
}
