{
  "scenario": 1,
  "scheme": "ub_rg_pop",
  "mode": "roundtrip",
  "batch": 256,
  "zipf_s": 0.900000,
  "topk": 8,
  "ep_size": 32,
  "seed": 88,
  "start_skew_us": 4.000000,
  "tau_g_ns": 143.360000,
  "grain_bytes": 7168,
  "total_tokens": 131072,
  "max_egress_load": 942,
  "konig_us": 267.223040,
  "rtt_us": 0.900000,
  "barrier_us": 0.800000,
  "cct_us": 294.007176,
  "step_us": 582.932176,
  "gemv_us": 288.125000,
  "e2e_us": 582.132176,
  "throughput_GBs": 1611.721113,
  "latency_all": {
    "count": 131072,
    "mean_us": 36.843076,
    "p50_us": 27.164767,
    "p99_us": 129.274375,
    "min_us": 1.513202,
    "max_us": 148.253871
  },
  "latency_hot": {
    "count": 36262,
    "mean_us": 64.975857,
    "p50_us": 63.324128,
    "p99_us": 138.548364,
    "min_us": 1.950017,
    "max_us": 148.253871
  },
  "latency_cold": {
    "count": 33142,
    "mean_us": 17.752766,
    "p50_us": 17.410585,
    "p99_us": 34.728728,
    "min_us": 1.940094,
    "max_us": 40.846849
  },
  "dispatch_cct_us": 148.253871,
  "combine_cct_us": 145.753305,
  "roundtrip_step_us": 294.807176,
  "e2e_step_us": 582.932176
}
