{
  "scenario": 1,
  "scheme": "ub_rg",
  "mode": "roundtrip",
  "batch": 64,
  "zipf_s": 0.000000,
  "topk": 8,
  "ep_size": 64,
  "seed": 71,
  "tau_g_ns": 143.360000,
  "grain_bytes": 7168,
  "total_tokens": 65536,
  "max_egress_load": 87,
  "konig_us": 24.514560,
  "rtt_us": 0.600000,
  "barrier_us": 0.800000,
  "cct_us": 27.792722,
  "step_us": 28.592722,
  "throughput_GBs": 16429.427403,
  "latency_all": {
    "count": 65536,
    "mean_us": 6.213232,
    "p50_us": 6.110419,
    "p99_us": 11.927725,
    "min_us": 1.143942,
    "max_us": 14.300902
  },
  "latency_hot": {
    "count": 6208,
    "mean_us": 6.265017,
    "p50_us": 6.181895,
    "p99_us": 12.079071,
    "min_us": 1.144531,
    "max_us": 13.726857
  },
  "latency_cold": {
    "count": 32678,
    "mean_us": 6.196834,
    "p50_us": 6.094560,
    "p99_us": 11.889139,
    "min_us": 1.144972,
    "max_us": 14.300902
  },
  "dispatch_cct_us": 14.300902,
  "combine_cct_us": 13.491820,
  "roundtrip_step_us": 28.592722
}
