{
  "scenario": 1,
  "scheme": "ub_rg",
  "mode": "roundtrip",
  "batch": 64,
  "zipf_s": 0.700000,
  "topk": 8,
  "ep_size": 32,
  "seed": 13,
  "start_skew_us": 4.000000,
  "tau_g_ns": 143.360000,
  "grain_bytes": 7168,
  "total_tokens": 32768,
  "max_egress_load": 208,
  "konig_us": 58.634240,
  "rtt_us": 0.600000,
  "barrier_us": 0.800000,
  "cct_us": 66.176158,
  "step_us": 129.632408,
  "gemv_us": 62.656250,
  "e2e_us": 128.832408,
  "throughput_GBs": 1811.900493,
  "latency_all": {
    "count": 32768,
    "mean_us": 9.456399,
    "p50_us": 7.916003,
    "p99_us": 28.277202,
    "min_us": 1.336378,
    "max_us": 34.634996
  },
  "latency_hot": {
    "count": 8026,
    "mean_us": 15.104705,
    "p50_us": 14.839286,
    "p99_us": 30.955005,
    "min_us": 1.541492,
    "max_us": 34.634996
  },
  "latency_cold": {
    "count": 9926,
    "mean_us": 6.116274,
    "p50_us": 6.024483,
    "p99_us": 11.228131,
    "min_us": 1.336378,
    "max_us": 12.916059
  },
  "dispatch_cct_us": 34.634996,
  "combine_cct_us": 31.541162,
  "roundtrip_step_us": 66.976158,
  "e2e_step_us": 129.632408
}
