{
  "scenario": 1,
  "scheme": "islip",
  "mode": "roundtrip",
  "batch": 64,
  "zipf_s": 0.700000,
  "topk": 8,
  "ep_size": 128,
  "seed": 16,
  "start_skew_us": 4.000000,
  "tau_g_ns": 143.360000,
  "grain_bytes": 7168,
  "total_tokens": 131072,
  "max_egress_load": 564,
  "konig_us": 158.986240,
  "rtt_us": 0.600000,
  "barrier_us": 0.800000,
  "cct_us": 168.605198,
  "step_us": 339.678636,
  "gemv_us": 170.273438,
  "e2e_us": 338.878636,
  "throughput_GBs": 2765.920484,
  "latency_all": {
    "count": 131072,
    "mean_us": 13.442557,
    "p50_us": 8.466751,
    "p99_us": 69.986989,
    "min_us": 1.182381,
    "max_us": 84.649623
  },
  "latency_hot": {
    "count": 45148,
    "mean_us": 24.756153,
    "p50_us": 20.473367,
    "p99_us": 77.622952,
    "min_us": 1.210761,
    "max_us": 84.649623
  },
  "latency_cold": {
    "count": 32652,
    "mean_us": 5.732038,
    "p50_us": 5.633759,
    "p99_us": 10.557024,
    "min_us": 1.192314,
    "max_us": 12.862830
  },
  "dispatch_cct_us": 83.955575,
  "combine_cct_us": 84.649623,
  "roundtrip_step_us": 169.405198,
  "e2e_step_us": 339.678636
}
