{
  "scenario": 1,
  "scheme": "ub_rg_pop",
  "mode": "roundtrip",
  "batch": 16,
  "zipf_s": 0.700000,
  "topk": 8,
  "ep_size": 64,
  "seed": 9,
  "start_skew_us": 4.000000,
  "tau_g_ns": 143.360000,
  "grain_bytes": 7168,
  "total_tokens": 16384,
  "max_egress_load": 89,
  "konig_us": 24.801280,
  "rtt_us": 0.900000,
  "barrier_us": 0.800000,
  "cct_us": 60.757433,
  "step_us": 87.533995,
  "gemv_us": 25.976562,
  "e2e_us": 86.733995,
  "throughput_GBs": 1341.656027,
  "latency_all": {
    "count": 16384,
    "mean_us": 13.616706,
    "p50_us": 13.365646,
    "p99_us": 27.250345,
    "min_us": 1.466197,
    "max_us": 30.804858
  },
  "latency_hot": {
    "count": 4884,
    "mean_us": 15.919219,
    "p50_us": 15.669874,
    "p99_us": 29.130383,
    "min_us": 1.914043,
    "max_us": 30.804858
  },
  "latency_cold": {
    "count": 4418,
    "mean_us": 12.308230,
    "p50_us": 12.399604,
    "p99_us": 21.969739,
    "min_us": 1.466197,
    "max_us": 23.128694
  },
  "dispatch_cct_us": 29.952574,
  "combine_cct_us": 30.804858,
  "roundtrip_step_us": 61.557433,
  "e2e_step_us": 87.533995
}
