{
  "scenario": 4,
  "scheme": "ub_rg_pop",
  "mode": "roundtrip",
  "batch": 256,
  "zipf_s": 0.700000,
  "topk": 8,
  "ep_size": 512,
  "seed": 95,
  "start_skew_us": 4.000000,
  "tau_g_ns": 143.360000,
  "grain_bytes": 7168,
  "total_tokens": 2097152,
  "max_egress_load": 6467,
  "konig_us": 1769.922560,
  "rtt_us": 1.200000,
  "barrier_us": 1.600000,
  "cct_us": 1883.528536,
  "step_us": 3722.316036,
  "gemv_us": 1837.187500,
  "e2e_us": 3720.716036,
  "throughput_GBs": 4038.449554,
  "latency_all": {
    "count": 2097152,
    "mean_us": 82.069688,
    "p50_us": 21.271291,
    "p99_us": 423.336404,
    "min_us": 1.512579,
    "max_us": 945.031361
  },
  "latency_hot": {
    "count": 870958,
    "mean_us": 154.156077,
    "p50_us": 56.024824,
    "p99_us": 423.504048,
    "min_us": 1.719021,
    "max_us": 945.031361
  },
  "latency_cold": {
    "count": 462266,
    "mean_us": 24.112884,
    "p50_us": 23.622945,
    "p99_us": 34.362350,
    "min_us": 1.554825,
    "max_us": 88.849927
  },
  "dispatch_cct_us": 945.031361,
  "combine_cct_us": 938.497175,
  "roundtrip_step_us": 1885.128536,
  "e2e_step_us": 3722.316036
}
