{
  "scenario": 4,
  "scheme": "packet_spray",
  "mode": "roundtrip",
  "batch": 256,
  "zipf_s": 0.000000,
  "topk": 8,
  "ep_size": 256,
  "seed": 57,
  "start_skew_us": 4.000000,
  "tau_g_ns": 143.360000,
  "grain_bytes": 7168,
  "total_tokens": 1048576,
  "max_egress_load": 333,
  "konig_us": 92.467200,
  "rtt_us": 0.000000,
  "barrier_us": 6.000000,
  "cct_us": 165.706840,
  "step_us": 255.574028,
  "gemv_us": 83.867188,
  "e2e_us": 249.574028,
  "throughput_GBs": 29409.063333,
  "latency_all": {
    "count": 1048576,
    "mean_us": 46.968434,
    "p50_us": 44.100526,
    "p99_us": 70.660142,
    "min_us": 0.257130,
    "max_us": 83.186652
  },
  "latency_hot": {
    "count": 102094,
    "mean_us": 38.908781,
    "p50_us": 39.176663,
    "p99_us": 73.583063,
    "min_us": 0.533236,
    "max_us": 80.965741
  },
  "latency_cold": {
    "count": 524534,
    "mean_us": 51.389290,
    "p50_us": 50.508657,
    "p99_us": 68.989418,
    "min_us": 0.520211,
    "max_us": 83.186652
  },
  "dispatch_cct_us": 83.186652,
  "combine_cct_us": 82.520189,
  "roundtrip_step_us": 171.706840,
  "e2e_step_us": 255.574028
}
