{
  "scenario": 4,
  "scheme": "packet_spray",
  "mode": "roundtrip",
  "batch": 128,
  "zipf_s": 0.000000,
  "topk": 8,
  "ep_size": 256,
  "seed": 21,
  "start_skew_us": 4.000000,
  "tau_g_ns": 143.360000,
  "grain_bytes": 7168,
  "total_tokens": 524288,
  "max_egress_load": 177,
  "konig_us": 48.455680,
  "rtt_us": 0.000000,
  "barrier_us": 6.000000,
  "cct_us": 120.247626,
  "step_us": 169.411688,
  "gemv_us": 43.164062,
  "e2e_us": 163.411688,
  "throughput_GBs": 22183.217857,
  "latency_all": {
    "count": 524288,
    "mean_us": 37.597794,
    "p50_us": 38.997501,
    "p99_us": 50.180169,
    "min_us": 0.193360,
    "max_us": 61.933928
  },
  "latency_hot": {
    "count": 50960,
    "mean_us": 32.394792,
    "p50_us": 32.049211,
    "p99_us": 52.617289,
    "min_us": 4.756625,
    "max_us": 58.206568
  },
  "latency_cold": {
    "count": 262642,
    "mean_us": 39.958257,
    "p50_us": 39.845493,
    "p99_us": 52.902248,
    "min_us": 0.193360,
    "max_us": 61.933928
  },
  "dispatch_cct_us": 61.933928,
  "combine_cct_us": 58.313697,
  "roundtrip_step_us": 126.247626,
  "e2e_step_us": 169.411688
}
