{
  "scenario": 1,
  "scheme": "packet_spray",
  "mode": "roundtrip",
  "batch": 512,
  "zipf_s": 0.900000,
  "topk": 8,
  "ep_size": 64,
  "seed": 66,
  "start_skew_us": 4.000000,
  "tau_g_ns": 143.360000,
  "grain_bytes": 7168,
  "total_tokens": 524288,
  "max_egress_load": 3436,
  "konig_us": 977.428480,
  "rtt_us": 0.000000,
  "barrier_us": 4.000000,
  "cct_us": 1124.216962,
  "step_us": 2185.013837,
  "gemv_us": 1056.796875,
  "e2e_us": 2181.013837,
  "throughput_GBs": 1719.941687,
  "latency_all": {
    "count": 524288,
    "mean_us": 219.728855,
    "p50_us": 113.324231,
    "p99_us": 416.198865,
    "min_us": 3.690417,
    "max_us": 569.594065
  },
  "latency_hot": {
    "count": 192836,
    "mean_us": 247.680817,
    "p50_us": 233.783217,
    "p99_us": 524.579025,
    "min_us": 3.690417,
    "max_us": 569.594065
  },
  "latency_cold": {
    "count": 110540,
    "mean_us": 202.070077,
    "p50_us": 111.028022,
    "p99_us": 540.430257,
    "min_us": 9.199825,
    "max_us": 554.622897
  },
  "dispatch_cct_us": 569.594065,
  "combine_cct_us": 554.622897,
  "roundtrip_step_us": 1128.216962,
  "e2e_step_us": 2185.013837
}
