{
  "scenario": 4,
  "scheme": "ub_rg_pop",
  "mode": "roundtrip",
  "batch": 256,
  "zipf_s": 0.900000,
  "topk": 8,
  "ep_size": 128,
  "seed": 91,
  "start_skew_us": 4.000000,
  "tau_g_ns": 143.360000,
  "grain_bytes": 7168,
  "total_tokens": 524288,
  "max_egress_load": 3194,
  "konig_us": 896.716800,
  "rtt_us": 1.200000,
  "barrier_us": 1.600000,
  "cct_us": 924.386234,
  "step_us": 1882.470609,
  "gemv_us": 956.484375,
  "e2e_us": 1880.870609,
  "throughput_GBs": 1996.363909,
  "latency_all": {
    "count": 524288,
    "mean_us": 65.228886,
    "p50_us": 20.973816,
    "p99_us": 149.969368,
    "min_us": 1.491152,
    "max_us": 462.242730
  },
  "latency_hot": {
    "count": 232040,
    "mean_us": 121.692208,
    "p50_us": 79.100790,
    "p99_us": 406.832047,
    "min_us": 1.769886,
    "max_us": 462.242730
  },
  "latency_cold": {
    "count": 95236,
    "mean_us": 11.416517,
    "p50_us": 11.129791,
    "p99_us": 22.103044,
    "min_us": 1.491152,
    "max_us": 32.939769
  },
  "dispatch_cct_us": 462.143504,
  "combine_cct_us": 462.242730,
  "roundtrip_step_us": 925.986234,
  "e2e_step_us": 1882.470609
}
