{
  "scenario": 1,
  "scheme": "ub_rg_pop",
  "mode": "roundtrip",
  "batch": 64,
  "zipf_s": 0.900000,
  "topk": 8,
  "ep_size": 64,
  "seed": 45,
  "start_skew_us": 4.000000,
  "tau_g_ns": 143.360000,
  "grain_bytes": 7168,
  "total_tokens": 65536,
  "max_egress_load": 427,
  "konig_us": 121.569280,
  "rtt_us": 0.900000,
  "barrier_us": 0.800000,
  "cct_us": 147.803374,
  "step_us": 279.970562,
  "gemv_us": 131.367188,
  "e2e_us": 279.170562,
  "throughput_GBs": 1677.898009,
  "latency_all": {
    "count": 65536,
    "mean_us": 19.616080,
    "p50_us": 16.133106,
    "p99_us": 62.962130,
    "min_us": 1.567293,
    "max_us": 78.125042
  },
  "latency_hot": {
    "count": 24008,
    "mean_us": 29.564381,
    "p50_us": 27.411699,
    "p99_us": 66.930575,
    "min_us": 1.733994,
    "max_us": 78.125042
  },
  "latency_cold": {
    "count": 13908,
    "mean_us": 11.505769,
    "p50_us": 11.329250,
    "p99_us": 20.539710,
    "min_us": 1.567293,
    "max_us": 25.181787
  },
  "dispatch_cct_us": 78.125042,
  "combine_cct_us": 69.678332,
  "roundtrip_step_us": 148.603374,
  "e2e_step_us": 279.970562
}
