{
  "scenario": 1,
  "scheme": "islip",
  "mode": "roundtrip",
  "batch": 128,
  "zipf_s": 0.900000,
  "topk": 8,
  "ep_size": 32,
  "seed": 80,
  "start_skew_us": 4.000000,
  "tau_g_ns": 143.360000,
  "grain_bytes": 7168,
  "total_tokens": 65536,
  "max_egress_load": 474,
  "konig_us": 134.041600,
  "rtt_us": 0.600000,
  "barrier_us": 0.800000,
  "cct_us": 142.726150,
  "step_us": 287.393338,
  "gemv_us": 143.867188,
  "e2e_us": 286.593338,
  "throughput_GBs": 1634.561369,
  "latency_all": {
    "count": 65536,
    "mean_us": 17.537700,
    "p50_us": 12.831289,
    "p99_us": 62.825663,
    "min_us": 1.193095,
    "max_us": 72.511894
  },
  "latency_hot": {
    "count": 18148,
    "mean_us": 30.862398,
    "p50_us": 30.082783,
    "p99_us": 67.281062,
    "min_us": 1.193095,
    "max_us": 72.511894
  },
  "latency_cold": {
    "count": 16616,
    "mean_us": 8.226243,
    "p50_us": 7.986446,
    "p99_us": 16.168108,
    "min_us": 1.218181,
    "max_us": 18.528072
  },
  "dispatch_cct_us": 72.511894,
  "combine_cct_us": 70.214257,
  "roundtrip_step_us": 143.526150,
  "e2e_step_us": 287.393338
}
