{
  "scenario": 1,
  "scheme": "packet_spray",
  "mode": "roundtrip",
  "batch": 16,
  "zipf_s": 0.700000,
  "topk": 8,
  "ep_size": 128,
  "seed": 15,
  "start_skew_us": 4.000000,
  "tau_g_ns": 143.360000,
  "grain_bytes": 7168,
  "total_tokens": 32768,
  "max_egress_load": 145,
  "konig_us": 40.140800,
  "rtt_us": 0.000000,
  "barrier_us": 4.000000,
  "cct_us": 72.083010,
  "step_us": 118.270510,
  "gemv_us": 42.187500,
  "e2e_us": 114.270510,
  "throughput_GBs": 1985.964420,
  "latency_all": {
    "count": 32768,
    "mean_us": 20.641472,
    "p50_us": 20.333443,
    "p99_us": 33.235843,
    "min_us": 0.536720,
    "max_us": 37.413567
  },
  "latency_hot": {
    "count": 11274,
    "mean_us": 21.520107,
    "p50_us": 20.925816,
    "p99_us": 32.681336,
    "min_us": 0.536720,
    "max_us": 37.413567
  },
  "latency_cold": {
    "count": 8078,
    "mean_us": 20.068004,
    "p50_us": 19.161510,
    "p99_us": 33.809283,
    "min_us": 0.536720,
    "max_us": 34.669443
  },
  "dispatch_cct_us": 37.413567,
  "combine_cct_us": 34.669443,
  "roundtrip_step_us": 76.083010,
  "e2e_step_us": 118.270510
}
