{
  "scenario": 4,
  "scheme": "packet_spray",
  "mode": "roundtrip",
  "batch": 256,
  "zipf_s": 0.700000,
  "topk": 8,
  "ep_size": 256,
  "seed": 76,
  "start_skew_us": 4.000000,
  "tau_g_ns": 143.360000,
  "grain_bytes": 7168,
  "total_tokens": 1048576,
  "max_egress_load": 3868,
  "konig_us": 1070.039040,
  "rtt_us": 0.000000,
  "barrier_us": 6.000000,
  "cct_us": 1159.453035,
  "step_us": 2289.163972,
  "gemv_us": 1123.710938,
  "e2e_us": 2283.163972,
  "throughput_GBs": 3283.378936,
  "latency_all": {
    "count": 1048576,
    "mean_us": 180.237234,
    "p50_us": 45.726269,
    "p99_us": 229.337872,
    "min_us": 0.247628,
    "max_us": 607.125083
  },
  "latency_hot": {
    "count": 405422,
    "mean_us": 203.157662,
    "p50_us": 106.120524,
    "p99_us": 501.578512,
    "min_us": 0.247628,
    "max_us": 585.621083
  },
  "latency_cold": {
    "count": 241452,
    "mean_us": 165.936494,
    "p50_us": 50.313789,
    "p99_us": 535.445083,
    "min_us": 0.272431,
    "max_us": 607.125083
  },
  "dispatch_cct_us": 552.327952,
  "combine_cct_us": 607.125083,
  "roundtrip_step_us": 1165.453035,
  "e2e_step_us": 2289.163972
}
