{
  "scenario": 4,
  "scheme": "ub_rg_pop",
  "mode": "roundtrip",
  "batch": 64,
  "zipf_s": 0.700000,
  "topk": 8,
  "ep_size": 256,
  "seed": 90,
  "start_skew_us": 4.000000,
  "tau_g_ns": 143.360000,
  "grain_bytes": 7168,
  "total_tokens": 262144,
  "max_egress_load": 973,
  "konig_us": 269.230080,
  "rtt_us": 1.200000,
  "barrier_us": 1.600000,
  "cct_us": 305.712773,
  "step_us": 589.890898,
  "gemv_us": 282.578125,
  "e2e_us": 588.290898,
  "throughput_GBs": 3185.416489,
  "latency_all": {
    "count": 262144,
    "mean_us": 27.225534,
    "p50_us": 18.964675,
    "p99_us": 108.943172,
    "min_us": 1.415637,
    "max_us": 158.009044
  },
  "latency_hot": {
    "count": 101402,
    "mean_us": 40.795643,
    "p50_us": 33.005068,
    "p99_us": 132.129206,
    "min_us": 3.628938,
    "max_us": 158.009044
  },
  "latency_cold": {
    "count": 60542,
    "mean_us": 16.600421,
    "p50_us": 16.652337,
    "p99_us": 27.242437,
    "min_us": 1.774498,
    "max_us": 35.936978
  },
  "dispatch_cct_us": 158.009044,
  "combine_cct_us": 147.703729,
  "roundtrip_step_us": 307.312773,
  "e2e_step_us": 589.890898
}
