{
  "scenario": 1,
  "scheme": "ub_rg_pop",
  "mode": "roundtrip",
  "batch": 256,
  "zipf_s": 0.900000,
  "topk": 8,
  "ep_size": 64,
  "seed": 16,
  "tau_g_ns": 143.360000,
  "grain_bytes": 7168,
  "total_tokens": 262144,
  "max_egress_load": 1701,
  "konig_us": 485.130240,
  "rtt_us": 0.900000,
  "barrier_us": 0.800000,
  "cct_us": 490.528762,
  "step_us": 491.328762,
  "throughput_GBs": 3824.421316,
  "latency_all": {
    "count": 262144,
    "mean_us": 42.919818,
    "p50_us": 16.237479,
    "p99_us": 206.840405,
    "min_us": 1.443362,
    "max_us": 245.331269
  },
  "latency_hot": {
    "count": 96396,
    "mean_us": 83.459129,
    "p50_us": 73.906750,
    "p99_us": 234.059088,
    "min_us": 1.483033,
    "max_us": 245.331269
  },
  "latency_cold": {
    "count": 55334,
    "mean_us": 9.898529,
    "p50_us": 9.567842,
    "p99_us": 21.464692,
    "min_us": 1.443362,
    "max_us": 25.090082
  },
  "dispatch_cct_us": 245.331269,
  "combine_cct_us": 245.197494,
  "roundtrip_step_us": 491.328762
}
