{
  "scenario": 1,
  "scheme": "ub_rg_pop",
  "mode": "roundtrip",
  "batch": 64,
  "zipf_s": 0.000000,
  "topk": 8,
  "ep_size": 32,
  "seed": 16,
  "start_skew_us": 4.000000,
  "tau_g_ns": 143.360000,
  "grain_bytes": 7168,
  "total_tokens": 32768,
  "max_egress_load": 87,
  "konig_us": 24.371200,
  "rtt_us": 0.900000,
  "barrier_us": 0.800000,
  "cct_us": 53.956779,
  "step_us": 76.748967,
  "gemv_us": 21.992188,
  "e2e_us": 75.948967,
  "throughput_GBs": 3060.380269,
  "latency_all": {
    "count": 32768,
    "mean_us": 13.647540,
    "p50_us": 13.705680,
    "p99_us": 23.686644,
    "min_us": 1.497714,
    "max_us": 28.895521
  },
  "latency_hot": {
    "count": 3022,
    "mean_us": 16.030189,
    "p50_us": 16.310105,
    "p99_us": 23.926306,
    "min_us": 1.763383,
    "max_us": 25.015534
  },
  "latency_cold": {
    "count": 16412,
    "mean_us": 13.323707,
    "p50_us": 13.318318,
    "p99_us": 24.382501,
    "min_us": 1.497714,
    "max_us": 28.895521
  },
  "dispatch_cct_us": 25.061259,
  "combine_cct_us": 28.895521,
  "roundtrip_step_us": 54.756779,
  "e2e_step_us": 76.748967
}
