{
  "scenario": 4,
  "scheme": "ub_rg_pop",
  "mode": "roundtrip",
  "batch": 16,
  "zipf_s": 0.700000,
  "topk": 8,
  "ep_size": 512,
  "seed": 20,
  "start_skew_us": 4.000000,
  "tau_g_ns": 143.360000,
  "grain_bytes": 7168,
  "total_tokens": 131072,
  "max_egress_load": 429,
  "konig_us": 113.827840,
  "rtt_us": 1.200000,
  "barrier_us": 1.600000,
  "cct_us": 156.668236,
  "step_us": 272.213548,
  "gemv_us": 113.945312,
  "e2e_us": 270.613548,
  "throughput_GBs": 3451.422982,
  "latency_all": {
    "count": 131072,
    "mean_us": 19.549244,
    "p50_us": 18.179504,
    "p99_us": 54.304330,
    "min_us": 1.744715,
    "max_us": 83.074466
  },
  "latency_hot": {
    "count": 54450,
    "mean_us": 24.236768,
    "p50_us": 22.085368,
    "p99_us": 61.581369,
    "min_us": 2.009307,
    "max_us": 83.074466
  },
  "latency_cold": {
    "count": 29036,
    "mean_us": 15.669294,
    "p50_us": 15.679311,
    "p99_us": 24.557109,
    "min_us": 1.744715,
    "max_us": 28.390214
  },
  "dispatch_cct_us": 83.074466,
  "combine_cct_us": 73.593770,
  "roundtrip_step_us": 158.268236,
  "e2e_step_us": 272.213548
}
