{
  "scenario": 4,
  "scheme": "ub_rg",
  "mode": "roundtrip",
  "batch": 256,
  "zipf_s": 0.700000,
  "topk": 8,
  "ep_size": 128,
  "seed": 82,
  "start_skew_us": 4.000000,
  "tau_g_ns": 143.360000,
  "grain_bytes": 7168,
  "total_tokens": 524288,
  "max_egress_load": 2385,
  "konig_us": 655.872000,
  "rtt_us": 0.800000,
  "barrier_us": 1.600000,
  "cct_us": 704.127967,
  "step_us": 1390.024842,
  "gemv_us": 684.296875,
  "e2e_us": 1388.424842,
  "throughput_GBs": 2703.618145,
  "latency_all": {
    "count": 524288,
    "mean_us": 50.832767,
    "p50_us": 24.999617,
    "p99_us": 95.961072,
    "min_us": 1.353030,
    "max_us": 355.593229
  },
  "latency_hot": {
    "count": 180330,
    "mean_us": 95.856996,
    "p50_us": 78.568786,
    "p99_us": 306.207517,
    "min_us": 2.043887,
    "max_us": 355.593229
  },
  "latency_cold": {
    "count": 128790,
    "mean_us": 19.661703,
    "p50_us": 19.456923,
    "p99_us": 35.757547,
    "min_us": 1.755594,
    "max_us": 43.969393
  },
  "dispatch_cct_us": 355.593229,
  "combine_cct_us": 348.534738,
  "roundtrip_step_us": 705.727967,
  "e2e_step_us": 1390.024842
}
