{
  "scenario": 3,
  "scheme": "ub_rg",
  "mode": "roundtrip",
  "batch": 16,
  "zipf_s": 0.300000,
  "topk": 8,
  "ep_size": 1024,
  "seed": 88,
  "tau_g_ns": 143.360000,
  "grain_bytes": 7168,
  "total_tokens": 262144,
  "max_egress_load": 99,
  "konig_us": 26.378240,
  "rtt_us": 1.100000,
  "barrier_us": 2.400000,
  "cct_us": 32.593364,
  "step_us": 34.993364,
  "throughput_GBs": 53697.271598,
  "latency_all": {
    "count": 262144,
    "mean_us": 3.835370,
    "p50_us": 3.375507,
    "p99_us": 7.528798,
    "min_us": 2.043382,
    "max_us": 16.301526
  },
  "latency_hot": {
    "count": 50916,
    "mean_us": 4.901183,
    "p50_us": 4.653554,
    "p99_us": 11.376486,
    "min_us": 2.043392,
    "max_us": 16.301526
  },
  "latency_cold": {
    "count": 100958,
    "mean_us": 3.417694,
    "p50_us": 3.369966,
    "p99_us": 5.222084,
    "min_us": 2.043402,
    "max_us": 7.032791
  },
  "dispatch_cct_us": 16.291839,
  "combine_cct_us": 16.301526,
  "roundtrip_step_us": 34.993364
}
