{
  "scenario": 4,
  "scheme": "ub_rg",
  "mode": "roundtrip",
  "batch": 512,
  "zipf_s": 0.700000,
  "topk": 8,
  "ep_size": 512,
  "seed": 13,
  "start_skew_us": 4.000000,
  "tau_g_ns": 143.360000,
  "grain_bytes": 7168,
  "total_tokens": 4194304,
  "max_egress_load": 13170,
  "konig_us": 3572.674560,
  "rtt_us": 0.800000,
  "barrier_us": 1.600000,
  "cct_us": 3781.681525,
  "step_us": 7455.234650,
  "gemv_us": 3671.953125,
  "e2e_us": 7453.634650,
  "throughput_GBs": 4032.706211,
  "latency_all": {
    "count": 4194304,
    "mean_us": 138.279130,
    "p50_us": 21.408253,
    "p99_us": 1103.283417,
    "min_us": 1.023968,
    "max_us": 1891.892451
  },
  "latency_hot": {
    "count": 1741956,
    "mean_us": 283.255389,
    "p50_us": 51.753270,
    "p99_us": 1103.342255,
    "min_us": 1.200628,
    "max_us": 1891.892451
  },
  "latency_cold": {
    "count": 925218,
    "mean_us": 22.363705,
    "p50_us": 15.035526,
    "p99_us": 39.824730,
    "min_us": 1.023968,
    "max_us": 94.398837
  },
  "dispatch_cct_us": 1891.892451,
  "combine_cct_us": 1889.789073,
  "roundtrip_step_us": 3783.281525,
  "e2e_step_us": 7455.234650
}
