{
  "scenario": 4,
  "scheme": "ub_rg",
  "mode": "roundtrip",
  "batch": 16,
  "zipf_s": 0.300000,
  "topk": 8,
  "ep_size": 128,
  "seed": 29,
  "start_skew_us": 4.000000,
  "tau_g_ns": 143.360000,
  "grain_bytes": 7168,
  "total_tokens": 32768,
  "max_egress_load": 51,
  "konig_us": 13.905920,
  "rtt_us": 0.800000,
  "barrier_us": 1.600000,
  "cct_us": 22.556661,
  "step_us": 38.336349,
  "gemv_us": 14.179688,
  "e2e_us": 36.736349,
  "throughput_GBs": 6126.849135,
  "latency_all": {
    "count": 32768,
    "mean_us": 5.056045,
    "p50_us": 4.993300,
    "p99_us": 9.104138,
    "min_us": 1.090887,
    "max_us": 11.665507
  },
  "latency_hot": {
    "count": 5670,
    "mean_us": 5.995575,
    "p50_us": 6.011366,
    "p99_us": 10.080594,
    "min_us": 1.398006,
    "max_us": 11.665507
  },
  "latency_cold": {
    "count": 12884,
    "mean_us": 4.721792,
    "p50_us": 4.697442,
    "p99_us": 7.636971,
    "min_us": 1.090887,
    "max_us": 8.858657
  },
  "dispatch_cct_us": 11.665507,
  "combine_cct_us": 10.891154,
  "roundtrip_step_us": 24.156661,
  "e2e_step_us": 38.336349
}
