{
  "scenario": 1,
  "scheme": "ub_rg_pop",
  "mode": "roundtrip",
  "batch": 64,
  "zipf_s": 0.700000,
  "topk": 8,
  "ep_size": 128,
  "seed": 92,
  "start_skew_us": 4.000000,
  "tau_g_ns": 143.360000,
  "grain_bytes": 7168,
  "total_tokens": 131072,
  "max_egress_load": 573,
  "konig_us": 160.993280,
  "rtt_us": 0.900000,
  "barrier_us": 0.800000,
  "cct_us": 199.828015,
  "step_us": 372.424890,
  "gemv_us": 171.796875,
  "e2e_us": 371.624890,
  "throughput_GBs": 2522.721017,
  "latency_all": {
    "count": 131072,
    "mean_us": 21.670169,
    "p50_us": 17.591542,
    "p99_us": 80.386678,
    "min_us": 1.451636,
    "max_us": 103.049455
  },
  "latency_hot": {
    "count": 45276,
    "mean_us": 32.922331,
    "p50_us": 28.674734,
    "p99_us": 88.633289,
    "min_us": 3.001405,
    "max_us": 103.049455
  },
  "latency_cold": {
    "count": 32178,
    "mean_us": 13.977345,
    "p50_us": 13.857000,
    "p99_us": 25.091558,
    "min_us": 1.451636,
    "max_us": 33.685496
  },
  "dispatch_cct_us": 103.049455,
  "combine_cct_us": 96.778560,
  "roundtrip_step_us": 200.628015,
  "e2e_step_us": 372.424890
}
