{
  "scenario": 4,
  "scheme": "ub_rg_pop",
  "mode": "roundtrip",
  "batch": 256,
  "zipf_s": 0.700000,
  "topk": 8,
  "ep_size": 256,
  "seed": 45,
  "start_skew_us": 4.000000,
  "tau_g_ns": 143.360000,
  "grain_bytes": 7168,
  "total_tokens": 1048576,
  "max_egress_load": 3960,
  "konig_us": 1083.944960,
  "rtt_us": 1.200000,
  "barrier_us": 1.600000,
  "cct_us": 1144.956161,
  "step_us": 2271.634286,
  "gemv_us": 1125.078125,
  "e2e_us": 2270.034286,
  "throughput_GBs": 3308.716026,
  "latency_all": {
    "count": 1048576,
    "mean_us": 56.309728,
    "p50_us": 13.835237,
    "p99_us": 193.715373,
    "min_us": 1.615921,
    "max_us": 572.879572
  },
  "latency_hot": {
    "count": 405094,
    "mean_us": 112.985777,
    "p50_us": 77.232061,
    "p99_us": 441.107416,
    "min_us": 1.727753,
    "max_us": 572.879572
  },
  "latency_cold": {
    "count": 242272,
    "mean_us": 13.831802,
    "p50_us": 12.093792,
    "p99_us": 26.396362,
    "min_us": 1.697107,
    "max_us": 46.335158
  },
  "dispatch_cct_us": 572.076589,
  "combine_cct_us": 572.879572,
  "roundtrip_step_us": 1146.556161,
  "e2e_step_us": 2271.634286
}
