{
  "scenario": 2,
  "scheme": "packet_spray",
  "mode": "roundtrip",
  "batch": 64,
  "zipf_s": 0.700000,
  "topk": 8,
  "ep_size": 256,
  "seed": 40,
  "tau_g_ns": 143.360000,
  "grain_bytes": 7168,
  "total_tokens": 262144,
  "max_egress_load": 948,
  "konig_us": 262.778880,
  "rtt_us": 0.000000,
  "barrier_us": 8.000000,
  "cct_us": 281.455520,
  "step_us": 289.455520,
  "throughput_GBs": 6491.664737,
  "latency_all": {
    "count": 262144,
    "mean_us": 51.825365,
    "p50_us": 25.251280,
    "p99_us": 130.190800,
    "min_us": 0.880080,
    "max_us": 143.810000
  },
  "latency_hot": {
    "count": 101290,
    "mean_us": 54.126943,
    "p50_us": 41.164240,
    "p99_us": 129.330640,
    "min_us": 0.880080,
    "max_us": 143.810000
  },
  "latency_cold": {
    "count": 60340,
    "mean_us": 49.727938,
    "p50_us": 17.223120,
    "p99_us": 135.638480,
    "min_us": 0.880080,
    "max_us": 137.645520
  },
  "dispatch_cct_us": 143.810000,
  "combine_cct_us": 137.645520,
  "roundtrip_step_us": 289.455520
}
