{
  "scenario": 4,
  "scheme": "packet_spray",
  "mode": "roundtrip",
  "batch": 128,
  "zipf_s": 0.900000,
  "topk": 8,
  "ep_size": 128,
  "seed": 66,
  "start_skew_us": 4.000000,
  "tau_g_ns": 143.360000,
  "grain_bytes": 7168,
  "total_tokens": 262144,
  "max_egress_load": 1657,
  "konig_us": 458.178560,
  "rtt_us": 0.000000,
  "barrier_us": 6.000000,
  "cct_us": 520.610712,
  "step_us": 1007.509150,
  "gemv_us": 480.898438,
  "e2e_us": 1001.509150,
  "throughput_GBs": 1865.043303,
  "latency_all": {
    "count": 262144,
    "mean_us": 91.335280,
    "p50_us": 54.282605,
    "p99_us": 228.751725,
    "min_us": 0.910160,
    "max_us": 264.047147
  },
  "latency_hot": {
    "count": 115418,
    "mean_us": 102.654820,
    "p50_us": 88.287787,
    "p99_us": 236.206445,
    "min_us": 2.338850,
    "max_us": 256.563565
  },
  "latency_cold": {
    "count": 47588,
    "mean_us": 81.656582,
    "p50_us": 41.417165,
    "p99_us": 236.091947,
    "min_us": 0.910160,
    "max_us": 264.047147
  },
  "dispatch_cct_us": 256.563565,
  "combine_cct_us": 264.047147,
  "roundtrip_step_us": 526.610712,
  "e2e_step_us": 1007.509150
}
