{
  "scenario": 4,
  "scheme": "ub_rg_pop",
  "mode": "roundtrip",
  "batch": 16,
  "zipf_s": 0.300000,
  "topk": 8,
  "ep_size": 128,
  "seed": 77,
  "start_skew_us": 4.000000,
  "tau_g_ns": 143.360000,
  "grain_bytes": 7168,
  "total_tokens": 32768,
  "max_egress_load": 52,
  "konig_us": 14.479360,
  "rtt_us": 1.200000,
  "barrier_us": 1.600000,
  "cct_us": 23.020134,
  "step_us": 39.659196,
  "gemv_us": 15.039062,
  "e2e_us": 38.059196,
  "throughput_GBs": 5922.485728,
  "latency_all": {
    "count": 32768,
    "mean_us": 5.376764,
    "p50_us": 5.336058,
    "p99_us": 9.254888,
    "min_us": 1.527083,
    "max_us": 12.368408
  },
  "latency_hot": {
    "count": 5524,
    "mean_us": 6.205922,
    "p50_us": 6.147960,
    "p99_us": 10.445059,
    "min_us": 1.981800,
    "max_us": 12.368408
  },
  "latency_cold": {
    "count": 13200,
    "mean_us": 5.015284,
    "p50_us": 4.994113,
    "p99_us": 8.006643,
    "min_us": 1.527083,
    "max_us": 9.284432
  },
  "dispatch_cct_us": 12.368408,
  "combine_cct_us": 10.651726,
  "roundtrip_step_us": 24.620134,
  "e2e_step_us": 39.659196
}
