{
  "scenario": 1,
  "scheme": "ub_rg_pop",
  "mode": "roundtrip",
  "batch": 64,
  "zipf_s": 0.700000,
  "topk": 8,
  "ep_size": 32,
  "seed": 68,
  "start_skew_us": 4.000000,
  "tau_g_ns": 143.360000,
  "grain_bytes": 7168,
  "total_tokens": 32768,
  "max_egress_load": 214,
  "konig_us": 59.637760,
  "rtt_us": 0.900000,
  "barrier_us": 0.800000,
  "cct_us": 68.959735,
  "step_us": 132.806610,
  "gemv_us": 63.046875,
  "e2e_us": 132.006610,
  "throughput_GBs": 1768.594375,
  "latency_all": {
    "count": 32768,
    "mean_us": 9.957907,
    "p50_us": 8.349148,
    "p99_us": 29.724554,
    "min_us": 1.612677,
    "max_us": 34.696744
  },
  "latency_hot": {
    "count": 7722,
    "mean_us": 15.658832,
    "p50_us": 15.218881,
    "p99_us": 32.387550,
    "min_us": 1.762797,
    "max_us": 34.696744
  },
  "latency_cold": {
    "count": 9880,
    "mean_us": 6.546008,
    "p50_us": 6.461637,
    "p99_us": 11.234622,
    "min_us": 1.612677,
    "max_us": 12.547331
  },
  "dispatch_cct_us": 34.262991,
  "combine_cct_us": 34.696744,
  "roundtrip_step_us": 69.759735,
  "e2e_step_us": 132.806610
}
