{
  "scenario": 1,
  "scheme": "ub_rg_pop",
  "mode": "roundtrip",
  "batch": 64,
  "zipf_s": 0.300000,
  "topk": 8,
  "ep_size": 128,
  "seed": 8,
  "tau_g_ns": 143.360000,
  "grain_bytes": 7168,
  "total_tokens": 131072,
  "max_egress_load": 213,
  "konig_us": 57.630720,
  "rtt_us": 0.900000,
  "barrier_us": 0.800000,
  "cct_us": 63.910617,
  "step_us": 64.710617,
  "throughput_GBs": 14518.855465,
  "latency_all": {
    "count": 131072,
    "mean_us": 7.326783,
    "p50_us": 6.733296,
    "p99_us": 20.568399,
    "min_us": 1.444141,
    "max_us": 31.975558
  },
  "latency_hot": {
    "count": 22806,
    "mean_us": 11.087341,
    "p50_us": 10.677357,
    "p99_us": 26.864682,
    "min_us": 1.445190,
    "max_us": 31.975558
  },
  "latency_cold": {
    "count": 51544,
    "mean_us": 5.793069,
    "p50_us": 5.707354,
    "p99_us": 10.800153,
    "min_us": 1.444141,
    "max_us": 13.068566
  },
  "dispatch_cct_us": 31.975558,
  "combine_cct_us": 31.935059,
  "roundtrip_step_us": 64.710617
}
