{
  "scenario": 4,
  "scheme": "ub_rg",
  "mode": "roundtrip",
  "batch": 256,
  "zipf_s": 0.900000,
  "topk": 8,
  "ep_size": 256,
  "seed": 75,
  "start_skew_us": 4.000000,
  "tau_g_ns": 143.360000,
  "grain_bytes": 7168,
  "total_tokens": 1048576,
  "max_egress_load": 6117,
  "konig_us": 1670.144000,
  "rtt_us": 0.800000,
  "barrier_us": 1.600000,
  "cct_us": 1780.348607,
  "step_us": 3510.854857,
  "gemv_us": 1728.906250,
  "e2e_us": 3509.254857,
  "throughput_GBs": 2140.844060,
  "latency_all": {
    "count": 1048576,
    "mean_us": 105.498279,
    "p50_us": 20.998669,
    "p99_us": 387.317839,
    "min_us": 1.083600,
    "max_us": 892.742612
  },
  "latency_hot": {
    "count": 530726,
    "mean_us": 181.019741,
    "p50_us": 86.856893,
    "p99_us": 387.220008,
    "min_us": 2.603789,
    "max_us": 892.742612
  },
  "latency_cold": {
    "count": 168704,
    "mean_us": 20.091344,
    "p50_us": 19.928350,
    "p99_us": 34.147648,
    "min_us": 1.143206,
    "max_us": 52.160179
  },
  "dispatch_cct_us": 892.742612,
  "combine_cct_us": 887.605996,
  "roundtrip_step_us": 1781.948607,
  "e2e_step_us": 3510.854857
}
