{
  "scenario": 1,
  "scheme": "ub_rg",
  "mode": "roundtrip",
  "batch": 64,
  "zipf_s": 0.700000,
  "topk": 8,
  "ep_size": 32,
  "seed": 17,
  "tau_g_ns": 143.360000,
  "grain_bytes": 7168,
  "total_tokens": 32768,
  "max_egress_load": 209,
  "konig_us": 58.204160,
  "rtt_us": 0.600000,
  "barrier_us": 0.800000,
  "cct_us": 62.014763,
  "step_us": 62.814763,
  "throughput_GBs": 3739.264667,
  "latency_all": {
    "count": 32768,
    "mean_us": 7.597547,
    "p50_us": 6.013844,
    "p99_us": 26.403758,
    "min_us": 1.143677,
    "max_us": 31.012402
  },
  "latency_hot": {
    "count": 7754,
    "mean_us": 13.240311,
    "p50_us": 12.873228,
    "p99_us": 28.629010,
    "min_us": 1.153396,
    "max_us": 31.012402
  },
  "latency_cold": {
    "count": 10086,
    "mean_us": 4.284001,
    "p50_us": 4.183703,
    "p99_us": 8.346879,
    "min_us": 1.143677,
    "max_us": 9.367615
  },
  "dispatch_cct_us": 31.002361,
  "combine_cct_us": 31.012402,
  "roundtrip_step_us": 62.814763
}
