{
  "scenario": 1,
  "scheme": "ub_rg",
  "mode": "roundtrip",
  "batch": 16,
  "zipf_s": 0.700000,
  "topk": 8,
  "ep_size": 32,
  "seed": 32,
  "tau_g_ns": 143.360000,
  "grain_bytes": 7168,
  "total_tokens": 8192,
  "max_egress_load": 56,
  "konig_us": 15.339520,
  "rtt_us": 0.600000,
  "barrier_us": 0.800000,
  "cct_us": 18.191145,
  "step_us": 18.991145,
  "throughput_GBs": 3091.980807,
  "latency_all": {
    "count": 8192,
    "mean_us": 2.962095,
    "p50_us": 2.568420,
    "p99_us": 7.633365,
    "min_us": 1.144059,
    "max_us": 9.098756
  },
  "latency_hot": {
    "count": 1986,
    "mean_us": 4.361032,
    "p50_us": 4.314733,
    "p99_us": 8.355322,
    "min_us": 1.153078,
    "max_us": 9.098756
  },
  "latency_cold": {
    "count": 2486,
    "mean_us": 2.100911,
    "p50_us": 2.030246,
    "p99_us": 3.477219,
    "min_us": 1.144059,
    "max_us": 3.945655
  },
  "dispatch_cct_us": 9.092389,
  "combine_cct_us": 9.098756,
  "roundtrip_step_us": 18.991145
}
