{
  "scenario": 2,
  "scheme": "ub_rg",
  "mode": "roundtrip",
  "batch": 16,
  "zipf_s": 0.300000,
  "topk": 8,
  "ep_size": 256,
  "seed": 9,
  "tau_g_ns": 143.360000,
  "grain_bytes": 7168,
  "total_tokens": 65536,
  "max_egress_load": 78,
  "konig_us": 19.640320,
  "rtt_us": 1.100000,
  "barrier_us": 2.400000,
  "cct_us": 26.496157,
  "step_us": 28.896157,
  "throughput_GBs": 16256.903698,
  "latency_all": {
    "count": 65536,
    "mean_us": 3.783571,
    "p50_us": 3.641433,
    "p99_us": 7.485968,
    "min_us": 2.043489,
    "max_us": 13.281572
  },
  "latency_hot": {
    "count": 12006,
    "mean_us": 4.768275,
    "p50_us": 4.608433,
    "p99_us": 9.542860,
    "min_us": 2.043489,
    "max_us": 13.281572
  },
  "latency_cold": {
    "count": 25904,
    "mean_us": 3.428703,
    "p50_us": 3.362294,
    "p99_us": 5.414772,
    "min_us": 2.043505,
    "max_us": 7.347885
  },
  "dispatch_cct_us": 13.214585,
  "combine_cct_us": 13.281572,
  "roundtrip_step_us": 28.896157
}
