{
  "scenario": 2,
  "scheme": "ub_rg",
  "mode": "roundtrip",
  "batch": 64,
  "zipf_s": 0.700000,
  "topk": 8,
  "ep_size": 256,
  "seed": 78,
  "tau_g_ns": 143.360000,
  "grain_bytes": 7168,
  "total_tokens": 262144,
  "max_egress_load": 930,
  "konig_us": 263.352320,
  "rtt_us": 1.100000,
  "barrier_us": 2.400000,
  "cct_us": 270.562763,
  "step_us": 272.962763,
  "throughput_GBs": 6883.899367,
  "latency_all": {
    "count": 262144,
    "mean_us": 15.508566,
    "p50_us": 6.484746,
    "p99_us": 96.215531,
    "min_us": 2.043381,
    "max_us": 135.284729
  },
  "latency_hot": {
    "count": 101006,
    "mean_us": 29.718647,
    "p50_us": 20.466792,
    "p99_us": 123.003099,
    "min_us": 2.043755,
    "max_us": 135.284729
  },
  "latency_cold": {
    "count": 60974,
    "mean_us": 5.256869,
    "p50_us": 4.963830,
    "p99_us": 10.933659,
    "min_us": 2.043605,
    "max_us": 18.998910
  },
  "dispatch_cct_us": 135.284729,
  "combine_cct_us": 135.278034,
  "roundtrip_step_us": 272.962763
}
