{
  "scenario": 1,
  "scheme": "packet_spray",
  "mode": "roundtrip",
  "batch": 512,
  "zipf_s": 0.000000,
  "topk": 8,
  "ep_size": 128,
  "seed": 20,
  "start_skew_us": 4.000000,
  "tau_g_ns": 143.360000,
  "grain_bytes": 7168,
  "total_tokens": 1048576,
  "max_egress_load": 575,
  "konig_us": 158.842880,
  "rtt_us": 0.000000,
  "barrier_us": 4.000000,
  "cct_us": 328.282822,
  "step_us": 498.728134,
  "gemv_us": 166.445312,
  "e2e_us": 494.728134,
  "throughput_GBs": 15070.721405,
  "latency_all": {
    "count": 1048576,
    "mean_us": 102.782297,
    "p50_us": 99.488911,
    "p99_us": 152.532111,
    "min_us": 0.536720,
    "max_us": 168.301711
  },
  "latency_hot": {
    "count": 97966,
    "mean_us": 85.096472,
    "p50_us": 84.430391,
    "p99_us": 156.689551,
    "min_us": 0.536720,
    "max_us": 164.728856
  },
  "latency_cold": {
    "count": 524046,
    "mean_us": 112.081924,
    "p50_us": 112.627453,
    "p99_us": 147.692165,
    "min_us": 0.536720,
    "max_us": 168.301711
  },
  "dispatch_cct_us": 168.301711,
  "combine_cct_us": 159.981111,
  "roundtrip_step_us": 332.282822,
  "e2e_step_us": 498.728134
}
