{
  "scenario": 4,
  "scheme": "ub_rg",
  "mode": "roundtrip",
  "batch": 256,
  "zipf_s": 0.900000,
  "topk": 8,
  "ep_size": 256,
  "seed": 63,
  "start_skew_us": 4.000000,
  "tau_g_ns": 143.360000,
  "grain_bytes": 7168,
  "total_tokens": 1048576,
  "max_egress_load": 6064,
  "konig_us": 1665.843200,
  "rtt_us": 0.800000,
  "barrier_us": 1.600000,
  "cct_us": 1747.116603,
  "step_us": 3484.849415,
  "gemv_us": 1736.132812,
  "e2e_us": 3483.249415,
  "throughput_GBs": 2156.819957,
  "latency_all": {
    "count": 1048576,
    "mean_us": 96.828978,
    "p50_us": 13.337135,
    "p99_us": 378.508981,
    "min_us": 1.065597,
    "max_us": 874.591712
  },
  "latency_hot": {
    "count": 531336,
    "mean_us": 172.724727,
    "p50_us": 79.153899,
    "p99_us": 378.422408,
    "min_us": 1.517633,
    "max_us": 874.591712
  },
  "latency_cold": {
    "count": 168460,
    "mean_us": 10.738933,
    "p50_us": 10.465999,
    "p99_us": 20.835816,
    "min_us": 1.133731,
    "max_us": 38.398911
  },
  "dispatch_cct_us": 874.591712,
  "combine_cct_us": 872.524891,
  "roundtrip_step_us": 1748.716603,
  "e2e_step_us": 3484.849415
}
