{
  "scenario": 1,
  "scheme": "packet_spray",
  "mode": "roundtrip",
  "batch": 16,
  "zipf_s": 0.300000,
  "topk": 8,
  "ep_size": 128,
  "seed": 31,
  "tau_g_ns": 143.360000,
  "grain_bytes": 7168,
  "total_tokens": 32768,
  "max_egress_load": 54,
  "konig_us": 14.336000,
  "rtt_us": 0.000000,
  "barrier_us": 4.000000,
  "cct_us": 19.710240,
  "step_us": 23.710240,
  "throughput_GBs": 9906.311535,
  "latency_all": {
    "count": 32768,
    "mean_us": 3.833584,
    "p50_us": 3.547280,
    "p99_us": 8.278160,
    "min_us": 0.536720,
    "max_us": 9.998480
  },
  "latency_hot": {
    "count": 5698,
    "mean_us": 3.904271,
    "p50_us": 3.834000,
    "p99_us": 7.991440,
    "min_us": 0.536720,
    "max_us": 9.998480
  },
  "latency_cold": {
    "count": 12954,
    "mean_us": 3.957019,
    "p50_us": 3.547280,
    "p99_us": 8.708240,
    "min_us": 0.536720,
    "max_us": 9.711760
  },
  "dispatch_cct_us": 9.998480,
  "combine_cct_us": 9.711760,
  "roundtrip_step_us": 23.710240
}
