{
  "scenario": 1,
  "scheme": "ub_rg",
  "mode": "roundtrip",
  "batch": 16,
  "zipf_s": 0.000000,
  "topk": 8,
  "ep_size": 128,
  "seed": 95,
  "tau_g_ns": 143.360000,
  "grain_bytes": 7168,
  "total_tokens": 32768,
  "max_egress_load": 29,
  "konig_us": 8.171520,
  "rtt_us": 0.600000,
  "barrier_us": 0.800000,
  "cct_us": 11.323257,
  "step_us": 12.123257,
  "throughput_GBs": 19374.416134,
  "latency_all": {
    "count": 32768,
    "mean_us": 2.720838,
    "p50_us": 2.676052,
    "p99_us": 4.644157,
    "min_us": 1.143364,
    "max_us": 5.813169
  },
  "latency_hot": {
    "count": 3096,
    "mean_us": 2.735335,
    "p50_us": 2.694982,
    "p99_us": 4.760480,
    "min_us": 1.146481,
    "max_us": 5.586330
  },
  "latency_cold": {
    "count": 16510,
    "mean_us": 2.734219,
    "p50_us": 2.695926,
    "p99_us": 4.711293,
    "min_us": 1.143682,
    "max_us": 5.813169
  },
  "dispatch_cct_us": 5.813169,
  "combine_cct_us": 5.510088,
  "roundtrip_step_us": 12.123257
}
