{
  "scenario": 1,
  "scheme": "packet_spray",
  "mode": "roundtrip",
  "batch": 256,
  "zipf_s": 0.900000,
  "topk": 8,
  "ep_size": 128,
  "seed": 80,
  "tau_g_ns": 143.360000,
  "grain_bytes": 7168,
  "total_tokens": 524288,
  "max_egress_load": 3157,
  "konig_us": 891.269120,
  "rtt_us": 0.000000,
  "barrier_us": 4.000000,
  "cct_us": 958.718240,
  "step_us": 962.718240,
  "throughput_GBs": 3903.630603,
  "latency_all": {
    "count": 524288,
    "mean_us": 165.334000,
    "p50_us": 53.436560,
    "p99_us": 338.006160,
    "min_us": 0.536720,
    "max_us": 485.523600
  },
  "latency_hot": {
    "count": 230924,
    "mean_us": 187.957922,
    "p50_us": 147.480720,
    "p99_us": 441.942160,
    "min_us": 0.536720,
    "max_us": 485.523600
  },
  "latency_cold": {
    "count": 94938,
    "mean_us": 146.370252,
    "p50_us": 49.279120,
    "p99_us": 462.299280,
    "min_us": 0.536720,
    "max_us": 473.194640
  },
  "dispatch_cct_us": 485.523600,
  "combine_cct_us": 473.194640,
  "roundtrip_step_us": 962.718240
}
