{
  "scenario": 4,
  "scheme": "packet_spray",
  "mode": "roundtrip",
  "batch": 256,
  "zipf_s": 0.300000,
  "topk": 8,
  "ep_size": 512,
  "seed": 90,
  "start_skew_us": 4.000000,
  "tau_g_ns": 143.360000,
  "grain_bytes": 7168,
  "total_tokens": 2097152,
  "max_egress_load": 1295,
  "konig_us": 350.658560,
  "rtt_us": 0.000000,
  "barrier_us": 6.000000,
  "cct_us": 446.279125,
  "step_us": 811.966625,
  "gemv_us": 359.687500,
  "e2e_us": 805.966625,
  "throughput_GBs": 18513.551022,
  "latency_all": {
    "count": 2097152,
    "mean_us": 88.203136,
    "p50_us": 54.931772,
    "p99_us": 110.822426,
    "min_us": 0.213222,
    "max_us": 227.450850
  },
  "latency_hot": {
    "count": 404936,
    "mean_us": 89.864822,
    "p50_us": 84.080228,
    "p99_us": 179.491866,
    "min_us": 0.623440,
    "max_us": 218.828274
  },
  "latency_cold": {
    "count": 815094,
    "mean_us": 90.194008,
    "p50_us": 57.392490,
    "p99_us": 77.060317,
    "min_us": 2.076902,
    "max_us": 227.450850
  },
  "dispatch_cct_us": 218.828274,
  "combine_cct_us": 227.450850,
  "roundtrip_step_us": 452.279125,
  "e2e_step_us": 811.966625
}
