{
  "scenario": 1,
  "scheme": "islip",
  "mode": "roundtrip",
  "batch": 512,
  "zipf_s": 0.300000,
  "topk": 8,
  "ep_size": 128,
  "seed": 39,
  "start_skew_us": 4.000000,
  "tau_g_ns": 143.360000,
  "grain_bytes": 7168,
  "total_tokens": 1048576,
  "max_egress_load": 1525,
  "konig_us": 433.664000,
  "rtt_us": 0.600000,
  "barrier_us": 0.800000,
  "cct_us": 469.460329,
  "step_us": 938.932204,
  "gemv_us": 468.671875,
  "e2e_us": 938.132204,
  "throughput_GBs": 8005.043110,
  "latency_all": {
    "count": 1048576,
    "mean_us": 52.780927,
    "p50_us": 28.267427,
    "p99_us": 103.393126,
    "min_us": 1.143581,
    "max_us": 236.256467
  },
  "latency_hot": {
    "count": 182504,
    "mean_us": 83.264199,
    "p50_us": 79.610184,
    "p99_us": 212.147732,
    "min_us": 1.144072,
    "max_us": 236.256467
  },
  "latency_cold": {
    "count": 414342,
    "mean_us": 41.023945,
    "p50_us": 40.521365,
    "p99_us": 71.037227,
    "min_us": 1.143581,
    "max_us": 91.891062
  },
  "dispatch_cct_us": 236.256467,
  "combine_cct_us": 233.203862,
  "roundtrip_step_us": 470.260329,
  "e2e_step_us": 938.932204
}
