{
  "scenario": 4,
  "scheme": "packet_spray",
  "mode": "roundtrip",
  "batch": 512,
  "zipf_s": 0.000000,
  "topk": 8,
  "ep_size": 128,
  "seed": 43,
  "start_skew_us": 4.000000,
  "tau_g_ns": 143.360000,
  "grain_bytes": 7168,
  "total_tokens": 1048576,
  "max_egress_load": 627,
  "konig_us": 174.039040,
  "rtt_us": 0.000000,
  "barrier_us": 6.000000,
  "cct_us": 320.056113,
  "step_us": 493.985800,
  "gemv_us": 167.929688,
  "e2e_us": 487.985800,
  "throughput_GBs": 15215.402475,
  "latency_all": {
    "count": 1048576,
    "mean_us": 91.008149,
    "p50_us": 86.786703,
    "p99_us": 139.287090,
    "min_us": 0.351334,
    "max_us": 162.050703
  },
  "latency_hot": {
    "count": 98244,
    "mean_us": 74.832782,
    "p50_us": 74.856609,
    "p99_us": 144.840162,
    "min_us": 1.280162,
    "max_us": 161.183202
  },
  "latency_cold": {
    "count": 523798,
    "mean_us": 99.876124,
    "p50_us": 99.510799,
    "p99_us": 136.367905,
    "min_us": 0.494694,
    "max_us": 162.050703
  },
  "dispatch_cct_us": 162.050703,
  "combine_cct_us": 158.005409,
  "roundtrip_step_us": 326.056113,
  "e2e_step_us": 493.985800
}
