{
  "scenario": 1,
  "scheme": "ub_rg",
  "mode": "roundtrip",
  "batch": 64,
  "zipf_s": 0.700000,
  "topk": 8,
  "ep_size": 128,
  "seed": 75,
  "start_skew_us": 4.000000,
  "tau_g_ns": 143.360000,
  "grain_bytes": 7168,
  "total_tokens": 131072,
  "max_egress_load": 586,
  "konig_us": 164.290560,
  "rtt_us": 0.600000,
  "barrier_us": 0.800000,
  "cct_us": 174.142889,
  "step_us": 349.669451,
  "gemv_us": 174.726562,
  "e2e_us": 348.869451,
  "throughput_GBs": 2686.892129,
  "latency_all": {
    "count": 131072,
    "mean_us": 13.803185,
    "p50_us": 8.967283,
    "p99_us": 70.847131,
    "min_us": 1.180015,
    "max_us": 88.679631
  },
  "latency_hot": {
    "count": 44996,
    "mean_us": 24.930194,
    "p50_us": 20.649186,
    "p99_us": 78.635497,
    "min_us": 1.285746,
    "max_us": 88.679631
  },
  "latency_cold": {
    "count": 32246,
    "mean_us": 6.239034,
    "p50_us": 6.156658,
    "p99_us": 10.855699,
    "min_us": 1.180015,
    "max_us": 13.799833
  },
  "dispatch_cct_us": 88.679631,
  "combine_cct_us": 85.463257,
  "roundtrip_step_us": 174.942889,
  "e2e_step_us": 349.669451
}
