{
  "scenario": 1,
  "scheme": "packet_spray",
  "mode": "roundtrip",
  "batch": 16,
  "zipf_s": 0.700000,
  "topk": 8,
  "ep_size": 128,
  "seed": 78,
  "start_skew_us": 4.000000,
  "tau_g_ns": 143.360000,
  "grain_bytes": 7168,
  "total_tokens": 32768,
  "max_egress_load": 145,
  "konig_us": 40.140800,
  "rtt_us": 0.000000,
  "barrier_us": 4.000000,
  "cct_us": 47.284050,
  "step_us": 93.276237,
  "gemv_us": 41.992188,
  "e2e_us": 89.276237,
  "throughput_GBs": 2518.122848,
  "latency_all": {
    "count": 32768,
    "mean_us": 9.400008,
    "p50_us": 7.461183,
    "p99_us": 21.510463,
    "min_us": 0.854849,
    "max_us": 24.483347
  },
  "latency_hot": {
    "count": 11256,
    "mean_us": 10.375284,
    "p50_us": 9.543466,
    "p99_us": 21.616147,
    "min_us": 1.009983,
    "max_us": 24.483347
  },
  "latency_cold": {
    "count": 8224,
    "mean_us": 8.810023,
    "p50_us": 6.316261,
    "p99_us": 21.940543,
    "min_us": 0.854849,
    "max_us": 22.800703
  },
  "dispatch_cct_us": 24.483347,
  "combine_cct_us": 22.800703,
  "roundtrip_step_us": 51.284050,
  "e2e_step_us": 93.276237
}
