{
  "scenario": 4,
  "scheme": "ub_rg_pop",
  "mode": "roundtrip",
  "batch": 256,
  "zipf_s": 0.300000,
  "topk": 8,
  "ep_size": 128,
  "seed": 80,
  "start_skew_us": 4.000000,
  "tau_g_ns": 143.360000,
  "grain_bytes": 7168,
  "total_tokens": 524288,
  "max_egress_load": 789,
  "konig_us": 220.487680,
  "rtt_us": 1.200000,
  "barrier_us": 1.600000,
  "cct_us": 234.110334,
  "step_us": 469.772834,
  "gemv_us": 234.062500,
  "e2e_us": 468.172834,
  "throughput_GBs": 7999.816325,
  "latency_all": {
    "count": 524288,
    "mean_us": 24.981970,
    "p50_us": 19.229765,
    "p99_us": 40.443704,
    "min_us": 1.505772,
    "max_us": 118.243973
  },
  "latency_hot": {
    "count": 90598,
    "mean_us": 39.776053,
    "p50_us": 37.922476,
    "p99_us": 102.627042,
    "min_us": 2.037520,
    "max_us": 118.243973
  },
  "latency_cold": {
    "count": 208030,
    "mean_us": 19.159516,
    "p50_us": 18.363392,
    "p99_us": 36.115678,
    "min_us": 1.735615,
    "max_us": 55.741852
  },
  "dispatch_cct_us": 118.243973,
  "combine_cct_us": 115.866361,
  "roundtrip_step_us": 235.710334,
  "e2e_step_us": 469.772834
}
