{
  "scenario": 4,
  "scheme": "ub_rg",
  "mode": "roundtrip",
  "batch": 16,
  "zipf_s": 0.900000,
  "topk": 8,
  "ep_size": 512,
  "seed": 11,
  "start_skew_us": 4.000000,
  "tau_g_ns": 143.360000,
  "grain_bytes": 7168,
  "total_tokens": 131072,
  "max_egress_load": 694,
  "konig_us": 191.959040,
  "rtt_us": 0.800000,
  "barrier_us": 1.600000,
  "cct_us": 206.791935,
  "step_us": 409.680998,
  "gemv_us": 201.289062,
  "e2e_us": 408.080998,
  "throughput_GBs": 2293.306502,
  "latency_all": {
    "count": 131072,
    "mean_us": 12.841750,
    "p50_us": 6.486820,
    "p99_us": 84.063258,
    "min_us": 1.123904,
    "max_us": 103.633752
  },
  "latency_hot": {
    "count": 72524,
    "mean_us": 19.539039,
    "p50_us": 11.503126,
    "p99_us": 89.331114,
    "min_us": 1.214574,
    "max_us": 103.633752
  },
  "latency_cold": {
    "count": 19054,
    "mean_us": 3.880032,
    "p50_us": 3.880174,
    "p99_us": 6.270754,
    "min_us": 1.152462,
    "max_us": 8.567474
  },
  "dispatch_cct_us": 103.633752,
  "combine_cct_us": 103.158184,
  "roundtrip_step_us": 208.391935,
  "e2e_step_us": 409.680998
}
