{
  "scenario": 4,
  "scheme": "ub_rg",
  "mode": "roundtrip",
  "batch": 256,
  "zipf_s": 0.900000,
  "topk": 8,
  "ep_size": 256,
  "seed": 56,
  "start_skew_us": 4.000000,
  "tau_g_ns": 143.360000,
  "grain_bytes": 7168,
  "total_tokens": 1048576,
  "max_egress_load": 5970,
  "konig_us": 1648.496640,
  "rtt_us": 0.800000,
  "barrier_us": 1.600000,
  "cct_us": 1719.020596,
  "step_us": 3448.354971,
  "gemv_us": 1727.734375,
  "e2e_us": 3446.754971,
  "throughput_GBs": 2179.645898,
  "latency_all": {
    "count": 1048576,
    "mean_us": 96.673320,
    "p50_us": 13.375860,
    "p99_us": 378.222386,
    "min_us": 1.083884,
    "max_us": 861.007167
  },
  "latency_hot": {
    "count": 532476,
    "mean_us": 172.071605,
    "p50_us": 79.290363,
    "p99_us": 378.466812,
    "min_us": 1.406973,
    "max_us": 861.007167
  },
  "latency_cold": {
    "count": 168320,
    "mean_us": 10.639055,
    "p50_us": 10.379589,
    "p99_us": 20.708951,
    "min_us": 1.083884,
    "max_us": 52.530575
  },
  "dispatch_cct_us": 861.007167,
  "combine_cct_us": 858.013429,
  "roundtrip_step_us": 1720.620596,
  "e2e_step_us": 3448.354971
}
