{
  "scenario": 4,
  "scheme": "packet_spray",
  "mode": "roundtrip",
  "batch": 64,
  "zipf_s": 0.000000,
  "topk": 8,
  "ep_size": 128,
  "seed": 33,
  "start_skew_us": 4.000000,
  "tau_g_ns": 143.360000,
  "grain_bytes": 7168,
  "total_tokens": 131072,
  "max_egress_load": 95,
  "konig_us": 25.518080,
  "rtt_us": 0.000000,
  "barrier_us": 6.000000,
  "cct_us": 47.777079,
  "step_us": 76.277079,
  "gemv_us": 22.500000,
  "e2e_us": 70.277079,
  "throughput_GBs": 12317.253266,
  "latency_all": {
    "count": 131072,
    "mean_us": 13.739754,
    "p50_us": 13.982046,
    "p99_us": 21.349241,
    "min_us": 0.354755,
    "max_us": 24.303966
  },
  "latency_hot": {
    "count": 12492,
    "mean_us": 11.187913,
    "p50_us": 11.170932,
    "p99_us": 21.054575,
    "min_us": 0.722660,
    "max_us": 23.295122
  },
  "latency_cold": {
    "count": 65464,
    "mean_us": 14.921658,
    "p50_us": 15.053765,
    "p99_us": 21.504965,
    "min_us": 0.733545,
    "max_us": 24.011988
  },
  "dispatch_cct_us": 24.303966,
  "combine_cct_us": 23.473112,
  "roundtrip_step_us": 53.777079,
  "e2e_step_us": 76.277079
}
