{
  "scenario": 4,
  "scheme": "packet_spray",
  "mode": "roundtrip",
  "batch": 16,
  "zipf_s": 0.000000,
  "topk": 8,
  "ep_size": 128,
  "seed": 38,
  "start_skew_us": 4.000000,
  "tau_g_ns": 143.360000,
  "grain_bytes": 7168,
  "total_tokens": 32768,
  "max_egress_load": 32,
  "konig_us": 8.744960,
  "rtt_us": 0.000000,
  "barrier_us": 6.000000,
  "cct_us": 18.906213,
  "step_us": 30.921838,
  "gemv_us": 6.015625,
  "e2e_us": 24.921838,
  "throughput_GBs": 7595.959283,
  "latency_all": {
    "count": 32768,
    "mean_us": 5.821269,
    "p50_us": 5.966247,
    "p99_us": 8.500463,
    "min_us": 0.298721,
    "max_us": 9.761454
  },
  "latency_hot": {
    "count": 2906,
    "mean_us": 4.921236,
    "p50_us": 5.136189,
    "p99_us": 7.929178,
    "min_us": 0.331823,
    "max_us": 9.021487
  },
  "latency_cold": {
    "count": 16552,
    "mean_us": 6.154928,
    "p50_us": 6.276031,
    "p99_us": 8.682386,
    "min_us": 0.298721,
    "max_us": 9.761454
  },
  "dispatch_cct_us": 9.144759,
  "combine_cct_us": 9.761454,
  "roundtrip_step_us": 24.906213,
  "e2e_step_us": 30.921838
}
