{
  "scenario": 4,
  "scheme": "ub_rg",
  "mode": "roundtrip",
  "batch": 128,
  "zipf_s": 0.000000,
  "topk": 8,
  "ep_size": 256,
  "seed": 11,
  "start_skew_us": 4.000000,
  "tau_g_ns": 143.360000,
  "grain_bytes": 7168,
  "total_tokens": 524288,
  "max_egress_load": 182,
  "konig_us": 51.036160,
  "rtt_us": 0.800000,
  "barrier_us": 1.600000,
  "cct_us": 63.596351,
  "step_us": 109.454164,
  "gemv_us": 44.257812,
  "e2e_us": 107.854164,
  "throughput_GBs": 34334.887368,
  "latency_all": {
    "count": 524288,
    "mean_us": 13.814624,
    "p50_us": 12.563251,
    "p99_us": 21.646301,
    "min_us": 1.064100,
    "max_us": 32.320509
  },
  "latency_hot": {
    "count": 51778,
    "mean_us": 13.919953,
    "p50_us": 13.838439,
    "p99_us": 25.909401,
    "min_us": 1.531136,
    "max_us": 30.216854
  },
  "latency_cold": {
    "count": 261516,
    "mean_us": 13.777836,
    "p50_us": 11.515347,
    "p99_us": 25.581752,
    "min_us": 1.283246,
    "max_us": 32.320509
  },
  "dispatch_cct_us": 32.320509,
  "combine_cct_us": 31.275842,
  "roundtrip_step_us": 65.196351,
  "e2e_step_us": 109.454164
}
