{
  "scenario": 4,
  "scheme": "packet_spray",
  "mode": "roundtrip",
  "batch": 64,
  "zipf_s": 0.900000,
  "topk": 8,
  "ep_size": 256,
  "seed": 55,
  "start_skew_us": 4.000000,
  "tau_g_ns": 143.360000,
  "grain_bytes": 7168,
  "total_tokens": 262144,
  "max_egress_load": 1517,
  "konig_us": 415.313920,
  "rtt_us": 0.000000,
  "barrier_us": 6.000000,
  "cct_us": 470.307835,
  "step_us": 907.401585,
  "gemv_us": 431.093750,
  "e2e_us": 901.401585,
  "throughput_GBs": 2070.801092,
  "latency_all": {
    "count": 262144,
    "mean_us": 84.248818,
    "p50_us": 44.942425,
    "p99_us": 213.390425,
    "min_us": 1.688934,
    "max_us": 246.506585
  },
  "latency_hot": {
    "count": 132384,
    "mean_us": 92.495249,
    "p50_us": 75.048025,
    "p99_us": 215.397465,
    "min_us": 1.966009,
    "max_us": 242.492505
  },
  "latency_cold": {
    "count": 42200,
    "mean_us": 74.832093,
    "p50_us": 32.584084,
    "p99_us": 220.415065,
    "min_us": 1.688934,
    "max_us": 246.506585
  },
  "dispatch_cct_us": 223.801249,
  "combine_cct_us": 246.506585,
  "roundtrip_step_us": 476.307835,
  "e2e_step_us": 907.401585
}
