{
  "scenario": 3,
  "scheme": "packet_spray",
  "mode": "roundtrip",
  "batch": 16,
  "zipf_s": 0.700000,
  "topk": 8,
  "ep_size": 256,
  "seed": 25,
  "tau_g_ns": 143.360000,
  "grain_bytes": 7168,
  "total_tokens": 65536,
  "max_egress_load": 235,
  "konig_us": 65.802240,
  "rtt_us": 0.000000,
  "barrier_us": 8.000000,
  "cct_us": 72.006560,
  "step_us": 80.006560,
  "throughput_GBs": 5871.544133,
  "latency_all": {
    "count": 65536,
    "mean_us": 12.851771,
    "p50_us": 9.051600,
    "p99_us": 34.426320,
    "min_us": 0.880080,
    "max_us": 36.146640
  },
  "latency_hot": {
    "count": 25548,
    "mean_us": 13.462440,
    "p50_us": 10.485200,
    "p99_us": 33.136080,
    "min_us": 0.880080,
    "max_us": 35.859920
  },
  "latency_cold": {
    "count": 15270,
    "mean_us": 12.542759,
    "p50_us": 5.467600,
    "p99_us": 34.856400,
    "min_us": 0.880080,
    "max_us": 36.146640
  },
  "dispatch_cct_us": 35.859920,
  "combine_cct_us": 36.146640,
  "roundtrip_step_us": 80.006560
}
