{
  "scenario": 4,
  "scheme": "ub_rg_pop",
  "mode": "roundtrip",
  "batch": 128,
  "zipf_s": 0.700000,
  "topk": 8,
  "ep_size": 256,
  "seed": 36,
  "start_skew_us": 4.000000,
  "tau_g_ns": 143.360000,
  "grain_bytes": 7168,
  "total_tokens": 524288,
  "max_egress_load": 1932,
  "konig_us": 534.159360,
  "rtt_us": 1.200000,
  "barrier_us": 1.600000,
  "cct_us": 588.661974,
  "step_us": 1150.808849,
  "gemv_us": 560.546875,
  "e2e_us": 1149.208849,
  "throughput_GBs": 3265.613040,
  "latency_all": {
    "count": 524288,
    "mean_us": 38.709962,
    "p50_us": 21.294505,
    "p99_us": 67.398174,
    "min_us": 1.521861,
    "max_us": 294.539621
  },
  "latency_hot": {
    "count": 203024,
    "mean_us": 67.546412,
    "p50_us": 49.347785,
    "p99_us": 233.941263,
    "min_us": 4.057267,
    "max_us": 294.539621
  },
  "latency_cold": {
    "count": 121090,
    "mean_us": 17.233791,
    "p50_us": 17.132486,
    "p99_us": 29.211799,
    "min_us": 1.610820,
    "max_us": 44.917908
  },
  "dispatch_cct_us": 294.122353,
  "combine_cct_us": 294.539621,
  "roundtrip_step_us": 590.261974,
  "e2e_step_us": 1150.808849
}
