{
  "scenario": 3,
  "scheme": "ub_rg",
  "mode": "roundtrip",
  "batch": 256,
  "zipf_s": 0.000000,
  "topk": 8,
  "ep_size": 256,
  "seed": 79,
  "tau_g_ns": 143.360000,
  "grain_bytes": 7168,
  "total_tokens": 1048576,
  "max_egress_load": 310,
  "konig_us": 88.739840,
  "rtt_us": 1.100000,
  "barrier_us": 2.400000,
  "cct_us": 95.199735,
  "step_us": 97.599735,
  "throughput_GBs": 77010.380565,
  "latency_all": {
    "count": 1048576,
    "mean_us": 21.895142,
    "p50_us": 12.223801,
    "p99_us": 39.064451,
    "min_us": 2.043547,
    "max_us": 48.396144
  },
  "latency_hot": {
    "count": 102344,
    "mean_us": 21.867068,
    "p50_us": 21.736656,
    "p99_us": 41.963524,
    "min_us": 2.045219,
    "max_us": 48.174533
  },
  "latency_cold": {
    "count": 525214,
    "mean_us": 21.920481,
    "p50_us": 18.806432,
    "p99_us": 36.464597,
    "min_us": 2.043547,
    "max_us": 47.789244
  },
  "dispatch_cct_us": 48.396144,
  "combine_cct_us": 46.803591,
  "roundtrip_step_us": 97.599735
}
