{
  "scenario": 4,
  "scheme": "ub_rg",
  "mode": "roundtrip",
  "batch": 64,
  "zipf_s": 0.000000,
  "topk": 8,
  "ep_size": 256,
  "seed": 26,
  "start_skew_us": 4.000000,
  "tau_g_ns": 143.360000,
  "grain_bytes": 7168,
  "total_tokens": 262144,
  "max_egress_load": 93,
  "konig_us": 26.664960,
  "rtt_us": 0.800000,
  "barrier_us": 1.600000,
  "cct_us": 37.924998,
  "step_us": 62.337498,
  "gemv_us": 22.812500,
  "e2e_us": 60.737498,
  "throughput_GBs": 30143.144120,
  "latency_all": {
    "count": 262144,
    "mean_us": 8.974225,
    "p50_us": 7.801647,
    "p99_us": 16.106343,
    "min_us": 1.114104,
    "max_us": 19.604806
  },
  "latency_hot": {
    "count": 25432,
    "mean_us": 8.860823,
    "p50_us": 8.824028,
    "p99_us": 15.733717,
    "min_us": 1.378691,
    "max_us": 18.223598
  },
  "latency_cold": {
    "count": 130816,
    "mean_us": 9.026637,
    "p50_us": 8.974978,
    "p99_us": 15.887522,
    "min_us": 1.114104,
    "max_us": 19.604806
  },
  "dispatch_cct_us": 19.604806,
  "combine_cct_us": 18.320192,
  "roundtrip_step_us": 39.524998,
  "e2e_step_us": 62.337498
}
