{
  "scenario": 1,
  "scheme": "ub_rg",
  "mode": "roundtrip",
  "batch": 256,
  "zipf_s": 0.900000,
  "topk": 8,
  "ep_size": 64,
  "seed": 66,
  "tau_g_ns": 143.360000,
  "grain_bytes": 7168,
  "total_tokens": 262144,
  "max_egress_load": 1714,
  "konig_us": 488.427520,
  "rtt_us": 0.600000,
  "barrier_us": 0.800000,
  "cct_us": 493.591611,
  "step_us": 494.391611,
  "throughput_GBs": 3800.728311,
  "latency_all": {
    "count": 262144,
    "mean_us": 42.702325,
    "p50_us": 15.936949,
    "p99_us": 207.920690,
    "min_us": 1.144079,
    "max_us": 246.801230
  },
  "latency_hot": {
    "count": 96486,
    "mean_us": 83.381934,
    "p50_us": 73.583152,
    "p99_us": 235.145888,
    "min_us": 1.144079,
    "max_us": 246.801230
  },
  "latency_cold": {
    "count": 55206,
    "mean_us": 9.583943,
    "p50_us": 9.259336,
    "p99_us": 21.083138,
    "min_us": 1.144147,
    "max_us": 24.767880
  },
  "dispatch_cct_us": 246.801230,
  "combine_cct_us": 246.790381,
  "roundtrip_step_us": 494.391611
}
