{
  "scenario": 1,
  "scheme": "ub_rg_pop",
  "mode": "roundtrip",
  "batch": 128,
  "zipf_s": 0.300000,
  "topk": 8,
  "ep_size": 64,
  "seed": 85,
  "start_skew_us": 4.000000,
  "tau_g_ns": 143.360000,
  "grain_bytes": 7168,
  "total_tokens": 131072,
  "max_egress_load": 310,
  "konig_us": 87.162880,
  "rtt_us": 0.900000,
  "barrier_us": 0.800000,
  "cct_us": 120.615784,
  "step_us": 214.306409,
  "gemv_us": 92.890625,
  "e2e_us": 213.506409,
  "throughput_GBs": 4384.022397,
  "latency_all": {
    "count": 131072,
    "mean_us": 20.713028,
    "p50_us": 19.868628,
    "p99_us": 45.487302,
    "min_us": 1.584481,
    "max_us": 65.082627
  },
  "latency_hot": {
    "count": 21638,
    "mean_us": 27.217144,
    "p50_us": 26.725180,
    "p99_us": 52.464601,
    "min_us": 2.314548,
    "max_us": 65.082627
  },
  "latency_cold": {
    "count": 52796,
    "mean_us": 18.094038,
    "p50_us": 17.953169,
    "p99_us": 32.262906,
    "min_us": 1.584481,
    "max_us": 42.853043
  },
  "dispatch_cct_us": 65.082627,
  "combine_cct_us": 55.533157,
  "roundtrip_step_us": 121.415784,
  "e2e_step_us": 214.306409
}
