{
  "scenario": 1,
  "scheme": "ub_rg",
  "mode": "roundtrip",
  "batch": 64,
  "zipf_s": 0.300000,
  "topk": 8,
  "ep_size": 64,
  "seed": 90,
  "start_skew_us": 4.000000,
  "tau_g_ns": 143.360000,
  "grain_bytes": 7168,
  "total_tokens": 65536,
  "max_egress_load": 166,
  "konig_us": 44.728320,
  "rtt_us": 0.600000,
  "barrier_us": 0.800000,
  "cct_us": 54.451681,
  "step_us": 100.876681,
  "gemv_us": 45.625000,
  "e2e_us": 100.076681,
  "throughput_GBs": 4656.795254,
  "latency_all": {
    "count": 65536,
    "mean_us": 8.745475,
    "p50_us": 8.294034,
    "p99_us": 20.321340,
    "min_us": 1.211668,
    "max_us": 28.173191
  },
  "latency_hot": {
    "count": 10828,
    "mean_us": 11.831998,
    "p50_us": 11.586201,
    "p99_us": 24.156683,
    "min_us": 1.521384,
    "max_us": 28.173191
  },
  "latency_cold": {
    "count": 26484,
    "mean_us": 7.503815,
    "p50_us": 7.400320,
    "p99_us": 13.463314,
    "min_us": 1.389865,
    "max_us": 16.884309
  },
  "dispatch_cct_us": 28.173191,
  "combine_cct_us": 26.278490,
  "roundtrip_step_us": 55.251681,
  "e2e_step_us": 100.876681
}
