{
  "scenario": 1,
  "scheme": "ub_rg_pop",
  "mode": "roundtrip",
  "batch": 256,
  "zipf_s": 0.300000,
  "topk": 8,
  "ep_size": 64,
  "seed": 50,
  "start_skew_us": 4.000000,
  "tau_g_ns": 143.360000,
  "grain_bytes": 7168,
  "total_tokens": 262144,
  "max_egress_load": 633,
  "konig_us": 175.902720,
  "rtt_us": 0.900000,
  "barrier_us": 0.800000,
  "cct_us": 206.480257,
  "step_us": 392.788069,
  "gemv_us": 185.507812,
  "e2e_us": 391.988069,
  "throughput_GBs": 4783.872881,
  "latency_all": {
    "count": 262144,
    "mean_us": 30.319720,
    "p50_us": 24.165324,
    "p99_us": 73.235408,
    "min_us": 1.453153,
    "max_us": 107.607627
  },
  "latency_hot": {
    "count": 43174,
    "mean_us": 42.959934,
    "p50_us": 41.809545,
    "p99_us": 91.564239,
    "min_us": 2.245116,
    "max_us": 107.607627
  },
  "latency_cold": {
    "count": 105562,
    "mean_us": 25.105717,
    "p50_us": 24.915225,
    "p99_us": 46.071370,
    "min_us": 1.453153,
    "max_us": 55.325775
  },
  "dispatch_cct_us": 107.607627,
  "combine_cct_us": 98.872630,
  "roundtrip_step_us": 207.280257,
  "e2e_step_us": 392.788069
}
