{
  "scenario": 4,
  "scheme": "packet_spray",
  "mode": "roundtrip",
  "batch": 16,
  "zipf_s": 0.000000,
  "topk": 8,
  "ep_size": 128,
  "seed": 87,
  "start_skew_us": 4.000000,
  "tau_g_ns": 143.360000,
  "grain_bytes": 7168,
  "total_tokens": 32768,
  "max_egress_load": 33,
  "konig_us": 8.601600,
  "rtt_us": 0.000000,
  "barrier_us": 6.000000,
  "cct_us": 52.379981,
  "step_us": 64.590919,
  "gemv_us": 6.210938,
  "e2e_us": 58.590919,
  "throughput_GBs": 3636.440357,
  "latency_all": {
    "count": 32768,
    "mean_us": 17.832002,
    "p50_us": 17.988170,
    "p99_us": 24.244174,
    "min_us": 0.623440,
    "max_us": 26.394574
  },
  "latency_hot": {
    "count": 3134,
    "mean_us": 15.489789,
    "p50_us": 14.959750,
    "p99_us": 24.244174,
    "min_us": 5.157078,
    "max_us": 26.394574
  },
  "latency_cold": {
    "count": 16204,
    "mean_us": 18.658464,
    "p50_us": 18.632953,
    "p99_us": 24.408448,
    "min_us": 0.623440,
    "max_us": 26.335290
  },
  "dispatch_cct_us": 26.394574,
  "combine_cct_us": 25.985408,
  "roundtrip_step_us": 58.379981,
  "e2e_step_us": 64.590919
}
