{
  "scenario": 1,
  "scheme": "ub_rg_pop",
  "mode": "roundtrip",
  "batch": 512,
  "zipf_s": 0.900000,
  "topk": 8,
  "ep_size": 128,
  "seed": 43,
  "start_skew_us": 4.000000,
  "tau_g_ns": 143.360000,
  "grain_bytes": 7168,
  "total_tokens": 1048576,
  "max_egress_load": 6190,
  "konig_us": 1766.481920,
  "rtt_us": 0.900000,
  "barrier_us": 0.800000,
  "cct_us": 1806.841784,
  "step_us": 3723.891784,
  "gemv_us": 1916.250000,
  "e2e_us": 3723.091784,
  "throughput_GBs": 2018.370351,
  "latency_all": {
    "count": 1048576,
    "mean_us": 133.705638,
    "p50_us": 28.369276,
    "p99_us": 467.127777,
    "min_us": 1.447031,
    "max_us": 905.335103
  },
  "latency_hot": {
    "count": 464320,
    "mean_us": 247.548415,
    "p50_us": 164.144985,
    "p99_us": 477.594895,
    "min_us": 1.515492,
    "max_us": 905.335103
  },
  "latency_cold": {
    "count": 189760,
    "mean_us": 25.148876,
    "p50_us": 24.607906,
    "p99_us": 46.974187,
    "min_us": 1.447031,
    "max_us": 56.196439
  },
  "dispatch_cct_us": 901.506681,
  "combine_cct_us": 905.335103,
  "roundtrip_step_us": 1807.641784,
  "e2e_step_us": 3723.891784
}
