{
  "scenario": 1,
  "scheme": "islip",
  "mode": "roundtrip",
  "batch": 16,
  "zipf_s": 0.900000,
  "topk": 8,
  "ep_size": 64,
  "seed": 34,
  "start_skew_us": 4.000000,
  "tau_g_ns": 143.360000,
  "grain_bytes": 7168,
  "total_tokens": 16384,
  "max_egress_load": 111,
  "konig_us": 31.109120,
  "rtt_us": 0.600000,
  "barrier_us": 0.800000,
  "cct_us": 39.909643,
  "step_us": 73.639331,
  "gemv_us": 32.929688,
  "e2e_us": 72.839331,
  "throughput_GBs": 1594.806889,
  "latency_all": {
    "count": 16384,
    "mean_us": 5.940558,
    "p50_us": 5.179042,
    "p99_us": 17.186479,
    "min_us": 1.242131,
    "max_us": 20.061663
  },
  "latency_hot": {
    "count": 6088,
    "mean_us": 8.329373,
    "p50_us": 7.727930,
    "p99_us": 18.546602,
    "min_us": 1.290498,
    "max_us": 20.061663
  },
  "latency_cold": {
    "count": 3354,
    "mean_us": 3.632861,
    "p50_us": 3.576961,
    "p99_us": 6.124211,
    "min_us": 1.242131,
    "max_us": 6.881544
  },
  "dispatch_cct_us": 20.061663,
  "combine_cct_us": 19.847981,
  "roundtrip_step_us": 40.709643,
  "e2e_step_us": 73.639331
}
