{
  "scenario": 1,
  "scheme": "packet_spray",
  "mode": "roundtrip",
  "batch": 64,
  "zipf_s": 0.900000,
  "topk": 8,
  "ep_size": 64,
  "seed": 16,
  "start_skew_us": 4.000000,
  "tau_g_ns": 143.360000,
  "grain_bytes": 7168,
  "total_tokens": 65536,
  "max_egress_load": 455,
  "konig_us": 125.583360,
  "rtt_us": 0.000000,
  "barrier_us": 4.000000,
  "cct_us": 172.938366,
  "step_us": 308.383679,
  "gemv_us": 131.445312,
  "e2e_us": 304.383679,
  "throughput_GBs": 1523.303859,
  "latency_all": {
    "count": 65536,
    "mean_us": 42.914086,
    "p50_us": 37.099802,
    "p99_us": 82.411369,
    "min_us": 8.394715,
    "max_us": 86.712169
  },
  "latency_hot": {
    "count": 23994,
    "mean_us": 45.878701,
    "p50_us": 43.837722,
    "p99_us": 79.400809,
    "min_us": 12.735363,
    "max_us": 86.226197
  },
  "latency_cold": {
    "count": 13804,
    "mean_us": 41.040524,
    "p50_us": 30.671238,
    "p99_us": 84.705129,
    "min_us": 8.394715,
    "max_us": 86.712169
  },
  "dispatch_cct_us": 86.226197,
  "combine_cct_us": 86.712169,
  "roundtrip_step_us": 176.938366,
  "e2e_step_us": 308.383679
}
