{
  "scenario": 4,
  "scheme": "packet_spray",
  "mode": "roundtrip",
  "batch": 128,
  "zipf_s": 0.700000,
  "topk": 8,
  "ep_size": 256,
  "seed": 59,
  "start_skew_us": 4.000000,
  "tau_g_ns": 143.360000,
  "grain_bytes": 7168,
  "total_tokens": 524288,
  "max_egress_load": 1974,
  "konig_us": 540.467200,
  "rtt_us": 0.000000,
  "barrier_us": 6.000000,
  "cct_us": 584.854058,
  "step_us": 1151.869683,
  "gemv_us": 561.015625,
  "e2e_us": 1145.869683,
  "throughput_GBs": 3262.605519,
  "latency_all": {
    "count": 524288,
    "mean_us": 90.249035,
    "p50_us": 27.042654,
    "p99_us": 178.474412,
    "min_us": 0.413174,
    "max_us": 309.263523
  },
  "latency_hot": {
    "count": 202106,
    "mean_us": 101.676611,
    "p50_us": 78.023843,
    "p99_us": 261.827975,
    "min_us": 0.413174,
    "max_us": 296.074403
  },
  "latency_cold": {
    "count": 121318,
    "mean_us": 83.076706,
    "p50_us": 28.670720,
    "p99_us": 270.556323,
    "min_us": 0.476738,
    "max_us": 309.263523
  },
  "dispatch_cct_us": 275.590535,
  "combine_cct_us": 309.263523,
  "roundtrip_step_us": 590.854058,
  "e2e_step_us": 1151.869683
}
