{
  "scenario": 1,
  "scheme": "ub_rg",
  "mode": "roundtrip",
  "batch": 512,
  "zipf_s": 0.000000,
  "topk": 8,
  "ep_size": 64,
  "seed": 29,
  "start_skew_us": 4.000000,
  "tau_g_ns": 143.360000,
  "grain_bytes": 7168,
  "total_tokens": 524288,
  "max_egress_load": 581,
  "konig_us": 164.433920,
  "rtt_us": 0.600000,
  "barrier_us": 0.800000,
  "cct_us": 173.597484,
  "step_us": 339.631859,
  "gemv_us": 165.234375,
  "e2e_us": 338.831859,
  "throughput_GBs": 11065.205708,
  "latency_all": {
    "count": 524288,
    "mean_us": 40.327883,
    "p50_us": 32.688556,
    "p99_us": 67.741635,
    "min_us": 1.232649,
    "max_us": 87.429015
  },
  "latency_hot": {
    "count": 49110,
    "mean_us": 40.403893,
    "p50_us": 40.257825,
    "p99_us": 79.010833,
    "min_us": 1.232649,
    "max_us": 86.168469
  },
  "latency_cold": {
    "count": 262010,
    "mean_us": 40.358519,
    "p50_us": 31.533421,
    "p99_us": 78.007704,
    "min_us": 1.256965,
    "max_us": 87.429015
  },
  "dispatch_cct_us": 86.168469,
  "combine_cct_us": 87.429015,
  "roundtrip_step_us": 174.397484,
  "e2e_step_us": 339.631859
}
