{
  "scenario": 4,
  "scheme": "ub_rg_pop",
  "mode": "roundtrip",
  "batch": 512,
  "zipf_s": 0.000000,
  "topk": 8,
  "ep_size": 512,
  "seed": 8,
  "start_skew_us": 4.000000,
  "tau_g_ns": 143.360000,
  "grain_bytes": 7168,
  "total_tokens": 4194304,
  "max_egress_load": 643,
  "konig_us": 183.930880,
  "rtt_us": 1.200000,
  "barrier_us": 1.600000,
  "cct_us": 201.972539,
  "step_us": 370.564726,
  "gemv_us": 166.992188,
  "e2e_us": 368.964726,
  "throughput_GBs": 81132.306845,
  "latency_all": {
    "count": 4194304,
    "mean_us": 43.217904,
    "p50_us": 22.088911,
    "p99_us": 83.856858,
    "min_us": 1.513835,
    "max_us": 104.548949
  },
  "latency_hot": {
    "count": 416504,
    "mean_us": 43.017710,
    "p50_us": 43.424259,
    "p99_us": 80.291842,
    "min_us": 1.783300,
    "max_us": 95.496273
  },
  "latency_cold": {
    "count": 2100256,
    "mean_us": 43.274009,
    "p50_us": 17.599173,
    "p99_us": 80.923480,
    "min_us": 1.513835,
    "max_us": 104.548949
  },
  "dispatch_cct_us": 104.548949,
  "combine_cct_us": 97.423590,
  "roundtrip_step_us": 203.572539,
  "e2e_step_us": 370.564726
}
