{
  "scenario": 1,
  "scheme": "packet_spray",
  "mode": "roundtrip",
  "batch": 64,
  "zipf_s": 0.000000,
  "topk": 8,
  "ep_size": 128,
  "seed": 65,
  "start_skew_us": 4.000000,
  "tau_g_ns": 143.360000,
  "grain_bytes": 7168,
  "total_tokens": 131072,
  "max_egress_load": 91,
  "konig_us": 24.801280,
  "rtt_us": 0.000000,
  "barrier_us": 4.000000,
  "cct_us": 47.426331,
  "step_us": 73.848206,
  "gemv_us": 22.421875,
  "e2e_us": 69.848206,
  "throughput_GBs": 12722.368592,
  "latency_all": {
    "count": 131072,
    "mean_us": 14.151293,
    "p50_us": 14.308694,
    "p99_us": 21.446019,
    "min_us": 0.849801,
    "max_us": 24.146577
  },
  "latency_hot": {
    "count": 12366,
    "mean_us": 11.803857,
    "p50_us": 11.725292,
    "p99_us": 21.156480,
    "min_us": 0.849801,
    "max_us": 23.883139
  },
  "latency_cold": {
    "count": 65300,
    "mean_us": 15.319656,
    "p50_us": 15.440667,
    "p99_us": 21.589379,
    "min_us": 0.849801,
    "max_us": 24.146577
  },
  "dispatch_cct_us": 24.146577,
  "combine_cct_us": 23.279754,
  "roundtrip_step_us": 51.426331,
  "e2e_step_us": 73.848206
}
