{
  "scenario": 2,
  "scheme": "ub_rg_pop",
  "mode": "roundtrip",
  "batch": 16,
  "zipf_s": 0.900000,
  "topk": 8,
  "ep_size": 1024,
  "seed": 36,
  "tau_g_ns": 143.360000,
  "grain_bytes": 7168,
  "total_tokens": 262144,
  "max_egress_load": 1180,
  "konig_us": 334.458880,
  "rtt_us": 1.650000,
  "barrier_us": 2.400000,
  "cct_us": 343.548316,
  "step_us": 345.948316,
  "throughput_GBs": 5431.586466,
  "latency_all": {
    "count": 262144,
    "mean_us": 17.334652,
    "p50_us": 4.496972,
    "p99_us": 131.968655,
    "min_us": 2.593376,
    "max_us": 171.821020
  },
  "latency_hot": {
    "count": 154310,
    "mean_us": 26.816895,
    "p50_us": 12.057092,
    "p99_us": 154.010850,
    "min_us": 2.593600,
    "max_us": 171.821020
  },
  "latency_cold": {
    "count": 35286,
    "mean_us": 3.147875,
    "p50_us": 3.096479,
    "p99_us": 4.047908,
    "min_us": 2.593376,
    "max_us": 4.765056
  },
  "dispatch_cct_us": 171.727297,
  "combine_cct_us": 171.821020,
  "roundtrip_step_us": 345.948316
}
