{
  "scenario": 1,
  "scheme": "islip",
  "mode": "roundtrip",
  "batch": 256,
  "zipf_s": 0.000000,
  "topk": 8,
  "ep_size": 32,
  "seed": 89,
  "start_skew_us": 4.000000,
  "tau_g_ns": 143.360000,
  "grain_bytes": 7168,
  "total_tokens": 131072,
  "max_egress_load": 304,
  "konig_us": 86.732800,
  "rtt_us": 0.600000,
  "barrier_us": 0.800000,
  "cct_us": 111.936315,
  "step_us": 196.447252,
  "gemv_us": 83.710938,
  "e2e_us": 195.647252,
  "throughput_GBs": 4782.576923,
  "latency_all": {
    "count": 131072,
    "mean_us": 26.077978,
    "p50_us": 25.995566,
    "p99_us": 48.086258,
    "min_us": 1.145775,
    "max_us": 56.052240
  },
  "latency_hot": {
    "count": 12488,
    "mean_us": 26.480817,
    "p50_us": 26.416927,
    "p99_us": 47.835626,
    "min_us": 1.426527,
    "max_us": 52.930147
  },
  "latency_cold": {
    "count": 65704,
    "mean_us": 26.117216,
    "p50_us": 26.035564,
    "p99_us": 47.976240,
    "min_us": 1.145775,
    "max_us": 52.451449
  },
  "dispatch_cct_us": 55.884075,
  "combine_cct_us": 56.052240,
  "roundtrip_step_us": 112.736315,
  "e2e_step_us": 196.447252
}
