{
  "scenario": 1,
  "scheme": "ub_rg",
  "mode": "roundtrip",
  "batch": 16,
  "zipf_s": 0.900000,
  "topk": 8,
  "ep_size": 64,
  "seed": 10,
  "tau_g_ns": 143.360000,
  "grain_bytes": 7168,
  "total_tokens": 16384,
  "max_egress_load": 113,
  "konig_us": 31.539200,
  "rtt_us": 0.600000,
  "barrier_us": 0.800000,
  "cct_us": 34.625892,
  "step_us": 35.425892,
  "throughput_GBs": 3315.103836,
  "latency_all": {
    "count": 16384,
    "mean_us": 4.053229,
    "p50_us": 2.882541,
    "p99_us": 15.029557,
    "min_us": 1.143465,
    "max_us": 17.362433
  },
  "latency_hot": {
    "count": 6082,
    "mean_us": 6.580318,
    "p50_us": 6.045783,
    "p99_us": 15.978201,
    "min_us": 1.161283,
    "max_us": 17.362433
  },
  "latency_cold": {
    "count": 3416,
    "mean_us": 1.897168,
    "p50_us": 1.858300,
    "p99_us": 3.026683,
    "min_us": 1.143465,
    "max_us": 3.686399
  },
  "dispatch_cct_us": 17.263459,
  "combine_cct_us": 17.362433,
  "roundtrip_step_us": 35.425892
}
