{
  "scenario": 1,
  "scheme": "ub_rg_pop",
  "mode": "roundtrip",
  "batch": 16,
  "zipf_s": 0.300000,
  "topk": 8,
  "ep_size": 64,
  "seed": 30,
  "tau_g_ns": 143.360000,
  "grain_bytes": 7168,
  "total_tokens": 16384,
  "max_egress_load": 46,
  "konig_us": 12.042240,
  "rtt_us": 0.900000,
  "barrier_us": 0.800000,
  "cct_us": 16.013422,
  "step_us": 16.813422,
  "throughput_GBs": 6984.926237,
  "latency_all": {
    "count": 16384,
    "mean_us": 3.056657,
    "p50_us": 2.907027,
    "p99_us": 6.099421,
    "min_us": 1.443438,
    "max_us": 8.026128
  },
  "latency_hot": {
    "count": 2678,
    "mean_us": 3.882795,
    "p50_us": 3.796080,
    "p99_us": 7.079436,
    "min_us": 1.443624,
    "max_us": 8.026128
  },
  "latency_cold": {
    "count": 6572,
    "mean_us": 2.708248,
    "p50_us": 2.641141,
    "p99_us": 4.437540,
    "min_us": 1.443438,
    "max_us": 5.344651
  },
  "dispatch_cct_us": 8.026128,
  "combine_cct_us": 7.987294,
  "roundtrip_step_us": 16.813422
}
