{
  "scenario": 4,
  "scheme": "ub_rg_pop",
  "mode": "roundtrip",
  "batch": 512,
  "zipf_s": 0.900000,
  "topk": 8,
  "ep_size": 256,
  "seed": 22,
  "start_skew_us": 4.000000,
  "tau_g_ns": 143.360000,
  "grain_bytes": 7168,
  "total_tokens": 2097152,
  "max_egress_load": 12159,
  "konig_us": 3338.567680,
  "rtt_us": 1.200000,
  "barrier_us": 1.600000,
  "cct_us": 3518.903633,
  "step_us": 6998.159883,
  "gemv_us": 3477.656250,
  "e2e_us": 6996.559883,
  "throughput_GBs": 2148.048314,
  "latency_all": {
    "count": 2097152,
    "mean_us": 198.193189,
    "p50_us": 23.690796,
    "p99_us": 1039.589317,
    "min_us": 1.412708,
    "max_us": 1763.251306
  },
  "latency_hot": {
    "count": 1063734,
    "mean_us": 350.051729,
    "p50_us": 95.580377,
    "p99_us": 1039.651279,
    "min_us": 4.366144,
    "max_us": 1763.251306
  },
  "latency_cold": {
    "count": 336574,
    "mean_us": 25.494870,
    "p50_us": 23.785982,
    "p99_us": 46.387543,
    "min_us": 1.586304,
    "max_us": 71.299184
  },
  "dispatch_cct_us": 1763.251306,
  "combine_cct_us": 1755.652327,
  "roundtrip_step_us": 3520.503633,
  "e2e_step_us": 6998.159883
}
