{
  "scenario": 4,
  "scheme": "packet_spray",
  "mode": "roundtrip",
  "batch": 256,
  "zipf_s": 0.300000,
  "topk": 8,
  "ep_size": 256,
  "seed": 47,
  "start_skew_us": 4.000000,
  "tau_g_ns": 143.360000,
  "grain_bytes": 7168,
  "total_tokens": 1048576,
  "max_egress_load": 1057,
  "konig_us": 284.999680,
  "rtt_us": 0.000000,
  "barrier_us": 6.000000,
  "cct_us": 365.675547,
  "step_us": 662.417734,
  "gemv_us": 290.742188,
  "e2e_us": 656.417734,
  "throughput_GBs": 11346.605595,
  "latency_all": {
    "count": 1048576,
    "mean_us": 72.087559,
    "p50_us": 44.173044,
    "p99_us": 83.946756,
    "min_us": 0.307220,
    "max_us": 190.695191
  },
  "latency_hot": {
    "count": 194872,
    "mean_us": 73.024952,
    "p50_us": 71.162600,
    "p99_us": 148.290280,
    "min_us": 0.758275,
    "max_us": 174.980356
  },
  "latency_cold": {
    "count": 410034,
    "mean_us": 74.324177,
    "p50_us": 50.137903,
    "p99_us": 68.033796,
    "min_us": 0.308976,
    "max_us": 190.695191
  },
  "dispatch_cct_us": 174.980356,
  "combine_cct_us": 190.695191,
  "roundtrip_step_us": 371.675547,
  "e2e_step_us": 662.417734
}
