{
  "scenario": 4,
  "scheme": "ub_rg_pop",
  "mode": "roundtrip",
  "batch": 256,
  "zipf_s": 0.900000,
  "topk": 8,
  "ep_size": 256,
  "seed": 43,
  "start_skew_us": 4.000000,
  "tau_g_ns": 143.360000,
  "grain_bytes": 7168,
  "total_tokens": 1048576,
  "max_egress_load": 6094,
  "konig_us": 1671.004160,
  "rtt_us": 1.200000,
  "barrier_us": 1.600000,
  "cct_us": 1755.213596,
  "step_us": 3494.782346,
  "gemv_us": 1737.968750,
  "e2e_us": 3493.182346,
  "throughput_GBs": 2150.689806,
  "latency_all": {
    "count": 1048576,
    "mean_us": 97.597222,
    "p50_us": 13.523783,
    "p99_us": 381.612446,
    "min_us": 1.487800,
    "max_us": 878.092958
  },
  "latency_hot": {
    "count": 532332,
    "mean_us": 173.649331,
    "p50_us": 79.344408,
    "p99_us": 381.534868,
    "min_us": 1.785469,
    "max_us": 878.092958
  },
  "latency_cold": {
    "count": 168070,
    "mean_us": 10.954455,
    "p50_us": 10.698624,
    "p99_us": 21.005321,
    "min_us": 1.674549,
    "max_us": 35.261996
  },
  "dispatch_cct_us": 877.120638,
  "combine_cct_us": 878.092958,
  "roundtrip_step_us": 1756.813596,
  "e2e_step_us": 3494.782346
}
