{
  "scenario": 2,
  "scheme": "packet_spray",
  "mode": "roundtrip",
  "batch": 256,
  "zipf_s": 0.300000,
  "topk": 8,
  "ep_size": 256,
  "seed": 22,
  "tau_g_ns": 143.360000,
  "grain_bytes": 7168,
  "total_tokens": 1048576,
  "max_egress_load": 982,
  "konig_us": 273.674240,
  "rtt_us": 0.000000,
  "barrier_us": 8.000000,
  "cct_us": 345.967520,
  "step_us": 353.967520,
  "throughput_GBs": 21234.131222,
  "latency_all": {
    "count": 1048576,
    "mean_us": 79.359275,
    "p50_us": 45.321680,
    "p99_us": 88.903120,
    "min_us": 0.880080,
    "max_us": 174.775760
  },
  "latency_hot": {
    "count": 194018,
    "mean_us": 76.394491,
    "p50_us": 71.699920,
    "p99_us": 139.365840,
    "min_us": 0.880080,
    "max_us": 174.775760
  },
  "latency_cold": {
    "count": 408936,
    "mean_us": 82.032781,
    "p50_us": 52.202960,
    "p99_us": 68.976080,
    "min_us": 0.880080,
    "max_us": 171.191760
  },
  "dispatch_cct_us": 174.775760,
  "combine_cct_us": 171.191760,
  "roundtrip_step_us": 353.967520
}
