{
  "scenario": 3,
  "scheme": "ub_rg",
  "mode": "roundtrip",
  "batch": 16,
  "zipf_s": 0.700000,
  "topk": 8,
  "ep_size": 256,
  "seed": 81,
  "tau_g_ns": 143.360000,
  "grain_bytes": 7168,
  "total_tokens": 65536,
  "max_egress_load": 238,
  "konig_us": 66.232320,
  "rtt_us": 1.100000,
  "barrier_us": 2.400000,
  "cct_us": 72.286305,
  "step_us": 74.686305,
  "throughput_GBs": 6289.801736,
  "latency_all": {
    "count": 65536,
    "mean_us": 5.534792,
    "p50_us": 3.768268,
    "p99_us": 28.174270,
    "min_us": 2.043663,
    "max_us": 36.223337
  },
  "latency_hot": {
    "count": 25232,
    "mean_us": 9.010213,
    "p50_us": 6.819007,
    "p99_us": 31.863571,
    "min_us": 2.043663,
    "max_us": 36.223337
  },
  "latency_cold": {
    "count": 15332,
    "mean_us": 3.057453,
    "p50_us": 2.941162,
    "p99_us": 5.160568,
    "min_us": 2.043742,
    "max_us": 7.962623
  },
  "dispatch_cct_us": 36.223337,
  "combine_cct_us": 36.062967,
  "roundtrip_step_us": 74.686305
}
