{
  "scenario": 1,
  "scheme": "islip",
  "mode": "roundtrip",
  "batch": 512,
  "zipf_s": 0.300000,
  "topk": 8,
  "ep_size": 64,
  "seed": 85,
  "start_skew_us": 4.000000,
  "tau_g_ns": 143.360000,
  "grain_bytes": 7168,
  "total_tokens": 524288,
  "max_egress_load": 1207,
  "konig_us": 340.336640,
  "rtt_us": 0.600000,
  "barrier_us": 0.800000,
  "cct_us": 370.465340,
  "step_us": 735.913778,
  "gemv_us": 364.648438,
  "e2e_us": 735.113778,
  "throughput_GBs": 5106.707468,
  "latency_all": {
    "count": 524288,
    "mean_us": 50.043532,
    "p50_us": 37.992165,
    "p99_us": 79.014146,
    "min_us": 1.162025,
    "max_us": 186.798674
  },
  "latency_hot": {
    "count": 85794,
    "mean_us": 75.702664,
    "p50_us": 73.978370,
    "p99_us": 169.538836,
    "min_us": 1.473936,
    "max_us": 186.798674
  },
  "latency_cold": {
    "count": 211228,
    "mean_us": 39.713561,
    "p50_us": 37.934877,
    "p99_us": 71.953100,
    "min_us": 1.175891,
    "max_us": 88.028032
  },
  "dispatch_cct_us": 186.798674,
  "combine_cct_us": 183.666666,
  "roundtrip_step_us": 371.265340,
  "e2e_step_us": 735.913778
}
