{
  "scenario": 1,
  "scheme": "packet_spray",
  "mode": "roundtrip",
  "batch": 512,
  "zipf_s": 0.000000,
  "topk": 8,
  "ep_size": 32,
  "seed": 59,
  "start_skew_us": 4.000000,
  "tau_g_ns": 143.360000,
  "grain_bytes": 7168,
  "total_tokens": 262144,
  "max_egress_load": 580,
  "konig_us": 158.986240,
  "rtt_us": 0.000000,
  "barrier_us": 4.000000,
  "cct_us": 299.916391,
  "step_us": 469.033578,
  "gemv_us": 165.117188,
  "e2e_us": 465.033578,
  "throughput_GBs": 4006.212517,
  "latency_all": {
    "count": 262144,
    "mean_us": 89.688171,
    "p50_us": 90.164652,
    "p99_us": 143.904708,
    "min_us": 1.404868,
    "max_us": 154.083268
  },
  "latency_hot": {
    "count": 24492,
    "mean_us": 72.560379,
    "p50_us": 72.432803,
    "p99_us": 142.634412,
    "min_us": 1.404868,
    "max_us": 150.580615
  },
  "latency_cold": {
    "count": 131198,
    "mean_us": 98.923937,
    "p50_us": 99.319748,
    "p99_us": 143.396003,
    "min_us": 1.404868,
    "max_us": 150.785988
  },
  "dispatch_cct_us": 154.083268,
  "combine_cct_us": 145.833123,
  "roundtrip_step_us": 303.916391,
  "e2e_step_us": 469.033578
}
