{
  "scenario": 1,
  "scheme": "ub_rg",
  "mode": "roundtrip",
  "batch": 128,
  "zipf_s": 0.700000,
  "topk": 8,
  "ep_size": 128,
  "seed": 16,
  "start_skew_us": 4.000000,
  "tau_g_ns": 143.360000,
  "grain_bytes": 7168,
  "total_tokens": 262144,
  "max_egress_load": 1120,
  "konig_us": 315.965440,
  "rtt_us": 0.600000,
  "barrier_us": 0.800000,
  "cct_us": 360.367601,
  "step_us": 699.644164,
  "gemv_us": 338.476562,
  "e2e_us": 698.844164,
  "throughput_GBs": 2685.719813,
  "latency_all": {
    "count": 262144,
    "mean_us": 34.735820,
    "p50_us": 22.215936,
    "p99_us": 134.015296,
    "min_us": 1.231097,
    "max_us": 181.310465
  },
  "latency_hot": {
    "count": 90162,
    "mean_us": 57.837220,
    "p50_us": 49.164147,
    "p99_us": 163.790437,
    "min_us": 3.318361,
    "max_us": 181.310465
  },
  "latency_cold": {
    "count": 64876,
    "mean_us": 19.195544,
    "p50_us": 19.257542,
    "p99_us": 30.806250,
    "min_us": 3.158170,
    "max_us": 37.873326
  },
  "dispatch_cct_us": 181.310465,
  "combine_cct_us": 179.057136,
  "roundtrip_step_us": 361.167601,
  "e2e_step_us": 699.644164
}
