{
  "scenario": 4,
  "scheme": "ub_rg",
  "mode": "roundtrip",
  "batch": 512,
  "zipf_s": 0.000000,
  "topk": 8,
  "ep_size": 128,
  "seed": 3,
  "start_skew_us": 4.000000,
  "tau_g_ns": 143.360000,
  "grain_bytes": 7168,
  "total_tokens": 1048576,
  "max_egress_load": 631,
  "konig_us": 179.200000,
  "rtt_us": 0.800000,
  "barrier_us": 1.600000,
  "cct_us": 213.294713,
  "step_us": 382.941588,
  "gemv_us": 168.046875,
  "e2e_us": 381.341588,
  "throughput_GBs": 19627.517628,
  "latency_all": {
    "count": 1048576,
    "mean_us": 49.275290,
    "p50_us": 28.025024,
    "p99_us": 82.183154,
    "min_us": 1.022439,
    "max_us": 107.514378
  },
  "latency_hot": {
    "count": 98324,
    "mean_us": 49.962245,
    "p50_us": 49.764905,
    "p99_us": 91.800751,
    "min_us": 2.370671,
    "max_us": 103.131646
  },
  "latency_cold": {
    "count": 523836,
    "mean_us": 49.133595,
    "p50_us": 41.170700,
    "p99_us": 76.290822,
    "min_us": 1.022439,
    "max_us": 107.206473
  },
  "dispatch_cct_us": 105.780335,
  "combine_cct_us": 107.514378,
  "roundtrip_step_us": 214.894713,
  "e2e_step_us": 382.941588
}
