{
  "scenario": 4,
  "scheme": "packet_spray",
  "mode": "roundtrip",
  "batch": 512,
  "zipf_s": 0.300000,
  "topk": 8,
  "ep_size": 512,
  "seed": 88,
  "start_skew_us": 4.000000,
  "tau_g_ns": 143.360000,
  "grain_bytes": 7168,
  "total_tokens": 4194304,
  "max_egress_load": 2512,
  "konig_us": 689.418240,
  "rtt_us": 0.000000,
  "barrier_us": 6.000000,
  "cct_us": 876.144606,
  "step_us": 1599.722731,
  "gemv_us": 717.578125,
  "e2e_us": 1593.722731,
  "throughput_GBs": 18793.738742,
  "latency_all": {
    "count": 4194304,
    "mean_us": 166.963297,
    "p50_us": 97.487443,
    "p99_us": 237.263443,
    "min_us": 0.623440,
    "max_us": 449.425427
  },
  "latency_hot": {
    "count": 808288,
    "mean_us": 170.117065,
    "p50_us": 118.645394,
    "p99_us": 241.578733,
    "min_us": 2.057040,
    "max_us": 426.719180
  },
  "latency_cold": {
    "count": 1625862,
    "mean_us": 171.053162,
    "p50_us": 90.977209,
    "p99_us": 138.995660,
    "min_us": 0.623440,
    "max_us": 449.425427
  },
  "dispatch_cct_us": 426.719180,
  "combine_cct_us": 449.425427,
  "roundtrip_step_us": 882.144606,
  "e2e_step_us": 1599.722731
}
