{
  "scenario": 2,
  "scheme": "ub_rg",
  "mode": "roundtrip",
  "batch": 256,
  "zipf_s": 0.000000,
  "topk": 8,
  "ep_size": 1024,
  "seed": 94,
  "tau_g_ns": 143.360000,
  "grain_bytes": 7168,
  "total_tokens": 4194304,
  "max_egress_load": 319,
  "konig_us": 90.746880,
  "rtt_us": 1.100000,
  "barrier_us": 2.400000,
  "cct_us": 107.200253,
  "step_us": 109.600253,
  "throughput_GBs": 274312.971121,
  "latency_all": {
    "count": 4194304,
    "mean_us": 24.423038,
    "p50_us": 17.743369,
    "p99_us": 49.486596,
    "min_us": 2.043381,
    "max_us": 59.441160
  },
  "latency_hot": {
    "count": 417836,
    "mean_us": 24.433394,
    "p50_us": 26.684668,
    "p99_us": 48.447432,
    "min_us": 2.043381,
    "max_us": 58.587283
  },
  "latency_cold": {
    "count": 2098482,
    "mean_us": 24.438349,
    "p50_us": 14.975431,
    "p99_us": 47.603530,
    "min_us": 2.043489,
    "max_us": 59.441160
  },
  "dispatch_cct_us": 59.441160,
  "combine_cct_us": 47.759093,
  "roundtrip_step_us": 109.600253
}
