{
  "scenario": 1,
  "scheme": "packet_spray",
  "mode": "roundtrip",
  "batch": 256,
  "zipf_s": 0.300000,
  "topk": 8,
  "ep_size": 128,
  "seed": 67,
  "start_skew_us": 4.000000,
  "tau_g_ns": 143.360000,
  "grain_bytes": 7168,
  "total_tokens": 524288,
  "max_egress_load": 779,
  "konig_us": 218.193920,
  "rtt_us": 0.000000,
  "barrier_us": 4.000000,
  "cct_us": 290.238166,
  "step_us": 526.269416,
  "gemv_us": 232.031250,
  "e2e_us": 522.269416,
  "throughput_GBs": 7141.012327,
  "latency_all": {
    "count": 524288,
    "mean_us": 65.078011,
    "p50_us": 51.220165,
    "p99_us": 96.016453,
    "min_us": 1.974996,
    "max_us": 145.763329
  },
  "latency_hot": {
    "count": 91390,
    "mean_us": 65.108186,
    "p50_us": 65.768449,
    "p99_us": 126.553089,
    "min_us": 1.974996,
    "max_us": 145.763329
  },
  "latency_cold": {
    "count": 207454,
    "mean_us": 67.565326,
    "p50_us": 57.740289,
    "p99_us": 135.873236,
    "min_us": 2.023443,
    "max_us": 144.474836
  },
  "dispatch_cct_us": 145.763329,
  "combine_cct_us": 144.474836,
  "roundtrip_step_us": 294.238166,
  "e2e_step_us": 526.269416
}
