{
  "scenario": 4,
  "scheme": "packet_spray",
  "mode": "roundtrip",
  "batch": 512,
  "zipf_s": 0.000000,
  "topk": 8,
  "ep_size": 128,
  "seed": 34,
  "start_skew_us": 4.000000,
  "tau_g_ns": 143.360000,
  "grain_bytes": 7168,
  "total_tokens": 1048576,
  "max_egress_load": 631,
  "konig_us": 175.185920,
  "rtt_us": 0.000000,
  "barrier_us": 6.000000,
  "cct_us": 342.654079,
  "step_us": 515.490017,
  "gemv_us": 166.835938,
  "e2e_us": 509.490017,
  "throughput_GBs": 14580.675711,
  "latency_all": {
    "count": 1048576,
    "mean_us": 101.537788,
    "p50_us": 94.665418,
    "p99_us": 147.341737,
    "min_us": 0.652356,
    "max_us": 173.863337
  },
  "latency_hot": {
    "count": 98740,
    "mean_us": 85.156686,
    "p50_us": 85.123497,
    "p99_us": 152.548090,
    "min_us": 6.588349,
    "max_us": 168.559017
  },
  "latency_cold": {
    "count": 523436,
    "mean_us": 110.409871,
    "p50_us": 107.487657,
    "p99_us": 144.605225,
    "min_us": 1.700428,
    "max_us": 171.999657
  },
  "dispatch_cct_us": 173.863337,
  "combine_cct_us": 168.790742,
  "roundtrip_step_us": 348.654079,
  "e2e_step_us": 515.490017
}
