{
  "scenario": 1,
  "scheme": "packet_spray",
  "mode": "roundtrip",
  "batch": 256,
  "zipf_s": 0.300000,
  "topk": 8,
  "ep_size": 128,
  "seed": 88,
  "tau_g_ns": 143.360000,
  "grain_bytes": 7168,
  "total_tokens": 524288,
  "max_egress_load": 781,
  "konig_us": 217.477120,
  "rtt_us": 0.000000,
  "barrier_us": 4.000000,
  "cct_us": 287.363360,
  "step_us": 291.363360,
  "throughput_GBs": 12898.314956,
  "latency_all": {
    "count": 524288,
    "mean_us": 62.598909,
    "p50_us": 48.705680,
    "p99_us": 93.434000,
    "min_us": 0.536720,
    "max_us": 144.900240
  },
  "latency_hot": {
    "count": 91176,
    "mean_us": 62.821873,
    "p50_us": 63.328400,
    "p99_us": 124.399760,
    "min_us": 0.536720,
    "max_us": 144.900240
  },
  "latency_cold": {
    "count": 206380,
    "mean_us": 65.123444,
    "p50_us": 55.300240,
    "p99_us": 133.574800,
    "min_us": 0.536720,
    "max_us": 142.463120
  },
  "dispatch_cct_us": 144.900240,
  "combine_cct_us": 142.463120,
  "roundtrip_step_us": 291.363360
}
