{
  "scenario": 4,
  "scheme": "ub_rg",
  "mode": "roundtrip",
  "batch": 512,
  "zipf_s": 0.700000,
  "topk": 8,
  "ep_size": 512,
  "seed": 11,
  "start_skew_us": 4.000000,
  "tau_g_ns": 143.360000,
  "grain_bytes": 7168,
  "total_tokens": 4194304,
  "max_egress_load": 13257,
  "konig_us": 3585.720320,
  "rtt_us": 0.800000,
  "barrier_us": 1.600000,
  "cct_us": 3837.473343,
  "step_us": 7512.354593,
  "gemv_us": 3673.281250,
  "e2e_us": 7510.754593,
  "throughput_GBs": 4002.043660,
  "latency_all": {
    "count": 4194304,
    "mean_us": 148.693728,
    "p50_us": 31.862310,
    "p99_us": 1113.491997,
    "min_us": 1.202215,
    "max_us": 1918.746106
  },
  "latency_hot": {
    "count": 1740104,
    "mean_us": 294.255365,
    "p50_us": 62.235076,
    "p99_us": 1113.650198,
    "min_us": 2.937957,
    "max_us": 1918.746106
  },
  "latency_cold": {
    "count": 925240,
    "mean_us": 32.499864,
    "p50_us": 25.469748,
    "p99_us": 51.140921,
    "min_us": 1.202215,
    "max_us": 102.384107
  },
  "dispatch_cct_us": 1918.746106,
  "combine_cct_us": 1918.727237,
  "roundtrip_step_us": 3839.073343,
  "e2e_step_us": 7512.354593
}
