{
  "scenario": 1,
  "scheme": "ub_rg",
  "mode": "roundtrip",
  "batch": 256,
  "zipf_s": 0.900000,
  "topk": 8,
  "ep_size": 32,
  "seed": 72,
  "start_skew_us": 4.000000,
  "tau_g_ns": 143.360000,
  "grain_bytes": 7168,
  "total_tokens": 131072,
  "max_egress_load": 934,
  "konig_us": 266.219520,
  "rtt_us": 0.600000,
  "barrier_us": 0.800000,
  "cct_us": 298.227050,
  "step_us": 587.464550,
  "gemv_us": 288.437500,
  "e2e_us": 586.664550,
  "throughput_GBs": 1599.286451,
  "latency_all": {
    "count": 131072,
    "mean_us": 39.354119,
    "p50_us": 30.312888,
    "p99_us": 133.688315,
    "min_us": 1.146016,
    "max_us": 149.356530
  },
  "latency_hot": {
    "count": 36348,
    "mean_us": 66.875500,
    "p50_us": 65.168932,
    "p99_us": 143.092974,
    "min_us": 1.674826,
    "max_us": 149.356530
  },
  "latency_cold": {
    "count": 33550,
    "mean_us": 19.780201,
    "p50_us": 19.486551,
    "p99_us": 36.627985,
    "min_us": 1.564646,
    "max_us": 44.255500
  },
  "dispatch_cct_us": 149.356530,
  "combine_cct_us": 148.870521,
  "roundtrip_step_us": 299.027050,
  "e2e_step_us": 587.464550
}
