{
  "scenario": 4,
  "scheme": "ub_rg",
  "mode": "roundtrip",
  "batch": 64,
  "zipf_s": 0.700000,
  "topk": 8,
  "ep_size": 128,
  "seed": 27,
  "start_skew_us": 4.000000,
  "tau_g_ns": 143.360000,
  "grain_bytes": 7168,
  "total_tokens": 131072,
  "max_egress_load": 583,
  "konig_us": 162.570240,
  "rtt_us": 0.800000,
  "barrier_us": 1.600000,
  "cct_us": 174.172825,
  "step_us": 347.765012,
  "gemv_us": 171.992188,
  "e2e_us": 346.165012,
  "throughput_GBs": 2701.606151,
  "latency_all": {
    "count": 131072,
    "mean_us": 13.783499,
    "p50_us": 8.936131,
    "p99_us": 70.653424,
    "min_us": 1.288150,
    "max_us": 87.401483
  },
  "latency_hot": {
    "count": 44930,
    "mean_us": 25.034637,
    "p50_us": 20.797452,
    "p99_us": 78.544640,
    "min_us": 1.515232,
    "max_us": 87.401483
  },
  "latency_cold": {
    "count": 32416,
    "mean_us": 5.992159,
    "p50_us": 5.907897,
    "p99_us": 10.772318,
    "min_us": 1.365203,
    "max_us": 13.499817
  },
  "dispatch_cct_us": 86.771342,
  "combine_cct_us": 87.401483,
  "roundtrip_step_us": 175.772825,
  "e2e_step_us": 347.765012
}
