{
  "scenario": 1,
  "scheme": "ub_rg",
  "mode": "roundtrip",
  "batch": 512,
  "zipf_s": 0.700000,
  "topk": 8,
  "ep_size": 32,
  "seed": 9,
  "start_skew_us": 4.000000,
  "tau_g_ns": 143.360000,
  "grain_bytes": 7168,
  "total_tokens": 262144,
  "max_egress_load": 1609,
  "konig_us": 459.468800,
  "rtt_us": 0.600000,
  "barrier_us": 0.800000,
  "cct_us": 491.066405,
  "step_us": 990.616405,
  "gemv_us": 498.750000,
  "e2e_us": 989.816405,
  "throughput_GBs": 1896.847440,
  "latency_all": {
    "count": 262144,
    "mean_us": 60.054727,
    "p50_us": 37.952525,
    "p99_us": 202.079410,
    "min_us": 1.144926,
    "max_us": 246.838637
  },
  "latency_hot": {
    "count": 62070,
    "mean_us": 106.377315,
    "p50_us": 103.061277,
    "p99_us": 236.595281,
    "min_us": 1.282915,
    "max_us": 246.838637
  },
  "latency_cold": {
    "count": 79636,
    "mean_us": 32.485254,
    "p50_us": 32.033220,
    "p99_us": 63.466505,
    "min_us": 1.171625,
    "max_us": 75.056326
  },
  "dispatch_cct_us": 244.227769,
  "combine_cct_us": 246.838637,
  "roundtrip_step_us": 491.866405,
  "e2e_step_us": 990.616405
}
