{
  "scenario": 1,
  "scheme": "ub_rg",
  "mode": "roundtrip",
  "batch": 512,
  "zipf_s": 0.300000,
  "topk": 8,
  "ep_size": 32,
  "seed": 38,
  "start_skew_us": 4.000000,
  "tau_g_ns": 143.360000,
  "grain_bytes": 7168,
  "total_tokens": 262144,
  "max_egress_load": 972,
  "konig_us": 273.674240,
  "rtt_us": 0.600000,
  "barrier_us": 0.800000,
  "cct_us": 286.356995,
  "step_us": 579.852307,
  "gemv_us": 292.695312,
  "e2e_us": 579.052307,
  "throughput_GBs": 3240.563447,
  "latency_all": {
    "count": 262144,
    "mean_us": 42.364580,
    "p50_us": 31.328006,
    "p99_us": 110.007895,
    "min_us": 1.260808,
    "max_us": 143.426622
  },
  "latency_hot": {
    "count": 39474,
    "mean_us": 62.933317,
    "p50_us": 62.236008,
    "p99_us": 135.039921,
    "min_us": 1.282044,
    "max_us": 143.426622
  },
  "latency_cold": {
    "count": 108444,
    "mean_us": 33.816003,
    "p50_us": 33.630145,
    "p99_us": 67.471976,
    "min_us": 1.260808,
    "max_us": 73.769957
  },
  "dispatch_cct_us": 143.426622,
  "combine_cct_us": 142.930372,
  "roundtrip_step_us": 287.156995,
  "e2e_step_us": 579.852307
}
