{
  "scenario": 4,
  "scheme": "ub_rg_pop",
  "mode": "roundtrip",
  "batch": 128,
  "zipf_s": 0.300000,
  "topk": 8,
  "ep_size": 256,
  "seed": 66,
  "start_skew_us": 4.000000,
  "tau_g_ns": 143.360000,
  "grain_bytes": 7168,
  "total_tokens": 524288,
  "max_egress_load": 528,
  "konig_us": 142.499840,
  "rtt_us": 1.200000,
  "barrier_us": 1.600000,
  "cct_us": 159.023568,
  "step_us": 306.170443,
  "gemv_us": 145.546875,
  "e2e_us": 304.570443,
  "throughput_GBs": 12274.523774,
  "latency_all": {
    "count": 524288,
    "mean_us": 15.591226,
    "p50_us": 12.981534,
    "p99_us": 24.251896,
    "min_us": 1.422154,
    "max_us": 80.169221
  },
  "latency_hot": {
    "count": 97574,
    "mean_us": 23.798599,
    "p50_us": 22.620098,
    "p99_us": 61.753474,
    "min_us": 1.647251,
    "max_us": 80.169221
  },
  "latency_cold": {
    "count": 205146,
    "mean_us": 12.328821,
    "p50_us": 12.032881,
    "p99_us": 22.112938,
    "min_us": 1.422154,
    "max_us": 32.684782
  },
  "dispatch_cct_us": 80.169221,
  "combine_cct_us": 78.854347,
  "roundtrip_step_us": 160.623568,
  "e2e_step_us": 306.170443
}
