{
  "scenario": 1,
  "scheme": "ub_rg_pop",
  "mode": "roundtrip",
  "batch": 64,
  "zipf_s": 0.300000,
  "topk": 8,
  "ep_size": 64,
  "seed": 10,
  "tau_g_ns": 143.360000,
  "grain_bytes": 7168,
  "total_tokens": 65536,
  "max_egress_load": 161,
  "konig_us": 44.298240,
  "rtt_us": 0.900000,
  "barrier_us": 0.800000,
  "cct_us": 48.958101,
  "step_us": 49.758101,
  "throughput_GBs": 9440.915901,
  "latency_all": {
    "count": 65536,
    "mean_us": 6.922161,
    "p50_us": 6.444781,
    "p99_us": 18.638460,
    "min_us": 1.443424,
    "max_us": 24.563034
  },
  "latency_hot": {
    "count": 10848,
    "mean_us": 10.172288,
    "p50_us": 9.904894,
    "p99_us": 22.023574,
    "min_us": 1.461283,
    "max_us": 24.563034
  },
  "latency_cold": {
    "count": 26538,
    "mean_us": 5.654733,
    "p50_us": 5.551013,
    "p99_us": 10.560187,
    "min_us": 1.447815,
    "max_us": 12.399558
  },
  "dispatch_cct_us": 24.563034,
  "combine_cct_us": 24.395067,
  "roundtrip_step_us": 49.758101
}
