{
  "scenario": 4,
  "scheme": "packet_spray",
  "mode": "roundtrip",
  "batch": 512,
  "zipf_s": 0.300000,
  "topk": 8,
  "ep_size": 256,
  "seed": 35,
  "start_skew_us": 4.000000,
  "tau_g_ns": 143.360000,
  "grain_bytes": 7168,
  "total_tokens": 2097152,
  "max_egress_load": 2067,
  "konig_us": 562.257920,
  "rtt_us": 0.000000,
  "barrier_us": 6.000000,
  "cct_us": 715.950805,
  "step_us": 1301.599243,
  "gemv_us": 579.648438,
  "e2e_us": 1295.599243,
  "throughput_GBs": 11549.165859,
  "latency_all": {
    "count": 2097152,
    "mean_us": 141.087248,
    "p50_us": 81.472041,
    "p99_us": 188.849857,
    "min_us": 0.451700,
    "max_us": 368.344892
  },
  "latency_hot": {
    "count": 389684,
    "mean_us": 143.093898,
    "p50_us": 137.931143,
    "p99_us": 298.329154,
    "min_us": 0.453945,
    "max_us": 347.605913
  },
  "latency_cold": {
    "count": 818922,
    "mean_us": 145.490643,
    "p50_us": 86.823409,
    "p99_us": 124.904452,
    "min_us": 0.664883,
    "max_us": 368.344892
  },
  "dispatch_cct_us": 347.605913,
  "combine_cct_us": 368.344892,
  "roundtrip_step_us": 721.950805,
  "e2e_step_us": 1301.599243
}
