{
  "scenario": 1,
  "scheme": "ub_rg",
  "mode": "roundtrip",
  "batch": 128,
  "zipf_s": 0.300000,
  "topk": 8,
  "ep_size": 64,
  "seed": 82,
  "start_skew_us": 4.000000,
  "tau_g_ns": 143.360000,
  "grain_bytes": 7168,
  "total_tokens": 131072,
  "max_egress_load": 328,
  "konig_us": 90.030080,
  "rtt_us": 0.600000,
  "barrier_us": 0.800000,
  "cct_us": 109.025495,
  "step_us": 203.497370,
  "gemv_us": 93.671875,
  "e2e_us": 202.697370,
  "throughput_GBs": 4616.885694,
  "latency_all": {
    "count": 131072,
    "mean_us": 19.935264,
    "p50_us": 19.057567,
    "p99_us": 43.670576,
    "min_us": 1.163536,
    "max_us": 55.461458
  },
  "latency_hot": {
    "count": 21680,
    "mean_us": 26.201979,
    "p50_us": 25.760108,
    "p99_us": 49.698513,
    "min_us": 1.639916,
    "max_us": 55.461458
  },
  "latency_cold": {
    "count": 52616,
    "mean_us": 16.601974,
    "p50_us": 16.512212,
    "p99_us": 30.114977,
    "min_us": 1.163536,
    "max_us": 34.315708
  },
  "dispatch_cct_us": 55.461458,
  "combine_cct_us": 53.564037,
  "roundtrip_step_us": 109.825495,
  "e2e_step_us": 203.497370
}
