{
  "scenario": 1,
  "scheme": "ub_rg",
  "mode": "roundtrip",
  "batch": 16,
  "zipf_s": 0.000000,
  "topk": 8,
  "ep_size": 128,
  "seed": 84,
  "start_skew_us": 4.000000,
  "tau_g_ns": 143.360000,
  "grain_bytes": 7168,
  "total_tokens": 32768,
  "max_egress_load": 31,
  "konig_us": 8.744960,
  "rtt_us": 0.600000,
  "barrier_us": 0.800000,
  "cct_us": 50.790218,
  "step_us": 58.074593,
  "gemv_us": 6.484375,
  "e2e_us": 57.274593,
  "throughput_GBs": 4044.471285,
  "latency_all": {
    "count": 32768,
    "mean_us": 11.879193,
    "p50_us": 11.580353,
    "p99_us": 21.450835,
    "min_us": 1.162025,
    "max_us": 28.838982
  },
  "latency_hot": {
    "count": 3118,
    "mean_us": 11.963296,
    "p50_us": 12.205984,
    "p99_us": 19.588966,
    "min_us": 2.099256,
    "max_us": 21.385303
  },
  "latency_cold": {
    "count": 16242,
    "mean_us": 11.906751,
    "p50_us": 11.673623,
    "p99_us": 21.173713,
    "min_us": 1.162025,
    "max_us": 24.628559
  },
  "dispatch_cct_us": 21.951236,
  "combine_cct_us": 28.838982,
  "roundtrip_step_us": 51.590218,
  "e2e_step_us": 58.074593
}
