{
  "scenario": 1,
  "scheme": "ub_rg",
  "mode": "roundtrip",
  "batch": 512,
  "zipf_s": 0.300000,
  "topk": 8,
  "ep_size": 32,
  "seed": 93,
  "start_skew_us": 4.000000,
  "tau_g_ns": 143.360000,
  "grain_bytes": 7168,
  "total_tokens": 262144,
  "max_egress_load": 980,
  "konig_us": 276.398080,
  "rtt_us": 0.600000,
  "barrier_us": 0.800000,
  "cct_us": 287.152340,
  "step_us": 584.085153,
  "gemv_us": 296.132812,
  "e2e_us": 583.285153,
  "throughput_GBs": 3217.079192,
  "latency_all": {
    "count": 262144,
    "mean_us": 42.419604,
    "p50_us": 31.371328,
    "p99_us": 110.385148,
    "min_us": 1.192973,
    "max_us": 144.443553
  },
  "latency_hot": {
    "count": 39448,
    "mean_us": 62.899095,
    "p50_us": 62.096524,
    "p99_us": 135.771070,
    "min_us": 1.289941,
    "max_us": 144.443553
  },
  "latency_cold": {
    "count": 108652,
    "mean_us": 34.122542,
    "p50_us": 33.894229,
    "p99_us": 68.789746,
    "min_us": 1.214714,
    "max_us": 75.490397
  },
  "dispatch_cct_us": 144.443553,
  "combine_cct_us": 142.708787,
  "roundtrip_step_us": 287.952340,
  "e2e_step_us": 584.085153
}
