{
  "scenario": 1,
  "scheme": "ub_rg_pop",
  "mode": "roundtrip",
  "batch": 128,
  "zipf_s": 0.000000,
  "topk": 8,
  "ep_size": 128,
  "seed": 63,
  "start_skew_us": 4.000000,
  "tau_g_ns": 143.360000,
  "grain_bytes": 7168,
  "total_tokens": 262144,
  "max_egress_load": 160,
  "konig_us": 45.445120,
  "rtt_us": 0.900000,
  "barrier_us": 0.800000,
  "cct_us": 56.176074,
  "step_us": 101.624512,
  "gemv_us": 44.648438,
  "e2e_us": 100.824512,
  "throughput_GBs": 18490.107977,
  "latency_all": {
    "count": 262144,
    "mean_us": 13.505242,
    "p50_us": 11.206861,
    "p99_us": 24.529332,
    "min_us": 1.512204,
    "max_us": 28.501182
  },
  "latency_hot": {
    "count": 24598,
    "mean_us": 13.669184,
    "p50_us": 13.551884,
    "p99_us": 24.612223,
    "min_us": 2.004349,
    "max_us": 27.283534
  },
  "latency_cold": {
    "count": 130366,
    "mean_us": 13.327036,
    "p50_us": 13.231413,
    "p99_us": 24.471854,
    "min_us": 1.512204,
    "max_us": 28.294777
  },
  "dispatch_cct_us": 28.501182,
  "combine_cct_us": 27.674892,
  "roundtrip_step_us": 56.976074,
  "e2e_step_us": 101.624512
}
