{
  "scenario": 1,
  "scheme": "ub_rg_pop",
  "mode": "roundtrip",
  "batch": 16,
  "zipf_s": 0.700000,
  "topk": 8,
  "ep_size": 64,
  "seed": 60,
  "start_skew_us": 4.000000,
  "tau_g_ns": 143.360000,
  "grain_bytes": 7168,
  "total_tokens": 16384,
  "max_egress_load": 91,
  "konig_us": 25.374720,
  "rtt_us": 0.900000,
  "barrier_us": 0.800000,
  "cct_us": 35.882900,
  "step_us": 63.518838,
  "gemv_us": 26.835938,
  "e2e_us": 62.718838,
  "throughput_GBs": 1848.908395,
  "latency_all": {
    "count": 16384,
    "mean_us": 5.795529,
    "p50_us": 5.300275,
    "p99_us": 15.167185,
    "min_us": 1.623486,
    "max_us": 18.076320
  },
  "latency_hot": {
    "count": 4852,
    "mean_us": 7.936975,
    "p50_us": 7.481118,
    "p99_us": 16.922780,
    "min_us": 1.802748,
    "max_us": 18.076320
  },
  "latency_cold": {
    "count": 4388,
    "mean_us": 4.642820,
    "p50_us": 4.713370,
    "p99_us": 7.190560,
    "min_us": 1.670184,
    "max_us": 8.241429
  },
  "dispatch_cct_us": 17.806580,
  "combine_cct_us": 18.076320,
  "roundtrip_step_us": 36.682900,
  "e2e_step_us": 63.518838
}
