{
  "scenario": 4,
  "scheme": "ub_rg_pop",
  "mode": "roundtrip",
  "batch": 512,
  "zipf_s": 0.700000,
  "topk": 8,
  "ep_size": 256,
  "seed": 93,
  "start_skew_us": 4.000000,
  "tau_g_ns": 143.360000,
  "grain_bytes": 7168,
  "total_tokens": 2097152,
  "max_egress_load": 7950,
  "konig_us": 2170.613760,
  "rtt_us": 1.200000,
  "barrier_us": 1.600000,
  "cct_us": 2305.011701,
  "step_us": 4553.642951,
  "gemv_us": 2247.031250,
  "e2e_us": 4552.042951,
  "throughput_GBs": 3301.177913,
  "latency_all": {
    "count": 2097152,
    "mean_us": 115.871985,
    "p50_us": 22.553921,
    "p99_us": 573.958061,
    "min_us": 1.764906,
    "max_us": 1157.107926
  },
  "latency_hot": {
    "count": 809962,
    "mean_us": 229.502167,
    "p50_us": 89.440007,
    "p99_us": 573.900924,
    "min_us": 3.436576,
    "max_us": 1157.107926
  },
  "latency_cold": {
    "count": 484122,
    "mean_us": 31.050989,
    "p50_us": 27.496954,
    "p99_us": 43.945132,
    "min_us": 1.764906,
    "max_us": 94.229470
  },
  "dispatch_cct_us": 1157.107926,
  "combine_cct_us": 1147.903776,
  "roundtrip_step_us": 2306.611701,
  "e2e_step_us": 4553.642951
}
