{
  "scenario": 3,
  "scheme": "ub_rg",
  "mode": "roundtrip",
  "batch": 256,
  "zipf_s": 0.900000,
  "topk": 8,
  "ep_size": 256,
  "seed": 17,
  "tau_g_ns": 143.360000,
  "grain_bytes": 7168,
  "total_tokens": 1048576,
  "max_egress_load": 5622,
  "konig_us": 1601.331200,
  "rtt_us": 1.100000,
  "barrier_us": 2.400000,
  "cct_us": 1615.847731,
  "step_us": 1618.247731,
  "throughput_GBs": 4644.649039,
  "latency_all": {
    "count": 1048576,
    "mean_us": 95.192111,
    "p50_us": 11.835269,
    "p99_us": 377.675430,
    "min_us": 2.043637,
    "max_us": 807.927451
  },
  "latency_hot": {
    "count": 532298,
    "mean_us": 170.881924,
    "p50_us": 77.435632,
    "p99_us": 377.663040,
    "min_us": 2.043907,
    "max_us": 807.927451
  },
  "latency_cold": {
    "count": 168718,
    "mean_us": 9.913636,
    "p50_us": 9.374722,
    "p99_us": 21.936828,
    "min_us": 2.044200,
    "max_us": 40.207613
  },
  "dispatch_cct_us": 807.927451,
  "combine_cct_us": 807.920280,
  "roundtrip_step_us": 1618.247731
}
