{
  "scenario": 1,
  "scheme": "ub_rg",
  "mode": "roundtrip",
  "batch": 16,
  "zipf_s": 0.000000,
  "topk": 8,
  "ep_size": 32,
  "seed": 27,
  "tau_g_ns": 143.360000,
  "grain_bytes": 7168,
  "total_tokens": 8192,
  "max_egress_load": 25,
  "konig_us": 7.024640,
  "rtt_us": 0.600000,
  "barrier_us": 0.800000,
  "cct_us": 9.599577,
  "step_us": 10.399577,
  "throughput_GBs": 5646.408014,
  "latency_all": {
    "count": 8192,
    "mean_us": 2.548746,
    "p50_us": 2.491678,
    "p99_us": 4.298528,
    "min_us": 1.143860,
    "max_us": 4.804991
  },
  "latency_hot": {
    "count": 754,
    "mean_us": 2.490058,
    "p50_us": 2.459910,
    "p99_us": 4.040002,
    "min_us": 1.143860,
    "max_us": 4.209477
  },
  "latency_cold": {
    "count": 4040,
    "mean_us": 2.530630,
    "p50_us": 2.479488,
    "p99_us": 4.191610,
    "min_us": 1.146275,
    "max_us": 4.591412
  },
  "dispatch_cct_us": 4.794586,
  "combine_cct_us": 4.804991,
  "roundtrip_step_us": 10.399577
}
