{
  "scenario": 1,
  "scheme": "ub_rg",
  "mode": "roundtrip",
  "batch": 64,
  "zipf_s": 0.900000,
  "topk": 8,
  "ep_size": 64,
  "seed": 43,
  "tau_g_ns": 143.360000,
  "grain_bytes": 7168,
  "total_tokens": 65536,
  "max_egress_load": 436,
  "konig_us": 123.289600,
  "rtt_us": 0.600000,
  "barrier_us": 0.800000,
  "cct_us": 127.368747,
  "step_us": 128.168747,
  "throughput_GBs": 3665.184054,
  "latency_all": {
    "count": 65536,
    "mean_us": 11.894244,
    "p50_us": 6.968114,
    "p99_us": 56.041985,
    "min_us": 1.143690,
    "max_us": 63.709482
  },
  "latency_hot": {
    "count": 24140,
    "mean_us": 22.020185,
    "p50_us": 19.554017,
    "p99_us": 59.772663,
    "min_us": 1.158489,
    "max_us": 63.709482
  },
  "latency_cold": {
    "count": 13824,
    "mean_us": 3.587185,
    "p50_us": 3.452588,
    "p99_us": 7.076251,
    "min_us": 1.143690,
    "max_us": 8.176215
  },
  "dispatch_cct_us": 63.659265,
  "combine_cct_us": 63.709482,
  "roundtrip_step_us": 128.168747
}
