{
  "scenario": 4,
  "scheme": "ub_rg",
  "mode": "roundtrip",
  "batch": 64,
  "zipf_s": 0.000000,
  "topk": 8,
  "ep_size": 128,
  "seed": 56,
  "start_skew_us": 4.000000,
  "tau_g_ns": 143.360000,
  "grain_bytes": 7168,
  "total_tokens": 131072,
  "max_egress_load": 91,
  "konig_us": 25.661440,
  "rtt_us": 0.800000,
  "barrier_us": 1.600000,
  "cct_us": 36.333203,
  "step_us": 60.003516,
  "gemv_us": 22.070312,
  "e2e_us": 58.403516,
  "throughput_GBs": 15657.817404,
  "latency_all": {
    "count": 131072,
    "mean_us": 8.793112,
    "p50_us": 8.717141,
    "p99_us": 15.466023,
    "min_us": 1.083884,
    "max_us": 18.395148
  },
  "latency_hot": {
    "count": 12038,
    "mean_us": 8.356538,
    "p50_us": 8.283387,
    "p99_us": 14.833713,
    "min_us": 1.198735,
    "max_us": 16.954880
  },
  "latency_cold": {
    "count": 65728,
    "mean_us": 8.827363,
    "p50_us": 8.753223,
    "p99_us": 15.491793,
    "min_us": 1.083884,
    "max_us": 18.196598
  },
  "dispatch_cct_us": 18.395148,
  "combine_cct_us": 17.938055,
  "roundtrip_step_us": 37.933203,
  "e2e_step_us": 60.003516
}
