{
  "scenario": 4,
  "scheme": "ub_rg",
  "mode": "roundtrip",
  "batch": 64,
  "zipf_s": 0.900000,
  "topk": 8,
  "ep_size": 512,
  "seed": 42,
  "start_skew_us": 4.000000,
  "tau_g_ns": 143.360000,
  "grain_bytes": 7168,
  "total_tokens": 524288,
  "max_egress_load": 2796,
  "konig_us": 761.241600,
  "rtt_us": 0.800000,
  "barrier_us": 1.600000,
  "cct_us": 809.323781,
  "step_us": 1596.392531,
  "gemv_us": 785.468750,
  "e2e_us": 1594.792531,
  "throughput_GBs": 2354.117996,
  "latency_all": {
    "count": 524288,
    "mean_us": 40.008046,
    "p50_us": 10.491152,
    "p99_us": 90.615781,
    "min_us": 1.069456,
    "max_us": 405.240114
  },
  "latency_hot": {
    "count": 290084,
    "mean_us": 66.212769,
    "p50_us": 23.380664,
    "p99_us": 327.815394,
    "min_us": 1.075569,
    "max_us": 405.240114
  },
  "latency_cold": {
    "count": 76514,
    "mean_us": 5.341252,
    "p50_us": 5.307496,
    "p99_us": 9.075302,
    "min_us": 1.069456,
    "max_us": 24.130132
  },
  "dispatch_cct_us": 405.240114,
  "combine_cct_us": 404.083667,
  "roundtrip_step_us": 810.923781,
  "e2e_step_us": 1596.392531
}
