{
  "scenario": 4,
  "scheme": "packet_spray",
  "mode": "roundtrip",
  "batch": 512,
  "zipf_s": 0.900000,
  "topk": 8,
  "ep_size": 128,
  "seed": 6,
  "start_skew_us": 4.000000,
  "tau_g_ns": 143.360000,
  "grain_bytes": 7168,
  "total_tokens": 1048576,
  "max_egress_load": 6789,
  "konig_us": 1855.651840,
  "rtt_us": 0.000000,
  "barrier_us": 6.000000,
  "cct_us": 2027.204760,
  "step_us": 3956.642260,
  "gemv_us": 1923.437500,
  "e2e_us": 3950.642260,
  "throughput_GBs": 1899.639208,
  "latency_all": {
    "count": 1048576,
    "mean_us": 338.587472,
    "p50_us": 107.824157,
    "p99_us": 527.548065,
    "min_us": 0.336720,
    "max_us": 1051.605154
  },
  "latency_hot": {
    "count": 464276,
    "mean_us": 384.796982,
    "p50_us": 232.968398,
    "p99_us": 797.259766,
    "min_us": 5.737314,
    "max_us": 1009.887394
  },
  "latency_cold": {
    "count": 190210,
    "mean_us": 299.988761,
    "p50_us": 119.545505,
    "p99_us": 933.189794,
    "min_us": 0.336720,
    "max_us": 1051.605154
  },
  "dispatch_cct_us": 975.599606,
  "combine_cct_us": 1051.605154,
  "roundtrip_step_us": 2033.204760,
  "e2e_step_us": 3956.642260
}
