{
  "scenario": 1,
  "scheme": "islip",
  "mode": "roundtrip",
  "batch": 512,
  "zipf_s": 0.700000,
  "topk": 8,
  "ep_size": 32,
  "seed": 5,
  "start_skew_us": 4.000000,
  "tau_g_ns": 143.360000,
  "grain_bytes": 7168,
  "total_tokens": 262144,
  "max_egress_load": 1662,
  "konig_us": 468.500480,
  "rtt_us": 0.600000,
  "barrier_us": 0.800000,
  "cct_us": 500.230612,
  "step_us": 1002.632174,
  "gemv_us": 501.601562,
  "e2e_us": 1001.832174,
  "throughput_GBs": 1874.115194,
  "latency_all": {
    "count": 262144,
    "mean_us": 61.971106,
    "p50_us": 39.888719,
    "p99_us": 204.961238,
    "min_us": 1.156219,
    "max_us": 250.929632
  },
  "latency_hot": {
    "count": 62376,
    "mean_us": 107.747038,
    "p50_us": 104.756850,
    "p99_us": 236.809410,
    "min_us": 1.175879,
    "max_us": 250.929632
  },
  "latency_cold": {
    "count": 79846,
    "mean_us": 34.498019,
    "p50_us": 34.070109,
    "p99_us": 64.877470,
    "min_us": 1.156219,
    "max_us": 75.923907
  },
  "dispatch_cct_us": 249.300980,
  "combine_cct_us": 250.929632,
  "roundtrip_step_us": 501.030612,
  "e2e_step_us": 1002.632174
}
