{
  "scenario": 4,
  "scheme": "ub_rg",
  "mode": "roundtrip",
  "batch": 128,
  "zipf_s": 0.000000,
  "topk": 8,
  "ep_size": 512,
  "seed": 26,
  "start_skew_us": 4.000000,
  "tau_g_ns": 143.360000,
  "grain_bytes": 7168,
  "total_tokens": 1048576,
  "max_egress_load": 180,
  "konig_us": 50.749440,
  "rtt_us": 0.800000,
  "barrier_us": 1.600000,
  "cct_us": 97.861403,
  "step_us": 144.266090,
  "gemv_us": 44.804688,
  "e2e_us": 142.666090,
  "throughput_GBs": 52099.511139,
  "latency_all": {
    "count": 1048576,
    "mean_us": 23.607781,
    "p50_us": 18.555137,
    "p99_us": 35.282831,
    "min_us": 1.098598,
    "max_us": 49.931827
  },
  "latency_hot": {
    "count": 103930,
    "mean_us": 22.987920,
    "p50_us": 22.924099,
    "p99_us": 38.438097,
    "min_us": 2.368259,
    "max_us": 46.966482
  },
  "latency_cold": {
    "count": 524112,
    "mean_us": 23.658655,
    "p50_us": 22.374384,
    "p99_us": 32.908038,
    "min_us": 1.399908,
    "max_us": 49.314827
  },
  "dispatch_cct_us": 49.931827,
  "combine_cct_us": 47.929575,
  "roundtrip_step_us": 99.461403,
  "e2e_step_us": 144.266090
}
