{
  "scenario": 4,
  "scheme": "ub_rg_pop",
  "mode": "roundtrip",
  "batch": 128,
  "zipf_s": 0.700000,
  "topk": 8,
  "ep_size": 512,
  "seed": 73,
  "start_skew_us": 4.000000,
  "tau_g_ns": 143.360000,
  "grain_bytes": 7168,
  "total_tokens": 1048576,
  "max_egress_load": 3229,
  "konig_us": 881.520640,
  "rtt_us": 1.200000,
  "barrier_us": 1.600000,
  "cct_us": 932.620997,
  "step_us": 1846.525685,
  "gemv_us": 912.304688,
  "e2e_us": 1844.925685,
  "throughput_GBs": 4070.451242,
  "latency_all": {
    "count": 1048576,
    "mean_us": 38.338283,
    "p50_us": 10.246754,
    "p99_us": 133.831237,
    "min_us": 1.548409,
    "max_us": 467.006788
  },
  "latency_hot": {
    "count": 435708,
    "mean_us": 74.261987,
    "p50_us": 42.208826,
    "p99_us": 196.119708,
    "min_us": 1.686392,
    "max_us": 467.006788
  },
  "latency_cold": {
    "count": 232232,
    "mean_us": 9.213423,
    "p50_us": 8.492059,
    "p99_us": 16.943746,
    "min_us": 1.610778,
    "max_us": 36.448026
  },
  "dispatch_cct_us": 467.006788,
  "combine_cct_us": 465.614210,
  "roundtrip_step_us": 934.220997,
  "e2e_step_us": 1846.525685
}
