{
  "scenario": 1,
  "scheme": "ub_rg",
  "mode": "roundtrip",
  "batch": 256,
  "zipf_s": 0.700000,
  "topk": 8,
  "ep_size": 128,
  "seed": 79,
  "start_skew_us": 4.000000,
  "tau_g_ns": 143.360000,
  "grain_bytes": 7168,
  "total_tokens": 524288,
  "max_egress_load": 2223,
  "konig_us": 633.077760,
  "rtt_us": 0.600000,
  "barrier_us": 0.800000,
  "cct_us": 645.474120,
  "step_us": 1331.430370,
  "gemv_us": 685.156250,
  "e2e_us": 1330.630370,
  "throughput_GBs": 2822.600767,
  "latency_all": {
    "count": 524288,
    "mean_us": 43.667377,
    "p50_us": 18.925243,
    "p99_us": 89.347792,
    "min_us": 1.244350,
    "max_us": 323.493697
  },
  "latency_hot": {
    "count": 179678,
    "mean_us": 88.517351,
    "p50_us": 71.039113,
    "p99_us": 302.322321,
    "min_us": 1.302797,
    "max_us": 323.493697
  },
  "latency_cold": {
    "count": 128612,
    "mean_us": 13.069053,
    "p50_us": 12.821844,
    "p99_us": 25.989515,
    "min_us": 1.244350,
    "max_us": 31.449740
  },
  "dispatch_cct_us": 321.980423,
  "combine_cct_us": 323.493697,
  "roundtrip_step_us": 646.274120,
  "e2e_step_us": 1331.430370
}
