{
  "scenario": 1,
  "scheme": "ub_rg",
  "mode": "roundtrip",
  "batch": 16,
  "zipf_s": 0.300000,
  "topk": 8,
  "ep_size": 128,
  "seed": 12,
  "start_skew_us": 4.000000,
  "tau_g_ns": 143.360000,
  "grain_bytes": 7168,
  "total_tokens": 32768,
  "max_egress_load": 54,
  "konig_us": 14.622720,
  "rtt_us": 0.600000,
  "barrier_us": 0.800000,
  "cct_us": 57.926460,
  "step_us": 73.570210,
  "gemv_us": 14.843750,
  "e2e_us": 72.770210,
  "throughput_GBs": 3192.610471,
  "latency_all": {
    "count": 32768,
    "mean_us": 15.091930,
    "p50_us": 15.062424,
    "p99_us": 25.202804,
    "min_us": 1.158461,
    "max_us": 29.119692
  },
  "latency_hot": {
    "count": 5736,
    "mean_us": 16.768736,
    "p50_us": 16.691516,
    "p99_us": 27.250348,
    "min_us": 1.555889,
    "max_us": 29.119692
  },
  "latency_cold": {
    "count": 12874,
    "mean_us": 14.521549,
    "p50_us": 14.568221,
    "p99_us": 24.765056,
    "min_us": 1.158461,
    "max_us": 27.017654
  },
  "dispatch_cct_us": 29.119692,
  "combine_cct_us": 28.806769,
  "roundtrip_step_us": 58.726460,
  "e2e_step_us": 73.570210
}
