{
  "scenario": 1,
  "scheme": "ub_rg_pop",
  "mode": "roundtrip",
  "batch": 128,
  "zipf_s": 0.900000,
  "topk": 8,
  "ep_size": 32,
  "seed": 84,
  "start_skew_us": 4.000000,
  "tau_g_ns": 143.360000,
  "grain_bytes": 7168,
  "total_tokens": 65536,
  "max_egress_load": 469,
  "konig_us": 133.181440,
  "rtt_us": 0.900000,
  "barrier_us": 0.800000,
  "cct_us": 159.126562,
  "step_us": 303.637499,
  "gemv_us": 143.710938,
  "e2e_us": 302.837499,
  "throughput_GBs": 1547.114730,
  "latency_all": {
    "count": 65536,
    "mean_us": 23.418859,
    "p50_us": 19.320567,
    "p99_us": 69.066988,
    "min_us": 1.475891,
    "max_us": 82.866707
  },
  "latency_hot": {
    "count": 18190,
    "mean_us": 37.189273,
    "p50_us": 36.472081,
    "p99_us": 73.899778,
    "min_us": 1.876229,
    "max_us": 82.866707
  },
  "latency_cold": {
    "count": 16830,
    "mean_us": 13.491240,
    "p50_us": 13.161720,
    "p99_us": 25.895519,
    "min_us": 1.762105,
    "max_us": 30.689052
  },
  "dispatch_cct_us": 82.866707,
  "combine_cct_us": 76.259855,
  "roundtrip_step_us": 159.926562,
  "e2e_step_us": 303.637499
}
