{
  "scenario": 1,
  "scheme": "ub_rg",
  "mode": "roundtrip",
  "batch": 512,
  "zipf_s": 0.700000,
  "topk": 8,
  "ep_size": 64,
  "seed": 92,
  "start_skew_us": 4.000000,
  "tau_g_ns": 143.360000,
  "grain_bytes": 7168,
  "total_tokens": 524288,
  "max_egress_load": 2700,
  "konig_us": 768.552960,
  "rtt_us": 0.600000,
  "barrier_us": 0.800000,
  "cct_us": 807.416810,
  "step_us": 1639.623060,
  "gemv_us": 831.406250,
  "e2e_us": 1638.823060,
  "throughput_GBs": 2292.048994,
  "latency_all": {
    "count": 524288,
    "mean_us": 73.824445,
    "p50_us": 41.640066,
    "p99_us": 145.241228,
    "min_us": 1.151636,
    "max_us": 405.946824
  },
  "latency_hot": {
    "count": 155930,
    "mean_us": 141.120469,
    "p50_us": 127.815545,
    "p99_us": 380.621498,
    "min_us": 1.480454,
    "max_us": 405.946824
  },
  "latency_cold": {
    "count": 140708,
    "mean_us": 31.541136,
    "p50_us": 31.062376,
    "p99_us": 60.256549,
    "min_us": 1.437559,
    "max_us": 70.008918
  },
  "dispatch_cct_us": 405.946824,
  "combine_cct_us": 401.469985,
  "roundtrip_step_us": 808.216810,
  "e2e_step_us": 1639.623060
}
