{
  "scenario": 4,
  "scheme": "ub_rg_pop",
  "mode": "roundtrip",
  "batch": 512,
  "zipf_s": 0.900000,
  "topk": 8,
  "ep_size": 512,
  "seed": 17,
  "start_skew_us": 4.000000,
  "tau_g_ns": 143.360000,
  "grain_bytes": 7168,
  "total_tokens": 4194304,
  "max_egress_load": 22318,
  "konig_us": 6091.223040,
  "rtt_us": 1.200000,
  "barrier_us": 1.600000,
  "cct_us": 6417.323805,
  "step_us": 12722.283180,
  "gemv_us": 6303.359375,
  "e2e_us": 12720.683180,
  "throughput_GBs": 2363.158456,
  "latency_all": {
    "count": 4194304,
    "mean_us": 301.254506,
    "p50_us": 31.820379,
    "p99_us": 2295.975084,
    "min_us": 1.487605,
    "max_us": 3211.456202
  },
  "latency_hot": {
    "count": 2324468,
    "mean_us": 510.864570,
    "p50_us": 67.841109,
    "p99_us": 2295.936381,
    "min_us": 3.263968,
    "max_us": 3211.456202
  },
  "latency_cold": {
    "count": 612442,
    "mean_us": 25.846874,
    "p50_us": 24.555050,
    "p99_us": 39.474517,
    "min_us": 1.697628,
    "max_us": 88.049315
  },
  "dispatch_cct_us": 3211.456202,
  "combine_cct_us": 3205.867603,
  "roundtrip_step_us": 6418.923805,
  "e2e_step_us": 12722.283180
}
