{
  "scenario": 1,
  "scheme": "packet_spray",
  "mode": "roundtrip",
  "batch": 16,
  "zipf_s": 0.000000,
  "topk": 8,
  "ep_size": 64,
  "seed": 14,
  "tau_g_ns": 143.360000,
  "grain_bytes": 7168,
  "total_tokens": 16384,
  "max_egress_load": 32,
  "konig_us": 8.314880,
  "rtt_us": 0.000000,
  "barrier_us": 4.000000,
  "cct_us": 12.398880,
  "step_us": 16.398880,
  "throughput_GBs": 7161.495907,
  "latency_all": {
    "count": 16384,
    "mean_us": 2.975319,
    "p50_us": 2.973840,
    "p99_us": 5.267600,
    "min_us": 0.536720,
    "max_us": 6.557840
  },
  "latency_hot": {
    "count": 1518,
    "mean_us": 2.469341,
    "p50_us": 2.400400,
    "p99_us": 5.410960,
    "min_us": 0.536720,
    "max_us": 6.271120
  },
  "latency_cold": {
    "count": 8174,
    "mean_us": 3.257578,
    "p50_us": 3.260560,
    "p99_us": 5.267600,
    "min_us": 0.536720,
    "max_us": 6.557840
  },
  "dispatch_cct_us": 6.557840,
  "combine_cct_us": 5.841040,
  "roundtrip_step_us": 16.398880
}
