{
  "scenario": 1,
  "scheme": "ub_rg_pop",
  "mode": "roundtrip",
  "batch": 64,
  "zipf_s": 0.700000,
  "topk": 8,
  "ep_size": 64,
  "seed": 92,
  "start_skew_us": 4.000000,
  "tau_g_ns": 143.360000,
  "grain_bytes": 7168,
  "total_tokens": 65536,
  "max_egress_load": 352,
  "konig_us": 98.918400,
  "rtt_us": 0.900000,
  "barrier_us": 0.800000,
  "cct_us": 110.951264,
  "step_us": 217.220014,
  "gemv_us": 105.468750,
  "e2e_us": 216.420014,
  "throughput_GBs": 2162.609418,
  "latency_all": {
    "count": 65536,
    "mean_us": 11.814067,
    "p50_us": 8.791839,
    "p99_us": 46.594201,
    "min_us": 1.470902,
    "max_us": 55.791695
  },
  "latency_hot": {
    "count": 19578,
    "mean_us": 20.399041,
    "p50_us": 18.637434,
    "p99_us": 50.997105,
    "min_us": 1.492973,
    "max_us": 55.791695
  },
  "latency_cold": {
    "count": 17532,
    "mean_us": 6.443101,
    "p50_us": 6.378865,
    "p99_us": 11.257784,
    "min_us": 1.552984,
    "max_us": 13.110432
  },
  "dispatch_cct_us": 55.791695,
  "combine_cct_us": 55.159569,
  "roundtrip_step_us": 111.751264,
  "e2e_step_us": 217.220014
}
