{
  "scenario": 4,
  "scheme": "ub_rg_pop",
  "mode": "roundtrip",
  "batch": 512,
  "zipf_s": 0.000000,
  "topk": 8,
  "ep_size": 256,
  "seed": 17,
  "start_skew_us": 4.000000,
  "tau_g_ns": 143.360000,
  "grain_bytes": 7168,
  "total_tokens": 2097152,
  "max_egress_load": 630,
  "konig_us": 178.913280,
  "rtt_us": 1.200000,
  "barrier_us": 1.600000,
  "cct_us": 192.959542,
  "step_us": 360.614230,
  "gemv_us": 166.054688,
  "e2e_us": 359.014230,
  "throughput_GBs": 41685.502931,
  "latency_all": {
    "count": 2097152,
    "mean_us": 41.937936,
    "p50_us": 15.290877,
    "p99_us": 78.497908,
    "min_us": 1.491584,
    "max_us": 97.391688
  },
  "latency_hot": {
    "count": 205210,
    "mean_us": 42.227415,
    "p50_us": 41.064910,
    "p99_us": 80.551553,
    "min_us": 2.067355,
    "max_us": 91.891364
  },
  "latency_cold": {
    "count": 1047952,
    "mean_us": 41.940267,
    "p50_us": 21.732602,
    "p99_us": 75.111573,
    "min_us": 1.491584,
    "max_us": 97.391688
  },
  "dispatch_cct_us": 97.391688,
  "combine_cct_us": 95.567854,
  "roundtrip_step_us": 194.559542,
  "e2e_step_us": 360.614230
}
