{
  "scenario": 4,
  "scheme": "packet_spray",
  "mode": "roundtrip",
  "batch": 128,
  "zipf_s": 0.300000,
  "topk": 8,
  "ep_size": 256,
  "seed": 89,
  "start_skew_us": 4.000000,
  "tau_g_ns": 143.360000,
  "grain_bytes": 7168,
  "total_tokens": 524288,
  "max_egress_load": 517,
  "konig_us": 141.639680,
  "rtt_us": 0.000000,
  "barrier_us": 6.000000,
  "cct_us": 210.933392,
  "step_us": 364.120892,
  "gemv_us": 147.187500,
  "e2e_us": 358.120892,
  "throughput_GBs": 10321.012805,
  "latency_all": {
    "count": 524288,
    "mean_us": 49.347127,
    "p50_us": 37.843581,
    "p99_us": 61.960421,
    "min_us": 0.910160,
    "max_us": 111.556010
  },
  "latency_hot": {
    "count": 97758,
    "mean_us": 49.591881,
    "p50_us": 48.334250,
    "p99_us": 87.184810,
    "min_us": 0.936436,
    "max_us": 99.377381
  },
  "latency_cold": {
    "count": 205428,
    "mean_us": 50.528137,
    "p50_us": 42.456490,
    "p99_us": 97.936810,
    "min_us": 0.910160,
    "max_us": 111.556010
  },
  "dispatch_cct_us": 99.377381,
  "combine_cct_us": 111.556010,
  "roundtrip_step_us": 216.933392,
  "e2e_step_us": 364.120892
}
