{
  "scenario": 1,
  "scheme": "packet_spray",
  "mode": "roundtrip",
  "batch": 512,
  "zipf_s": 0.300000,
  "topk": 8,
  "ep_size": 32,
  "seed": 84,
  "start_skew_us": 4.000000,
  "tau_g_ns": 143.360000,
  "grain_bytes": 7168,
  "total_tokens": 262144,
  "max_egress_load": 985,
  "konig_us": 274.104320,
  "rtt_us": 0.000000,
  "barrier_us": 4.000000,
  "cct_us": 428.971641,
  "step_us": 722.620079,
  "gemv_us": 289.648438,
  "e2e_us": 718.620079,
  "throughput_GBs": 2600.326572,
  "latency_all": {
    "count": 262144,
    "mean_us": 112.217564,
    "p50_us": 109.448397,
    "p99_us": 182.852018,
    "min_us": 7.662797,
    "max_us": 218.692018
  },
  "latency_hot": {
    "count": 39042,
    "mean_us": 106.216925,
    "p50_us": 108.063943,
    "p99_us": 201.915597,
    "min_us": 7.662797,
    "max_us": 218.692018
  },
  "latency_cold": {
    "count": 108340,
    "mean_us": 119.019979,
    "p50_us": 115.784172,
    "p99_us": 199.240903,
    "min_us": 7.662797,
    "max_us": 210.279623
  },
  "dispatch_cct_us": 218.692018,
  "combine_cct_us": 210.279623,
  "roundtrip_step_us": 432.971641,
  "e2e_step_us": 722.620079
}
