{
  "scenario": 4,
  "scheme": "packet_spray",
  "mode": "roundtrip",
  "batch": 16,
  "zipf_s": 0.000000,
  "topk": 8,
  "ep_size": 512,
  "seed": 34,
  "start_skew_us": 4.000000,
  "tau_g_ns": 143.360000,
  "grain_bytes": 7168,
  "total_tokens": 131072,
  "max_egress_load": 34,
  "konig_us": 9.461760,
  "rtt_us": 0.000000,
  "barrier_us": 6.000000,
  "cct_us": 58.863820,
  "step_us": 70.879445,
  "gemv_us": 6.015625,
  "e2e_us": 64.879445,
  "throughput_GBs": 13255.240655,
  "latency_all": {
    "count": 131072,
    "mean_us": 19.185374,
    "p50_us": 19.559319,
    "p99_us": 26.703835,
    "min_us": 0.910160,
    "max_us": 29.857755
  },
  "latency_hot": {
    "count": 13220,
    "mean_us": 17.099005,
    "p50_us": 17.118491,
    "p99_us": 26.265068,
    "min_us": 1.848964,
    "max_us": 29.284315
  },
  "latency_cold": {
    "count": 65458,
    "mean_us": 20.009305,
    "p50_us": 20.270076,
    "p99_us": 26.999024,
    "min_us": 0.910160,
    "max_us": 29.857755
  },
  "dispatch_cct_us": 29.857755,
  "combine_cct_us": 29.006064,
  "roundtrip_step_us": 64.863820,
  "e2e_step_us": 70.879445
}
