{
  "scenario": 1,
  "scheme": "islip",
  "mode": "roundtrip",
  "batch": 512,
  "zipf_s": 0.900000,
  "topk": 8,
  "ep_size": 32,
  "seed": 6,
  "start_skew_us": 4.000000,
  "tau_g_ns": 143.360000,
  "grain_bytes": 7168,
  "total_tokens": 262144,
  "max_egress_load": 1869,
  "konig_us": 532.869120,
  "rtt_us": 0.600000,
  "barrier_us": 0.800000,
  "cct_us": 557.700147,
  "step_us": 1135.765772,
  "gemv_us": 577.265625,
  "e2e_us": 1134.965772,
  "throughput_GBs": 1654.432840,
  "latency_all": {
    "count": 262144,
    "mean_us": 68.837552,
    "p50_us": 39.218780,
    "p99_us": 241.864984,
    "min_us": 1.160874,
    "max_us": 285.454259
  },
  "latency_hot": {
    "count": 72628,
    "mean_us": 121.547224,
    "p50_us": 118.312536,
    "p99_us": 267.013246,
    "min_us": 1.466093,
    "max_us": 285.454259
  },
  "latency_cold": {
    "count": 67058,
    "mean_us": 30.155048,
    "p50_us": 29.519524,
    "p99_us": 59.472844,
    "min_us": 1.160874,
    "max_us": 69.222063
  },
  "dispatch_cct_us": 285.454259,
  "combine_cct_us": 272.245889,
  "roundtrip_step_us": 558.500147,
  "e2e_step_us": 1135.765772
}
