{
  "scenario": 4,
  "scheme": "ub_rg_pop",
  "mode": "roundtrip",
  "batch": 64,
  "zipf_s": 0.000000,
  "topk": 8,
  "ep_size": 256,
  "seed": 9,
  "start_skew_us": 4.000000,
  "tau_g_ns": 143.360000,
  "grain_bytes": 7168,
  "total_tokens": 262144,
  "max_egress_load": 98,
  "konig_us": 26.521600,
  "rtt_us": 1.200000,
  "barrier_us": 1.600000,
  "cct_us": 72.656831,
  "step_us": 97.186518,
  "gemv_us": 22.929688,
  "e2e_us": 95.586518,
  "throughput_GBs": 19334.453267,
  "latency_all": {
    "count": 262144,
    "mean_us": 18.490737,
    "p50_us": 16.979472,
    "p99_us": 29.495060,
    "min_us": 1.507229,
    "max_us": 36.973602
  },
  "latency_hot": {
    "count": 25412,
    "mean_us": 18.270599,
    "p50_us": 18.246823,
    "p99_us": 29.355714,
    "min_us": 3.351838,
    "max_us": 34.205399
  },
  "latency_cold": {
    "count": 131514,
    "mean_us": 18.598684,
    "p50_us": 18.528904,
    "p99_us": 30.134813,
    "min_us": 1.734022,
    "max_us": 36.973602
  },
  "dispatch_cct_us": 35.683229,
  "combine_cct_us": 36.973602,
  "roundtrip_step_us": 74.256831,
  "e2e_step_us": 97.186518
}
