{
  "scenario": 4,
  "scheme": "ub_rg",
  "mode": "roundtrip",
  "batch": 16,
  "zipf_s": 0.900000,
  "topk": 8,
  "ep_size": 512,
  "seed": 57,
  "start_skew_us": 4.000000,
  "tau_g_ns": 143.360000,
  "grain_bytes": 7168,
  "total_tokens": 131072,
  "max_egress_load": 682,
  "konig_us": 188.375040,
  "rtt_us": 0.800000,
  "barrier_us": 1.600000,
  "cct_us": 205.531768,
  "step_us": 404.358331,
  "gemv_us": 197.226562,
  "e2e_us": 402.758331,
  "throughput_GBs": 2323.493854,
  "latency_all": {
    "count": 131072,
    "mean_us": 12.649590,
    "p50_us": 6.476935,
    "p99_us": 82.945799,
    "min_us": 1.088303,
    "max_us": 102.816572
  },
  "latency_hot": {
    "count": 72122,
    "mean_us": 19.245612,
    "p50_us": 11.421318,
    "p99_us": 88.241341,
    "min_us": 1.175304,
    "max_us": 102.816572
  },
  "latency_cold": {
    "count": 19416,
    "mean_us": 3.950591,
    "p50_us": 3.966427,
    "p99_us": 6.300785,
    "min_us": 1.088303,
    "max_us": 11.022215
  },
  "dispatch_cct_us": 102.816572,
  "combine_cct_us": 102.715196,
  "roundtrip_step_us": 207.131768,
  "e2e_step_us": 404.358331
}
