{
  "scenario": 2,
  "scheme": "ub_rg_pop",
  "mode": "roundtrip",
  "batch": 256,
  "zipf_s": 0.900000,
  "topk": 8,
  "ep_size": 256,
  "seed": 65,
  "tau_g_ns": 143.360000,
  "grain_bytes": 7168,
  "total_tokens": 1048576,
  "max_egress_load": 5628,
  "konig_us": 1604.771840,
  "rtt_us": 1.650000,
  "barrier_us": 2.400000,
  "cct_us": 1618.792054,
  "step_us": 1621.192054,
  "throughput_GBs": 4636.213674,
  "latency_all": {
    "count": 1048576,
    "mean_us": 96.001993,
    "p50_us": 12.528680,
    "p99_us": 378.577020,
    "min_us": 2.593429,
    "max_us": 809.421340
  },
  "latency_hot": {
    "count": 531140,
    "mean_us": 171.884101,
    "p50_us": 78.377346,
    "p99_us": 378.534206,
    "min_us": 2.593800,
    "max_us": 809.421340
  },
  "latency_cold": {
    "count": 168278,
    "mean_us": 9.883984,
    "p50_us": 9.636628,
    "p99_us": 19.427451,
    "min_us": 2.593447,
    "max_us": 24.821878
  },
  "dispatch_cct_us": 809.370714,
  "combine_cct_us": 809.421340,
  "roundtrip_step_us": 1621.192054
}
