{
  "scenario": 4,
  "scheme": "ub_rg_pop",
  "mode": "roundtrip",
  "batch": 256,
  "zipf_s": 0.900000,
  "topk": 8,
  "ep_size": 512,
  "seed": 83,
  "start_skew_us": 4.000000,
  "tau_g_ns": 143.360000,
  "grain_bytes": 7168,
  "total_tokens": 2097152,
  "max_egress_load": 11226,
  "konig_us": 3051.560960,
  "rtt_us": 1.200000,
  "barrier_us": 1.600000,
  "cct_us": 3247.376625,
  "step_us": 6392.453187,
  "gemv_us": 3143.476562,
  "e2e_us": 6390.853187,
  "throughput_GBs": 2351.583202,
  "latency_all": {
    "count": 2097152,
    "mean_us": 157.080400,
    "p50_us": 20.525369,
    "p99_us": 898.615582,
    "min_us": 1.605124,
    "max_us": 1627.179384
  },
  "latency_hot": {
    "count": 1160986,
    "mean_us": 261.498789,
    "p50_us": 57.039566,
    "p99_us": 898.816636,
    "min_us": 3.843845,
    "max_us": 1627.179384
  },
  "latency_cold": {
    "count": 305082,
    "mean_us": 19.543834,
    "p50_us": 18.589027,
    "p99_us": 33.269771,
    "min_us": 1.828818,
    "max_us": 63.959323
  },
  "dispatch_cct_us": 1627.179384,
  "combine_cct_us": 1620.197241,
  "roundtrip_step_us": 3248.976625,
  "e2e_step_us": 6392.453187
}
