{
  "scenario": 1,
  "scheme": "ub_rg_pop",
  "mode": "roundtrip",
  "batch": 16,
  "zipf_s": 0.900000,
  "topk": 8,
  "ep_size": 32,
  "seed": 18,
  "tau_g_ns": 143.360000,
  "grain_bytes": 7168,
  "total_tokens": 8192,
  "max_egress_load": 62,
  "konig_us": 17.346560,
  "rtt_us": 0.900000,
  "barrier_us": 0.800000,
  "cct_us": 20.474200,
  "step_us": 21.274200,
  "throughput_GBs": 2760.162796,
  "latency_all": {
    "count": 8192,
    "mean_us": 3.471364,
    "p50_us": 2.888028,
    "p99_us": 9.192880,
    "min_us": 1.443818,
    "max_us": 10.273035
  },
  "latency_hot": {
    "count": 2290,
    "mean_us": 5.146319,
    "p50_us": 5.034774,
    "p99_us": 9.758486,
    "min_us": 1.444076,
    "max_us": 10.273035
  },
  "latency_cold": {
    "count": 2194,
    "mean_us": 2.291752,
    "p50_us": 2.243378,
    "p99_us": 3.466580,
    "min_us": 1.443818,
    "max_us": 3.878926
  },
  "dispatch_cct_us": 10.201165,
  "combine_cct_us": 10.273035,
  "roundtrip_step_us": 21.274200
}
