{
  "scenario": 1,
  "scheme": "ub_rg",
  "mode": "roundtrip",
  "batch": 64,
  "zipf_s": 0.000000,
  "topk": 8,
  "ep_size": 128,
  "seed": 21,
  "start_skew_us": 4.000000,
  "tau_g_ns": 143.360000,
  "grain_bytes": 7168,
  "total_tokens": 131072,
  "max_egress_load": 93,
  "konig_us": 26.234880,
  "rtt_us": 0.600000,
  "barrier_us": 0.800000,
  "cct_us": 35.223038,
  "step_us": 57.819913,
  "gemv_us": 21.796875,
  "e2e_us": 57.019913,
  "throughput_GBs": 16249.144193,
  "latency_all": {
    "count": 131072,
    "mean_us": 8.482699,
    "p50_us": 8.414878,
    "p99_us": 15.040094,
    "min_us": 1.188562,
    "max_us": 18.216529
  },
  "latency_hot": {
    "count": 12372,
    "mean_us": 8.355960,
    "p50_us": 8.307704,
    "p99_us": 15.162815,
    "min_us": 1.509017,
    "max_us": 16.596831
  },
  "latency_cold": {
    "count": 65302,
    "mean_us": 8.431094,
    "p50_us": 8.365822,
    "p99_us": 14.952162,
    "min_us": 1.207435,
    "max_us": 18.216529
  },
  "dispatch_cct_us": 18.216529,
  "combine_cct_us": 17.006509,
  "roundtrip_step_us": 36.023038,
  "e2e_step_us": 57.819913
}
