{
  "scenario": 1,
  "scheme": "ub_rg",
  "mode": "roundtrip",
  "batch": 128,
  "zipf_s": 0.700000,
  "topk": 8,
  "ep_size": 128,
  "seed": 53,
  "start_skew_us": 4.000000,
  "tau_g_ns": 143.360000,
  "grain_bytes": 7168,
  "total_tokens": 262144,
  "max_egress_load": 1132,
  "konig_us": 320.122880,
  "rtt_us": 0.600000,
  "barrier_us": 0.800000,
  "cct_us": 352.925453,
  "step_us": 697.631703,
  "gemv_us": 343.906250,
  "e2e_us": 696.831703,
  "throughput_GBs": 2693.467317,
  "latency_all": {
    "count": 262144,
    "mean_us": 31.557307,
    "p50_us": 19.206643,
    "p99_us": 134.307870,
    "min_us": 1.235645,
    "max_us": 182.970714
  },
  "latency_hot": {
    "count": 89878,
    "mean_us": 54.009479,
    "p50_us": 45.859465,
    "p99_us": 159.779358,
    "min_us": 2.168880,
    "max_us": 182.970714
  },
  "latency_cold": {
    "count": 64710,
    "mean_us": 15.966022,
    "p50_us": 15.884555,
    "p99_us": 28.744119,
    "min_us": 1.235645,
    "max_us": 34.785239
  },
  "dispatch_cct_us": 182.970714,
  "combine_cct_us": 169.954740,
  "roundtrip_step_us": 353.725453,
  "e2e_step_us": 697.631703
}
