{
  "scenario": 2,
  "scheme": "ub_rg_pop",
  "mode": "roundtrip",
  "batch": 64,
  "zipf_s": 0.300000,
  "topk": 8,
  "ep_size": 256,
  "seed": 27,
  "tau_g_ns": 143.360000,
  "grain_bytes": 7168,
  "total_tokens": 262144,
  "max_egress_load": 252,
  "konig_us": 68.812800,
  "rtt_us": 1.650000,
  "barrier_us": 2.400000,
  "cct_us": 77.447496,
  "step_us": 79.847496,
  "throughput_GBs": 23532.963281,
  "latency_all": {
    "count": 262144,
    "mean_us": 8.879564,
    "p50_us": 7.087248,
    "p99_us": 21.685537,
    "min_us": 2.593366,
    "max_us": 38.778454
  },
  "latency_hot": {
    "count": 48462,
    "mean_us": 13.042804,
    "p50_us": 12.532284,
    "p99_us": 31.100117,
    "min_us": 2.593366,
    "max_us": 38.778454
  },
  "latency_cold": {
    "count": 102472,
    "mean_us": 7.170583,
    "p50_us": 7.098220,
    "p99_us": 12.493328,
    "min_us": 2.593675,
    "max_us": 15.381027
  },
  "dispatch_cct_us": 38.778454,
  "combine_cct_us": 38.669042,
  "roundtrip_step_us": 79.847496
}
