{
  "scenario": 1,
  "scheme": "islip",
  "mode": "roundtrip",
  "batch": 16,
  "zipf_s": 0.700000,
  "topk": 8,
  "ep_size": 128,
  "seed": 66,
  "start_skew_us": 4.000000,
  "tau_g_ns": 143.360000,
  "grain_bytes": 7168,
  "total_tokens": 32768,
  "max_egress_load": 152,
  "konig_us": 41.717760,
  "rtt_us": 0.600000,
  "barrier_us": 0.800000,
  "cct_us": 76.565291,
  "step_us": 120.724666,
  "gemv_us": 43.359375,
  "e2e_us": 119.924666,
  "throughput_GBs": 1945.592653,
  "latency_all": {
    "count": 32768,
    "mean_us": 13.926754,
    "p50_us": 13.682760,
    "p99_us": 28.596994,
    "min_us": 1.145121,
    "max_us": 44.044067
  },
  "latency_hot": {
    "count": 11418,
    "mean_us": 16.755531,
    "p50_us": 16.787619,
    "p99_us": 30.899829,
    "min_us": 1.156360,
    "max_us": 44.044067
  },
  "latency_cold": {
    "count": 8056,
    "mean_us": 11.819199,
    "p50_us": 11.531468,
    "p99_us": 23.150617,
    "min_us": 1.145121,
    "max_us": 25.874373
  },
  "dispatch_cct_us": 44.044067,
  "combine_cct_us": 32.521224,
  "roundtrip_step_us": 77.365291,
  "e2e_step_us": 120.724666
}
