{
  "scenario": 1,
  "scheme": "packet_spray",
  "mode": "roundtrip",
  "batch": 16,
  "zipf_s": 0.300000,
  "topk": 8,
  "ep_size": 32,
  "seed": 46,
  "start_skew_us": 4.000000,
  "tau_g_ns": 143.360000,
  "grain_bytes": 7168,
  "total_tokens": 8192,
  "max_egress_load": 36,
  "konig_us": 9.175040,
  "rtt_us": 0.000000,
  "barrier_us": 4.000000,
  "cct_us": 36.556739,
  "step_us": 49.111426,
  "gemv_us": 8.554688,
  "e2e_us": 45.111426,
  "throughput_GBs": 1195.653647,
  "latency_all": {
    "count": 8192,
    "mean_us": 12.270166,
    "p50_us": 12.770238,
    "p99_us": 17.157157,
    "min_us": 1.623743,
    "max_us": 18.396061
  },
  "latency_hot": {
    "count": 1224,
    "mean_us": 9.714963,
    "p50_us": 8.542231,
    "p99_us": 17.249181,
    "min_us": 1.685638,
    "max_us": 18.396061
  },
  "latency_cold": {
    "count": 3338,
    "mean_us": 13.548292,
    "p50_us": 14.060478,
    "p99_us": 17.300517,
    "min_us": 1.623743,
    "max_us": 18.160677
  },
  "dispatch_cct_us": 18.396061,
  "combine_cct_us": 18.160677,
  "roundtrip_step_us": 40.556739,
  "e2e_step_us": 49.111426
}
