{
  "scenario": 3,
  "scheme": "ub_rg_pop",
  "mode": "roundtrip",
  "batch": 256,
  "zipf_s": 0.000000,
  "topk": 8,
  "ep_size": 1024,
  "seed": 63,
  "tau_g_ns": 143.360000,
  "grain_bytes": 7168,
  "total_tokens": 4194304,
  "max_egress_load": 328,
  "konig_us": 92.180480,
  "rtt_us": 1.650000,
  "barrier_us": 2.400000,
  "cct_us": 109.042420,
  "step_us": 111.442420,
  "throughput_GBs": 269778.518434,
  "latency_all": {
    "count": 4194304,
    "mean_us": 24.980048,
    "p50_us": 18.296185,
    "p99_us": 50.076022,
    "min_us": 2.593376,
    "max_us": 59.372967
  },
  "latency_hot": {
    "count": 417602,
    "mean_us": 24.971206,
    "p50_us": 27.267757,
    "p99_us": 49.087234,
    "min_us": 2.593835,
    "max_us": 58.750815
  },
  "latency_cold": {
    "count": 2098102,
    "mean_us": 24.991028,
    "p50_us": 15.500216,
    "p99_us": 48.184800,
    "min_us": 2.593384,
    "max_us": 59.372967
  },
  "dispatch_cct_us": 59.372967,
  "combine_cct_us": 49.669453,
  "roundtrip_step_us": 111.442420
}
