{
  "scenario": 1,
  "scheme": "islip",
  "mode": "roundtrip",
  "batch": 64,
  "zipf_s": 0.900000,
  "topk": 8,
  "ep_size": 64,
  "seed": 32,
  "start_skew_us": 4.000000,
  "tau_g_ns": 143.360000,
  "grain_bytes": 7168,
  "total_tokens": 65536,
  "max_egress_load": 432,
  "konig_us": 122.572800,
  "rtt_us": 0.600000,
  "barrier_us": 0.800000,
  "cct_us": 132.136206,
  "step_us": 264.967456,
  "gemv_us": 132.031250,
  "e2e_us": 264.167456,
  "throughput_GBs": 1772.904698,
  "latency_all": {
    "count": 65536,
    "mean_us": 13.633113,
    "p50_us": 8.763926,
    "p99_us": 58.194601,
    "min_us": 1.242747,
    "max_us": 66.614856
  },
  "latency_hot": {
    "count": 24272,
    "mean_us": 23.824235,
    "p50_us": 21.367801,
    "p99_us": 62.068711,
    "min_us": 1.372893,
    "max_us": 66.614856
  },
  "latency_cold": {
    "count": 13910,
    "mean_us": 5.541965,
    "p50_us": 5.494911,
    "p99_us": 9.890392,
    "min_us": 1.245277,
    "max_us": 11.720695
  },
  "dispatch_cct_us": 66.614856,
  "combine_cct_us": 65.521351,
  "roundtrip_step_us": 132.936206,
  "e2e_step_us": 264.967456
}
