{
  "scenario": 1,
  "scheme": "ub_rg_pop",
  "mode": "roundtrip",
  "batch": 64,
  "zipf_s": 0.000000,
  "topk": 8,
  "ep_size": 64,
  "seed": 35,
  "start_skew_us": 4.000000,
  "tau_g_ns": 143.360000,
  "grain_bytes": 7168,
  "total_tokens": 65536,
  "max_egress_load": 90,
  "konig_us": 25.374720,
  "rtt_us": 0.900000,
  "barrier_us": 0.800000,
  "cct_us": 68.342883,
  "step_us": 91.525696,
  "gemv_us": 22.382812,
  "e2e_us": 90.725696,
  "throughput_GBs": 5132.570091,
  "latency_all": {
    "count": 65536,
    "mean_us": 16.748781,
    "p50_us": 16.704158,
    "p99_us": 29.056415,
    "min_us": 1.480738,
    "max_us": 34.771135
  },
  "latency_hot": {
    "count": 6092,
    "mean_us": 17.731567,
    "p50_us": 17.529788,
    "p99_us": 31.386074,
    "min_us": 2.459132,
    "max_us": 34.771135
  },
  "latency_cold": {
    "count": 33008,
    "mean_us": 16.558019,
    "p50_us": 16.698032,
    "p99_us": 28.677294,
    "min_us": 1.480738,
    "max_us": 33.571748
  },
  "dispatch_cct_us": 33.571748,
  "combine_cct_us": 34.771135,
  "roundtrip_step_us": 69.142883,
  "e2e_step_us": 91.525696
}
