{
  "scenario": 4,
  "scheme": "ub_rg",
  "mode": "roundtrip",
  "batch": 128,
  "zipf_s": 0.700000,
  "topk": 8,
  "ep_size": 256,
  "seed": 44,
  "start_skew_us": 4.000000,
  "tau_g_ns": 143.360000,
  "grain_bytes": 7168,
  "total_tokens": 524288,
  "max_egress_load": 1962,
  "konig_us": 538.890240,
  "rtt_us": 0.800000,
  "barrier_us": 1.600000,
  "cct_us": 568.202657,
  "step_us": 1131.247969,
  "gemv_us": 561.445312,
  "e2e_us": 1129.647969,
  "throughput_GBs": 3322.080115,
  "latency_all": {
    "count": 524288,
    "mean_us": 30.102339,
    "p50_us": 12.700469,
    "p99_us": 58.979339,
    "min_us": 1.226102,
    "max_us": 284.867807
  },
  "latency_hot": {
    "count": 202792,
    "mean_us": 58.194708,
    "p50_us": 40.457001,
    "p99_us": 226.699992,
    "min_us": 1.418834,
    "max_us": 284.867807
  },
  "latency_cold": {
    "count": 120490,
    "mean_us": 8.769847,
    "p50_us": 8.614219,
    "p99_us": 16.225820,
    "min_us": 1.261098,
    "max_us": 28.744198
  },
  "dispatch_cct_us": 284.867807,
  "combine_cct_us": 283.334850,
  "roundtrip_step_us": 569.802657,
  "e2e_step_us": 1131.247969
}
