{
  "scenario": 1,
  "scheme": "ub_rg_pop",
  "mode": "roundtrip",
  "batch": 256,
  "zipf_s": 0.000000,
  "topk": 8,
  "ep_size": 32,
  "seed": 84,
  "tau_g_ns": 143.360000,
  "grain_bytes": 7168,
  "total_tokens": 131072,
  "max_egress_load": 292,
  "konig_us": 83.005440,
  "rtt_us": 0.900000,
  "barrier_us": 0.800000,
  "cct_us": 86.400357,
  "step_us": 87.200357,
  "throughput_GBs": 10774.314751,
  "latency_all": {
    "count": 131072,
    "mean_us": 20.081753,
    "p50_us": 19.978423,
    "p99_us": 39.801271,
    "min_us": 1.444766,
    "max_us": 43.201713
  },
  "latency_hot": {
    "count": 12162,
    "mean_us": 19.863511,
    "p50_us": 19.774733,
    "p99_us": 39.021736,
    "min_us": 1.449417,
    "max_us": 41.808193
  },
  "latency_cold": {
    "count": 65582,
    "mean_us": 20.097918,
    "p50_us": 19.989461,
    "p99_us": 39.867053,
    "min_us": 1.451390,
    "max_us": 43.021512
  },
  "dispatch_cct_us": 43.201713,
  "combine_cct_us": 43.198645,
  "roundtrip_step_us": 87.200357
}
