{
  "scenario": 2,
  "scheme": "ub_rg_pop",
  "mode": "roundtrip",
  "batch": 16,
  "zipf_s": 0.900000,
  "topk": 8,
  "ep_size": 256,
  "seed": 40,
  "tau_g_ns": 143.360000,
  "grain_bytes": 7168,
  "total_tokens": 65536,
  "max_egress_load": 362,
  "konig_us": 102.215680,
  "rtt_us": 1.650000,
  "barrier_us": 2.400000,
  "cct_us": 108.861409,
  "step_us": 111.261409,
  "throughput_GBs": 4222.147229,
  "latency_all": {
    "count": 65536,
    "mean_us": 8.974655,
    "p50_us": 5.100975,
    "p99_us": 47.014742,
    "min_us": 2.593431,
    "max_us": 54.443889
  },
  "latency_hot": {
    "count": 33426,
    "mean_us": 13.863147,
    "p50_us": 9.650491,
    "p99_us": 49.964353,
    "min_us": 2.593529,
    "max_us": 54.443889
  },
  "latency_cold": {
    "count": 10576,
    "mean_us": 3.228286,
    "p50_us": 3.189707,
    "p99_us": 4.220111,
    "min_us": 2.593622,
    "max_us": 4.814815
  },
  "dispatch_cct_us": 54.417519,
  "combine_cct_us": 54.443889,
  "roundtrip_step_us": 111.261409
}
