{
  "scenario": 3,
  "scheme": "ub_rg_pop",
  "mode": "roundtrip",
  "batch": 16,
  "zipf_s": 0.900000,
  "topk": 8,
  "ep_size": 1024,
  "seed": 19,
  "tau_g_ns": 143.360000,
  "grain_bytes": 7168,
  "total_tokens": 262144,
  "max_egress_load": 1198,
  "konig_us": 335.605760,
  "rtt_us": 1.650000,
  "barrier_us": 2.400000,
  "cct_us": 348.704600,
  "step_us": 351.104600,
  "throughput_GBs": 5351.818777,
  "latency_all": {
    "count": 262144,
    "mean_us": 17.204647,
    "p50_us": 4.518350,
    "p99_us": 130.613599,
    "min_us": 2.593383,
    "max_us": 174.360350
  },
  "latency_hot": {
    "count": 154518,
    "mean_us": 26.554597,
    "p50_us": 11.964427,
    "p99_us": 152.616836,
    "min_us": 2.593765,
    "max_us": 174.360350
  },
  "latency_cold": {
    "count": 34530,
    "mean_us": 3.140996,
    "p50_us": 3.089007,
    "p99_us": 4.040751,
    "min_us": 2.593383,
    "max_us": 4.927829
  },
  "dispatch_cct_us": 174.360350,
  "combine_cct_us": 174.344250,
  "roundtrip_step_us": 351.104600
}
