{
  "scenario": 4,
  "scheme": "packet_spray",
  "mode": "roundtrip",
  "batch": 128,
  "zipf_s": 0.300000,
  "topk": 8,
  "ep_size": 512,
  "seed": 96,
  "start_skew_us": 4.000000,
  "tau_g_ns": 143.360000,
  "grain_bytes": 7168,
  "total_tokens": 1048576,
  "max_egress_load": 672,
  "konig_us": 179.056640,
  "rtt_us": 0.000000,
  "barrier_us": 6.000000,
  "cct_us": 221.520987,
  "step_us": 407.560050,
  "gemv_us": 180.039062,
  "e2e_us": 401.560050,
  "throughput_GBs": 18441.927204,
  "latency_all": {
    "count": 1048576,
    "mean_us": 39.455340,
    "p50_us": 22.965744,
    "p99_us": 44.327097,
    "min_us": 0.352594,
    "max_us": 114.344092
  },
  "latency_hot": {
    "count": 201510,
    "mean_us": 40.279657,
    "p50_us": 37.915507,
    "p99_us": 87.416510,
    "min_us": 0.402787,
    "max_us": 107.176895
  },
  "latency_cold": {
    "count": 408028,
    "mean_us": 40.441115,
    "p50_us": 25.977017,
    "p99_us": 35.475641,
    "min_us": 0.352594,
    "max_us": 114.344092
  },
  "dispatch_cct_us": 107.176895,
  "combine_cct_us": 114.344092,
  "roundtrip_step_us": 227.520987,
  "e2e_step_us": 407.560050
}
