{
  "scenario": 1,
  "scheme": "packet_spray",
  "mode": "roundtrip",
  "batch": 64,
  "zipf_s": 0.900000,
  "topk": 8,
  "ep_size": 64,
  "seed": 81,
  "start_skew_us": 4.000000,
  "tau_g_ns": 143.360000,
  "grain_bytes": 7168,
  "total_tokens": 65536,
  "max_egress_load": 448,
  "konig_us": 124.293120,
  "rtt_us": 0.000000,
  "barrier_us": 4.000000,
  "cct_us": 172.751227,
  "step_us": 307.610602,
  "gemv_us": 130.859375,
  "e2e_us": 303.610602,
  "throughput_GBs": 1527.132176,
  "latency_all": {
    "count": 65536,
    "mean_us": 40.621106,
    "p50_us": 38.422074,
    "p99_us": 79.566394,
    "min_us": 6.713652,
    "max_us": 96.196154
  },
  "latency_hot": {
    "count": 24046,
    "mean_us": 45.043133,
    "p50_us": 45.303354,
    "p99_us": 87.594554,
    "min_us": 7.742273,
    "max_us": 96.196154
  },
  "latency_cold": {
    "count": 13966,
    "mean_us": 36.716132,
    "p50_us": 32.113473,
    "p99_us": 74.117953,
    "min_us": 6.713652,
    "max_us": 76.555073
  },
  "dispatch_cct_us": 96.196154,
  "combine_cct_us": 76.555073,
  "roundtrip_step_us": 176.751227,
  "e2e_step_us": 307.610602
}
