{
  "scenario": 1,
  "scheme": "packet_spray",
  "mode": "roundtrip",
  "batch": 256,
  "zipf_s": 0.900000,
  "topk": 8,
  "ep_size": 32,
  "seed": 38,
  "start_skew_us": 4.000000,
  "tau_g_ns": 143.360000,
  "grain_bytes": 7168,
  "total_tokens": 131072,
  "max_egress_load": 965,
  "konig_us": 270.663680,
  "rtt_us": 0.000000,
  "barrier_us": 4.000000,
  "cct_us": 355.271554,
  "step_us": 647.709054,
  "gemv_us": 288.437500,
  "e2e_us": 643.709054,
  "throughput_GBs": 1450.534142,
  "latency_all": {
    "count": 131072,
    "mean_us": 81.212381,
    "p50_us": 72.370279,
    "p99_us": 163.912475,
    "min_us": 7.284839,
    "max_us": 182.405915
  },
  "latency_hot": {
    "count": 36416,
    "mean_us": 87.518817,
    "p50_us": 87.960396,
    "p99_us": 168.241996,
    "min_us": 7.284839,
    "max_us": 182.405915
  },
  "latency_cold": {
    "count": 33368,
    "mean_us": 78.138260,
    "p50_us": 60.471399,
    "p99_us": 167.131239,
    "min_us": 11.090715,
    "max_us": 172.865639
  },
  "dispatch_cct_us": 182.405915,
  "combine_cct_us": 172.865639,
  "roundtrip_step_us": 359.271554,
  "e2e_step_us": 647.709054
}
