{
  "scenario": 4,
  "scheme": "ub_rg_pop",
  "mode": "roundtrip",
  "batch": 512,
  "zipf_s": 0.300000,
  "topk": 8,
  "ep_size": 512,
  "seed": 10,
  "start_skew_us": 4.000000,
  "tau_g_ns": 143.360000,
  "grain_bytes": 7168,
  "total_tokens": 4194304,
  "max_egress_load": 2505,
  "konig_us": 688.271360,
  "rtt_us": 1.200000,
  "barrier_us": 1.600000,
  "cct_us": 727.638131,
  "step_us": 1446.660006,
  "gemv_us": 717.421875,
  "e2e_us": 1445.060006,
  "throughput_GBs": 20782.195498,
  "latency_all": {
    "count": 4194304,
    "mean_us": 49.011155,
    "p50_us": 22.090455,
    "p99_us": 160.803477,
    "min_us": 1.559653,
    "max_us": 364.442476
  },
  "latency_hot": {
    "count": 809014,
    "mean_us": 84.243051,
    "p50_us": 45.521162,
    "p99_us": 160.865646,
    "min_us": 1.797237,
    "max_us": 364.442476
  },
  "latency_cold": {
    "count": 1626708,
    "mean_us": 35.068929,
    "p50_us": 16.694337,
    "p99_us": 65.027919,
    "min_us": 1.564821,
    "max_us": 122.717628
  },
  "dispatch_cct_us": 364.442476,
  "combine_cct_us": 363.195655,
  "roundtrip_step_us": 729.238131,
  "e2e_step_us": 1446.660006
}
