{
  "scenario": 1,
  "scheme": "ub_rg_pop",
  "mode": "roundtrip",
  "batch": 16,
  "zipf_s": 0.700000,
  "topk": 8,
  "ep_size": 64,
  "seed": 36,
  "start_skew_us": 4.000000,
  "tau_g_ns": 143.360000,
  "grain_bytes": 7168,
  "total_tokens": 16384,
  "max_egress_load": 90,
  "konig_us": 25.088000,
  "rtt_us": 0.900000,
  "barrier_us": 0.800000,
  "cct_us": 34.897254,
  "step_us": 62.025379,
  "gemv_us": 26.328125,
  "e2e_us": 61.225379,
  "throughput_GBs": 1893.426768,
  "latency_all": {
    "count": 16384,
    "mean_us": 5.843475,
    "p50_us": 5.404292,
    "p99_us": 14.632315,
    "min_us": 1.622533,
    "max_us": 17.794684
  },
  "latency_hot": {
    "count": 4872,
    "mean_us": 8.093391,
    "p50_us": 7.736926,
    "p99_us": 15.917363,
    "min_us": 1.676536,
    "max_us": 17.794684
  },
  "latency_cold": {
    "count": 4472,
    "mean_us": 4.405502,
    "p50_us": 4.464430,
    "p99_us": 6.850499,
    "min_us": 1.622533,
    "max_us": 7.953575
  },
  "dispatch_cct_us": 17.794684,
  "combine_cct_us": 17.102570,
  "roundtrip_step_us": 35.697254,
  "e2e_step_us": 62.025379
}
