{
  "scenario": 1,
  "scheme": "ub_rg_pop",
  "mode": "roundtrip",
  "batch": 256,
  "zipf_s": 0.000000,
  "topk": 8,
  "ep_size": 64,
  "seed": 34,
  "start_skew_us": 4.000000,
  "tau_g_ns": 143.360000,
  "grain_bytes": 7168,
  "total_tokens": 262144,
  "max_egress_load": 315,
  "konig_us": 88.739840,
  "rtt_us": 0.900000,
  "barrier_us": 0.800000,
  "cct_us": 121.526267,
  "step_us": 206.310642,
  "gemv_us": 83.984375,
  "e2e_us": 205.510642,
  "throughput_GBs": 9107.858769,
  "latency_all": {
    "count": 262144,
    "mean_us": 30.300840,
    "p50_us": 25.807983,
    "p99_us": 52.112998,
    "min_us": 1.510964,
    "max_us": 62.247691
  },
  "latency_hot": {
    "count": 24794,
    "mean_us": 30.549208,
    "p50_us": 30.454573,
    "p99_us": 53.441407,
    "min_us": 2.137411,
    "max_us": 62.191101
  },
  "latency_cold": {
    "count": 131178,
    "mean_us": 30.037827,
    "p50_us": 29.911931,
    "p99_us": 53.244359,
    "min_us": 1.510964,
    "max_us": 62.247691
  },
  "dispatch_cct_us": 59.278577,
  "combine_cct_us": 62.247691,
  "roundtrip_step_us": 122.326267,
  "e2e_step_us": 206.310642
}
