{
  "scenario": 1,
  "scheme": "ub_rg_pop",
  "mode": "roundtrip",
  "batch": 64,
  "zipf_s": 0.900000,
  "topk": 8,
  "ep_size": 128,
  "seed": 89,
  "start_skew_us": 4.000000,
  "tau_g_ns": 143.360000,
  "grain_bytes": 7168,
  "total_tokens": 131072,
  "max_egress_load": 792,
  "konig_us": 224.215040,
  "rtt_us": 0.900000,
  "barrier_us": 0.800000,
  "cct_us": 235.968128,
  "step_us": 477.744691,
  "gemv_us": 240.976562,
  "e2e_us": 476.944691,
  "throughput_GBs": 1966.581971,
  "latency_all": {
    "count": 131072,
    "mean_us": 19.477102,
    "p50_us": 10.578586,
    "p99_us": 102.933774,
    "min_us": 1.490319,
    "max_us": 118.189169
  },
  "latency_hot": {
    "count": 57736,
    "mean_us": 33.813612,
    "p50_us": 26.110097,
    "p99_us": 109.519755,
    "min_us": 1.913939,
    "max_us": 118.189169
  },
  "latency_cold": {
    "count": 24080,
    "mean_us": 5.792738,
    "p50_us": 5.720480,
    "p99_us": 9.918622,
    "min_us": 1.490319,
    "max_us": 12.567443
  },
  "dispatch_cct_us": 117.778959,
  "combine_cct_us": 118.189169,
  "roundtrip_step_us": 236.768128,
  "e2e_step_us": 477.744691
}
