{
  "scenario": 1,
  "scheme": "ub_rg_pop",
  "mode": "roundtrip",
  "batch": 16,
  "zipf_s": 0.000000,
  "topk": 8,
  "ep_size": 64,
  "seed": 67,
  "start_skew_us": 4.000000,
  "tau_g_ns": 143.360000,
  "grain_bytes": 7168,
  "total_tokens": 16384,
  "max_egress_load": 27,
  "konig_us": 7.741440,
  "rtt_us": 0.900000,
  "barrier_us": 0.800000,
  "cct_us": 47.950529,
  "step_us": 54.648967,
  "gemv_us": 5.898438,
  "e2e_us": 53.848967,
  "throughput_GBs": 2148.997840,
  "latency_all": {
    "count": 16384,
    "mean_us": 13.009701,
    "p50_us": 13.176428,
    "p99_us": 22.940522,
    "min_us": 1.458902,
    "max_us": 26.159079
  },
  "latency_hot": {
    "count": 1590,
    "mean_us": 11.282112,
    "p50_us": 10.560137,
    "p99_us": 19.611500,
    "min_us": 1.476557,
    "max_us": 21.598384
  },
  "latency_cold": {
    "count": 8158,
    "mean_us": 12.772733,
    "p50_us": 13.303723,
    "p99_us": 19.836906,
    "min_us": 1.458902,
    "max_us": 21.791451
  },
  "dispatch_cct_us": 21.791451,
  "combine_cct_us": 26.159079,
  "roundtrip_step_us": 48.750529,
  "e2e_step_us": 54.648967
}
