{
  "scenario": 1,
  "scheme": "ub_rg_pop",
  "mode": "roundtrip",
  "batch": 128,
  "zipf_s": 0.900000,
  "topk": 8,
  "ep_size": 64,
  "seed": 52,
  "start_skew_us": 4.000000,
  "tau_g_ns": 143.360000,
  "grain_bytes": 7168,
  "total_tokens": 131072,
  "max_egress_load": 856,
  "konig_us": 243.281920,
  "rtt_us": 0.900000,
  "barrier_us": 0.800000,
  "cct_us": 277.660604,
  "step_us": 541.194979,
  "gemv_us": 262.734375,
  "e2e_us": 540.394979,
  "throughput_GBs": 1736.017760,
  "latency_all": {
    "count": 131072,
    "mean_us": 33.193277,
    "p50_us": 24.265439,
    "p99_us": 120.691254,
    "min_us": 1.473636,
    "max_us": 143.646252
  },
  "latency_hot": {
    "count": 48180,
    "mean_us": 53.635236,
    "p50_us": 48.941284,
    "p99_us": 128.510605,
    "min_us": 2.514075,
    "max_us": 143.646252
  },
  "latency_cold": {
    "count": 27686,
    "mean_us": 17.314788,
    "p50_us": 17.235207,
    "p99_us": 28.397968,
    "min_us": 2.327805,
    "max_us": 34.517694
  },
  "dispatch_cct_us": 143.646252,
  "combine_cct_us": 134.014352,
  "roundtrip_step_us": 278.460604,
  "e2e_step_us": 541.194979
}
