{
  "scenario": 1,
  "scheme": "packet_spray",
  "mode": "roundtrip",
  "batch": 64,
  "zipf_s": 0.300000,
  "topk": 8,
  "ep_size": 32,
  "seed": 78,
  "tau_g_ns": 143.360000,
  "grain_bytes": 7168,
  "total_tokens": 32768,
  "max_egress_load": 127,
  "konig_us": 34.979840,
  "rtt_us": 0.000000,
  "barrier_us": 4.000000,
  "cct_us": 52.396320,
  "step_us": 56.396320,
  "throughput_GBs": 4164.828911,
  "latency_all": {
    "count": 32768,
    "mean_us": 13.047256,
    "p50_us": 12.865680,
    "p99_us": 23.904400,
    "min_us": 0.536720,
    "max_us": 26.198160
  },
  "latency_hot": {
    "count": 4970,
    "mean_us": 12.391640,
    "p50_us": 12.578960,
    "p99_us": 24.191120,
    "min_us": 0.536720,
    "max_us": 26.198160
  },
  "latency_cold": {
    "count": 13710,
    "mean_us": 13.824488,
    "p50_us": 13.152400,
    "p99_us": 24.621200,
    "min_us": 0.536720,
    "max_us": 26.198160
  },
  "dispatch_cct_us": 26.198160,
  "combine_cct_us": 26.198160,
  "roundtrip_step_us": 56.396320
}
