{
  "scenario": 1,
  "scheme": "packet_spray",
  "mode": "roundtrip",
  "batch": 16,
  "zipf_s": 0.700000,
  "topk": 8,
  "ep_size": 128,
  "seed": 70,
  "start_skew_us": 4.000000,
  "tau_g_ns": 143.360000,
  "grain_bytes": 7168,
  "total_tokens": 32768,
  "max_egress_load": 149,
  "konig_us": 40.570880,
  "rtt_us": 0.000000,
  "barrier_us": 4.000000,
  "cct_us": 50.852734,
  "step_us": 96.571484,
  "gemv_us": 41.718750,
  "e2e_us": 92.571484,
  "throughput_GBs": 2432.198554,
  "latency_all": {
    "count": 32768,
    "mean_us": 10.311150,
    "p50_us": 8.107278,
    "p99_us": 23.266026,
    "min_us": 0.556515,
    "max_us": 26.153108
  },
  "latency_hot": {
    "count": 11172,
    "mean_us": 11.237467,
    "p50_us": 10.114318,
    "p99_us": 22.425748,
    "min_us": 0.584556,
    "max_us": 26.153108
  },
  "latency_cold": {
    "count": 8112,
    "mean_us": 9.785860,
    "p50_us": 6.499910,
    "p99_us": 23.839466,
    "min_us": 0.584556,
    "max_us": 24.699626
  },
  "dispatch_cct_us": 26.153108,
  "combine_cct_us": 24.699626,
  "roundtrip_step_us": 54.852734,
  "e2e_step_us": 96.571484
}
