{
  "scenario": 1,
  "scheme": "ub_rg_pop",
  "mode": "roundtrip",
  "batch": 64,
  "zipf_s": 0.700000,
  "topk": 8,
  "ep_size": 32,
  "seed": 56,
  "tau_g_ns": 143.360000,
  "grain_bytes": 7168,
  "total_tokens": 32768,
  "max_egress_load": 209,
  "konig_us": 58.777600,
  "rtt_us": 0.900000,
  "barrier_us": 0.800000,
  "cct_us": 62.752084,
  "step_us": 63.552084,
  "throughput_GBs": 3695.882313,
  "latency_all": {
    "count": 32768,
    "mean_us": 7.981115,
    "p50_us": 6.335209,
    "p99_us": 27.279680,
    "min_us": 1.444441,
    "max_us": 31.381615
  },
  "latency_hot": {
    "count": 7848,
    "mean_us": 13.691071,
    "p50_us": 13.320920,
    "p99_us": 29.776116,
    "min_us": 1.450487,
    "max_us": 31.381615
  },
  "latency_cold": {
    "count": 9918,
    "mean_us": 4.557397,
    "p50_us": 4.429443,
    "p99_us": 8.705364,
    "min_us": 1.447182,
    "max_us": 10.084368
  },
  "dispatch_cct_us": 31.370469,
  "combine_cct_us": 31.381615,
  "roundtrip_step_us": 63.552084
}
