{
  "scenario": 1,
  "scheme": "islip",
  "mode": "roundtrip",
  "batch": 16,
  "zipf_s": 0.700000,
  "topk": 8,
  "ep_size": 128,
  "seed": 40,
  "start_skew_us": 4.000000,
  "tau_g_ns": 143.360000,
  "grain_bytes": 7168,
  "total_tokens": 32768,
  "max_egress_load": 150,
  "konig_us": 41.144320,
  "rtt_us": 0.600000,
  "barrier_us": 0.800000,
  "cct_us": 70.734821,
  "step_us": 114.269196,
  "gemv_us": 42.734375,
  "e2e_us": 113.469196,
  "throughput_GBs": 2055.506055,
  "latency_all": {
    "count": 32768,
    "mean_us": 12.815981,
    "p50_us": 12.292827,
    "p99_us": 28.660391,
    "min_us": 1.162107,
    "max_us": 37.570756
  },
  "latency_hot": {
    "count": 11484,
    "mean_us": 15.174248,
    "p50_us": 14.478364,
    "p99_us": 31.101527,
    "min_us": 1.162107,
    "max_us": 37.570756
  },
  "latency_cold": {
    "count": 8076,
    "mean_us": 11.013623,
    "p50_us": 11.267310,
    "p99_us": 19.863818,
    "min_us": 1.245833,
    "max_us": 23.782971
  },
  "dispatch_cct_us": 37.570756,
  "combine_cct_us": 33.164065,
  "roundtrip_step_us": 71.534821,
  "e2e_step_us": 114.269196
}
