{
  "scenario": 1,
  "scheme": "packet_spray",
  "mode": "roundtrip",
  "batch": 128,
  "zipf_s": 0.700000,
  "topk": 8,
  "ep_size": 64,
  "seed": 26,
  "start_skew_us": 4.000000,
  "tau_g_ns": 143.360000,
  "grain_bytes": 7168,
  "total_tokens": 131072,
  "max_egress_load": 701,
  "konig_us": 195.112960,
  "rtt_us": 0.000000,
  "barrier_us": 4.000000,
  "cct_us": 231.520920,
  "step_us": 441.731858,
  "gemv_us": 206.210938,
  "e2e_us": 437.731858,
  "throughput_GBs": 2126.910432,
  "latency_all": {
    "count": 131072,
    "mean_us": 45.398992,
    "p50_us": 36.109330,
    "p99_us": 106.243689,
    "min_us": 1.447529,
    "max_us": 118.252591
  },
  "latency_hot": {
    "count": 39476,
    "mean_us": 50.361706,
    "p50_us": 48.326249,
    "p99_us": 104.920111,
    "min_us": 1.447529,
    "max_us": 118.252591
  },
  "latency_cold": {
    "count": 34926,
    "mean_us": 43.633752,
    "p50_us": 27.957158,
    "p99_us": 109.254249,
    "min_us": 1.700911,
    "max_us": 113.268329
  },
  "dispatch_cct_us": 118.252591,
  "combine_cct_us": 113.268329,
  "roundtrip_step_us": 235.520920,
  "e2e_step_us": 441.731858
}
