{
  "scenario": 1,
  "scheme": "packet_spray",
  "mode": "roundtrip",
  "batch": 512,
  "zipf_s": 0.900000,
  "topk": 8,
  "ep_size": 32,
  "seed": 29,
  "start_skew_us": 4.000000,
  "tau_g_ns": 143.360000,
  "grain_bytes": 7168,
  "total_tokens": 262144,
  "max_egress_load": 1913,
  "konig_us": 537.886720,
  "rtt_us": 0.000000,
  "barrier_us": 4.000000,
  "cct_us": 667.762572,
  "step_us": 1246.254760,
  "gemv_us": 574.492188,
  "e2e_us": 1242.254760,
  "throughput_GBs": 1507.756080,
  "latency_all": {
    "count": 262144,
    "mean_us": 145.533127,
    "p50_us": 114.844108,
    "p99_us": 293.911454,
    "min_us": 0.685038,
    "max_us": 337.437678
  },
  "latency_hot": {
    "count": 72764,
    "mean_us": 157.730813,
    "p50_us": 158.524398,
    "p99_us": 315.360238,
    "min_us": 0.685038,
    "max_us": 337.437678
  },
  "latency_cold": {
    "count": 66606,
    "mean_us": 140.777937,
    "p50_us": 102.515148,
    "p99_us": 320.002974,
    "min_us": 0.685038,
    "max_us": 330.324894
  },
  "dispatch_cct_us": 337.437678,
  "combine_cct_us": 330.324894,
  "roundtrip_step_us": 671.762572,
  "e2e_step_us": 1246.254760
}
