{
  "scenario": 4,
  "scheme": "packet_spray",
  "mode": "roundtrip",
  "batch": 256,
  "zipf_s": 0.900000,
  "topk": 8,
  "ep_size": 128,
  "seed": 77,
  "start_skew_us": 4.000000,
  "tau_g_ns": 143.360000,
  "grain_bytes": 7168,
  "total_tokens": 524288,
  "max_egress_load": 3369,
  "konig_us": 922.521600,
  "rtt_us": 0.000000,
  "barrier_us": 6.000000,
  "cct_us": 1005.958483,
  "step_us": 1970.083483,
  "gemv_us": 958.125000,
  "e2e_us": 1964.083483,
  "throughput_GBs": 1907.582302,
  "latency_all": {
    "count": 524288,
    "mean_us": 164.805593,
    "p50_us": 55.781439,
    "p99_us": 334.525174,
    "min_us": 0.440676,
    "max_us": 524.489309
  },
  "latency_hot": {
    "count": 231306,
    "mean_us": 188.507394,
    "p50_us": 148.312669,
    "p99_us": 451.506934,
    "min_us": 0.440676,
    "max_us": 504.562269
  },
  "latency_cold": {
    "count": 95290,
    "mean_us": 144.697528,
    "p50_us": 53.392261,
    "p99_us": 464.421469,
    "min_us": 0.680799,
    "max_us": 524.489309
  },
  "dispatch_cct_us": 481.469174,
  "combine_cct_us": 524.489309,
  "roundtrip_step_us": 1011.958483,
  "e2e_step_us": 1970.083483
}
