{
  "scenario": 1,
  "scheme": "ub_rg_pop",
  "mode": "roundtrip",
  "batch": 64,
  "zipf_s": 0.300000,
  "topk": 8,
  "ep_size": 64,
  "seed": 13,
  "start_skew_us": 4.000000,
  "tau_g_ns": 143.360000,
  "grain_bytes": 7168,
  "total_tokens": 65536,
  "max_egress_load": 174,
  "konig_us": 46.878720,
  "rtt_us": 0.900000,
  "barrier_us": 0.800000,
  "cct_us": 57.277665,
  "step_us": 105.851103,
  "gemv_us": 47.773438,
  "e2e_us": 105.051103,
  "throughput_GBs": 4437.951394,
  "latency_all": {
    "count": 65536,
    "mean_us": 8.752491,
    "p50_us": 8.288282,
    "p99_us": 20.302694,
    "min_us": 1.537027,
    "max_us": 30.367860
  },
  "latency_hot": {
    "count": 10928,
    "mean_us": 11.649280,
    "p50_us": 11.373744,
    "p99_us": 24.035007,
    "min_us": 1.782247,
    "max_us": 30.367860
  },
  "latency_cold": {
    "count": 26028,
    "mean_us": 7.452968,
    "p50_us": 7.385913,
    "p99_us": 13.048304,
    "min_us": 1.537027,
    "max_us": 15.109816
  },
  "dispatch_cct_us": 30.367860,
  "combine_cct_us": 26.909805,
  "roundtrip_step_us": 58.077665,
  "e2e_step_us": 105.851103
}
