{
  "scenario": 4,
  "scheme": "packet_spray",
  "mode": "roundtrip",
  "batch": 128,
  "zipf_s": 0.300000,
  "topk": 8,
  "ep_size": 128,
  "seed": 1,
  "start_skew_us": 4.000000,
  "tau_g_ns": 143.360000,
  "grain_bytes": 7168,
  "total_tokens": 262144,
  "max_egress_load": 429,
  "konig_us": 115.834880,
  "rtt_us": 0.000000,
  "barrier_us": 6.000000,
  "cct_us": 158.246880,
  "step_us": 282.528130,
  "gemv_us": 118.281250,
  "e2e_us": 276.528130,
  "throughput_GBs": 6650.835773,
  "latency_all": {
    "count": 262144,
    "mean_us": 33.680744,
    "p50_us": 29.015053,
    "p99_us": 62.417933,
    "min_us": 0.589886,
    "max_us": 80.481293
  },
  "latency_hot": {
    "count": 45852,
    "mean_us": 33.840281,
    "p50_us": 33.962509,
    "p99_us": 65.006547,
    "min_us": 0.589886,
    "max_us": 77.765587
  },
  "latency_cold": {
    "count": 103616,
    "mean_us": 34.889532,
    "p50_us": 30.016537,
    "p99_us": 71.592973,
    "min_us": 0.690713,
    "max_us": 80.481293
  },
  "dispatch_cct_us": 77.765587,
  "combine_cct_us": 80.481293,
  "roundtrip_step_us": 164.246880,
  "e2e_step_us": 282.528130
}
