{
  "scenario": 1,
  "scheme": "islip",
  "mode": "roundtrip",
  "batch": 16,
  "zipf_s": 0.300000,
  "topk": 8,
  "ep_size": 64,
  "seed": 36,
  "start_skew_us": 4.000000,
  "tau_g_ns": 143.360000,
  "grain_bytes": 7168,
  "total_tokens": 16384,
  "max_egress_load": 40,
  "konig_us": 11.038720,
  "rtt_us": 0.600000,
  "barrier_us": 0.800000,
  "cct_us": 52.244754,
  "step_us": 64.060379,
  "gemv_us": 11.015625,
  "e2e_us": 63.260379,
  "throughput_GBs": 1833.278437,
  "latency_all": {
    "count": 16384,
    "mean_us": 12.240671,
    "p50_us": 12.217483,
    "p99_us": 23.055740,
    "min_us": 1.145835,
    "max_us": 27.538279
  },
  "latency_hot": {
    "count": 2658,
    "mean_us": 14.690452,
    "p50_us": 15.325532,
    "p99_us": 24.187471,
    "min_us": 1.180738,
    "max_us": 27.538279
  },
  "latency_cold": {
    "count": 6608,
    "mean_us": 11.637061,
    "p50_us": 11.741071,
    "p99_us": 22.662193,
    "min_us": 1.145835,
    "max_us": 25.121973
  },
  "dispatch_cct_us": 27.538279,
  "combine_cct_us": 24.706475,
  "roundtrip_step_us": 53.044754,
  "e2e_step_us": 64.060379
}
