{
  "scenario": 1,
  "scheme": "ub_rg",
  "mode": "roundtrip",
  "batch": 16,
  "zipf_s": 0.700000,
  "topk": 8,
  "ep_size": 64,
  "seed": 11,
  "tau_g_ns": 143.360000,
  "grain_bytes": 7168,
  "total_tokens": 16384,
  "max_egress_load": 91,
  "konig_us": 24.944640,
  "rtt_us": 0.600000,
  "barrier_us": 0.800000,
  "cct_us": 28.314711,
  "step_us": 29.114711,
  "throughput_GBs": 4033.717209,
  "latency_all": {
    "count": 16384,
    "mean_us": 3.451557,
    "p50_us": 2.714830,
    "p99_us": 11.578341,
    "min_us": 1.144725,
    "max_us": 14.241800
  },
  "latency_hot": {
    "count": 4912,
    "mean_us": 5.510944,
    "p50_us": 5.187416,
    "p99_us": 12.681524,
    "min_us": 1.153302,
    "max_us": 14.241800
  },
  "latency_cold": {
    "count": 4298,
    "mean_us": 2.033067,
    "p50_us": 1.990017,
    "p99_us": 3.471469,
    "min_us": 1.144725,
    "max_us": 4.320665
  },
  "dispatch_cct_us": 14.072911,
  "combine_cct_us": 14.241800,
  "roundtrip_step_us": 29.114711
}
