{
  "scenario": 1,
  "scheme": "ub_rg_pop",
  "mode": "roundtrip",
  "batch": 64,
  "zipf_s": 0.900000,
  "topk": 8,
  "ep_size": 64,
  "seed": 6,
  "start_skew_us": 4.000000,
  "tau_g_ns": 143.360000,
  "grain_bytes": 7168,
  "total_tokens": 65536,
  "max_egress_load": 431,
  "konig_us": 122.286080,
  "rtt_us": 0.900000,
  "barrier_us": 0.800000,
  "cct_us": 149.123733,
  "step_us": 281.603420,
  "gemv_us": 131.679688,
  "e2e_us": 280.803420,
  "throughput_GBs": 1668.168829,
  "latency_all": {
    "count": 65536,
    "mean_us": 22.890207,
    "p50_us": 19.442276,
    "p99_us": 64.427691,
    "min_us": 1.483655,
    "max_us": 80.439884
  },
  "latency_hot": {
    "count": 24310,
    "mean_us": 33.021565,
    "p50_us": 31.233394,
    "p99_us": 69.514934,
    "min_us": 1.890954,
    "max_us": 80.439884
  },
  "latency_cold": {
    "count": 13668,
    "mean_us": 14.671418,
    "p50_us": 14.896337,
    "p99_us": 24.036881,
    "min_us": 1.483655,
    "max_us": 26.913261
  },
  "dispatch_cct_us": 80.439884,
  "combine_cct_us": 68.683849,
  "roundtrip_step_us": 149.923733,
  "e2e_step_us": 281.603420
}
