{
  "scenario": 4,
  "scheme": "packet_spray",
  "mode": "roundtrip",
  "batch": 16,
  "zipf_s": 0.700000,
  "topk": 8,
  "ep_size": 512,
  "seed": 84,
  "start_skew_us": 4.000000,
  "tau_g_ns": 143.360000,
  "grain_bytes": 7168,
  "total_tokens": 131072,
  "max_egress_load": 408,
  "konig_us": 110.243840,
  "rtt_us": 0.000000,
  "barrier_us": 6.000000,
  "cct_us": 146.425576,
  "step_us": 265.238076,
  "gemv_us": 112.812500,
  "e2e_us": 259.238076,
  "throughput_GBs": 3542.191642,
  "latency_all": {
    "count": 131072,
    "mean_us": 27.532378,
    "p50_us": 22.438713,
    "p99_us": 62.847668,
    "min_us": 0.480080,
    "max_us": 74.976308
  },
  "latency_hot": {
    "count": 54492,
    "mean_us": 29.911698,
    "p50_us": 25.692035,
    "p99_us": 63.753061,
    "min_us": 0.560466,
    "max_us": 74.976308
  },
  "latency_cold": {
    "count": 29040,
    "mean_us": 25.528672,
    "p50_us": 19.671830,
    "p99_us": 62.991028,
    "min_us": 0.480080,
    "max_us": 71.449268
  },
  "dispatch_cct_us": 74.976308,
  "combine_cct_us": 71.449268,
  "roundtrip_step_us": 152.425576,
  "e2e_step_us": 265.238076
}
