{
  "scenario": 4,
  "scheme": "ub_rg_pop",
  "mode": "roundtrip",
  "batch": 128,
  "zipf_s": 0.900000,
  "topk": 8,
  "ep_size": 512,
  "seed": 24,
  "start_skew_us": 4.000000,
  "tau_g_ns": 143.360000,
  "grain_bytes": 7168,
  "total_tokens": 1048576,
  "max_egress_load": 5617,
  "konig_us": 1529.937920,
  "rtt_us": 1.200000,
  "barrier_us": 1.600000,
  "cct_us": 1620.891730,
  "step_us": 3202.101105,
  "gemv_us": 1579.609375,
  "e2e_us": 3200.501105,
  "throughput_GBs": 2347.269034,
  "latency_all": {
    "count": 1048576,
    "mean_us": 76.783527,
    "p50_us": 10.088529,
    "p99_us": 315.186707,
    "min_us": 1.481037,
    "max_us": 811.028297
  },
  "latency_hot": {
    "count": 580272,
    "mean_us": 129.266168,
    "p50_us": 43.526973,
    "p99_us": 315.255235,
    "min_us": 1.499560,
    "max_us": 811.028297
  },
  "latency_cold": {
    "count": 152474,
    "mean_us": 7.435916,
    "p50_us": 7.309314,
    "p99_us": 13.435910,
    "min_us": 1.481037,
    "max_us": 36.876488
  },
  "dispatch_cct_us": 809.863433,
  "combine_cct_us": 811.028297,
  "roundtrip_step_us": 1622.491730,
  "e2e_step_us": 3202.101105
}
