{
  "scenario": 4,
  "scheme": "packet_spray",
  "mode": "roundtrip",
  "batch": 64,
  "zipf_s": 0.900000,
  "topk": 8,
  "ep_size": 256,
  "seed": 75,
  "start_skew_us": 4.000000,
  "tau_g_ns": 143.360000,
  "grain_bytes": 7168,
  "total_tokens": 262144,
  "max_egress_load": 1503,
  "konig_us": 416.030720,
  "rtt_us": 0.000000,
  "barrier_us": 6.000000,
  "cct_us": 446.802578,
  "step_us": 889.951016,
  "gemv_us": 437.148438,
  "e2e_us": 883.951016,
  "throughput_GBs": 2111.406311,
  "latency_all": {
    "count": 262144,
    "mean_us": 68.641001,
    "p50_us": 28.928979,
    "p99_us": 199.222734,
    "min_us": 0.277758,
    "max_us": 232.338894
  },
  "latency_hot": {
    "count": 132898,
    "mean_us": 77.049353,
    "p50_us": 59.321299,
    "p99_us": 202.089934,
    "min_us": 0.297152,
    "max_us": 227.894734
  },
  "latency_cold": {
    "count": 42304,
    "mean_us": 60.000646,
    "p50_us": 15.137117,
    "p99_us": 205.530574,
    "min_us": 0.277758,
    "max_us": 232.338894
  },
  "dispatch_cct_us": 214.463685,
  "combine_cct_us": 232.338894,
  "roundtrip_step_us": 452.802578,
  "e2e_step_us": 889.951016
}
