{
  "scenario": 3,
  "scheme": "packet_spray",
  "mode": "roundtrip",
  "batch": 16,
  "zipf_s": 0.000000,
  "topk": 8,
  "ep_size": 1024,
  "seed": 76,
  "tau_g_ns": 143.360000,
  "grain_bytes": 7168,
  "total_tokens": 262144,
  "max_egress_load": 32,
  "konig_us": 9.031680,
  "rtt_us": 0.000000,
  "barrier_us": 8.000000,
  "cct_us": 19.393440,
  "step_us": 27.393440,
  "throughput_GBs": 68594.823870,
  "latency_all": {
    "count": 262144,
    "mean_us": 4.831800,
    "p50_us": 4.177360,
    "p99_us": 6.471120,
    "min_us": 0.880080,
    "max_us": 11.918800
  },
  "latency_hot": {
    "count": 26390,
    "mean_us": 3.311176,
    "p50_us": 3.173840,
    "p99_us": 6.184400,
    "min_us": 0.880080,
    "max_us": 7.474640
  },
  "latency_cold": {
    "count": 131000,
    "mean_us": 5.626547,
    "p50_us": 5.610960,
    "p99_us": 9.625040,
    "min_us": 0.880080,
    "max_us": 11.918800
  },
  "dispatch_cct_us": 7.474640,
  "combine_cct_us": 11.918800,
  "roundtrip_step_us": 27.393440
}
