{
  "scenario": 1,
  "scheme": "ub_rg",
  "mode": "roundtrip",
  "batch": 128,
  "zipf_s": 0.900000,
  "topk": 8,
  "ep_size": 32,
  "seed": 15,
  "start_skew_us": 4.000000,
  "tau_g_ns": 143.360000,
  "grain_bytes": 7168,
  "total_tokens": 65536,
  "max_egress_load": 471,
  "konig_us": 133.611520,
  "rtt_us": 0.600000,
  "barrier_us": 0.800000,
  "cct_us": 156.559116,
  "step_us": 301.187241,
  "gemv_us": 143.828125,
  "e2e_us": 300.387241,
  "throughput_GBs": 1559.701025,
  "latency_all": {
    "count": 65536,
    "mean_us": 23.286087,
    "p50_us": 18.944502,
    "p99_us": 67.967816,
    "min_us": 1.151310,
    "max_us": 82.096110
  },
  "latency_hot": {
    "count": 18200,
    "mean_us": 36.445676,
    "p50_us": 35.753580,
    "p99_us": 72.486293,
    "min_us": 1.493202,
    "max_us": 82.096110
  },
  "latency_cold": {
    "count": 16654,
    "mean_us": 13.749652,
    "p50_us": 13.659395,
    "p99_us": 23.741546,
    "min_us": 1.446983,
    "max_us": 30.867062
  },
  "dispatch_cct_us": 82.096110,
  "combine_cct_us": 74.463006,
  "roundtrip_step_us": 157.359116,
  "e2e_step_us": 301.187241
}
