{
  "scenario": 1,
  "scheme": "packet_spray",
  "mode": "roundtrip",
  "batch": 16,
  "zipf_s": 0.900000,
  "topk": 8,
  "ep_size": 128,
  "seed": 47,
  "start_skew_us": 4.000000,
  "tau_g_ns": 143.360000,
  "grain_bytes": 7168,
  "total_tokens": 32768,
  "max_egress_load": 212,
  "konig_us": 58.634240,
  "rtt_us": 0.000000,
  "barrier_us": 4.000000,
  "cct_us": 91.444344,
  "step_us": 157.006844,
  "gemv_us": 61.562500,
  "e2e_us": 153.006844,
  "throughput_GBs": 1495.992262,
  "latency_all": {
    "count": 32768,
    "mean_us": 25.251636,
    "p50_us": 23.548804,
    "p99_us": 42.759044,
    "min_us": 1.540240,
    "max_us": 47.251701
  },
  "latency_hot": {
    "count": 14672,
    "mean_us": 26.829235,
    "p50_us": 25.822226,
    "p99_us": 42.615684,
    "min_us": 5.543263,
    "max_us": 47.251701
  },
  "latency_cold": {
    "count": 5626,
    "mean_us": 23.322205,
    "p50_us": 21.025915,
    "p99_us": 43.332484,
    "min_us": 1.540240,
    "max_us": 44.192644
  },
  "dispatch_cct_us": 47.251701,
  "combine_cct_us": 44.192644,
  "roundtrip_step_us": 95.444344,
  "e2e_step_us": 157.006844
}
