{
  "scenario": 4,
  "scheme": "ub_rg",
  "mode": "roundtrip",
  "batch": 512,
  "zipf_s": 0.000000,
  "topk": 8,
  "ep_size": 128,
  "seed": 26,
  "start_skew_us": 4.000000,
  "tau_g_ns": 143.360000,
  "grain_bytes": 7168,
  "total_tokens": 1048576,
  "max_egress_load": 643,
  "konig_us": 181.493760,
  "rtt_us": 0.800000,
  "barrier_us": 1.600000,
  "cct_us": 215.863469,
  "step_us": 383.830656,
  "gemv_us": 166.367188,
  "e2e_us": 382.230656,
  "throughput_GBs": 19582.054344,
  "latency_all": {
    "count": 1048576,
    "mean_us": 48.709424,
    "p50_us": 28.490227,
    "p99_us": 82.625501,
    "min_us": 1.098598,
    "max_us": 108.779108
  },
  "latency_hot": {
    "count": 97688,
    "mean_us": 48.766893,
    "p50_us": 48.527922,
    "p99_us": 89.700748,
    "min_us": 2.311298,
    "max_us": 102.254198
  },
  "latency_cold": {
    "count": 524066,
    "mean_us": 49.050302,
    "p50_us": 41.644833,
    "p99_us": 76.815965,
    "min_us": 1.098598,
    "max_us": 108.779108
  },
  "dispatch_cct_us": 108.779108,
  "combine_cct_us": 107.084361,
  "roundtrip_step_us": 217.463469,
  "e2e_step_us": 383.830656
}
