{
  "scenario": 4,
  "scheme": "packet_spray",
  "mode": "roundtrip",
  "batch": 16,
  "zipf_s": 0.700000,
  "topk": 8,
  "ep_size": 512,
  "seed": 22,
  "start_skew_us": 4.000000,
  "tau_g_ns": 143.360000,
  "grain_bytes": 7168,
  "total_tokens": 131072,
  "max_egress_load": 464,
  "konig_us": 119.418880,
  "rtt_us": 0.000000,
  "barrier_us": 6.000000,
  "cct_us": 151.966225,
  "step_us": 273.083412,
  "gemv_us": 115.117188,
  "e2e_us": 267.083412,
  "throughput_GBs": 3440.429018,
  "latency_all": {
    "count": 131072,
    "mean_us": 29.402647,
    "p50_us": 24.376060,
    "p99_us": 64.518408,
    "min_us": 0.193360,
    "max_us": 79.706377
  },
  "latency_hot": {
    "count": 54222,
    "mean_us": 31.774775,
    "p50_us": 27.563523,
    "p99_us": 66.668808,
    "min_us": 0.193360,
    "max_us": 79.706377
  },
  "latency_cold": {
    "count": 28906,
    "mean_us": 27.439788,
    "p50_us": 22.037790,
    "p99_us": 64.518408,
    "min_us": 0.623440,
    "max_us": 72.259848
  },
  "dispatch_cct_us": 79.706377,
  "combine_cct_us": 72.259848,
  "roundtrip_step_us": 157.966225,
  "e2e_step_us": 273.083412
}
