{
  "scenario": 4,
  "scheme": "ub_rg",
  "mode": "roundtrip",
  "batch": 128,
  "zipf_s": 0.300000,
  "topk": 8,
  "ep_size": 128,
  "seed": 12,
  "start_skew_us": 4.000000,
  "tau_g_ns": 143.360000,
  "grain_bytes": 7168,
  "total_tokens": 262144,
  "max_egress_load": 402,
  "konig_us": 110.817280,
  "rtt_us": 0.800000,
  "barrier_us": 1.600000,
  "cct_us": 152.021781,
  "step_us": 269.285844,
  "gemv_us": 115.664062,
  "e2e_us": 267.685844,
  "throughput_GBs": 6977.894437,
  "latency_all": {
    "count": 262144,
    "mean_us": 24.642003,
    "p50_us": 21.216423,
    "p99_us": 49.735047,
    "min_us": 1.053643,
    "max_us": 77.133491
  },
  "latency_hot": {
    "count": 45728,
    "mean_us": 32.848749,
    "p50_us": 31.948138,
    "p99_us": 65.158147,
    "min_us": 1.997787,
    "max_us": 77.133491
  },
  "latency_cold": {
    "count": 103364,
    "mean_us": 21.482211,
    "p50_us": 21.434831,
    "p99_us": 35.921690,
    "min_us": 1.053643,
    "max_us": 44.417431
  },
  "dispatch_cct_us": 77.133491,
  "combine_cct_us": 74.888291,
  "roundtrip_step_us": 153.621781,
  "e2e_step_us": 269.285844
}
