{
  "scenario": 4,
  "scheme": "ub_rg_pop",
  "mode": "roundtrip",
  "batch": 512,
  "zipf_s": 0.300000,
  "topk": 8,
  "ep_size": 512,
  "seed": 18,
  "start_skew_us": 4.000000,
  "tau_g_ns": 143.360000,
  "grain_bytes": 7168,
  "total_tokens": 4194304,
  "max_egress_load": 2571,
  "konig_us": 698.880000,
  "rtt_us": 1.200000,
  "barrier_us": 1.600000,
  "cct_us": 777.764911,
  "step_us": 1499.364911,
  "gemv_us": 720.000000,
  "e2e_us": 1497.764911,
  "throughput_GBs": 20051.670439,
  "latency_all": {
    "count": 4194304,
    "mean_us": 57.809570,
    "p50_us": 29.673576,
    "p99_us": 168.257437,
    "min_us": 1.769181,
    "max_us": 393.087872
  },
  "latency_hot": {
    "count": 805514,
    "mean_us": 93.198805,
    "p50_us": 53.018941,
    "p99_us": 168.260591,
    "min_us": 4.369652,
    "max_us": 393.087872
  },
  "latency_cold": {
    "count": 1630270,
    "mean_us": 43.926430,
    "p50_us": 24.225514,
    "p99_us": 73.672241,
    "min_us": 1.769181,
    "max_us": 128.689367
  },
  "dispatch_cct_us": 393.087872,
  "combine_cct_us": 384.677040,
  "roundtrip_step_us": 779.364911,
  "e2e_step_us": 1499.364911
}
