{
  "scenario": 4,
  "scheme": "ub_rg_pop",
  "mode": "roundtrip",
  "batch": 16,
  "zipf_s": 0.700000,
  "topk": 8,
  "ep_size": 128,
  "seed": 35,
  "start_skew_us": 4.000000,
  "tau_g_ns": 143.360000,
  "grain_bytes": 7168,
  "total_tokens": 32768,
  "max_egress_load": 150,
  "konig_us": 40.714240,
  "rtt_us": 1.200000,
  "barrier_us": 1.600000,
  "cct_us": 73.218108,
  "step_us": 116.575921,
  "gemv_us": 41.757812,
  "e2e_us": 114.975921,
  "throughput_GBs": 2014.833104,
  "latency_all": {
    "count": 32768,
    "mean_us": 14.992497,
    "p50_us": 14.358755,
    "p99_us": 29.825378,
    "min_us": 1.574442,
    "max_us": 39.100305
  },
  "latency_hot": {
    "count": 11076,
    "mean_us": 18.527827,
    "p50_us": 18.038475,
    "p99_us": 32.022492,
    "min_us": 3.476003,
    "max_us": 39.100305
  },
  "latency_cold": {
    "count": 8122,
    "mean_us": 12.739163,
    "p50_us": 12.823385,
    "p99_us": 23.046217,
    "min_us": 2.241044,
    "max_us": 25.425308
  },
  "dispatch_cct_us": 39.100305,
  "combine_cct_us": 34.117803,
  "roundtrip_step_us": 74.818108,
  "e2e_step_us": 116.575921
}
