{
  "scenario": 4,
  "scheme": "ub_rg",
  "mode": "roundtrip",
  "batch": 16,
  "zipf_s": 0.900000,
  "topk": 8,
  "ep_size": 128,
  "seed": 1,
  "start_skew_us": 4.000000,
  "tau_g_ns": 143.360000,
  "grain_bytes": 7168,
  "total_tokens": 32768,
  "max_egress_load": 206,
  "konig_us": 56.913920,
  "rtt_us": 0.800000,
  "barrier_us": 1.600000,
  "cct_us": 67.589646,
  "step_us": 128.642771,
  "gemv_us": 59.453125,
  "e2e_us": 127.042771,
  "throughput_GBs": 1825.839284,
  "latency_all": {
    "count": 32768,
    "mean_us": 7.628808,
    "p50_us": 5.748205,
    "p99_us": 28.291229,
    "min_us": 1.103264,
    "max_us": 34.232164
  },
  "latency_hot": {
    "count": 14552,
    "mean_us": 11.349285,
    "p50_us": 9.698584,
    "p99_us": 30.231208,
    "min_us": 1.738438,
    "max_us": 34.232164
  },
  "latency_cold": {
    "count": 5898,
    "mean_us": 3.981830,
    "p50_us": 3.979941,
    "p99_us": 6.324932,
    "min_us": 1.103264,
    "max_us": 7.600029
  },
  "dispatch_cct_us": 34.232164,
  "combine_cct_us": 33.357482,
  "roundtrip_step_us": 69.189646,
  "e2e_step_us": 128.642771
}
