{
  "scenario": 1,
  "scheme": "ub_rg",
  "mode": "roundtrip",
  "batch": 16,
  "zipf_s": 0.700000,
  "topk": 8,
  "ep_size": 128,
  "seed": 3,
  "start_skew_us": 4.000000,
  "tau_g_ns": 143.360000,
  "grain_bytes": 7168,
  "total_tokens": 32768,
  "max_egress_load": 150,
  "konig_us": 41.574400,
  "rtt_us": 0.600000,
  "barrier_us": 0.800000,
  "cct_us": 51.308275,
  "step_us": 95.780150,
  "gemv_us": 43.671875,
  "e2e_us": 94.980150,
  "throughput_GBs": 2452.293340,
  "latency_all": {
    "count": 32768,
    "mean_us": 6.195240,
    "p50_us": 5.320229,
    "p99_us": 20.417800,
    "min_us": 1.218796,
    "max_us": 26.376908
  },
  "latency_hot": {
    "count": 11438,
    "mean_us": 9.132686,
    "p50_us": 8.136802,
    "p99_us": 22.520290,
    "min_us": 1.420639,
    "max_us": 26.376908
  },
  "latency_cold": {
    "count": 7908,
    "mean_us": 3.999608,
    "p50_us": 3.955777,
    "p99_us": 6.649546,
    "min_us": 1.218796,
    "max_us": 8.005497
  },
  "dispatch_cct_us": 26.376908,
  "combine_cct_us": 24.931367,
  "roundtrip_step_us": 52.108275,
  "e2e_step_us": 95.780150
}
