{
  "scenario": 1,
  "scheme": "packet_spray",
  "mode": "roundtrip",
  "batch": 128,
  "zipf_s": 0.000000,
  "topk": 8,
  "ep_size": 128,
  "seed": 46,
  "start_skew_us": 4.000000,
  "tau_g_ns": 143.360000,
  "grain_bytes": 7168,
  "total_tokens": 262144,
  "max_egress_load": 168,
  "konig_us": 44.584960,
  "rtt_us": 0.000000,
  "barrier_us": 4.000000,
  "cct_us": 114.482133,
  "step_us": 161.060258,
  "gemv_us": 42.578125,
  "e2e_us": 157.060258,
  "throughput_GBs": 11666.740254,
  "latency_all": {
    "count": 262144,
    "mean_us": 38.738818,
    "p50_us": 39.366901,
    "p99_us": 54.430553,
    "min_us": 6.116703,
    "max_us": 59.701186
  },
  "latency_hot": {
    "count": 24390,
    "mean_us": 32.191431,
    "p50_us": 31.030534,
    "p99_us": 53.713753,
    "min_us": 6.116703,
    "max_us": 57.089349
  },
  "latency_cold": {
    "count": 130906,
    "mean_us": 41.373371,
    "p50_us": 41.603957,
    "p99_us": 54.030508,
    "min_us": 9.703034,
    "max_us": 58.267586
  },
  "dispatch_cct_us": 59.701186,
  "combine_cct_us": 54.780946,
  "roundtrip_step_us": 118.482133,
  "e2e_step_us": 161.060258
}
