{
  "scenario": 1,
  "scheme": "islip",
  "mode": "roundtrip",
  "batch": 512,
  "zipf_s": 0.000000,
  "topk": 8,
  "ep_size": 64,
  "seed": 72,
  "start_skew_us": 4.000000,
  "tau_g_ns": 143.360000,
  "grain_bytes": 7168,
  "total_tokens": 524288,
  "max_egress_load": 583,
  "konig_us": 166.584320,
  "rtt_us": 0.600000,
  "barrier_us": 0.800000,
  "cct_us": 201.318018,
  "step_us": 368.993018,
  "gemv_us": 166.875000,
  "e2e_us": 368.193018,
  "throughput_GBs": 10184.735758,
  "latency_all": {
    "count": 524288,
    "mean_us": 47.594655,
    "p50_us": 40.976469,
    "p99_us": 76.106180,
    "min_us": 1.144972,
    "max_us": 102.928552
  },
  "latency_hot": {
    "count": 48344,
    "mean_us": 46.003925,
    "p50_us": 45.904213,
    "p99_us": 87.588899,
    "min_us": 1.146016,
    "max_us": 98.640618
  },
  "latency_cold": {
    "count": 262796,
    "mean_us": 47.879525,
    "p50_us": 38.950194,
    "p99_us": 88.578638,
    "min_us": 1.144972,
    "max_us": 102.928552
  },
  "dispatch_cct_us": 102.928552,
  "combine_cct_us": 98.389466,
  "roundtrip_step_us": 202.118018,
  "e2e_step_us": 368.993018
}
