{
  "scenario": 1,
  "scheme": "ub_rg",
  "mode": "roundtrip",
  "batch": 64,
  "zipf_s": 0.000000,
  "topk": 8,
  "ep_size": 32,
  "seed": 53,
  "start_skew_us": 4.000000,
  "tau_g_ns": 143.360000,
  "grain_bytes": 7168,
  "total_tokens": 32768,
  "max_egress_load": 86,
  "konig_us": 24.084480,
  "rtt_us": 0.600000,
  "barrier_us": 0.800000,
  "cct_us": 33.450335,
  "step_us": 56.008148,
  "gemv_us": 21.757812,
  "e2e_us": 55.208148,
  "throughput_GBs": 4193.693851,
  "latency_all": {
    "count": 32768,
    "mean_us": 7.952861,
    "p50_us": 7.857232,
    "p99_us": 14.451737,
    "min_us": 1.297894,
    "max_us": 16.860126
  },
  "latency_hot": {
    "count": 3012,
    "mean_us": 7.541287,
    "p50_us": 7.448421,
    "p99_us": 13.634567,
    "min_us": 1.297894,
    "max_us": 16.590209
  },
  "latency_cold": {
    "count": 16634,
    "mean_us": 8.034964,
    "p50_us": 7.939993,
    "p99_us": 14.629277,
    "min_us": 1.461977,
    "max_us": 16.405697
  },
  "dispatch_cct_us": 16.590209,
  "combine_cct_us": 16.860126,
  "roundtrip_step_us": 34.250335,
  "e2e_step_us": 56.008148
}
