{
  "scenario": 1,
  "scheme": "ub_rg_pop",
  "mode": "roundtrip",
  "batch": 64,
  "zipf_s": 0.900000,
  "topk": 8,
  "ep_size": 128,
  "seed": 55,
  "tau_g_ns": 143.360000,
  "grain_bytes": 7168,
  "total_tokens": 131072,
  "max_egress_load": 792,
  "konig_us": 223.928320,
  "rtt_us": 0.900000,
  "barrier_us": 0.800000,
  "cct_us": 230.073729,
  "step_us": 230.873729,
  "throughput_GBs": 4069.428338,
  "latency_all": {
    "count": 131072,
    "mean_us": 17.225804,
    "p50_us": 8.302743,
    "p99_us": 99.997516,
    "min_us": 1.443700,
    "max_us": 115.044660
  },
  "latency_hot": {
    "count": 58070,
    "mean_us": 31.260072,
    "p50_us": 23.840402,
    "p99_us": 106.547128,
    "min_us": 1.446395,
    "max_us": 115.044660
  },
  "latency_cold": {
    "count": 23892,
    "mean_us": 3.700804,
    "p50_us": 3.604653,
    "p99_us": 6.912275,
    "min_us": 1.443763,
    "max_us": 8.301540
  },
  "dispatch_cct_us": 115.029070,
  "combine_cct_us": 115.044660,
  "roundtrip_step_us": 230.873729
}
