{
  "scenario": 1,
  "scheme": "islip",
  "mode": "roundtrip",
  "batch": 256,
  "zipf_s": 0.000000,
  "topk": 8,
  "ep_size": 128,
  "seed": 18,
  "start_skew_us": 4.000000,
  "tau_g_ns": 143.360000,
  "grain_bytes": 7168,
  "total_tokens": 524288,
  "max_egress_load": 302,
  "konig_us": 86.016000,
  "rtt_us": 0.600000,
  "barrier_us": 0.800000,
  "cct_us": 97.422881,
  "step_us": 182.715069,
  "gemv_us": 84.492188,
  "e2e_us": 181.915069,
  "throughput_GBs": 20568.070339,
  "latency_all": {
    "count": 524288,
    "mean_us": 21.660782,
    "p50_us": 17.566635,
    "p99_us": 35.314728,
    "min_us": 1.152106,
    "max_us": 49.461711
  },
  "latency_hot": {
    "count": 48968,
    "mean_us": 21.609430,
    "p50_us": 21.513528,
    "p99_us": 42.119706,
    "min_us": 1.185176,
    "max_us": 47.152227
  },
  "latency_cold": {
    "count": 262850,
    "mean_us": 21.691269,
    "p50_us": 17.127185,
    "p99_us": 41.725363,
    "min_us": 1.152106,
    "max_us": 49.461711
  },
  "dispatch_cct_us": 49.461711,
  "combine_cct_us": 47.961170,
  "roundtrip_step_us": 98.222881,
  "e2e_step_us": 182.715069
}
