{
  "scenario": 4,
  "scheme": "packet_spray",
  "mode": "roundtrip",
  "batch": 128,
  "zipf_s": 0.000000,
  "topk": 8,
  "ep_size": 256,
  "seed": 63,
  "start_skew_us": 4.000000,
  "tau_g_ns": 143.360000,
  "grain_bytes": 7168,
  "total_tokens": 524288,
  "max_egress_load": 177,
  "konig_us": 48.885760,
  "rtt_us": 0.000000,
  "barrier_us": 6.000000,
  "cct_us": 120.896855,
  "step_us": 170.646855,
  "gemv_us": 43.750000,
  "e2e_us": 164.646855,
  "throughput_GBs": 22022.652420,
  "latency_all": {
    "count": 524288,
    "mean_us": 38.929539,
    "p50_us": 39.639691,
    "p99_us": 50.821771,
    "min_us": 0.193360,
    "max_us": 62.720651
  },
  "latency_hot": {
    "count": 51200,
    "mean_us": 34.158029,
    "p50_us": 34.583679,
    "p99_us": 53.545611,
    "min_us": 0.193360,
    "max_us": 62.720651
  },
  "latency_cold": {
    "count": 261596,
    "mean_us": 41.176796,
    "p50_us": 40.737700,
    "p99_us": 53.363839,
    "min_us": 1.897273,
    "max_us": 59.280011
  },
  "dispatch_cct_us": 62.720651,
  "combine_cct_us": 58.176204,
  "roundtrip_step_us": 126.896855,
  "e2e_step_us": 170.646855
}
