{
  "scenario": 4,
  "scheme": "ub_rg_pop",
  "mode": "roundtrip",
  "batch": 256,
  "zipf_s": 0.700000,
  "topk": 8,
  "ep_size": 512,
  "seed": 76,
  "start_skew_us": 4.000000,
  "tau_g_ns": 143.360000,
  "grain_bytes": 7168,
  "total_tokens": 2097152,
  "max_egress_load": 6521,
  "konig_us": 1778.094080,
  "rtt_us": 1.200000,
  "barrier_us": 1.600000,
  "cct_us": 1878.049376,
  "step_us": 3717.696251,
  "gemv_us": 1838.046875,
  "e2e_us": 3716.096251,
  "throughput_GBs": 4043.467922,
  "latency_all": {
    "count": 2097152,
    "mean_us": 72.187963,
    "p50_us": 11.974028,
    "p99_us": 413.812867,
    "min_us": 1.479843,
    "max_us": 939.705801
  },
  "latency_hot": {
    "count": 872522,
    "mean_us": 144.617861,
    "p50_us": 46.255854,
    "p99_us": 413.984247,
    "min_us": 1.578786,
    "max_us": 939.705801
  },
  "latency_cold": {
    "count": 462356,
    "mean_us": 13.891235,
    "p50_us": 13.851935,
    "p99_us": 23.359712,
    "min_us": 1.552229,
    "max_us": 65.518535
  },
  "dispatch_cct_us": 938.343575,
  "combine_cct_us": 939.705801,
  "roundtrip_step_us": 1879.649376,
  "e2e_step_us": 3717.696251
}
