{
  "scenario": 1,
  "scheme": "ub_rg_pop",
  "mode": "roundtrip",
  "batch": 64,
  "zipf_s": 0.300000,
  "topk": 8,
  "ep_size": 32,
  "seed": 77,
  "start_skew_us": 4.000000,
  "tau_g_ns": 143.360000,
  "grain_bytes": 7168,
  "total_tokens": 32768,
  "max_egress_load": 128,
  "konig_us": 34.693120,
  "rtt_us": 0.900000,
  "barrier_us": 0.800000,
  "cct_us": 63.678977,
  "step_us": 100.025852,
  "gemv_us": 35.546875,
  "e2e_us": 99.225852,
  "throughput_GBs": 2348.203179,
  "latency_all": {
    "count": 32768,
    "mean_us": 13.485925,
    "p50_us": 13.314708,
    "p99_us": 25.648472,
    "min_us": 1.474008,
    "max_us": 33.724524
  },
  "latency_hot": {
    "count": 4804,
    "mean_us": 15.361011,
    "p50_us": 15.267347,
    "p99_us": 26.620972,
    "min_us": 1.684838,
    "max_us": 33.724524
  },
  "latency_cold": {
    "count": 13848,
    "mean_us": 12.846570,
    "p50_us": 12.621118,
    "p99_us": 26.368438,
    "min_us": 1.474008,
    "max_us": 29.954453
  },
  "dispatch_cct_us": 33.724524,
  "combine_cct_us": 29.954453,
  "roundtrip_step_us": 64.478977,
  "e2e_step_us": 100.025852
}
