{
  "scenario": 1,
  "scheme": "packet_spray",
  "mode": "roundtrip",
  "batch": 512,
  "zipf_s": 0.300000,
  "topk": 8,
  "ep_size": 128,
  "seed": 34,
  "start_skew_us": 4.000000,
  "tau_g_ns": 143.360000,
  "grain_bytes": 7168,
  "total_tokens": 1048576,
  "max_egress_load": 1505,
  "konig_us": 425.635840,
  "rtt_us": 0.000000,
  "barrier_us": 4.000000,
  "cct_us": 568.933803,
  "step_us": 1030.238490,
  "gemv_us": 457.304688,
  "e2e_us": 1026.238490,
  "throughput_GBs": 7295.585283,
  "latency_all": {
    "count": 1048576,
    "mean_us": 127.670025,
    "p50_us": 86.546843,
    "p99_us": 160.124783,
    "min_us": 1.281903,
    "max_us": 285.305223
  },
  "latency_hot": {
    "count": 183476,
    "mean_us": 127.523374,
    "p50_us": 128.636110,
    "p99_us": 246.857583,
    "min_us": 1.281903,
    "max_us": 283.628580
  },
  "latency_cold": {
    "count": 413836,
    "mean_us": 132.957220,
    "p50_us": 99.127093,
    "p99_us": 131.032005,
    "min_us": 1.281903,
    "max_us": 285.305223
  },
  "dispatch_cct_us": 283.628580,
  "combine_cct_us": 285.305223,
  "roundtrip_step_us": 572.933803,
  "e2e_step_us": 1030.238490
}
