{
  "scenario": 4,
  "scheme": "ub_rg",
  "mode": "roundtrip",
  "batch": 512,
  "zipf_s": 0.900000,
  "topk": 8,
  "ep_size": 512,
  "seed": 72,
  "start_skew_us": 4.000000,
  "tau_g_ns": 143.360000,
  "grain_bytes": 7168,
  "total_tokens": 4194304,
  "max_egress_load": 22267,
  "konig_us": 6087.352320,
  "rtt_us": 0.800000,
  "barrier_us": 1.600000,
  "cct_us": 6418.785324,
  "step_us": 12731.283761,
  "gemv_us": 6310.898438,
  "e2e_us": 12729.683761,
  "throughput_GBs": 2361.487784,
  "latency_all": {
    "count": 4194304,
    "mean_us": 303.364145,
    "p50_us": 32.778877,
    "p99_us": 2300.719901,
    "min_us": 0.996016,
    "max_us": 3211.274654
  },
  "latency_hot": {
    "count": 2325068,
    "mean_us": 512.921793,
    "p50_us": 68.789108,
    "p99_us": 2300.872533,
    "min_us": 3.699178,
    "max_us": 3211.274654
  },
  "latency_cold": {
    "count": 610762,
    "mean_us": 27.754881,
    "p50_us": 25.589769,
    "p99_us": 40.036214,
    "min_us": 1.568412,
    "max_us": 83.608091
  },
  "dispatch_cct_us": 3207.510670,
  "combine_cct_us": 3211.274654,
  "roundtrip_step_us": 6420.385324,
  "e2e_step_us": 12731.283761
}
