{
  "scenario": 1,
  "scheme": "ub_rg",
  "mode": "roundtrip",
  "batch": 128,
  "zipf_s": 0.900000,
  "topk": 8,
  "ep_size": 128,
  "seed": 62,
  "start_skew_us": 4.000000,
  "tau_g_ns": 143.360000,
  "grain_bytes": 7168,
  "total_tokens": 262144,
  "max_egress_load": 1560,
  "konig_us": 441.262080,
  "rtt_us": 0.600000,
  "barrier_us": 0.800000,
  "cct_us": 480.924447,
  "step_us": 955.943197,
  "gemv_us": 474.218750,
  "e2e_us": 955.143197,
  "throughput_GBs": 1965.648375,
  "latency_all": {
    "count": 262144,
    "mean_us": 42.231506,
    "p50_us": 20.354769,
    "p99_us": 192.807219,
    "min_us": 1.164031,
    "max_us": 241.725575
  },
  "latency_hot": {
    "count": 115476,
    "mean_us": 70.467723,
    "p50_us": 55.496546,
    "p99_us": 222.077152,
    "min_us": 2.639648,
    "max_us": 241.725575
  },
  "latency_cold": {
    "count": 47672,
    "mean_us": 14.948690,
    "p50_us": 14.883142,
    "p99_us": 26.833853,
    "min_us": 1.164031,
    "max_us": 33.370800
  },
  "dispatch_cct_us": 239.198872,
  "combine_cct_us": 241.725575,
  "roundtrip_step_us": 481.724447,
  "e2e_step_us": 955.943197
}
