{
  "scenario": 1,
  "scheme": "packet_spray",
  "mode": "roundtrip",
  "batch": 64,
  "zipf_s": 0.700000,
  "topk": 8,
  "ep_size": 32,
  "seed": 59,
  "start_skew_us": 4.000000,
  "tau_g_ns": 143.360000,
  "grain_bytes": 7168,
  "total_tokens": 32768,
  "max_egress_load": 216,
  "konig_us": 59.351040,
  "rtt_us": 0.000000,
  "barrier_us": 4.000000,
  "cct_us": 100.397848,
  "step_us": 166.272848,
  "gemv_us": 61.875000,
  "e2e_us": 162.272848,
  "throughput_GBs": 1412.624049,
  "latency_all": {
    "count": 32768,
    "mean_us": 27.385754,
    "p50_us": 27.319128,
    "p99_us": 45.669208,
    "min_us": 4.733999,
    "max_us": 55.417688
  },
  "latency_hot": {
    "count": 7638,
    "mean_us": 27.988115,
    "p50_us": 28.752728,
    "p99_us": 50.686808,
    "min_us": 4.733999,
    "max_us": 55.417688
  },
  "latency_cold": {
    "count": 10028,
    "mean_us": 27.437466,
    "p50_us": 26.458968,
    "p99_us": 43.116481,
    "min_us": 4.733999,
    "max_us": 44.980161
  },
  "dispatch_cct_us": 55.417688,
  "combine_cct_us": 44.980161,
  "roundtrip_step_us": 104.397848,
  "e2e_step_us": 166.272848
}
