{
  "scenario": 1,
  "scheme": "packet_spray",
  "mode": "roundtrip",
  "batch": 512,
  "zipf_s": 0.300000,
  "topk": 8,
  "ep_size": 32,
  "seed": 19,
  "start_skew_us": 4.000000,
  "tau_g_ns": 143.360000,
  "grain_bytes": 7168,
  "total_tokens": 262144,
  "max_egress_load": 966,
  "konig_us": 273.387520,
  "rtt_us": 0.000000,
  "barrier_us": 4.000000,
  "cct_us": 418.949464,
  "step_us": 716.855714,
  "gemv_us": 293.906250,
  "e2e_us": 712.855714,
  "throughput_GBs": 2621.236262,
  "latency_all": {
    "count": 262144,
    "mean_us": 108.481769,
    "p50_us": 106.336400,
    "p99_us": 182.442184,
    "min_us": 0.536720,
    "max_us": 214.268104
  },
  "latency_hot": {
    "count": 39400,
    "mean_us": 102.823083,
    "p50_us": 105.027784,
    "p99_us": 203.516104,
    "min_us": 0.536720,
    "max_us": 214.268104
  },
  "latency_cold": {
    "count": 108502,
    "mean_us": 115.246130,
    "p50_us": 111.930620,
    "p99_us": 193.786000,
    "min_us": 7.973064,
    "max_us": 204.681360
  },
  "dispatch_cct_us": 214.268104,
  "combine_cct_us": 204.681360,
  "roundtrip_step_us": 422.949464,
  "e2e_step_us": 716.855714
}
