{
  "scenario": 1,
  "scheme": "ub_rg",
  "mode": "roundtrip",
  "batch": 16,
  "zipf_s": 0.000000,
  "topk": 8,
  "ep_size": 64,
  "seed": 94,
  "tau_g_ns": 143.360000,
  "grain_bytes": 7168,
  "total_tokens": 16384,
  "max_egress_load": 29,
  "konig_us": 8.028160,
  "rtt_us": 0.600000,
  "barrier_us": 0.800000,
  "cct_us": 11.020662,
  "step_us": 11.820662,
  "throughput_GBs": 9935.188796,
  "latency_all": {
    "count": 16384,
    "mean_us": 2.651956,
    "p50_us": 2.600497,
    "p99_us": 4.546454,
    "min_us": 1.143607,
    "max_us": 5.601425
  },
  "latency_hot": {
    "count": 1598,
    "mean_us": 2.689315,
    "p50_us": 2.626442,
    "p99_us": 4.540477,
    "min_us": 1.154882,
    "max_us": 5.062667
  },
  "latency_cold": {
    "count": 8068,
    "mean_us": 2.633530,
    "p50_us": 2.584130,
    "p99_us": 4.585893,
    "min_us": 1.144491,
    "max_us": 5.601425
  },
  "dispatch_cct_us": 5.419237,
  "combine_cct_us": 5.601425,
  "roundtrip_step_us": 11.820662
}
