{
  "scenario": 1,
  "scheme": "islip",
  "mode": "roundtrip",
  "batch": 256,
  "zipf_s": 0.300000,
  "topk": 8,
  "ep_size": 128,
  "seed": 59,
  "start_skew_us": 4.000000,
  "tau_g_ns": 143.360000,
  "grain_bytes": 7168,
  "total_tokens": 524288,
  "max_egress_load": 750,
  "konig_us": 211.456000,
  "rtt_us": 0.600000,
  "barrier_us": 0.800000,
  "cct_us": 242.568143,
  "step_us": 469.891581,
  "gemv_us": 226.523438,
  "e2e_us": 469.091581,
  "throughput_GBs": 7997.794678,
  "latency_all": {
    "count": 524288,
    "mean_us": 31.974496,
    "p50_us": 25.598321,
    "p99_us": 47.740126,
    "min_us": 1.147811,
    "max_us": 124.352316
  },
  "latency_hot": {
    "count": 91168,
    "mean_us": 46.607866,
    "p50_us": 44.948532,
    "p99_us": 106.529182,
    "min_us": 1.897758,
    "max_us": 124.352316
  },
  "latency_cold": {
    "count": 207108,
    "mean_us": 26.037455,
    "p50_us": 25.344246,
    "p99_us": 44.710060,
    "min_us": 1.147811,
    "max_us": 59.775198
  },
  "dispatch_cct_us": 124.352316,
  "combine_cct_us": 118.215827,
  "roundtrip_step_us": 243.368143,
  "e2e_step_us": 469.891581
}
