{
  "scenario": 1,
  "scheme": "ub_rg",
  "mode": "roundtrip",
  "batch": 128,
  "zipf_s": 0.300000,
  "topk": 8,
  "ep_size": 64,
  "seed": 73,
  "start_skew_us": 4.000000,
  "tau_g_ns": 143.360000,
  "grain_bytes": 7168,
  "total_tokens": 131072,
  "max_egress_load": 319,
  "konig_us": 86.876160,
  "rtt_us": 0.600000,
  "barrier_us": 0.800000,
  "cct_us": 96.951809,
  "step_us": 187.439309,
  "gemv_us": 89.687500,
  "e2e_us": 186.639309,
  "throughput_GBs": 5012.417624,
  "latency_all": {
    "count": 131072,
    "mean_us": 13.571200,
    "p50_us": 12.686966,
    "p99_us": 35.556345,
    "min_us": 1.155049,
    "max_us": 49.085548
  },
  "latency_hot": {
    "count": 21498,
    "mean_us": 19.620791,
    "p50_us": 19.201101,
    "p99_us": 42.180355,
    "min_us": 1.165065,
    "max_us": 49.085548
  },
  "latency_cold": {
    "count": 52800,
    "mean_us": 11.061310,
    "p50_us": 10.917886,
    "p99_us": 20.826738,
    "min_us": 1.155049,
    "max_us": 24.146815
  },
  "dispatch_cct_us": 49.085548,
  "combine_cct_us": 47.866261,
  "roundtrip_step_us": 97.751809,
  "e2e_step_us": 187.439309
}
