{
  "scenario": 4,
  "scheme": "packet_spray",
  "mode": "roundtrip",
  "batch": 256,
  "zipf_s": 0.900000,
  "topk": 8,
  "ep_size": 512,
  "seed": 18,
  "start_skew_us": 4.000000,
  "tau_g_ns": 143.360000,
  "grain_bytes": 7168,
  "total_tokens": 2097152,
  "max_egress_load": 11154,
  "konig_us": 3048.263680,
  "rtt_us": 0.000000,
  "barrier_us": 6.000000,
  "cct_us": 3136.360741,
  "step_us": 6301.266991,
  "gemv_us": 3158.906250,
  "e2e_us": 6295.266991,
  "throughput_GBs": 2385.613172,
  "latency_all": {
    "count": 2097152,
    "mean_us": 453.888723,
    "p50_us": 47.722005,
    "p99_us": 903.929133,
    "min_us": 0.211060,
    "max_us": 1647.190424
  },
  "latency_hot": {
    "count": 1162152,
    "mean_us": 502.014811,
    "p50_us": 85.247638,
    "p99_us": 907.845516,
    "min_us": 0.211060,
    "max_us": 1632.280984
  },
  "latency_cold": {
    "count": 305404,
    "mean_us": 393.205318,
    "p50_us": 43.660694,
    "p99_us": 1418.817944,
    "min_us": 0.333123,
    "max_us": 1647.190424
  },
  "dispatch_cct_us": 1489.170316,
  "combine_cct_us": 1647.190424,
  "roundtrip_step_us": 3142.360741,
  "e2e_step_us": 6301.266991
}
