{
  "scenario": 1,
  "scheme": "packet_spray",
  "mode": "roundtrip",
  "batch": 512,
  "zipf_s": 0.700000,
  "topk": 8,
  "ep_size": 32,
  "seed": 95,
  "start_skew_us": 4.000000,
  "tau_g_ns": 143.360000,
  "grain_bytes": 7168,
  "total_tokens": 262144,
  "max_egress_load": 1652,
  "konig_us": 466.780160,
  "rtt_us": 0.000000,
  "barrier_us": 4.000000,
  "cct_us": 598.383846,
  "step_us": 1103.360408,
  "gemv_us": 500.976562,
  "e2e_us": 1099.360408,
  "throughput_GBs": 1703.023036,
  "latency_all": {
    "count": 262144,
    "mean_us": 134.066015,
    "p50_us": 110.986165,
    "p99_us": 260.272499,
    "min_us": 1.077619,
    "max_us": 300.269939
  },
  "latency_hot": {
    "count": 62276,
    "mean_us": 141.731156,
    "p50_us": 142.717299,
    "p99_us": 284.930419,
    "min_us": 1.077619,
    "max_us": 300.269939
  },
  "latency_cold": {
    "count": 79592,
    "mean_us": 133.738866,
    "p50_us": 106.584947,
    "p99_us": 286.931827,
    "min_us": 1.077619,
    "max_us": 298.113907
  },
  "dispatch_cct_us": 300.269939,
  "combine_cct_us": 298.113907,
  "roundtrip_step_us": 602.383846,
  "e2e_step_us": 1103.360408
}
