{
  "scenario": 4,
  "scheme": "ub_rg_pop",
  "mode": "roundtrip",
  "batch": 64,
  "zipf_s": 0.900000,
  "topk": 8,
  "ep_size": 256,
  "seed": 76,
  "start_skew_us": 4.000000,
  "tau_g_ns": 143.360000,
  "grain_bytes": 7168,
  "total_tokens": 262144,
  "max_egress_load": 1535,
  "konig_us": 420.188160,
  "rtt_us": 1.200000,
  "barrier_us": 1.600000,
  "cct_us": 469.146161,
  "step_us": 906.996161,
  "gemv_us": 436.250000,
  "e2e_us": 905.396161,
  "throughput_GBs": 2071.726731,
  "latency_all": {
    "count": 262144,
    "mean_us": 38.437629,
    "p50_us": 20.997051,
    "p99_us": 178.961875,
    "min_us": 1.454683,
    "max_us": 239.982797
  },
  "latency_hot": {
    "count": 132924,
    "mean_us": 57.201082,
    "p50_us": 41.373906,
    "p99_us": 200.395980,
    "min_us": 2.332935,
    "max_us": 239.982797
  },
  "latency_cold": {
    "count": 41932,
    "mean_us": 16.689089,
    "p50_us": 16.600761,
    "p99_us": 25.917423,
    "min_us": 1.743413,
    "max_us": 29.973073
  },
  "dispatch_cct_us": 239.982797,
  "combine_cct_us": 229.163364,
  "roundtrip_step_us": 470.746161,
  "e2e_step_us": 906.996161
}
