{
  "scenario": 4,
  "scheme": "ub_rg",
  "mode": "roundtrip",
  "batch": 128,
  "zipf_s": 0.000000,
  "topk": 8,
  "ep_size": 128,
  "seed": 30,
  "start_skew_us": 4.000000,
  "tau_g_ns": 143.360000,
  "grain_bytes": 7168,
  "total_tokens": 262144,
  "max_egress_load": 196,
  "konig_us": 52.183040,
  "rtt_us": 0.800000,
  "barrier_us": 1.600000,
  "cct_us": 91.128838,
  "step_us": 136.088213,
  "gemv_us": 43.359375,
  "e2e_us": 134.488213,
  "throughput_GBs": 13807.574924,
  "latency_all": {
    "count": 262144,
    "mean_us": 21.004469,
    "p50_us": 18.620274,
    "p99_us": 36.819369,
    "min_us": 1.175499,
    "max_us": 45.945290
  },
  "latency_hot": {
    "count": 24362,
    "mean_us": 20.792183,
    "p50_us": 20.720791,
    "p99_us": 36.217990,
    "min_us": 2.623733,
    "max_us": 40.885334
  },
  "latency_cold": {
    "count": 131276,
    "mean_us": 20.873562,
    "p50_us": 20.811101,
    "p99_us": 36.771144,
    "min_us": 1.175499,
    "max_us": 45.945290
  },
  "dispatch_cct_us": 45.945290,
  "combine_cct_us": 45.183547,
  "roundtrip_step_us": 92.728838,
  "e2e_step_us": 136.088213
}
