{
  "scenario": 4,
  "scheme": "ub_rg_pop",
  "mode": "roundtrip",
  "batch": 512,
  "zipf_s": 0.000000,
  "topk": 8,
  "ep_size": 256,
  "seed": 22,
  "start_skew_us": 4.000000,
  "tau_g_ns": 143.360000,
  "grain_bytes": 7168,
  "total_tokens": 2097152,
  "max_egress_load": 628,
  "konig_us": 178.196480,
  "rtt_us": 1.200000,
  "barrier_us": 1.600000,
  "cct_us": 193.636840,
  "step_us": 362.658715,
  "gemv_us": 167.421875,
  "e2e_us": 361.058715,
  "throughput_GBs": 41450.501278,
  "latency_all": {
    "count": 2097152,
    "mean_us": 42.023038,
    "p50_us": 15.386231,
    "p99_us": 78.561260,
    "min_us": 1.438562,
    "max_us": 98.213901
  },
  "latency_hot": {
    "count": 204562,
    "mean_us": 41.873950,
    "p50_us": 40.823487,
    "p99_us": 80.185282,
    "min_us": 1.922123,
    "max_us": 93.758359
  },
  "latency_cold": {
    "count": 1048162,
    "mean_us": 41.990891,
    "p50_us": 21.835523,
    "p99_us": 75.280671,
    "min_us": 1.438562,
    "max_us": 95.422939
  },
  "dispatch_cct_us": 98.213901,
  "combine_cct_us": 95.422939,
  "roundtrip_step_us": 195.236840,
  "e2e_step_us": 362.658715
}
