{
  "scenario": 4,
  "scheme": "ub_rg_pop",
  "mode": "roundtrip",
  "batch": 16,
  "zipf_s": 0.300000,
  "topk": 8,
  "ep_size": 128,
  "seed": 22,
  "start_skew_us": 4.000000,
  "tau_g_ns": 143.360000,
  "grain_bytes": 7168,
  "total_tokens": 32768,
  "max_egress_load": 58,
  "konig_us": 14.766080,
  "rtt_us": 1.200000,
  "barrier_us": 1.600000,
  "cct_us": 52.096718,
  "step_us": 67.642030,
  "gemv_us": 13.945312,
  "e2e_us": 66.042030,
  "throughput_GBs": 3472.412396,
  "latency_all": {
    "count": 32768,
    "mean_us": 13.700458,
    "p50_us": 13.641763,
    "p99_us": 22.402855,
    "min_us": 1.443488,
    "max_us": 26.443513
  },
  "latency_hot": {
    "count": 5658,
    "mean_us": 14.424651,
    "p50_us": 14.779057,
    "p99_us": 23.233314,
    "min_us": 1.978573,
    "max_us": 26.443513
  },
  "latency_cold": {
    "count": 12776,
    "mean_us": 12.900016,
    "p50_us": 12.840048,
    "p99_us": 21.027906,
    "min_us": 1.762708,
    "max_us": 23.695120
  },
  "dispatch_cct_us": 26.443513,
  "combine_cct_us": 25.653205,
  "roundtrip_step_us": 53.696718,
  "e2e_step_us": 67.642030
}
