{
  "scenario": 1,
  "scheme": "ub_rg_pop",
  "mode": "roundtrip",
  "batch": 128,
  "zipf_s": 0.700000,
  "topk": 8,
  "ep_size": 32,
  "seed": 46,
  "start_skew_us": 4.000000,
  "tau_g_ns": 143.360000,
  "grain_bytes": 7168,
  "total_tokens": 65536,
  "max_egress_load": 419,
  "konig_us": 117.698560,
  "rtt_us": 0.900000,
  "barrier_us": 0.800000,
  "cct_us": 135.378293,
  "step_us": 261.764231,
  "gemv_us": 125.585938,
  "e2e_us": 260.964231,
  "throughput_GBs": 1794.599847,
  "latency_all": {
    "count": 65536,
    "mean_us": 20.397998,
    "p50_us": 17.937701,
    "p99_us": 57.190579,
    "min_us": 1.556355,
    "max_us": 72.667091
  },
  "latency_hot": {
    "count": 15520,
    "mean_us": 29.863401,
    "p50_us": 29.047674,
    "p99_us": 63.479826,
    "min_us": 1.556355,
    "max_us": 72.667091
  },
  "latency_cold": {
    "count": 19794,
    "mean_us": 14.741798,
    "p50_us": 14.633932,
    "p99_us": 27.140148,
    "min_us": 1.784786,
    "max_us": 30.765204
  },
  "dispatch_cct_us": 72.667091,
  "combine_cct_us": 62.711202,
  "roundtrip_step_us": 136.178293,
  "e2e_step_us": 261.764231
}
