{
  "scenario": 4,
  "scheme": "packet_spray",
  "mode": "roundtrip",
  "batch": 64,
  "zipf_s": 0.300000,
  "topk": 8,
  "ep_size": 256,
  "seed": 20,
  "start_skew_us": 4.000000,
  "tau_g_ns": 143.360000,
  "grain_bytes": 7168,
  "total_tokens": 262144,
  "max_egress_load": 267,
  "konig_us": 70.676480,
  "rtt_us": 0.000000,
  "barrier_us": 6.000000,
  "cct_us": 93.757251,
  "step_us": 170.147876,
  "gemv_us": 70.390625,
  "e2e_us": 164.147876,
  "throughput_GBs": 11043.618289,
  "latency_all": {
    "count": 262144,
    "mean_us": 18.829505,
    "p50_us": 16.093676,
    "p99_us": 35.996668,
    "min_us": 0.199305,
    "max_us": 47.438662
  },
  "latency_hot": {
    "count": 48696,
    "mean_us": 19.021268,
    "p50_us": 18.785405,
    "p99_us": 36.830022,
    "min_us": 0.468591,
    "max_us": 47.438662
  },
  "latency_cold": {
    "count": 102256,
    "mean_us": 19.376713,
    "p50_us": 16.499708,
    "p99_us": 40.870908,
    "min_us": 0.371700,
    "max_us": 46.318588
  },
  "dispatch_cct_us": 47.438662,
  "combine_cct_us": 46.318588,
  "roundtrip_step_us": 99.757251,
  "e2e_step_us": 170.147876
}
