{
  "scenario": 1,
  "scheme": "packet_spray",
  "mode": "roundtrip",
  "batch": 256,
  "zipf_s": 0.900000,
  "topk": 8,
  "ep_size": 128,
  "seed": 16,
  "start_skew_us": 4.000000,
  "tau_g_ns": 143.360000,
  "grain_bytes": 7168,
  "total_tokens": 524288,
  "max_egress_load": 3138,
  "konig_us": 888.258560,
  "rtt_us": 0.000000,
  "barrier_us": 4.000000,
  "cct_us": 958.692986,
  "step_us": 1918.044548,
  "gemv_us": 955.351562,
  "e2e_us": 1914.044548,
  "throughput_GBs": 1959.337382,
  "latency_all": {
    "count": 524288,
    "mean_us": 168.037112,
    "p50_us": 56.357661,
    "p99_us": 339.431775,
    "min_us": 1.818975,
    "max_us": 483.221855
  },
  "latency_hot": {
    "count": 231612,
    "mean_us": 191.019460,
    "p50_us": 151.056735,
    "p99_us": 444.075291,
    "min_us": 1.818975,
    "max_us": 483.221855
  },
  "latency_cold": {
    "count": 94550,
    "mean_us": 148.229454,
    "p50_us": 52.272411,
    "p99_us": 464.145691,
    "min_us": 1.818975,
    "max_us": 475.471131
  },
  "dispatch_cct_us": 483.221855,
  "combine_cct_us": 475.471131,
  "roundtrip_step_us": 962.692986,
  "e2e_step_us": 1918.044548
}
