{
  "scenario": 4,
  "scheme": "ub_rg_pop",
  "mode": "roundtrip",
  "batch": 128,
  "zipf_s": 0.000000,
  "topk": 8,
  "ep_size": 128,
  "seed": 40,
  "start_skew_us": 4.000000,
  "tau_g_ns": 143.360000,
  "grain_bytes": 7168,
  "total_tokens": 262144,
  "max_egress_load": 170,
  "konig_us": 48.455680,
  "rtt_us": 1.200000,
  "barrier_us": 1.600000,
  "cct_us": 59.745155,
  "step_us": 104.743592,
  "gemv_us": 43.398438,
  "e2e_us": 103.143592,
  "throughput_GBs": 17939.504957,
  "latency_all": {
    "count": 262144,
    "mean_us": 13.650446,
    "p50_us": 11.334324,
    "p99_us": 24.815922,
    "min_us": 1.490177,
    "max_us": 30.285136
  },
  "latency_hot": {
    "count": 24254,
    "mean_us": 13.530106,
    "p50_us": 13.407495,
    "p99_us": 24.777309,
    "min_us": 1.584430,
    "max_us": 28.702195
  },
  "latency_cold": {
    "count": 131060,
    "mean_us": 13.658195,
    "p50_us": 13.540917,
    "p99_us": 25.087029,
    "min_us": 1.772518,
    "max_us": 30.278174
  },
  "dispatch_cct_us": 30.285136,
  "combine_cct_us": 29.460018,
  "roundtrip_step_us": 61.345155,
  "e2e_step_us": 104.743592
}
