{
  "scenario": 4,
  "scheme": "ub_rg",
  "mode": "roundtrip",
  "batch": 16,
  "zipf_s": 0.900000,
  "topk": 8,
  "ep_size": 512,
  "seed": 25,
  "start_skew_us": 4.000000,
  "tau_g_ns": 143.360000,
  "grain_bytes": 7168,
  "total_tokens": 131072,
  "max_egress_load": 696,
  "konig_us": 190.668800,
  "rtt_us": 0.800000,
  "barrier_us": 1.600000,
  "cct_us": 206.337557,
  "step_us": 406.023495,
  "gemv_us": 198.085938,
  "e2e_us": 404.423495,
  "throughput_GBs": 2313.964853,
  "latency_all": {
    "count": 131072,
    "mean_us": 12.788799,
    "p50_us": 6.532138,
    "p99_us": 82.136807,
    "min_us": 1.092387,
    "max_us": 104.017639
  },
  "latency_hot": {
    "count": 72846,
    "mean_us": 19.390395,
    "p50_us": 11.549830,
    "p99_us": 87.245085,
    "min_us": 1.092387,
    "max_us": 104.017639
  },
  "latency_cold": {
    "count": 19026,
    "mean_us": 3.876941,
    "p50_us": 3.862853,
    "p99_us": 6.295087,
    "min_us": 1.385356,
    "max_us": 9.282710
  },
  "dispatch_cct_us": 104.017639,
  "combine_cct_us": 102.319918,
  "roundtrip_step_us": 207.937557,
  "e2e_step_us": 406.023495
}
