{
  "scenario": 4,
  "scheme": "ub_rg",
  "mode": "roundtrip",
  "batch": 16,
  "zipf_s": 0.300000,
  "topk": 8,
  "ep_size": 512,
  "seed": 1,
  "start_skew_us": 4.000000,
  "tau_g_ns": 143.360000,
  "grain_bytes": 7168,
  "total_tokens": 131072,
  "max_egress_load": 90,
  "konig_us": 24.371200,
  "rtt_us": 0.800000,
  "barrier_us": 1.600000,
  "cct_us": 66.461641,
  "step_us": 92.827266,
  "gemv_us": 24.765625,
  "e2e_us": 91.227266,
  "throughput_GBs": 10121.208350,
  "latency_all": {
    "count": 131072,
    "mean_us": 16.221740,
    "p50_us": 16.321761,
    "p99_us": 26.548080,
    "min_us": 1.404621,
    "max_us": 38.024992
  },
  "latency_hot": {
    "count": 25408,
    "mean_us": 17.689032,
    "p50_us": 17.723011,
    "p99_us": 28.367723,
    "min_us": 2.802774,
    "max_us": 38.024992
  },
  "latency_cold": {
    "count": 50886,
    "mean_us": 15.570938,
    "p50_us": 15.555899,
    "p99_us": 25.403275,
    "min_us": 1.404621,
    "max_us": 30.764940
  },
  "dispatch_cct_us": 38.024992,
  "combine_cct_us": 28.436649,
  "roundtrip_step_us": 68.061641,
  "e2e_step_us": 92.827266
}
