{
  "scenario": 1,
  "scheme": "islip",
  "mode": "roundtrip",
  "batch": 16,
  "zipf_s": 0.300000,
  "topk": 8,
  "ep_size": 128,
  "seed": 26,
  "start_skew_us": 4.000000,
  "tau_g_ns": 143.360000,
  "grain_bytes": 7168,
  "total_tokens": 32768,
  "max_egress_load": 54,
  "konig_us": 14.766080,
  "rtt_us": 0.600000,
  "barrier_us": 0.800000,
  "cct_us": 23.064211,
  "step_us": 38.942336,
  "gemv_us": 15.078125,
  "e2e_us": 38.142336,
  "throughput_GBs": 6031.508345,
  "latency_all": {
    "count": 32768,
    "mean_us": 4.509795,
    "p50_us": 4.449830,
    "p99_us": 8.557954,
    "min_us": 1.229075,
    "max_us": 12.227227
  },
  "latency_hot": {
    "count": 5714,
    "mean_us": 5.472851,
    "p50_us": 5.413119,
    "p99_us": 9.616353,
    "min_us": 1.280872,
    "max_us": 12.227227
  },
  "latency_cold": {
    "count": 12708,
    "mean_us": 4.156684,
    "p50_us": 4.164409,
    "p99_us": 7.094070,
    "min_us": 1.229075,
    "max_us": 8.304243
  },
  "dispatch_cct_us": 12.227227,
  "combine_cct_us": 10.836984,
  "roundtrip_step_us": 23.864211,
  "e2e_step_us": 38.942336
}
