{
  "scenario": 1,
  "scheme": "islip",
  "mode": "roundtrip",
  "batch": 256,
  "zipf_s": 0.900000,
  "topk": 8,
  "ep_size": 128,
  "seed": 92,
  "start_skew_us": 4.000000,
  "tau_g_ns": 143.360000,
  "grain_bytes": 7168,
  "total_tokens": 524288,
  "max_egress_load": 3094,
  "konig_us": 883.097600,
  "rtt_us": 0.600000,
  "barrier_us": 0.800000,
  "cct_us": 915.831328,
  "step_us": 1874.521953,
  "gemv_us": 957.890625,
  "e2e_us": 1873.721953,
  "throughput_GBs": 2004.829220,
  "latency_all": {
    "count": 524288,
    "mean_us": 71.587413,
    "p50_us": 28.181397,
    "p99_us": 157.122712,
    "min_us": 1.150839,
    "max_us": 457.962383
  },
  "latency_hot": {
    "count": 231876,
    "mean_us": 128.223987,
    "p50_us": 85.270662,
    "p99_us": 415.008126,
    "min_us": 1.188777,
    "max_us": 457.962383
  },
  "latency_cold": {
    "count": 95210,
    "mean_us": 17.856938,
    "p50_us": 17.587478,
    "p99_us": 31.977363,
    "min_us": 1.151636,
    "max_us": 44.668009
  },
  "dispatch_cct_us": 457.962383,
  "combine_cct_us": 457.868944,
  "roundtrip_step_us": 916.631328,
  "e2e_step_us": 1874.521953
}
