{
  "scenario": 1,
  "scheme": "ub_rg_pop",
  "mode": "roundtrip",
  "batch": 256,
  "zipf_s": 0.300000,
  "topk": 8,
  "ep_size": 64,
  "seed": 41,
  "start_skew_us": 4.000000,
  "tau_g_ns": 143.360000,
  "grain_bytes": 7168,
  "total_tokens": 262144,
  "max_egress_load": 622,
  "konig_us": 172.892160,
  "rtt_us": 0.900000,
  "barrier_us": 0.800000,
  "cct_us": 204.779071,
  "step_us": 387.922821,
  "gemv_us": 182.343750,
  "e2e_us": 387.122821,
  "throughput_GBs": 4843.871230,
  "latency_all": {
    "count": 262144,
    "mean_us": 29.998289,
    "p50_us": 23.827660,
    "p99_us": 71.277547,
    "min_us": 1.465697,
    "max_us": 103.347014
  },
  "latency_hot": {
    "count": 42586,
    "mean_us": 43.591119,
    "p50_us": 42.583438,
    "p99_us": 92.990380,
    "min_us": 1.922230,
    "max_us": 103.347014
  },
  "latency_cold": {
    "count": 105768,
    "mean_us": 24.733630,
    "p50_us": 24.568952,
    "p99_us": 45.222013,
    "min_us": 1.465697,
    "max_us": 52.156977
  },
  "dispatch_cct_us": 101.432057,
  "combine_cct_us": 103.347014,
  "roundtrip_step_us": 205.579071,
  "e2e_step_us": 387.922821
}
