{
  "scenario": 1,
  "scheme": "packet_spray",
  "mode": "roundtrip",
  "batch": 256,
  "zipf_s": 0.900000,
  "topk": 8,
  "ep_size": 32,
  "seed": 95,
  "start_skew_us": 4.000000,
  "tau_g_ns": 143.360000,
  "grain_bytes": 7168,
  "total_tokens": 131072,
  "max_egress_load": 974,
  "konig_us": 272.240640,
  "rtt_us": 0.000000,
  "barrier_us": 4.000000,
  "cct_us": 340.479206,
  "step_us": 633.541706,
  "gemv_us": 289.062500,
  "e2e_us": 629.541706,
  "throughput_GBs": 1482.971188,
  "latency_all": {
    "count": 131072,
    "mean_us": 73.699057,
    "p50_us": 64.293747,
    "p99_us": 157.477747,
    "min_us": 1.077619,
    "max_us": 173.683059
  },
  "latency_hot": {
    "count": 36322,
    "mean_us": 79.919663,
    "p50_us": 80.206707,
    "p99_us": 159.060339,
    "min_us": 1.077619,
    "max_us": 173.683059
  },
  "latency_cold": {
    "count": 33592,
    "mean_us": 71.161544,
    "p50_us": 52.638645,
    "p99_us": 161.635187,
    "min_us": 1.077619,
    "max_us": 166.796147
  },
  "dispatch_cct_us": 173.683059,
  "combine_cct_us": 166.796147,
  "roundtrip_step_us": 344.479206,
  "e2e_step_us": 633.541706
}
