{
  "scenario": 1,
  "scheme": "ub_rg_pop",
  "mode": "roundtrip",
  "batch": 256,
  "zipf_s": 0.700000,
  "topk": 8,
  "ep_size": 32,
  "seed": 70,
  "start_skew_us": 4.000000,
  "tau_g_ns": 143.360000,
  "grain_bytes": 7168,
  "total_tokens": 131072,
  "max_egress_load": 820,
  "konig_us": 232.673280,
  "rtt_us": 0.900000,
  "barrier_us": 0.800000,
  "cct_us": 268.371355,
  "step_us": 519.913543,
  "gemv_us": 250.742188,
  "e2e_us": 519.113543,
  "throughput_GBs": 1807.077560,
  "latency_all": {
    "count": 131072,
    "mean_us": 33.896519,
    "p50_us": 27.300094,
    "p99_us": 115.771009,
    "min_us": 1.469949,
    "max_us": 135.008824
  },
  "latency_hot": {
    "count": 31178,
    "mean_us": 58.377377,
    "p50_us": 56.481116,
    "p99_us": 126.559744,
    "min_us": 1.922880,
    "max_us": 135.008824
  },
  "latency_cold": {
    "count": 39228,
    "mean_us": 19.598138,
    "p50_us": 19.266950,
    "p99_us": 37.675016,
    "min_us": 1.935770,
    "max_us": 45.726523
  },
  "dispatch_cct_us": 135.008824,
  "combine_cct_us": 133.362532,
  "roundtrip_step_us": 269.171355,
  "e2e_step_us": 519.913543
}
