{
  "scenario": 1,
  "scheme": "packet_spray",
  "mode": "roundtrip",
  "batch": 128,
  "zipf_s": 0.900000,
  "topk": 8,
  "ep_size": 128,
  "seed": 37,
  "start_skew_us": 4.000000,
  "tau_g_ns": 143.360000,
  "grain_bytes": 7168,
  "total_tokens": 262144,
  "max_egress_load": 1585,
  "konig_us": 446.423040,
  "rtt_us": 0.000000,
  "barrier_us": 4.000000,
  "cct_us": 486.109996,
  "step_us": 967.766246,
  "gemv_us": 477.656250,
  "e2e_us": 963.766246,
  "throughput_GBs": 1941.634356,
  "latency_all": {
    "count": 262144,
    "mean_us": 85.406466,
    "p50_us": 44.995195,
    "p99_us": 222.347441,
    "min_us": 1.187277,
    "max_us": 246.288561
  },
  "latency_hot": {
    "count": 115770,
    "mean_us": 97.022176,
    "p50_us": 82.631711,
    "p99_us": 224.338555,
    "min_us": 2.990715,
    "max_us": 246.288561
  },
  "latency_cold": {
    "count": 47670,
    "mean_us": 76.163496,
    "p50_us": 27.505275,
    "p99_us": 233.943675,
    "min_us": 1.473997,
    "max_us": 239.821435
  },
  "dispatch_cct_us": 246.288561,
  "combine_cct_us": 239.821435,
  "roundtrip_step_us": 490.109996,
  "e2e_step_us": 967.766246
}
