{
  "scenario": 1,
  "scheme": "islip",
  "mode": "roundtrip",
  "batch": 16,
  "zipf_s": 0.900000,
  "topk": 8,
  "ep_size": 128,
  "seed": 38,
  "start_skew_us": 4.000000,
  "tau_g_ns": 143.360000,
  "grain_bytes": 7168,
  "total_tokens": 32768,
  "max_egress_load": 196,
  "konig_us": 55.050240,
  "rtt_us": 0.600000,
  "barrier_us": 0.800000,
  "cct_us": 91.280665,
  "step_us": 150.791602,
  "gemv_us": 58.710938,
  "e2e_us": 149.991602,
  "throughput_GBs": 1557.653217,
  "latency_all": {
    "count": 32768,
    "mean_us": 16.908693,
    "p50_us": 15.985094,
    "p99_us": 37.204551,
    "min_us": 1.143581,
    "max_us": 51.142204
  },
  "latency_hot": {
    "count": 14332,
    "mean_us": 20.508674,
    "p50_us": 19.478310,
    "p99_us": 39.159315,
    "min_us": 1.279092,
    "max_us": 51.142204
  },
  "latency_cold": {
    "count": 6066,
    "mean_us": 13.627821,
    "p50_us": 13.707588,
    "p99_us": 22.911147,
    "min_us": 1.181085,
    "max_us": 27.590941
  },
  "dispatch_cct_us": 51.142204,
  "combine_cct_us": 40.138461,
  "roundtrip_step_us": 92.080665,
  "e2e_step_us": 150.791602
}
