{
  "scenario": 4,
  "scheme": "packet_spray",
  "mode": "roundtrip",
  "batch": 16,
  "zipf_s": 0.900000,
  "topk": 8,
  "ep_size": 128,
  "seed": 29,
  "start_skew_us": 4.000000,
  "tau_g_ns": 143.360000,
  "grain_bytes": 7168,
  "total_tokens": 32768,
  "max_egress_load": 214,
  "konig_us": 58.490880,
  "rtt_us": 0.000000,
  "barrier_us": 6.000000,
  "cct_us": 68.705642,
  "step_us": 135.330642,
  "gemv_us": 60.625000,
  "e2e_us": 129.330642,
  "throughput_GBs": 1735.608578,
  "latency_all": {
    "count": 32768,
    "mean_us": 12.356441,
    "p50_us": 9.345001,
    "p99_us": 30.702494,
    "min_us": 0.285301,
    "max_us": 34.705868
  },
  "latency_hot": {
    "count": 14550,
    "mean_us": 13.783119,
    "p50_us": 11.911628,
    "p99_us": 30.996206,
    "min_us": 0.285301,
    "max_us": 34.705868
  },
  "latency_cold": {
    "count": 5824,
    "mean_us": 11.013757,
    "p50_us": 6.543111,
    "p99_us": 30.845854,
    "min_us": 0.685038,
    "max_us": 33.999774
  },
  "dispatch_cct_us": 34.705868,
  "combine_cct_us": 33.999774,
  "roundtrip_step_us": 74.705642,
  "e2e_step_us": 135.330642
}
