{
  "scenario": 4,
  "scheme": "ub_rg_pop",
  "mode": "roundtrip",
  "batch": 16,
  "zipf_s": 0.900000,
  "topk": 8,
  "ep_size": 512,
  "seed": 89,
  "start_skew_us": 4.000000,
  "tau_g_ns": 143.360000,
  "grain_bytes": 7168,
  "total_tokens": 131072,
  "max_egress_load": 686,
  "konig_us": 189.808640,
  "rtt_us": 1.200000,
  "barrier_us": 1.600000,
  "cct_us": 206.519088,
  "step_us": 407.259713,
  "gemv_us": 199.140625,
  "e2e_us": 405.659713,
  "throughput_GBs": 2306.940916,
  "latency_all": {
    "count": 131072,
    "mean_us": 13.352840,
    "p50_us": 6.970035,
    "p99_us": 83.968050,
    "min_us": 1.452330,
    "max_us": 103.446680
  },
  "latency_hot": {
    "count": 72542,
    "mean_us": 20.121406,
    "p50_us": 11.989819,
    "p99_us": 89.238910,
    "min_us": 1.616208,
    "max_us": 103.446680
  },
  "latency_cold": {
    "count": 19196,
    "mean_us": 4.376313,
    "p50_us": 4.400883,
    "p99_us": 6.663562,
    "min_us": 1.465900,
    "max_us": 10.274415
  },
  "dispatch_cct_us": 103.072409,
  "combine_cct_us": 103.446680,
  "roundtrip_step_us": 208.119088,
  "e2e_step_us": 407.259713
}
