{
  "scenario": 1,
  "scheme": "packet_spray",
  "mode": "roundtrip",
  "batch": 16,
  "zipf_s": 0.300000,
  "topk": 8,
  "ep_size": 32,
  "seed": 7,
  "start_skew_us": 4.000000,
  "tau_g_ns": 143.360000,
  "grain_bytes": 7168,
  "total_tokens": 8192,
  "max_egress_load": 40,
  "konig_us": 9.891840,
  "rtt_us": 0.000000,
  "barrier_us": 4.000000,
  "cct_us": 19.975816,
  "step_us": 32.921129,
  "gemv_us": 8.945312,
  "e2e_us": 28.921129,
  "throughput_GBs": 1783.664720,
  "latency_all": {
    "count": 8192,
    "mean_us": 5.784233,
    "p50_us": 5.902047,
    "p99_us": 8.482527,
    "min_us": 0.862363,
    "max_us": 10.528904
  },
  "latency_hot": {
    "count": 1236,
    "mean_us": 5.105898,
    "p50_us": 5.081224,
    "p99_us": 9.382024,
    "min_us": 0.862363,
    "max_us": 10.528904
  },
  "latency_cold": {
    "count": 3344,
    "mean_us": 6.110221,
    "p50_us": 6.184293,
    "p99_us": 8.339087,
    "min_us": 1.037868,
    "max_us": 9.446912
  },
  "dispatch_cct_us": 10.528904,
  "combine_cct_us": 9.446912,
  "roundtrip_step_us": 23.975816,
  "e2e_step_us": 32.921129
}
