{
  "scenario": 4,
  "scheme": "packet_spray",
  "mode": "roundtrip",
  "batch": 16,
  "zipf_s": 0.000000,
  "topk": 8,
  "ep_size": 256,
  "seed": 90,
  "start_skew_us": 4.000000,
  "tau_g_ns": 143.360000,
  "grain_bytes": 7168,
  "total_tokens": 65536,
  "max_egress_load": 33,
  "konig_us": 9.031680,
  "rtt_us": 0.000000,
  "barrier_us": 6.000000,
  "cct_us": 55.745455,
  "step_us": 67.917330,
  "gemv_us": 6.171875,
  "e2e_us": 61.917330,
  "throughput_GBs": 6916.674249,
  "latency_all": {
    "count": 65536,
    "mean_us": 19.621447,
    "p50_us": 20.276097,
    "p99_us": 26.740957,
    "min_us": 0.623440,
    "max_us": 29.608157
  },
  "latency_hot": {
    "count": 6386,
    "mean_us": 16.963184,
    "p50_us": 18.136966,
    "p99_us": 26.884317,
    "min_us": 0.699942,
    "max_us": 28.461277
  },
  "latency_cold": {
    "count": 32844,
    "mean_us": 20.420166,
    "p50_us": 20.812092,
    "p99_us": 26.740957,
    "min_us": 1.416742,
    "max_us": 29.608157
  },
  "dispatch_cct_us": 29.608157,
  "combine_cct_us": 26.137298,
  "roundtrip_step_us": 61.745455,
  "e2e_step_us": 67.917330
}
