{
  "scenario": 1,
  "scheme": "islip",
  "mode": "roundtrip",
  "batch": 128,
  "zipf_s": 0.900000,
  "topk": 8,
  "ep_size": 64,
  "seed": 76,
  "start_skew_us": 4.000000,
  "tau_g_ns": 143.360000,
  "grain_bytes": 7168,
  "total_tokens": 131072,
  "max_egress_load": 873,
  "konig_us": 246.865920,
  "rtt_us": 0.600000,
  "barrier_us": 0.800000,
  "cct_us": 271.471465,
  "step_us": 537.310528,
  "gemv_us": 265.039062,
  "e2e_us": 536.510528,
  "throughput_GBs": 1748.568188,
  "latency_all": {
    "count": 131072,
    "mean_us": 31.237522,
    "p50_us": 22.790366,
    "p99_us": 117.898804,
    "min_us": 1.143413,
    "max_us": 143.397904
  },
  "latency_hot": {
    "count": 48288,
    "mean_us": 50.341051,
    "p50_us": 45.491929,
    "p99_us": 126.724307,
    "min_us": 1.243760,
    "max_us": 143.397904
  },
  "latency_cold": {
    "count": 27504,
    "mean_us": 15.039859,
    "p50_us": 15.036840,
    "p99_us": 26.645887,
    "min_us": 1.143413,
    "max_us": 31.319794
  },
  "dispatch_cct_us": 143.397904,
  "combine_cct_us": 128.073562,
  "roundtrip_step_us": 272.271465,
  "e2e_step_us": 537.310528
}
