{
  "scenario": 4,
  "scheme": "ub_rg_pop",
  "mode": "roundtrip",
  "batch": 256,
  "zipf_s": 0.000000,
  "topk": 8,
  "ep_size": 256,
  "seed": 59,
  "start_skew_us": 4.000000,
  "tau_g_ns": 143.360000,
  "grain_bytes": 7168,
  "total_tokens": 1048576,
  "max_egress_load": 325,
  "konig_us": 92.897280,
  "rtt_us": 1.200000,
  "barrier_us": 1.600000,
  "cct_us": 103.681743,
  "step_us": 189.891118,
  "gemv_us": 84.609375,
  "e2e_us": 188.291118,
  "throughput_GBs": 39581.592132,
  "latency_all": {
    "count": 1048576,
    "mean_us": 23.582102,
    "p50_us": 13.803658,
    "p99_us": 40.848805,
    "min_us": 1.477049,
    "max_us": 53.222935
  },
  "latency_hot": {
    "count": 102726,
    "mean_us": 23.533838,
    "p50_us": 23.400025,
    "p99_us": 44.655683,
    "min_us": 1.885750,
    "max_us": 52.856479
  },
  "latency_cold": {
    "count": 523954,
    "mean_us": 23.577259,
    "p50_us": 20.390891,
    "p99_us": 37.982034,
    "min_us": 1.477049,
    "max_us": 52.753736
  },
  "dispatch_cct_us": 53.222935,
  "combine_cct_us": 50.458807,
  "roundtrip_step_us": 105.281743,
  "e2e_step_us": 189.891118
}
