{
  "scenario": 4,
  "scheme": "ub_rg_pop",
  "mode": "roundtrip",
  "batch": 16,
  "zipf_s": 0.000000,
  "topk": 8,
  "ep_size": 512,
  "seed": 8,
  "start_skew_us": 4.000000,
  "tau_g_ns": 143.360000,
  "grain_bytes": 7168,
  "total_tokens": 131072,
  "max_egress_load": 32,
  "konig_us": 8.888320,
  "rtt_us": 1.200000,
  "barrier_us": 1.600000,
  "cct_us": 57.525376,
  "step_us": 65.805063,
  "gemv_us": 6.679688,
  "e2e_us": 64.205063,
  "throughput_GBs": 14277.383017,
  "latency_all": {
    "count": 131072,
    "mean_us": 14.778355,
    "p50_us": 14.714793,
    "p99_us": 24.593715,
    "min_us": 1.771625,
    "max_us": 30.502609
  },
  "latency_hot": {
    "count": 12958,
    "mean_us": 14.827316,
    "p50_us": 14.840852,
    "p99_us": 23.407059,
    "min_us": 2.020892,
    "max_us": 26.285165
  },
  "latency_cold": {
    "count": 65286,
    "mean_us": 14.719534,
    "p50_us": 14.672224,
    "p99_us": 24.565457,
    "min_us": 1.771625,
    "max_us": 30.502609
  },
  "dispatch_cct_us": 27.022767,
  "combine_cct_us": 30.502609,
  "roundtrip_step_us": 59.125376,
  "e2e_step_us": 65.805063
}
