{
  "scenario": 1,
  "scheme": "islip",
  "mode": "roundtrip",
  "batch": 64,
  "zipf_s": 0.900000,
  "topk": 8,
  "ep_size": 32,
  "seed": 32,
  "start_skew_us": 4.000000,
  "tau_g_ns": 143.360000,
  "grain_bytes": 7168,
  "total_tokens": 32768,
  "max_egress_load": 235,
  "konig_us": 66.805760,
  "rtt_us": 0.600000,
  "barrier_us": 0.800000,
  "cct_us": 93.344735,
  "step_us": 166.293173,
  "gemv_us": 72.148438,
  "e2e_us": 165.493173,
  "throughput_GBs": 1412.451396,
  "latency_all": {
    "count": 32768,
    "mean_us": 15.570742,
    "p50_us": 14.074817,
    "p99_us": 39.492072,
    "min_us": 1.152786,
    "max_us": 51.328639
  },
  "latency_hot": {
    "count": 9026,
    "mean_us": 22.223998,
    "p50_us": 21.830825,
    "p99_us": 42.582582,
    "min_us": 1.319694,
    "max_us": 51.328639
  },
  "latency_cold": {
    "count": 8480,
    "mean_us": 10.834996,
    "p50_us": 10.941766,
    "p99_us": 20.772360,
    "min_us": 1.152786,
    "max_us": 25.786698
  },
  "dispatch_cct_us": 51.328639,
  "combine_cct_us": 42.016096,
  "roundtrip_step_us": 94.144735,
  "e2e_step_us": 166.293173
}
