{
  "scenario": 4,
  "scheme": "packet_spray",
  "mode": "roundtrip",
  "batch": 16,
  "zipf_s": 0.900000,
  "topk": 8,
  "ep_size": 256,
  "seed": 1,
  "start_skew_us": 4.000000,
  "tau_g_ns": 143.360000,
  "grain_bytes": 7168,
  "total_tokens": 65536,
  "max_egress_load": 413,
  "konig_us": 108.810240,
  "rtt_us": 0.000000,
  "barrier_us": 6.000000,
  "cct_us": 143.542649,
  "step_us": 257.589524,
  "gemv_us": 108.046875,
  "e2e_us": 251.589524,
  "throughput_GBs": 1823.684602,
  "latency_all": {
    "count": 65536,
    "mean_us": 31.598392,
    "p50_us": 26.615970,
    "p99_us": 64.860374,
    "min_us": 0.193360,
    "max_us": 72.315094
  },
  "latency_hot": {
    "count": 33084,
    "mean_us": 34.025815,
    "p50_us": 30.289285,
    "p99_us": 65.206435,
    "min_us": 0.193360,
    "max_us": 71.227555
  },
  "latency_cold": {
    "count": 10528,
    "mean_us": 28.549634,
    "p50_us": 21.056183,
    "p99_us": 64.860374,
    "min_us": 0.336720,
    "max_us": 72.315094
  },
  "dispatch_cct_us": 71.227555,
  "combine_cct_us": 72.315094,
  "roundtrip_step_us": 149.542649,
  "e2e_step_us": 257.589524
}
