{
  "scenario": 1,
  "scheme": "ub_rg",
  "mode": "roundtrip",
  "batch": 512,
  "zipf_s": 0.000000,
  "topk": 8,
  "ep_size": 128,
  "seed": 93,
  "start_skew_us": 4.000000,
  "tau_g_ns": 143.360000,
  "grain_bytes": 7168,
  "total_tokens": 1048576,
  "max_egress_load": 592,
  "konig_us": 169.021440,
  "rtt_us": 0.600000,
  "barrier_us": 0.800000,
  "cct_us": 213.929152,
  "step_us": 380.236964,
  "gemv_us": 165.507812,
  "e2e_us": 379.436964,
  "throughput_GBs": 19767.128063,
  "latency_all": {
    "count": 1048576,
    "mean_us": 48.830066,
    "p50_us": 26.916428,
    "p99_us": 80.628510,
    "min_us": 1.164906,
    "max_us": 108.355990
  },
  "latency_hot": {
    "count": 98296,
    "mean_us": 48.427826,
    "p50_us": 48.239954,
    "p99_us": 89.826277,
    "min_us": 1.353022,
    "max_us": 100.907659
  },
  "latency_cold": {
    "count": 524262,
    "mean_us": 48.818599,
    "p50_us": 40.071027,
    "p99_us": 75.180181,
    "min_us": 1.170596,
    "max_us": 105.573162
  },
  "dispatch_cct_us": 108.355990,
  "combine_cct_us": 105.573162,
  "roundtrip_step_us": 214.729152,
  "e2e_step_us": 380.236964
}
