{
  "scenario": 1,
  "scheme": "ub_rg",
  "mode": "roundtrip",
  "batch": 512,
  "zipf_s": 0.300000,
  "topk": 8,
  "ep_size": 32,
  "seed": 38,
  "start_skew_us": 4.000000,
  "tau_g_ns": 143.360000,
  "grain_bytes": 7168,
  "total_tokens": 262144,
  "max_egress_load": 972,
  "konig_us": 273.674240,
  "rtt_us": 0.600000,
  "barrier_us": 0.800000,
  "cct_us": 298.091276,
  "step_us": 591.586588,
  "gemv_us": 292.695312,
  "e2e_us": 590.786588,
  "throughput_GBs": 3176.285991,
  "latency_all": {
    "count": 262144,
    "mean_us": 47.120592,
    "p50_us": 36.031780,
    "p99_us": 114.909776,
    "min_us": 1.143581,
    "max_us": 150.755344
  },
  "latency_hot": {
    "count": 39474,
    "mean_us": 68.142233,
    "p50_us": 67.526182,
    "p99_us": 139.575920,
    "min_us": 1.593118,
    "max_us": 150.755344
  },
  "latency_cold": {
    "count": 108444,
    "mean_us": 38.052128,
    "p50_us": 37.877519,
    "p99_us": 72.876798,
    "min_us": 1.143581,
    "max_us": 82.947814
  },
  "dispatch_cct_us": 150.755344,
  "combine_cct_us": 147.335932,
  "roundtrip_step_us": 298.891276,
  "e2e_step_us": 591.586588
}
