{
  "scenario": 4,
  "scheme": "packet_spray",
  "mode": "roundtrip",
  "batch": 256,
  "zipf_s": 0.700000,
  "topk": 8,
  "ep_size": 256,
  "seed": 29,
  "start_skew_us": 4.000000,
  "tau_g_ns": 143.360000,
  "grain_bytes": 7168,
  "total_tokens": 1048576,
  "max_egress_load": 3975,
  "konig_us": 1082.511360,
  "rtt_us": 0.000000,
  "barrier_us": 6.000000,
  "cct_us": 1158.427475,
  "step_us": 2281.849350,
  "gemv_us": 1117.421875,
  "e2e_us": 2275.849350,
  "throughput_GBs": 3293.904029,
  "latency_all": {
    "count": 1048576,
    "mean_us": 177.832000,
    "p50_us": 45.615081,
    "p99_us": 226.969326,
    "min_us": 0.285301,
    "max_us": 607.296414
  },
  "latency_hot": {
    "count": 404736,
    "mean_us": 200.458119,
    "p50_us": 105.686766,
    "p99_us": 497.657781,
    "min_us": 0.285301,
    "max_us": 584.502174
  },
  "latency_cold": {
    "count": 242584,
    "mean_us": 163.997466,
    "p50_us": 50.364535,
    "p99_us": 530.025374,
    "min_us": 0.339607,
    "max_us": 607.296414
  },
  "dispatch_cct_us": 551.131061,
  "combine_cct_us": 607.296414,
  "roundtrip_step_us": 1164.427475,
  "e2e_step_us": 2281.849350
}
