{
  "scenario": 1,
  "scheme": "ub_rg",
  "mode": "roundtrip",
  "batch": 64,
  "zipf_s": 0.900000,
  "topk": 8,
  "ep_size": 32,
  "seed": 23,
  "tau_g_ns": 143.360000,
  "grain_bytes": 7168,
  "total_tokens": 32768,
  "max_egress_load": 233,
  "konig_us": 66.375680,
  "rtt_us": 0.600000,
  "barrier_us": 0.800000,
  "cct_us": 68.941990,
  "step_us": 69.741990,
  "throughput_GBs": 3367.856617,
  "latency_all": {
    "count": 32768,
    "mean_us": 8.601248,
    "p50_us": 6.225113,
    "p99_us": 31.165798,
    "min_us": 1.144330,
    "max_us": 34.527390
  },
  "latency_hot": {
    "count": 9058,
    "mean_us": 15.252555,
    "p50_us": 14.807804,
    "p99_us": 33.333452,
    "min_us": 1.144972,
    "max_us": 34.527390
  },
  "latency_cold": {
    "count": 8224,
    "mean_us": 3.789491,
    "p50_us": 3.650224,
    "p99_us": 7.610270,
    "min_us": 1.146610,
    "max_us": 9.457125
  },
  "dispatch_cct_us": 34.527390,
  "combine_cct_us": 34.414601,
  "roundtrip_step_us": 69.741990
}
