{
  "scenario": 1,
  "scheme": "islip",
  "mode": "roundtrip",
  "batch": 64,
  "zipf_s": 0.000000,
  "topk": 8,
  "ep_size": 128,
  "seed": 65,
  "start_skew_us": 4.000000,
  "tau_g_ns": 143.360000,
  "grain_bytes": 7168,
  "total_tokens": 131072,
  "max_egress_load": 91,
  "konig_us": 25.661440,
  "rtt_us": 0.600000,
  "barrier_us": 0.800000,
  "cct_us": 35.899427,
  "step_us": 59.121302,
  "gemv_us": 22.421875,
  "e2e_us": 58.321302,
  "throughput_GBs": 15891.464967,
  "latency_all": {
    "count": 131072,
    "mean_us": 7.991302,
    "p50_us": 7.879222,
    "p99_us": 14.724678,
    "min_us": 1.160915,
    "max_us": 18.250706
  },
  "latency_hot": {
    "count": 12366,
    "mean_us": 8.022742,
    "p50_us": 7.924152,
    "p99_us": 14.780264,
    "min_us": 1.252665,
    "max_us": 18.250706
  },
  "latency_cold": {
    "count": 65300,
    "mean_us": 8.027692,
    "p50_us": 7.915915,
    "p99_us": 14.662713,
    "min_us": 1.174123,
    "max_us": 17.648721
  },
  "dispatch_cct_us": 17.648721,
  "combine_cct_us": 18.250706,
  "roundtrip_step_us": 36.699427,
  "e2e_step_us": 59.121302
}
