{
  "scenario": 1,
  "scheme": "packet_spray",
  "mode": "roundtrip",
  "batch": 64,
  "zipf_s": 0.000000,
  "topk": 8,
  "ep_size": 32,
  "seed": 67,
  "start_skew_us": 4.000000,
  "tau_g_ns": 143.360000,
  "grain_bytes": 7168,
  "total_tokens": 32768,
  "max_egress_load": 86,
  "konig_us": 22.507520,
  "rtt_us": 0.000000,
  "barrier_us": 4.000000,
  "cct_us": 44.121997,
  "step_us": 70.036060,
  "gemv_us": 21.914062,
  "e2e_us": 66.036060,
  "throughput_GBs": 3353.715569,
  "latency_all": {
    "count": 32768,
    "mean_us": 13.133809,
    "p50_us": 13.442049,
    "p99_us": 20.896769,
    "min_us": 1.974996,
    "max_us": 23.068926
  },
  "latency_hot": {
    "count": 3182,
    "mean_us": 10.992315,
    "p50_us": 10.576596,
    "p99_us": 21.635326,
    "min_us": 1.974996,
    "max_us": 23.068926
  },
  "latency_cold": {
    "count": 16288,
    "mean_us": 14.280203,
    "p50_us": 14.323966,
    "p99_us": 20.713509,
    "min_us": 2.023443,
    "max_us": 22.495486
  },
  "dispatch_cct_us": 23.068926,
  "combine_cct_us": 21.053071,
  "roundtrip_step_us": 48.121997,
  "e2e_step_us": 70.036060
}
