{
  "scenario": 1,
  "scheme": "islip",
  "mode": "roundtrip",
  "batch": 128,
  "zipf_s": 0.300000,
  "topk": 8,
  "ep_size": 32,
  "seed": 84,
  "start_skew_us": 4.000000,
  "tau_g_ns": 143.360000,
  "grain_bytes": 7168,
  "total_tokens": 65536,
  "max_egress_load": 250,
  "konig_us": 68.812800,
  "rtt_us": 0.600000,
  "barrier_us": 0.800000,
  "cct_us": 77.389442,
  "step_us": 149.947255,
  "gemv_us": 71.757812,
  "e2e_us": 149.147255,
  "throughput_GBs": 3132.848610,
  "latency_all": {
    "count": 65536,
    "mean_us": 13.101918,
    "p50_us": 12.489705,
    "p99_us": 31.017937,
    "min_us": 1.172240,
    "max_us": 39.088442
  },
  "latency_hot": {
    "count": 9608,
    "mean_us": 17.539288,
    "p50_us": 17.280807,
    "p99_us": 35.783926,
    "min_us": 1.172240,
    "max_us": 39.088442
  },
  "latency_cold": {
    "count": 27142,
    "mean_us": 11.022650,
    "p50_us": 10.894199,
    "p99_us": 21.057917,
    "min_us": 1.676870,
    "max_us": 24.313874
  },
  "dispatch_cct_us": 38.301000,
  "combine_cct_us": 39.088442,
  "roundtrip_step_us": 78.189442,
  "e2e_step_us": 149.947255
}
