{
  "scenario": 1,
  "scheme": "ub_rg",
  "mode": "roundtrip",
  "batch": 16,
  "zipf_s": 0.300000,
  "topk": 8,
  "ep_size": 128,
  "seed": 5,
  "start_skew_us": 4.000000,
  "tau_g_ns": 143.360000,
  "grain_bytes": 7168,
  "total_tokens": 32768,
  "max_egress_load": 62,
  "konig_us": 15.769600,
  "rtt_us": 0.600000,
  "barrier_us": 0.800000,
  "cct_us": 51.169714,
  "step_us": 66.930651,
  "gemv_us": 14.960938,
  "e2e_us": 66.130651,
  "throughput_GBs": 3509.319273,
  "latency_all": {
    "count": 32768,
    "mean_us": 14.535400,
    "p50_us": 15.023997,
    "p99_us": 23.527690,
    "min_us": 1.146110,
    "max_us": 26.680866
  },
  "latency_hot": {
    "count": 5716,
    "mean_us": 16.128486,
    "p50_us": 16.711122,
    "p99_us": 25.420359,
    "min_us": 1.582473,
    "max_us": 26.680866
  },
  "latency_cold": {
    "count": 13142,
    "mean_us": 14.227963,
    "p50_us": 14.718839,
    "p99_us": 23.332071,
    "min_us": 1.160874,
    "max_us": 25.025043
  },
  "dispatch_cct_us": 24.488848,
  "combine_cct_us": 26.680866,
  "roundtrip_step_us": 51.969714,
  "e2e_step_us": 66.930651
}
