{
  "scenario": 1,
  "scheme": "packet_spray",
  "mode": "roundtrip",
  "batch": 64,
  "zipf_s": 0.300000,
  "topk": 8,
  "ep_size": 128,
  "seed": 25,
  "tau_g_ns": 143.360000,
  "grain_bytes": 7168,
  "total_tokens": 131072,
  "max_egress_load": 212,
  "konig_us": 57.917440,
  "rtt_us": 0.000000,
  "barrier_us": 4.000000,
  "cct_us": 75.764000,
  "step_us": 79.764000,
  "throughput_GBs": 11778.798656,
  "latency_all": {
    "count": 131072,
    "mean_us": 15.951749,
    "p50_us": 14.299280,
    "p99_us": 33.939600,
    "min_us": 0.536720,
    "max_us": 37.953680
  },
  "latency_hot": {
    "count": 22980,
    "mean_us": 16.025090,
    "p50_us": 16.019600,
    "p99_us": 31.932560,
    "min_us": 0.536720,
    "max_us": 37.953680
  },
  "latency_cold": {
    "count": 51670,
    "mean_us": 16.581590,
    "p50_us": 13.869200,
    "p99_us": 35.086480,
    "min_us": 0.536720,
    "max_us": 37.810320
  },
  "dispatch_cct_us": 37.953680,
  "combine_cct_us": 37.810320,
  "roundtrip_step_us": 79.764000
}
