{
  "scenario": 4,
  "scheme": "packet_spray",
  "mode": "roundtrip",
  "batch": 16,
  "zipf_s": 0.300000,
  "topk": 8,
  "ep_size": 256,
  "seed": 94,
  "start_skew_us": 4.000000,
  "tau_g_ns": 143.360000,
  "grain_bytes": 7168,
  "total_tokens": 65536,
  "max_egress_load": 70,
  "konig_us": 18.780160,
  "rtt_us": 0.000000,
  "barrier_us": 6.000000,
  "cct_us": 29.060678,
  "step_us": 53.966928,
  "gemv_us": 18.906250,
  "e2e_us": 47.966928,
  "throughput_GBs": 8704.628321,
  "latency_all": {
    "count": 65536,
    "mean_us": 6.636035,
    "p50_us": 6.508160,
    "p99_us": 11.637685,
    "min_us": 0.314370,
    "max_us": 14.555793
  },
  "latency_hot": {
    "count": 12194,
    "mean_us": 6.741638,
    "p50_us": 6.763358,
    "p99_us": 12.122169,
    "min_us": 0.350542,
    "max_us": 14.555793
  },
  "latency_cold": {
    "count": 25498,
    "mean_us": 6.740563,
    "p50_us": 6.519846,
    "p99_us": 11.838305,
    "min_us": 0.314370,
    "max_us": 14.504885
  },
  "dispatch_cct_us": 14.555793,
  "combine_cct_us": 14.504885,
  "roundtrip_step_us": 35.060678,
  "e2e_step_us": 53.966928
}
