{
  "scenario": 1,
  "scheme": "ub_rg",
  "mode": "roundtrip",
  "batch": 128,
  "zipf_s": 0.700000,
  "topk": 8,
  "ep_size": 64,
  "seed": 33,
  "start_skew_us": 4.000000,
  "tau_g_ns": 143.360000,
  "grain_bytes": 7168,
  "total_tokens": 131072,
  "max_egress_load": 707,
  "konig_us": 198.123520,
  "rtt_us": 0.600000,
  "barrier_us": 0.800000,
  "cct_us": 224.958281,
  "step_us": 436.656718,
  "gemv_us": 210.898438,
  "e2e_us": 435.856718,
  "throughput_GBs": 2151.630920,
  "latency_all": {
    "count": 131072,
    "mean_us": 25.699265,
    "p50_us": 20.525922,
    "p99_us": 94.164352,
    "min_us": 1.202010,
    "max_us": 113.799094
  },
  "latency_hot": {
    "count": 39230,
    "mean_us": 42.126478,
    "p50_us": 38.966655,
    "p99_us": 102.738696,
    "min_us": 1.413156,
    "max_us": 113.799094
  },
  "latency_cold": {
    "count": 35372,
    "mean_us": 15.328478,
    "p50_us": 15.465800,
    "p99_us": 26.676367,
    "min_us": 1.202010,
    "max_us": 30.127506
  },
  "dispatch_cct_us": 113.799094,
  "combine_cct_us": 111.159187,
  "roundtrip_step_us": 225.758281,
  "e2e_step_us": 436.656718
}
