{
  "scenario": 4,
  "scheme": "ub_rg",
  "mode": "roundtrip",
  "batch": 64,
  "zipf_s": 0.300000,
  "topk": 8,
  "ep_size": 128,
  "seed": 47,
  "start_skew_us": 4.000000,
  "tau_g_ns": 143.360000,
  "grain_bytes": 7168,
  "total_tokens": 131072,
  "max_egress_load": 219,
  "konig_us": 58.634240,
  "rtt_us": 0.800000,
  "barrier_us": 1.600000,
  "cct_us": 71.728009,
  "step_us": 132.624884,
  "gemv_us": 59.296875,
  "e2e_us": 131.024884,
  "throughput_GBs": 7084.071005,
  "latency_all": {
    "count": 131072,
    "mean_us": 9.293011,
    "p50_us": 8.646112,
    "p99_us": 23.249942,
    "min_us": 1.148577,
    "max_us": 36.556234
  },
  "latency_hot": {
    "count": 23452,
    "mean_us": 13.368473,
    "p50_us": 12.958368,
    "p99_us": 30.158816,
    "min_us": 1.587072,
    "max_us": 36.556234
  },
  "latency_cold": {
    "count": 51264,
    "mean_us": 7.633053,
    "p50_us": 7.556032,
    "p99_us": 13.427876,
    "min_us": 1.201491,
    "max_us": 18.403081
  },
  "dispatch_cct_us": 35.171775,
  "combine_cct_us": 36.556234,
  "roundtrip_step_us": 73.328009,
  "e2e_step_us": 132.624884
}
