{
  "scenario": 4,
  "scheme": "ub_rg_pop",
  "mode": "roundtrip",
  "batch": 128,
  "zipf_s": 0.900000,
  "topk": 8,
  "ep_size": 128,
  "seed": 60,
  "start_skew_us": 4.000000,
  "tau_g_ns": 143.360000,
  "grain_bytes": 7168,
  "total_tokens": 262144,
  "max_egress_load": 1631,
  "konig_us": 453.591040,
  "rtt_us": 1.200000,
  "barrier_us": 1.600000,
  "cct_us": 477.976428,
  "step_us": 958.443616,
  "gemv_us": 478.867188,
  "e2e_us": 956.843616,
  "throughput_GBs": 1960.520328,
  "latency_all": {
    "count": 262144,
    "mean_us": 35.236446,
    "p50_us": 12.336461,
    "p99_us": 187.669526,
    "min_us": 1.692994,
    "max_us": 239.179713
  },
  "latency_hot": {
    "count": 116806,
    "mean_us": 63.567750,
    "p50_us": 48.478172,
    "p99_us": 214.285935,
    "min_us": 1.962389,
    "max_us": 239.179713
  },
  "latency_cold": {
    "count": 47148,
    "mean_us": 7.887511,
    "p50_us": 7.739781,
    "p99_us": 14.245705,
    "min_us": 1.755096,
    "max_us": 18.842775
  },
  "dispatch_cct_us": 238.796715,
  "combine_cct_us": 239.179713,
  "roundtrip_step_us": 479.576428,
  "e2e_step_us": 958.443616
}
