{
  "scenario": 1,
  "scheme": "ub_rg",
  "mode": "roundtrip",
  "batch": 16,
  "zipf_s": 0.700000,
  "topk": 8,
  "ep_size": 128,
  "seed": 24,
  "start_skew_us": 4.000000,
  "tau_g_ns": 143.360000,
  "grain_bytes": 7168,
  "total_tokens": 32768,
  "max_egress_load": 154,
  "konig_us": 42.291200,
  "rtt_us": 0.600000,
  "barrier_us": 0.800000,
  "cct_us": 53.440520,
  "step_us": 98.263958,
  "gemv_us": 44.023438,
  "e2e_us": 97.463958,
  "throughput_GBs": 2390.306985,
  "latency_all": {
    "count": 32768,
    "mean_us": 5.992365,
    "p50_us": 5.090929,
    "p99_us": 21.393338,
    "min_us": 1.213510,
    "max_us": 27.105837
  },
  "latency_hot": {
    "count": 11150,
    "mean_us": 8.979117,
    "p50_us": 7.914129,
    "p99_us": 23.855226,
    "min_us": 1.414481,
    "max_us": 27.105837
  },
  "latency_cold": {
    "count": 8118,
    "mean_us": 3.954071,
    "p50_us": 3.917602,
    "p99_us": 6.473769,
    "min_us": 1.213510,
    "max_us": 7.311284
  },
  "dispatch_cct_us": 26.334683,
  "combine_cct_us": 27.105837,
  "roundtrip_step_us": 54.240520,
  "e2e_step_us": 98.263958
}
