{
  "scenario": 4,
  "scheme": "ub_rg_pop",
  "mode": "roundtrip",
  "batch": 512,
  "zipf_s": 0.000000,
  "topk": 8,
  "ep_size": 128,
  "seed": 66,
  "start_skew_us": 4.000000,
  "tau_g_ns": 143.360000,
  "grain_bytes": 7168,
  "total_tokens": 1048576,
  "max_egress_load": 647,
  "konig_us": 183.787520,
  "rtt_us": 1.200000,
  "barrier_us": 1.600000,
  "cct_us": 194.961446,
  "step_us": 363.163008,
  "gemv_us": 166.601562,
  "e2e_us": 361.563008,
  "throughput_GBs": 20696.471287,
  "latency_all": {
    "count": 1048576,
    "mean_us": 41.433244,
    "p50_us": 20.705983,
    "p99_us": 74.320564,
    "min_us": 1.492084,
    "max_us": 97.618136
  },
  "latency_hot": {
    "count": 98622,
    "mean_us": 41.608920,
    "p50_us": 41.383382,
    "p99_us": 81.225258,
    "min_us": 1.918473,
    "max_us": 89.812176
  },
  "latency_cold": {
    "count": 525374,
    "mean_us": 41.543745,
    "p50_us": 33.872187,
    "p99_us": 69.113087,
    "min_us": 1.658895,
    "max_us": 96.552044
  },
  "dispatch_cct_us": 97.343309,
  "combine_cct_us": 97.618136,
  "roundtrip_step_us": 196.561446,
  "e2e_step_us": 363.163008
}
