{
  "scenario": 4,
  "scheme": "ub_rg",
  "mode": "roundtrip",
  "batch": 128,
  "zipf_s": 0.900000,
  "topk": 8,
  "ep_size": 128,
  "seed": 39,
  "start_skew_us": 4.000000,
  "tau_g_ns": 143.360000,
  "grain_bytes": 7168,
  "total_tokens": 262144,
  "max_egress_load": 1626,
  "konig_us": 454.451200,
  "rtt_us": 0.800000,
  "barrier_us": 1.600000,
  "cct_us": 502.494534,
  "step_us": 986.360159,
  "gemv_us": 482.265625,
  "e2e_us": 984.760159,
  "throughput_GBs": 1905.032533,
  "latency_all": {
    "count": 262144,
    "mean_us": 42.955589,
    "p50_us": 21.082325,
    "p99_us": 197.911170,
    "min_us": 1.061985,
    "max_us": 254.645814
  },
  "latency_hot": {
    "count": 116164,
    "mean_us": 71.265342,
    "p50_us": 56.000063,
    "p99_us": 225.194846,
    "min_us": 2.261988,
    "max_us": 254.645814
  },
  "latency_cold": {
    "count": 47630,
    "mean_us": 16.117620,
    "p50_us": 15.995235,
    "p99_us": 28.047471,
    "min_us": 1.410539,
    "max_us": 41.077639
  },
  "dispatch_cct_us": 254.645814,
  "combine_cct_us": 247.848720,
  "roundtrip_step_us": 504.094534,
  "e2e_step_us": 986.360159
}
