{
  "scenario": 2,
  "scheme": "packet_spray",
  "mode": "roundtrip",
  "batch": 256,
  "zipf_s": 0.300000,
  "topk": 8,
  "ep_size": 1024,
  "seed": 9,
  "tau_g_ns": 143.360000,
  "grain_bytes": 7168,
  "total_tokens": 4194304,
  "max_egress_load": 1444,
  "konig_us": 407.859200,
  "rtt_us": 0.000000,
  "barrier_us": 8.000000,
  "cct_us": 485.600160,
  "step_us": 493.600160,
  "throughput_GBs": 60909.159900,
  "latency_all": {
    "count": 4194304,
    "mean_us": 92.734806,
    "p50_us": 45.178320,
    "p99_us": 122.162640,
    "min_us": 0.880080,
    "max_us": 243.158480
  },
  "latency_hot": {
    "count": 816566,
    "mean_us": 94.975418,
    "p50_us": 58.367440,
    "p99_us": 124.886480,
    "min_us": 0.880080,
    "max_us": 242.441680
  },
  "latency_cold": {
    "count": 1623386,
    "mean_us": 94.632592,
    "p50_us": 41.594320,
    "p99_us": 67.829200,
    "min_us": 0.880080,
    "max_us": 243.158480
  },
  "dispatch_cct_us": 242.441680,
  "combine_cct_us": 243.158480,
  "roundtrip_step_us": 493.600160
}
