{
  "scenario": 1,
  "scheme": "ub_rg",
  "mode": "roundtrip",
  "batch": 128,
  "zipf_s": 0.700000,
  "topk": 8,
  "ep_size": 32,
  "seed": 54,
  "start_skew_us": 4.000000,
  "tau_g_ns": 143.360000,
  "grain_bytes": 7168,
  "total_tokens": 65536,
  "max_egress_load": 417,
  "konig_us": 116.695040,
  "rtt_us": 0.600000,
  "barrier_us": 0.800000,
  "cct_us": 152.660729,
  "step_us": 277.445104,
  "gemv_us": 123.984375,
  "e2e_us": 276.645104,
  "throughput_GBs": 1693.171157,
  "latency_all": {
    "count": 65536,
    "mean_us": 22.904933,
    "p50_us": 20.345923,
    "p99_us": 64.590201,
    "min_us": 1.151555,
    "max_us": 77.258393
  },
  "latency_hot": {
    "count": 15560,
    "mean_us": 35.097182,
    "p50_us": 34.227673,
    "p99_us": 71.969732,
    "min_us": 1.746557,
    "max_us": 77.258393
  },
  "latency_cold": {
    "count": 19822,
    "mean_us": 16.197523,
    "p50_us": 15.956872,
    "p99_us": 31.698625,
    "min_us": 1.151555,
    "max_us": 36.627911
  },
  "dispatch_cct_us": 75.402336,
  "combine_cct_us": 77.258393,
  "roundtrip_step_us": 153.460729,
  "e2e_step_us": 277.445104
}
