{
  "scenario": 4,
  "scheme": "packet_spray",
  "mode": "roundtrip",
  "batch": 512,
  "zipf_s": 0.900000,
  "topk": 8,
  "ep_size": 512,
  "seed": 18,
  "start_skew_us": 4.000000,
  "tau_g_ns": 143.360000,
  "grain_bytes": 7168,
  "total_tokens": 4194304,
  "max_egress_load": 22105,
  "konig_us": 6063.984640,
  "rtt_us": 0.000000,
  "barrier_us": 6.000000,
  "cct_us": 6255.478014,
  "step_us": 12571.829577,
  "gemv_us": 6310.351562,
  "e2e_us": 12565.829577,
  "throughput_GBs": 2391.439598,
  "latency_all": {
    "count": 4194304,
    "mean_us": 916.142803,
    "p50_us": 114.085235,
    "p99_us": 2312.551677,
    "min_us": 0.515625,
    "max_us": 3297.462731
  },
  "latency_hot": {
    "count": 2322500,
    "mean_us": 1011.661820,
    "p50_us": 158.434112,
    "p99_us": 2302.716723,
    "min_us": 1.770320,
    "max_us": 3267.500491
  },
  "latency_cold": {
    "count": 612006,
    "mean_us": 795.906697,
    "p50_us": 89.488459,
    "p99_us": 120.604737,
    "min_us": 3.175822,
    "max_us": 3297.462731
  },
  "dispatch_cct_us": 2958.015283,
  "combine_cct_us": 3297.462731,
  "roundtrip_step_us": 6261.478014,
  "e2e_step_us": 12571.829577
}
