{
  "scenario": 2,
  "scheme": "ub_rg_pop",
  "mode": "roundtrip",
  "batch": 64,
  "zipf_s": 0.000000,
  "topk": 8,
  "ep_size": 1024,
  "seed": 93,
  "tau_g_ns": 143.360000,
  "grain_bytes": 7168,
  "total_tokens": 1048576,
  "max_egress_load": 102,
  "konig_us": 28.815360,
  "rtt_us": 1.650000,
  "barrier_us": 2.400000,
  "cct_us": 38.531165,
  "step_us": 40.931165,
  "throughput_GBs": 183630.072028,
  "latency_all": {
    "count": 1048576,
    "mean_us": 8.831425,
    "p50_us": 7.245032,
    "p99_us": 14.970948,
    "min_us": 2.593368,
    "max_us": 21.144712
  },
  "latency_hot": {
    "count": 104308,
    "mean_us": 8.818907,
    "p50_us": 8.805267,
    "p99_us": 16.502468,
    "min_us": 2.596297,
    "max_us": 20.122636
  },
  "latency_cold": {
    "count": 524306,
    "mean_us": 8.835652,
    "p50_us": 8.828828,
    "p99_us": 14.465673,
    "min_us": 2.593592,
    "max_us": 21.144712
  },
  "dispatch_cct_us": 21.144712,
  "combine_cct_us": 17.386453,
  "roundtrip_step_us": 40.931165
}
