{
  "scenario": 4,
  "scheme": "packet_spray",
  "mode": "roundtrip",
  "batch": 64,
  "zipf_s": 0.700000,
  "topk": 8,
  "ep_size": 512,
  "seed": 80,
  "start_skew_us": 4.000000,
  "tau_g_ns": 143.360000,
  "grain_bytes": 7168,
  "total_tokens": 524288,
  "max_egress_load": 1654,
  "konig_us": 449.863680,
  "rtt_us": 0.000000,
  "barrier_us": 6.000000,
  "cct_us": 469.119126,
  "step_us": 938.673813,
  "gemv_us": 463.554688,
  "e2e_us": 932.673813,
  "throughput_GBs": 4003.623337,
  "latency_all": {
    "count": 524288,
    "mean_us": 68.718593,
    "p50_us": 15.038585,
    "p99_us": 137.872894,
    "min_us": 0.200988,
    "max_us": 245.736759
  },
  "latency_hot": {
    "count": 216806,
    "mean_us": 76.292700,
    "p50_us": 49.401052,
    "p99_us": 212.047159,
    "min_us": 0.294710,
    "max_us": 240.432439
  },
  "latency_cold": {
    "count": 115598,
    "mean_us": 63.299588,
    "p50_us": 15.895212,
    "p99_us": 218.068279,
    "min_us": 0.200988,
    "max_us": 245.736759
  },
  "dispatch_cct_us": 223.382366,
  "combine_cct_us": 245.736759,
  "roundtrip_step_us": 475.119126,
  "e2e_step_us": 938.673813
}
