{
  "scenario": 1,
  "scheme": "ub_rg",
  "mode": "roundtrip",
  "batch": 256,
  "zipf_s": 0.000000,
  "topk": 8,
  "ep_size": 64,
  "seed": 31,
  "start_skew_us": 4.000000,
  "tau_g_ns": 143.360000,
  "grain_bytes": 7168,
  "total_tokens": 262144,
  "max_egress_load": 312,
  "konig_us": 87.306240,
  "rtt_us": 0.600000,
  "barrier_us": 0.800000,
  "cct_us": 97.623947,
  "step_us": 182.213009,
  "gemv_us": 83.789062,
  "e2e_us": 181.413009,
  "throughput_GBs": 10312.371213,
  "latency_all": {
    "count": 262144,
    "mean_us": 22.093148,
    "p50_us": 17.604087,
    "p99_us": 41.850771,
    "min_us": 1.238883,
    "max_us": 49.036784
  },
  "latency_hot": {
    "count": 24390,
    "mean_us": 21.533436,
    "p50_us": 21.404509,
    "p99_us": 41.476085,
    "min_us": 1.529527,
    "max_us": 44.638926
  },
  "latency_cold": {
    "count": 130892,
    "mean_us": 22.230927,
    "p50_us": 22.091816,
    "p99_us": 42.398157,
    "min_us": 1.306113,
    "max_us": 47.846640
  },
  "dispatch_cct_us": 49.036784,
  "combine_cct_us": 48.587163,
  "roundtrip_step_us": 98.423947,
  "e2e_step_us": 182.213009
}
