{
  "scenario": 4,
  "scheme": "ub_rg_pop",
  "mode": "roundtrip",
  "batch": 128,
  "zipf_s": 0.900000,
  "topk": 8,
  "ep_size": 256,
  "seed": 94,
  "start_skew_us": 4.000000,
  "tau_g_ns": 143.360000,
  "grain_bytes": 7168,
  "total_tokens": 524288,
  "max_egress_load": 3044,
  "konig_us": 835.215360,
  "rtt_us": 1.200000,
  "barrier_us": 1.600000,
  "cct_us": 902.530295,
  "step_us": 1773.270920,
  "gemv_us": 869.140625,
  "e2e_us": 1771.670920,
  "throughput_GBs": 2119.301874,
  "latency_all": {
    "count": 524288,
    "mean_us": 60.558616,
    "p50_us": 24.903113,
    "p99_us": 126.434647,
    "min_us": 1.554825,
    "max_us": 453.575645
  },
  "latency_hot": {
    "count": 266062,
    "mean_us": 98.427323,
    "p50_us": 50.792455,
    "p99_us": 376.444049,
    "min_us": 1.554825,
    "max_us": 453.575645
  },
  "latency_cold": {
    "count": 83946,
    "mean_us": 17.332910,
    "p50_us": 17.430017,
    "p99_us": 27.175078,
    "min_us": 2.266266,
    "max_us": 34.646636
  },
  "dispatch_cct_us": 453.575645,
  "combine_cct_us": 448.954650,
  "roundtrip_step_us": 904.130295,
  "e2e_step_us": 1773.270920
}
