{
  "scenario": 1,
  "scheme": "ub_rg",
  "mode": "roundtrip",
  "batch": 256,
  "zipf_s": 0.300000,
  "topk": 8,
  "ep_size": 32,
  "seed": 83,
  "tau_g_ns": 143.360000,
  "grain_bytes": 7168,
  "total_tokens": 131072,
  "max_egress_load": 497,
  "konig_us": 140.206080,
  "rtt_us": 0.600000,
  "barrier_us": 0.800000,
  "cct_us": 144.870040,
  "step_us": 145.670040,
  "throughput_GBs": 6449.672828,
  "latency_all": {
    "count": 131072,
    "mean_us": 20.906401,
    "p50_us": 19.677697,
    "p99_us": 58.956176,
    "min_us": 1.144797,
    "max_us": 72.461302
  },
  "latency_hot": {
    "count": 19636,
    "mean_us": 31.192421,
    "p50_us": 30.615530,
    "p99_us": 68.733123,
    "min_us": 1.161167,
    "max_us": 72.461302
  },
  "latency_cold": {
    "count": 54080,
    "mean_us": 16.616873,
    "p50_us": 16.478131,
    "p99_us": 33.739945,
    "min_us": 1.144797,
    "max_us": 38.180491
  },
  "dispatch_cct_us": 72.408737,
  "combine_cct_us": 72.461302,
  "roundtrip_step_us": 145.670040
}
