{
  "scenario": 4,
  "scheme": "ub_rg_pop",
  "mode": "roundtrip",
  "batch": 256,
  "zipf_s": 0.900000,
  "topk": 8,
  "ep_size": 128,
  "seed": 73,
  "start_skew_us": 4.000000,
  "tau_g_ns": 143.360000,
  "grain_bytes": 7168,
  "total_tokens": 524288,
  "max_egress_load": 3271,
  "konig_us": 907.612160,
  "rtt_us": 1.200000,
  "barrier_us": 1.600000,
  "cct_us": 966.684550,
  "step_us": 1924.339238,
  "gemv_us": 956.054688,
  "e2e_us": 1922.739238,
  "throughput_GBs": 1952.928211,
  "latency_all": {
    "count": 524288,
    "mean_us": 74.360926,
    "p50_us": 31.873931,
    "p99_us": 161.211144,
    "min_us": 1.745105,
    "max_us": 485.927833
  },
  "latency_hot": {
    "count": 231640,
    "mean_us": 130.748994,
    "p50_us": 87.818388,
    "p99_us": 416.867287,
    "min_us": 2.337712,
    "max_us": 485.927833
  },
  "latency_cold": {
    "count": 95234,
    "mean_us": 20.759052,
    "p50_us": 20.682647,
    "p99_us": 35.811659,
    "min_us": 2.209458,
    "max_us": 45.220160
  },
  "dispatch_cct_us": 485.927833,
  "combine_cct_us": 480.756717,
  "roundtrip_step_us": 968.284550,
  "e2e_step_us": 1924.339238
}
