{
  "scenario": 1,
  "scheme": "ub_rg_pop",
  "mode": "roundtrip",
  "batch": 16,
  "zipf_s": 0.300000,
  "topk": 8,
  "ep_size": 128,
  "seed": 52,
  "tau_g_ns": 143.360000,
  "grain_bytes": 7168,
  "total_tokens": 32768,
  "max_egress_load": 56,
  "konig_us": 14.909440,
  "rtt_us": 0.900000,
  "barrier_us": 0.800000,
  "cct_us": 18.868068,
  "step_us": 19.668068,
  "throughput_GBs": 11942.251956,
  "latency_all": {
    "count": 32768,
    "mean_us": 3.149536,
    "p50_us": 2.991799,
    "p99_us": 6.674195,
    "min_us": 1.443636,
    "max_us": 9.448602
  },
  "latency_hot": {
    "count": 5592,
    "mean_us": 4.166501,
    "p50_us": 4.051758,
    "p99_us": 7.957555,
    "min_us": 1.444021,
    "max_us": 9.448602
  },
  "latency_cold": {
    "count": 13258,
    "mean_us": 2.754083,
    "p50_us": 2.722502,
    "p99_us": 4.457809,
    "min_us": 1.443636,
    "max_us": 5.260111
  },
  "dispatch_cct_us": 9.419466,
  "combine_cct_us": 9.448602,
  "roundtrip_step_us": 19.668068
}
