{
  "scenario": 1,
  "scheme": "ub_rg_pop",
  "mode": "roundtrip",
  "batch": 512,
  "zipf_s": 0.900000,
  "topk": 8,
  "ep_size": 32,
  "seed": 44,
  "start_skew_us": 4.000000,
  "tau_g_ns": 143.360000,
  "grain_bytes": 7168,
  "total_tokens": 262144,
  "max_egress_load": 1875,
  "konig_us": 534.446080,
  "rtt_us": 0.900000,
  "barrier_us": 0.800000,
  "cct_us": 543.637713,
  "step_us": 1123.265838,
  "gemv_us": 578.828125,
  "e2e_us": 1122.465838,
  "throughput_GBs": 1672.843711,
  "latency_all": {
    "count": 262144,
    "mean_us": 61.483925,
    "p50_us": 31.621531,
    "p99_us": 233.046193,
    "min_us": 1.512569,
    "max_us": 272.654026
  },
  "latency_hot": {
    "count": 72940,
    "mean_us": 115.120337,
    "p50_us": 111.898930,
    "p99_us": 261.791460,
    "min_us": 1.900071,
    "max_us": 272.654026
  },
  "latency_cold": {
    "count": 66468,
    "mean_us": 22.873214,
    "p50_us": 22.217513,
    "p99_us": 50.213132,
    "min_us": 1.512569,
    "max_us": 59.976246
  },
  "dispatch_cct_us": 272.654026,
  "combine_cct_us": 270.983687,
  "roundtrip_step_us": 544.437713,
  "e2e_step_us": 1123.265838
}
