{
  "scenario": 1,
  "scheme": "packet_spray",
  "mode": "roundtrip",
  "batch": 512,
  "zipf_s": 0.300000,
  "topk": 8,
  "ep_size": 128,
  "seed": 26,
  "start_skew_us": 4.000000,
  "tau_g_ns": 143.360000,
  "grain_bytes": 7168,
  "total_tokens": 1048576,
  "max_egress_load": 1538,
  "konig_us": 433.090560,
  "rtt_us": 0.000000,
  "barrier_us": 4.000000,
  "cct_us": 576.979117,
  "step_us": 1044.377555,
  "gemv_us": 463.398438,
  "e2e_us": 1040.377555,
  "throughput_GBs": 7196.815687,
  "latency_all": {
    "count": 1048576,
    "mean_us": 127.366004,
    "p50_us": 87.002130,
    "p99_us": 161.119250,
    "min_us": 1.447529,
    "max_us": 290.101828
  },
  "latency_hot": {
    "count": 181902,
    "mean_us": 127.127581,
    "p50_us": 128.431151,
    "p99_us": 249.833849,
    "min_us": 1.447529,
    "max_us": 290.101828
  },
  "latency_cold": {
    "count": 414156,
    "mean_us": 132.606219,
    "p50_us": 99.372785,
    "p99_us": 131.454194,
    "min_us": 1.700911,
    "max_us": 286.877289
  },
  "dispatch_cct_us": 290.101828,
  "combine_cct_us": 286.877289,
  "roundtrip_step_us": 580.979117,
  "e2e_step_us": 1044.377555
}
