{
  "scenario": 1,
  "scheme": "ub_rg_pop",
  "mode": "combine",
  "batch": 16,
  "zipf_s": 0.300000,
  "topk": 8,
  "ep_size": 128,
  "seed": 1,
  "start_skew_us": 8.000000,
  "tau_g_ns": 143.360000,
  "grain_bytes": 7168,
  "total_tokens": 16384,
  "max_egress_load": 40,
  "konig_us": 6.737920,
  "rtt_us": 0.900000,
  "barrier_us": 0.400000,
  "cct_us": 14.949566,
  "step_us": 15.349566,
  "gemv_us": 0.000000,
  "e2e_us": 0.000000,
  "throughput_GBs": 7855.780858,
  "latency_all": {
    "count": 16384,
    "mean_us": 6.831438,
    "p50_us": 6.878514,
    "p99_us": 12.348585,
    "min_us": 1.487523,
    "max_us": 14.949566
  },
  "latency_hot": {
    "count": 2860,
    "mean_us": 8.766919,
    "p50_us": 8.857088,
    "p99_us": 13.567761,
    "min_us": 2.461381,
    "max_us": 14.949566
  },
  "latency_cold": {
    "count": 6425,
    "mean_us": 6.240442,
    "p50_us": 6.104196,
    "p99_us": 10.934290,
    "min_us": 1.533685,
    "max_us": 12.420209
  }
}
