{
  "scenario": 4,
  "scheme": "ub_rg_pop",
  "mode": "roundtrip",
  "batch": 16,
  "zipf_s": 0.300000,
  "topk": 8,
  "ep_size": 512,
  "seed": 82,
  "start_skew_us": 4.000000,
  "tau_g_ns": 143.360000,
  "grain_bytes": 7168,
  "total_tokens": 131072,
  "max_egress_load": 82,
  "konig_us": 22.364160,
  "rtt_us": 1.200000,
  "barrier_us": 1.600000,
  "cct_us": 31.757934,
  "step_us": 56.326684,
  "gemv_us": 22.968750,
  "e2e_us": 54.726684,
  "throughput_GBs": 16679.911361,
  "latency_all": {
    "count": 131072,
    "mean_us": 5.594872,
    "p50_us": 5.503270,
    "p99_us": 10.687321,
    "min_us": 1.478334,
    "max_us": 17.388235
  },
  "latency_hot": {
    "count": 25208,
    "mean_us": 6.972953,
    "p50_us": 6.847965,
    "p99_us": 12.528129,
    "min_us": 1.713540,
    "max_us": 17.388235
  },
  "latency_cold": {
    "count": 50702,
    "mean_us": 5.016804,
    "p50_us": 5.007086,
    "p99_us": 7.981811,
    "min_us": 1.478334,
    "max_us": 9.372195
  },
  "dispatch_cct_us": 17.388235,
  "combine_cct_us": 14.369699,
  "roundtrip_step_us": 33.357934,
  "e2e_step_us": 56.326684
}
