{
  "scenario": 1,
  "scheme": "ub_rg_pop",
  "mode": "roundtrip",
  "batch": 16,
  "zipf_s": 0.900000,
  "topk": 8,
  "ep_size": 64,
  "seed": 64,
  "start_skew_us": 4.000000,
  "tau_g_ns": 143.360000,
  "grain_bytes": 7168,
  "total_tokens": 16384,
  "max_egress_load": 111,
  "konig_us": 31.252480,
  "rtt_us": 0.900000,
  "barrier_us": 0.800000,
  "cct_us": 38.012596,
  "step_us": 71.976659,
  "gemv_us": 33.164062,
  "e2e_us": 71.176659,
  "throughput_GBs": 1631.647177,
  "latency_all": {
    "count": 16384,
    "mean_us": 6.440949,
    "p50_us": 5.686748,
    "p99_us": 16.606219,
    "min_us": 1.491744,
    "max_us": 20.332296
  },
  "latency_hot": {
    "count": 6018,
    "mean_us": 8.723211,
    "p50_us": 8.337034,
    "p99_us": 17.800082,
    "min_us": 1.771148,
    "max_us": 20.332296
  },
  "latency_cold": {
    "count": 3422,
    "mean_us": 4.495026,
    "p50_us": 4.596796,
    "p99_us": 6.757858,
    "min_us": 1.638821,
    "max_us": 7.449719
  },
  "dispatch_cct_us": 20.332296,
  "combine_cct_us": 17.680300,
  "roundtrip_step_us": 38.812596,
  "e2e_step_us": 71.976659
}
