{
  "scenario": 1,
  "scheme": "packet_spray",
  "mode": "roundtrip",
  "batch": 16,
  "zipf_s": 0.700000,
  "topk": 8,
  "ep_size": 64,
  "seed": 40,
  "start_skew_us": 4.000000,
  "tau_g_ns": 143.360000,
  "grain_bytes": 7168,
  "total_tokens": 16384,
  "max_egress_load": 91,
  "konig_us": 24.944640,
  "rtt_us": 0.000000,
  "barrier_us": 4.000000,
  "cct_us": 37.821452,
  "step_us": 67.563639,
  "gemv_us": 25.742188,
  "e2e_us": 63.563639,
  "throughput_GBs": 1738.220630,
  "latency_all": {
    "count": 16384,
    "mean_us": 8.999347,
    "p50_us": 8.006568,
    "p99_us": 17.324968,
    "min_us": 0.944679,
    "max_us": 19.062884
  },
  "latency_hot": {
    "count": 4922,
    "mean_us": 9.794712,
    "p50_us": 9.440168,
    "p99_us": 16.769124,
    "min_us": 1.766448,
    "max_us": 19.062884
  },
  "latency_cold": {
    "count": 4362,
    "mean_us": 8.555516,
    "p50_us": 6.936545,
    "p99_us": 17.898408,
    "min_us": 0.944679,
    "max_us": 18.758568
  },
  "dispatch_cct_us": 19.062884,
  "combine_cct_us": 18.758568,
  "roundtrip_step_us": 41.821452,
  "e2e_step_us": 67.563639
}
