{
  "scenario": 1,
  "scheme": "ub_rg_pop",
  "mode": "roundtrip",
  "batch": 128,
  "zipf_s": 0.300000,
  "topk": 8,
  "ep_size": 128,
  "seed": 33,
  "start_skew_us": 4.000000,
  "tau_g_ns": 143.360000,
  "grain_bytes": 7168,
  "total_tokens": 262144,
  "max_egress_load": 386,
  "konig_us": 108.380160,
  "rtt_us": 0.900000,
  "barrier_us": 0.800000,
  "cct_us": 135.819062,
  "step_us": 252.244062,
  "gemv_us": 115.625000,
  "e2e_us": 251.444062,
  "throughput_GBs": 7449.325781,
  "latency_all": {
    "count": 262144,
    "mean_us": 22.129388,
    "p50_us": 18.805601,
    "p99_us": 47.049888,
    "min_us": 1.452786,
    "max_us": 70.637250
  },
  "latency_hot": {
    "count": 46018,
    "mean_us": 29.185436,
    "p50_us": 28.357649,
    "p99_us": 59.750177,
    "min_us": 1.746280,
    "max_us": 70.637250
  },
  "latency_cold": {
    "count": 103474,
    "mean_us": 19.114642,
    "p50_us": 19.044154,
    "p99_us": 32.525632,
    "min_us": 1.452786,
    "max_us": 37.264382
  },
  "dispatch_cct_us": 70.637250,
  "combine_cct_us": 65.181812,
  "roundtrip_step_us": 136.619062,
  "e2e_step_us": 252.244062
}
