{
  "scenario": 1,
  "scheme": "islip",
  "mode": "roundtrip",
  "batch": 16,
  "zipf_s": 0.900000,
  "topk": 8,
  "ep_size": 64,
  "seed": 8,
  "start_skew_us": 4.000000,
  "tau_g_ns": 143.360000,
  "grain_bytes": 7168,
  "total_tokens": 16384,
  "max_egress_load": 108,
  "konig_us": 30.248960,
  "rtt_us": 0.600000,
  "barrier_us": 0.800000,
  "cct_us": 59.593996,
  "step_us": 92.425246,
  "gemv_us": 32.031250,
  "e2e_us": 91.625246,
  "throughput_GBs": 1270.654036,
  "latency_all": {
    "count": 16384,
    "mean_us": 13.221144,
    "p50_us": 12.977612,
    "p99_us": 25.468874,
    "min_us": 1.171625,
    "max_us": 32.855983
  },
  "latency_hot": {
    "count": 6040,
    "mean_us": 15.272160,
    "p50_us": 14.830736,
    "p99_us": 27.215991,
    "min_us": 1.267384,
    "max_us": 32.855983
  },
  "latency_cold": {
    "count": 3382,
    "mean_us": 11.046583,
    "p50_us": 10.893723,
    "p99_us": 19.761560,
    "min_us": 1.171625,
    "max_us": 20.511675
  },
  "dispatch_cct_us": 32.855983,
  "combine_cct_us": 26.738013,
  "roundtrip_step_us": 60.393996,
  "e2e_step_us": 92.425246
}
