{
  "scenario": 1,
  "scheme": "packet_spray",
  "mode": "roundtrip",
  "batch": 16,
  "zipf_s": 0.700000,
  "topk": 8,
  "ep_size": 128,
  "seed": 52,
  "start_skew_us": 4.000000,
  "tau_g_ns": 143.360000,
  "grain_bytes": 7168,
  "total_tokens": 32768,
  "max_egress_load": 156,
  "konig_us": 42.147840,
  "rtt_us": 0.000000,
  "barrier_us": 4.000000,
  "cct_us": 49.802793,
  "step_us": 96.771543,
  "gemv_us": 42.968750,
  "e2e_us": 92.771543,
  "throughput_GBs": 2427.170398,
  "latency_all": {
    "count": 32768,
    "mean_us": 9.826553,
    "p50_us": 7.934279,
    "p99_us": 22.054420,
    "min_us": 0.715465,
    "max_us": 26.458133
  },
  "latency_hot": {
    "count": 11098,
    "mean_us": 10.804648,
    "p50_us": 9.725460,
    "p99_us": 22.291060,
    "min_us": 1.003392,
    "max_us": 26.458133
  },
  "latency_cold": {
    "count": 8330,
    "mean_us": 9.382151,
    "p50_us": 6.678079,
    "p99_us": 22.484500,
    "min_us": 0.818841,
    "max_us": 23.344660
  },
  "dispatch_cct_us": 26.458133,
  "combine_cct_us": 23.344660,
  "roundtrip_step_us": 53.802793,
  "e2e_step_us": 96.771543
}
