{
  "scenario": 4,
  "scheme": "packet_spray",
  "mode": "roundtrip",
  "batch": 16,
  "zipf_s": 0.700000,
  "topk": 8,
  "ep_size": 512,
  "seed": 90,
  "start_skew_us": 4.000000,
  "tau_g_ns": 143.360000,
  "grain_bytes": 7168,
  "total_tokens": 131072,
  "max_egress_load": 424,
  "konig_us": 113.541120,
  "rtt_us": 0.000000,
  "barrier_us": 6.000000,
  "cct_us": 123.124708,
  "step_us": 244.124708,
  "gemv_us": 115.000000,
  "e2e_us": 238.124708,
  "throughput_GBs": 3848.541601,
  "latency_all": {
    "count": 131072,
    "mean_us": 17.300770,
    "p50_us": 10.394341,
    "p99_us": 54.526207,
    "min_us": 0.278251,
    "max_us": 62.841087
  },
  "latency_hot": {
    "count": 54556,
    "mean_us": 19.519564,
    "p50_us": 14.327534,
    "p99_us": 54.119587,
    "min_us": 0.278251,
    "max_us": 61.407487
  },
  "latency_cold": {
    "count": 28598,
    "mean_us": 15.599953,
    "p50_us": 6.633081,
    "p99_us": 55.099647,
    "min_us": 0.559000,
    "max_us": 62.841087
  },
  "dispatch_cct_us": 60.283621,
  "combine_cct_us": 62.841087,
  "roundtrip_step_us": 129.124708,
  "e2e_step_us": 244.124708
}
