{
  "scenario": 4,
  "scheme": "packet_spray",
  "mode": "roundtrip",
  "batch": 256,
  "zipf_s": 0.000000,
  "topk": 8,
  "ep_size": 128,
  "seed": 47,
  "start_skew_us": 4.000000,
  "tau_g_ns": 143.360000,
  "grain_bytes": 7168,
  "total_tokens": 524288,
  "max_egress_load": 325,
  "konig_us": 90.030080,
  "rtt_us": 0.000000,
  "barrier_us": 6.000000,
  "cct_us": 190.928123,
  "step_us": 283.334373,
  "gemv_us": 86.406250,
  "e2e_us": 277.334373,
  "throughput_GBs": 13263.820916,
  "latency_all": {
    "count": 524288,
    "mean_us": 59.348880,
    "p50_us": 61.662226,
    "p99_us": 80.473593,
    "min_us": 1.665461,
    "max_us": 96.834831
  },
  "latency_hot": {
    "count": 49008,
    "mean_us": 49.680094,
    "p50_us": 49.273139,
    "p99_us": 85.491692,
    "min_us": 5.199903,
    "max_us": 94.093292
  },
  "latency_cold": {
    "count": 261362,
    "mean_us": 63.960693,
    "p50_us": 63.288591,
    "p99_us": 85.634553,
    "min_us": 1.665461,
    "max_us": 96.834831
  },
  "dispatch_cct_us": 94.093292,
  "combine_cct_us": 96.834831,
  "roundtrip_step_us": 196.928123,
  "e2e_step_us": 283.334373
}
