{
  "scenario": 1,
  "scheme": "packet_spray",
  "mode": "roundtrip",
  "batch": 64,
  "zipf_s": 0.300000,
  "topk": 8,
  "ep_size": 64,
  "seed": 18,
  "tau_g_ns": 143.360000,
  "grain_bytes": 7168,
  "total_tokens": 65536,
  "max_egress_load": 165,
  "konig_us": 45.158400,
  "rtt_us": 0.000000,
  "barrier_us": 4.000000,
  "cct_us": 63.721760,
  "step_us": 67.721760,
  "throughput_GBs": 6936.648545,
  "latency_all": {
    "count": 65536,
    "mean_us": 14.362884,
    "p50_us": 13.582480,
    "p99_us": 28.205200,
    "min_us": 0.536720,
    "max_us": 32.362640
  },
  "latency_hot": {
    "count": 10732,
    "mean_us": 14.045568,
    "p50_us": 14.299280,
    "p99_us": 27.345040,
    "min_us": 0.536720,
    "max_us": 32.362640
  },
  "latency_cold": {
    "count": 26826,
    "mean_us": 15.110547,
    "p50_us": 13.582480,
    "p99_us": 29.065360,
    "min_us": 0.536720,
    "max_us": 31.359120
  },
  "dispatch_cct_us": 32.362640,
  "combine_cct_us": 31.359120,
  "roundtrip_step_us": 67.721760
}
