{
  "scenario": 1,
  "scheme": "ub_rg",
  "mode": "roundtrip",
  "batch": 512,
  "zipf_s": 0.900000,
  "topk": 8,
  "ep_size": 64,
  "seed": 67,
  "start_skew_us": 4.000000,
  "tau_g_ns": 143.360000,
  "grain_bytes": 7168,
  "total_tokens": 524288,
  "max_egress_load": 3415,
  "konig_us": 974.848000,
  "rtt_us": 0.600000,
  "barrier_us": 0.800000,
  "cct_us": 984.943629,
  "step_us": 2043.478004,
  "gemv_us": 1057.734375,
  "e2e_us": 2042.678004,
  "throughput_GBs": 1839.068675,
  "latency_all": {
    "count": 524288,
    "mean_us": 85.617087,
    "p50_us": 33.754307,
    "p99_us": 192.872357,
    "min_us": 1.181239,
    "max_us": 492.859454
  },
  "latency_hot": {
    "count": 193002,
    "mean_us": 166.842354,
    "p50_us": 147.221787,
    "p99_us": 470.833868,
    "min_us": 1.445083,
    "max_us": 492.859454
  },
  "latency_cold": {
    "count": 111182,
    "mean_us": 19.543780,
    "p50_us": 18.925689,
    "p99_us": 42.471792,
    "min_us": 1.181239,
    "max_us": 51.490545
  },
  "dispatch_cct_us": 492.859454,
  "combine_cct_us": 492.084175,
  "roundtrip_step_us": 985.743629,
  "e2e_step_us": 2043.478004
}
