{
  "scenario": 1,
  "scheme": "packet_spray",
  "mode": "roundtrip",
  "batch": 16,
  "zipf_s": 0.300000,
  "topk": 8,
  "ep_size": 32,
  "seed": 66,
  "start_skew_us": 4.000000,
  "tau_g_ns": 143.360000,
  "grain_bytes": 7168,
  "total_tokens": 8192,
  "max_egress_load": 37,
  "konig_us": 9.605120,
  "rtt_us": 0.000000,
  "barrier_us": 4.000000,
  "cct_us": 20.744937,
  "step_us": 34.041812,
  "gemv_us": 9.296875,
  "e2e_us": 30.041812,
  "throughput_GBs": 1724.945053,
  "latency_all": {
    "count": 8192,
    "mean_us": 6.084294,
    "p50_us": 6.152446,
    "p99_us": 9.033179,
    "min_us": 0.721721,
    "max_us": 11.295212
  },
  "latency_hot": {
    "count": 1270,
    "mean_us": 5.819168,
    "p50_us": 5.847532,
    "p99_us": 10.036699,
    "min_us": 2.023443,
    "max_us": 11.295212
  },
  "latency_cold": {
    "count": 3338,
    "mean_us": 6.246664,
    "p50_us": 6.295806,
    "p99_us": 8.876286,
    "min_us": 0.721721,
    "max_us": 9.449726
  },
  "dispatch_cct_us": 11.295212,
  "combine_cct_us": 9.449726,
  "roundtrip_step_us": 24.744937,
  "e2e_step_us": 34.041812
}
