{
  "scenario": 1,
  "scheme": "ub_rg_pop",
  "mode": "roundtrip",
  "batch": 256,
  "zipf_s": 0.900000,
  "topk": 8,
  "ep_size": 64,
  "seed": 66,
  "tau_g_ns": 143.360000,
  "grain_bytes": 7168,
  "total_tokens": 262144,
  "max_egress_load": 1714,
  "konig_us": 488.427520,
  "rtt_us": 0.900000,
  "barrier_us": 0.800000,
  "cct_us": 494.191611,
  "step_us": 494.991611,
  "throughput_GBs": 3796.121289,
  "latency_all": {
    "count": 262144,
    "mean_us": 43.002325,
    "p50_us": 16.236949,
    "p99_us": 208.220690,
    "min_us": 1.444079,
    "max_us": 247.101230
  },
  "latency_hot": {
    "count": 96486,
    "mean_us": 83.681934,
    "p50_us": 73.883152,
    "p99_us": 235.445888,
    "min_us": 1.444079,
    "max_us": 247.101230
  },
  "latency_cold": {
    "count": 55206,
    "mean_us": 9.883943,
    "p50_us": 9.559336,
    "p99_us": 21.383138,
    "min_us": 1.444147,
    "max_us": 25.067880
  },
  "dispatch_cct_us": 247.101230,
  "combine_cct_us": 247.090381,
  "roundtrip_step_us": 494.991611
}
