{
  "scenario": 1,
  "scheme": "ub_rg",
  "mode": "roundtrip",
  "batch": 16,
  "zipf_s": 0.300000,
  "topk": 8,
  "ep_size": 32,
  "seed": 54,
  "start_skew_us": 4.000000,
  "tau_g_ns": 143.360000,
  "grain_bytes": 7168,
  "total_tokens": 8192,
  "max_egress_load": 38,
  "konig_us": 10.465280,
  "rtt_us": 0.600000,
  "barrier_us": 0.800000,
  "cct_us": 44.880686,
  "step_us": 54.508811,
  "gemv_us": 8.828125,
  "e2e_us": 53.708811,
  "throughput_GBs": 1077.261735,
  "latency_all": {
    "count": 8192,
    "mean_us": 11.576555,
    "p50_us": 11.649962,
    "p99_us": 22.729868,
    "min_us": 1.152608,
    "max_us": 24.751500
  },
  "latency_hot": {
    "count": 1178,
    "mean_us": 12.985791,
    "p50_us": 12.944653,
    "p99_us": 21.973776,
    "min_us": 1.746412,
    "max_us": 23.033759
  },
  "latency_cold": {
    "count": 3472,
    "mean_us": 11.474293,
    "p50_us": 11.733612,
    "p99_us": 23.594096,
    "min_us": 1.152608,
    "max_us": 24.751500
  },
  "dispatch_cct_us": 20.129185,
  "combine_cct_us": 24.751500,
  "roundtrip_step_us": 45.680686,
  "e2e_step_us": 54.508811
}
