{
  "scenario": 4,
  "scheme": "ub_rg_pop",
  "mode": "roundtrip",
  "batch": 64,
  "zipf_s": 0.900000,
  "topk": 8,
  "ep_size": 256,
  "seed": 74,
  "start_skew_us": 4.000000,
  "tau_g_ns": 143.360000,
  "grain_bytes": 7168,
  "total_tokens": 262144,
  "max_egress_load": 1542,
  "konig_us": 420.188160,
  "rtt_us": 1.200000,
  "barrier_us": 1.600000,
  "cct_us": 472.642880,
  "step_us": 908.110067,
  "gemv_us": 433.867188,
  "e2e_us": 906.510067,
  "throughput_GBs": 2069.185509,
  "latency_all": {
    "count": 262144,
    "mean_us": 35.608391,
    "p50_us": 17.995316,
    "p99_us": 175.644940,
    "min_us": 1.517120,
    "max_us": 239.928579
  },
  "latency_hot": {
    "count": 133216,
    "mean_us": 54.379748,
    "p50_us": 38.017629,
    "p99_us": 199.137298,
    "min_us": 1.517120,
    "max_us": 239.928579
  },
  "latency_cold": {
    "count": 42260,
    "mean_us": 13.840362,
    "p50_us": 13.641516,
    "p99_us": 24.004024,
    "min_us": 1.958158,
    "max_us": 28.614918
  },
  "dispatch_cct_us": 239.928579,
  "combine_cct_us": 232.714301,
  "roundtrip_step_us": 474.242880,
  "e2e_step_us": 908.110067
}
