{
  "scenario": 1,
  "scheme": "islip",
  "mode": "roundtrip",
  "batch": 128,
  "zipf_s": 0.700000,
  "topk": 8,
  "ep_size": 128,
  "seed": 22,
  "start_skew_us": 4.000000,
  "tau_g_ns": 143.360000,
  "grain_bytes": 7168,
  "total_tokens": 262144,
  "max_egress_load": 1131,
  "konig_us": 320.266240,
  "rtt_us": 0.600000,
  "barrier_us": 0.800000,
  "cct_us": 331.959269,
  "step_us": 677.407707,
  "gemv_us": 344.648438,
  "e2e_us": 676.607707,
  "throughput_GBs": 2773.880742,
  "latency_all": {
    "count": 262144,
    "mean_us": 23.317626,
    "p50_us": 10.349865,
    "p99_us": 125.437345,
    "min_us": 1.188562,
    "max_us": 166.546181
  },
  "latency_hot": {
    "count": 90384,
    "mean_us": 45.780213,
    "p50_us": 36.941122,
    "p99_us": 153.856145,
    "min_us": 1.221115,
    "max_us": 166.546181
  },
  "latency_cold": {
    "count": 64536,
    "mean_us": 7.992720,
    "p50_us": 7.794735,
    "p99_us": 15.498140,
    "min_us": 1.197760,
    "max_us": 19.303233
  },
  "dispatch_cct_us": 165.413088,
  "combine_cct_us": 166.546181,
  "roundtrip_step_us": 332.759269,
  "e2e_step_us": 677.407707
}
