{
  "scenario": 2,
  "scheme": "ub_rg_pop",
  "mode": "roundtrip",
  "batch": 16,
  "zipf_s": 0.300000,
  "topk": 8,
  "ep_size": 256,
  "seed": 35,
  "tau_g_ns": 143.360000,
  "grain_bytes": 7168,
  "total_tokens": 65536,
  "max_egress_load": 68,
  "konig_us": 18.206720,
  "rtt_us": 1.650000,
  "barrier_us": 2.400000,
  "cct_us": 24.772259,
  "step_us": 27.172259,
  "throughput_GBs": 17288.295745,
  "latency_all": {
    "count": 65536,
    "mean_us": 4.384916,
    "p50_us": 4.194760,
    "p99_us": 8.271251,
    "min_us": 2.593409,
    "max_us": 12.419634
  },
  "latency_hot": {
    "count": 12196,
    "mean_us": 5.535102,
    "p50_us": 5.436394,
    "p99_us": 9.979542,
    "min_us": 2.595604,
    "max_us": 12.419634
  },
  "latency_cold": {
    "count": 25618,
    "mean_us": 3.896430,
    "p50_us": 3.867853,
    "p99_us": 5.612640,
    "min_us": 2.593409,
    "max_us": 6.652110
  },
  "dispatch_cct_us": 12.352625,
  "combine_cct_us": 12.419634,
  "roundtrip_step_us": 27.172259
}
