{
  "scenario": 4,
  "scheme": "ub_rg_pop",
  "mode": "roundtrip",
  "batch": 16,
  "zipf_s": 0.000000,
  "topk": 8,
  "ep_size": 128,
  "seed": 16,
  "start_skew_us": 4.000000,
  "tau_g_ns": 143.360000,
  "grain_bytes": 7168,
  "total_tokens": 32768,
  "max_egress_load": 31,
  "konig_us": 8.744960,
  "rtt_us": 1.200000,
  "barrier_us": 1.600000,
  "cct_us": 61.511597,
  "step_us": 69.322534,
  "gemv_us": 6.210938,
  "e2e_us": 67.722534,
  "throughput_GBs": 3388.234805,
  "latency_all": {
    "count": 32768,
    "mean_us": 16.120155,
    "p50_us": 16.367804,
    "p99_us": 26.279862,
    "min_us": 1.544738,
    "max_us": 33.665134
  },
  "latency_hot": {
    "count": 2986,
    "mean_us": 16.755499,
    "p50_us": 16.666290,
    "p99_us": 25.498951,
    "min_us": 2.773526,
    "max_us": 27.053413
  },
  "latency_cold": {
    "count": 16424,
    "mean_us": 16.112476,
    "p50_us": 16.376240,
    "p99_us": 25.850554,
    "min_us": 2.614443,
    "max_us": 27.696327
  },
  "dispatch_cct_us": 27.846463,
  "combine_cct_us": 33.665134,
  "roundtrip_step_us": 63.111597,
  "e2e_step_us": 69.322534
}
