{
  "scenario": 1,
  "scheme": "islip",
  "mode": "roundtrip",
  "batch": 256,
  "zipf_s": 0.300000,
  "topk": 8,
  "ep_size": 128,
  "seed": 24,
  "start_skew_us": 4.000000,
  "tau_g_ns": 143.360000,
  "grain_bytes": 7168,
  "total_tokens": 524288,
  "max_egress_load": 784,
  "konig_us": 219.197440,
  "rtt_us": 0.600000,
  "barrier_us": 0.800000,
  "cct_us": 249.242557,
  "step_us": 482.855057,
  "gemv_us": 232.812500,
  "e2e_us": 482.055057,
  "throughput_GBs": 7783.073475,
  "latency_all": {
    "count": 524288,
    "mean_us": 32.398177,
    "p50_us": 27.518361,
    "p99_us": 49.657749,
    "min_us": 1.161027,
    "max_us": 127.468927
  },
  "latency_hot": {
    "count": 91266,
    "mean_us": 47.628969,
    "p50_us": 45.794648,
    "p99_us": 109.957627,
    "min_us": 1.196183,
    "max_us": 127.468927
  },
  "latency_cold": {
    "count": 207788,
    "mean_us": 26.663560,
    "p50_us": 25.947503,
    "p99_us": 46.734879,
    "min_us": 1.161816,
    "max_us": 58.676682
  },
  "dispatch_cct_us": 127.468927,
  "combine_cct_us": 121.773629,
  "roundtrip_step_us": 250.042557,
  "e2e_step_us": 482.855057
}
