{
  "scenario": 2,
  "scheme": "ub_rg_pop",
  "mode": "roundtrip",
  "batch": 16,
  "zipf_s": 0.300000,
  "topk": 8,
  "ep_size": 1024,
  "seed": 22,
  "tau_g_ns": 143.360000,
  "grain_bytes": 7168,
  "total_tokens": 262144,
  "max_egress_load": 102,
  "konig_us": 27.955200,
  "rtt_us": 1.650000,
  "barrier_us": 2.400000,
  "cct_us": 34.345470,
  "step_us": 36.745470,
  "throughput_GBs": 51136.866105,
  "latency_all": {
    "count": 262144,
    "mean_us": 4.472468,
    "p50_us": 3.922006,
    "p99_us": 8.556949,
    "min_us": 2.593371,
    "max_us": 17.242787
  },
  "latency_hot": {
    "count": 50976,
    "mean_us": 5.825296,
    "p50_us": 5.652081,
    "p99_us": 12.436826,
    "min_us": 2.593439,
    "max_us": 17.242787
  },
  "latency_cold": {
    "count": 101254,
    "mean_us": 3.908506,
    "p50_us": 3.882549,
    "p99_us": 5.653597,
    "min_us": 2.593371,
    "max_us": 6.866504
  },
  "dispatch_cct_us": 17.102683,
  "combine_cct_us": 17.242787,
  "roundtrip_step_us": 36.745470
}
