{
  "scenario": 2,
  "scheme": "ub_rg",
  "mode": "roundtrip",
  "batch": 256,
  "zipf_s": 0.000000,
  "topk": 8,
  "ep_size": 1024,
  "seed": 17,
  "tau_g_ns": 143.360000,
  "grain_bytes": 7168,
  "total_tokens": 4194304,
  "max_egress_load": 321,
  "konig_us": 91.033600,
  "rtt_us": 1.100000,
  "barrier_us": 2.400000,
  "cct_us": 107.367489,
  "step_us": 109.767489,
  "throughput_GBs": 273895.041496,
  "latency_all": {
    "count": 4194304,
    "mean_us": 24.438566,
    "p50_us": 17.773171,
    "p99_us": 49.537722,
    "min_us": 2.043492,
    "max_us": 59.199017
  },
  "latency_hot": {
    "count": 417748,
    "mean_us": 24.413100,
    "p50_us": 26.606945,
    "p99_us": 48.618885,
    "min_us": 2.043977,
    "max_us": 58.818148
  },
  "latency_cold": {
    "count": 2097228,
    "mean_us": 24.444960,
    "p50_us": 14.962313,
    "p99_us": 47.714966,
    "min_us": 2.043492,
    "max_us": 59.004280
  },
  "dispatch_cct_us": 59.199017,
  "combine_cct_us": 48.168472,
  "roundtrip_step_us": 109.767489
}
