{
  "scenario": 1,
  "scheme": "ub_rg",
  "mode": "roundtrip",
  "batch": 64,
  "zipf_s": 0.900000,
  "topk": 8,
  "ep_size": 128,
  "seed": 20,
  "tau_g_ns": 143.360000,
  "grain_bytes": 7168,
  "total_tokens": 131072,
  "max_egress_load": 783,
  "konig_us": 221.777920,
  "rtt_us": 0.600000,
  "barrier_us": 0.800000,
  "cct_us": 226.739183,
  "step_us": 227.539183,
  "throughput_GBs": 4129.065086,
  "latency_all": {
    "count": 131072,
    "mean_us": 16.951335,
    "p50_us": 8.024597,
    "p99_us": 98.811548,
    "min_us": 1.143616,
    "max_us": 113.436640
  },
  "latency_hot": {
    "count": 58038,
    "mean_us": 31.004632,
    "p50_us": 23.639694,
    "p99_us": 105.402782,
    "min_us": 1.145802,
    "max_us": 113.436640
  },
  "latency_cold": {
    "count": 23850,
    "mean_us": 3.396281,
    "p50_us": 3.304423,
    "p99_us": 6.523791,
    "min_us": 1.143655,
    "max_us": 8.361230
  },
  "dispatch_cct_us": 113.436640,
  "combine_cct_us": 113.302542,
  "roundtrip_step_us": 227.539183
}
