{
  "scenario": 4,
  "scheme": "ub_rg",
  "mode": "roundtrip",
  "batch": 128,
  "zipf_s": 0.300000,
  "topk": 8,
  "ep_size": 256,
  "seed": 49,
  "start_skew_us": 4.000000,
  "tau_g_ns": 143.360000,
  "grain_bytes": 7168,
  "total_tokens": 524288,
  "max_egress_load": 525,
  "konig_us": 141.926400,
  "rtt_us": 0.800000,
  "barrier_us": 1.600000,
  "cct_us": 158.106192,
  "step_us": 304.823380,
  "gemv_us": 145.117188,
  "e2e_us": 303.223380,
  "throughput_GBs": 12328.766875,
  "latency_all": {
    "count": 524288,
    "mean_us": 15.091397,
    "p50_us": 12.536984,
    "p99_us": 23.807315,
    "min_us": 1.038424,
    "max_us": 79.255757
  },
  "latency_hot": {
    "count": 96290,
    "mean_us": 23.308331,
    "p50_us": 22.169259,
    "p99_us": 61.849673,
    "min_us": 1.497581,
    "max_us": 79.255757
  },
  "latency_cold": {
    "count": 205676,
    "mean_us": 11.854296,
    "p50_us": 11.553177,
    "p99_us": 21.659118,
    "min_us": 1.038424,
    "max_us": 30.321666
  },
  "dispatch_cct_us": 79.255757,
  "combine_cct_us": 78.850435,
  "roundtrip_step_us": 159.706192,
  "e2e_step_us": 304.823380
}
