{
  "scenario": 1,
  "scheme": "islip",
  "mode": "roundtrip",
  "batch": 256,
  "zipf_s": 0.900000,
  "topk": 8,
  "ep_size": 128,
  "seed": 35,
  "start_skew_us": 4.000000,
  "tau_g_ns": 143.360000,
  "grain_bytes": 7168,
  "total_tokens": 524288,
  "max_egress_load": 3105,
  "konig_us": 886.108160,
  "rtt_us": 0.600000,
  "barrier_us": 0.800000,
  "cct_us": 921.697677,
  "step_us": 1883.708615,
  "gemv_us": 961.210938,
  "e2e_us": 1882.908615,
  "throughput_GBs": 1995.051864,
  "latency_all": {
    "count": 524288,
    "mean_us": 72.683752,
    "p50_us": 28.144089,
    "p99_us": 157.257702,
    "min_us": 1.180738,
    "max_us": 464.254191
  },
  "latency_hot": {
    "count": 231510,
    "mean_us": 130.024121,
    "p50_us": 87.147712,
    "p99_us": 416.460242,
    "min_us": 1.616301,
    "max_us": 464.254191
  },
  "latency_cold": {
    "count": 94574,
    "mean_us": 18.346028,
    "p50_us": 18.111756,
    "p99_us": 32.566724,
    "min_us": 1.210964,
    "max_us": 41.554589
  },
  "dispatch_cct_us": 464.254191,
  "combine_cct_us": 457.443486,
  "roundtrip_step_us": 922.497677,
  "e2e_step_us": 1883.708615
}
