{
  "scenario": 1,
  "scheme": "packet_spray",
  "mode": "roundtrip",
  "batch": 16,
  "zipf_s": 0.000000,
  "topk": 8,
  "ep_size": 128,
  "seed": 20,
  "start_skew_us": 4.000000,
  "tau_g_ns": 143.360000,
  "grain_bytes": 7168,
  "total_tokens": 32768,
  "max_egress_load": 30,
  "konig_us": 8.314880,
  "rtt_us": 0.000000,
  "barrier_us": 4.000000,
  "cct_us": 54.476279,
  "step_us": 64.609092,
  "gemv_us": 6.132812,
  "e2e_us": 60.609092,
  "throughput_GBs": 3635.417529,
  "latency_all": {
    "count": 32768,
    "mean_us": 19.520725,
    "p50_us": 20.001503,
    "p99_us": 25.520488,
    "min_us": 0.536720,
    "max_us": 27.808911
  },
  "latency_hot": {
    "count": 3034,
    "mean_us": 16.439502,
    "p50_us": 17.162631,
    "p99_us": 25.582787,
    "min_us": 0.536720,
    "max_us": 26.662031
  },
  "latency_cold": {
    "count": 16322,
    "mean_us": 20.357173,
    "p50_us": 20.492537,
    "p99_us": 25.658511,
    "min_us": 0.536720,
    "max_us": 27.808911
  },
  "dispatch_cct_us": 27.808911,
  "combine_cct_us": 26.667368,
  "roundtrip_step_us": 58.476279,
  "e2e_step_us": 64.609092
}
