{
  "scenario": 4,
  "scheme": "packet_spray",
  "mode": "roundtrip",
  "batch": 16,
  "zipf_s": 0.900000,
  "topk": 8,
  "ep_size": 256,
  "seed": 44,
  "start_skew_us": 4.000000,
  "tau_g_ns": 143.360000,
  "grain_bytes": 7168,
  "total_tokens": 65536,
  "max_egress_load": 395,
  "konig_us": 106.516480,
  "rtt_us": 0.000000,
  "barrier_us": 6.000000,
  "cct_us": 140.306719,
  "step_us": 255.056719,
  "gemv_us": 108.750000,
  "e2e_us": 249.056719,
  "throughput_GBs": 1841.794443,
  "latency_all": {
    "count": 65536,
    "mean_us": 28.991197,
    "p50_us": 25.910876,
    "p99_us": 61.175462,
    "min_us": 0.480080,
    "max_us": 74.938022
  },
  "latency_hot": {
    "count": 33264,
    "mean_us": 31.739511,
    "p50_us": 29.206182,
    "p99_us": 62.771065,
    "min_us": 1.053520,
    "max_us": 74.938022
  },
  "latency_cold": {
    "count": 10448,
    "mean_us": 25.532432,
    "p50_us": 20.046649,
    "p99_us": 58.774137,
    "min_us": 0.480080,
    "max_us": 65.368697
  },
  "dispatch_cct_us": 74.938022,
  "combine_cct_us": 65.368697,
  "roundtrip_step_us": 146.306719,
  "e2e_step_us": 255.056719
}
