{
  "scenario": 1,
  "scheme": "ub_rg_pop",
  "mode": "roundtrip",
  "batch": 256,
  "zipf_s": 0.700000,
  "topk": 8,
  "ep_size": 64,
  "seed": 38,
  "start_skew_us": 4.000000,
  "tau_g_ns": 143.360000,
  "grain_bytes": 7168,
  "total_tokens": 262144,
  "max_egress_load": 1365,
  "konig_us": 387.358720,
  "rtt_us": 0.900000,
  "barrier_us": 0.800000,
  "cct_us": 416.311226,
  "step_us": 834.806538,
  "gemv_us": 417.695312,
  "e2e_us": 834.006538,
  "throughput_GBs": 2250.878623,
  "latency_all": {
    "count": 262144,
    "mean_us": 42.677988,
    "p50_us": 25.363216,
    "p99_us": 164.808368,
    "min_us": 1.443581,
    "max_us": 208.333758
  },
  "latency_hot": {
    "count": 78402,
    "mean_us": 76.438622,
    "p50_us": 70.127891,
    "p99_us": 195.550874,
    "min_us": 1.722452,
    "max_us": 208.333758
  },
  "latency_cold": {
    "count": 70296,
    "mean_us": 21.128916,
    "p50_us": 20.885175,
    "p99_us": 40.487986,
    "min_us": 1.443581,
    "max_us": 49.791553
  },
  "dispatch_cct_us": 208.333758,
  "combine_cct_us": 207.977468,
  "roundtrip_step_us": 417.111226,
  "e2e_step_us": 834.806538
}
