{
  "scenario": 1,
  "scheme": "islip",
  "mode": "roundtrip",
  "batch": 128,
  "zipf_s": 0.900000,
  "topk": 8,
  "ep_size": 64,
  "seed": 78,
  "start_skew_us": 4.000000,
  "tau_g_ns": 143.360000,
  "grain_bytes": 7168,
  "total_tokens": 131072,
  "max_egress_load": 866,
  "konig_us": 245.862400,
  "rtt_us": 0.600000,
  "barrier_us": 0.800000,
  "cct_us": 270.399534,
  "step_us": 536.472971,
  "gemv_us": 265.273438,
  "e2e_us": 535.672971,
  "throughput_GBs": 1751.298101,
  "latency_all": {
    "count": 131072,
    "mean_us": 30.164615,
    "p50_us": 21.319682,
    "p99_us": 118.348819,
    "min_us": 1.150244,
    "max_us": 138.352703
  },
  "latency_hot": {
    "count": 48068,
    "mean_us": 49.906356,
    "p50_us": 45.098450,
    "p99_us": 126.027891,
    "min_us": 1.263167,
    "max_us": 138.352703
  },
  "latency_cold": {
    "count": 27944,
    "mean_us": 14.111684,
    "p50_us": 13.990094,
    "p99_us": 26.825074,
    "min_us": 1.169750,
    "max_us": 31.759668
  },
  "dispatch_cct_us": 138.352703,
  "combine_cct_us": 132.046830,
  "roundtrip_step_us": 271.199534,
  "e2e_step_us": 536.472971
}
