{
  "scenario": 4,
  "scheme": "ub_rg",
  "mode": "roundtrip",
  "batch": 64,
  "zipf_s": 0.300000,
  "topk": 8,
  "ep_size": 512,
  "seed": 61,
  "start_skew_us": 4.000000,
  "tau_g_ns": 143.360000,
  "grain_bytes": 7168,
  "total_tokens": 524288,
  "max_egress_load": 296,
  "konig_us": 83.292160,
  "rtt_us": 0.800000,
  "barrier_us": 1.600000,
  "cct_us": 94.080027,
  "step_us": 184.742527,
  "gemv_us": 89.062500,
  "e2e_us": 183.142527,
  "throughput_GBs": 20342.345888,
  "latency_all": {
    "count": 524288,
    "mean_us": 10.056704,
    "p50_us": 9.012626,
    "p99_us": 15.758985,
    "min_us": 1.108967,
    "max_us": 47.578710
  },
  "latency_hot": {
    "count": 100626,
    "mean_us": 14.644469,
    "p50_us": 13.978581,
    "p99_us": 37.004971,
    "min_us": 1.302879,
    "max_us": 47.578710
  },
  "latency_cold": {
    "count": 203188,
    "mean_us": 8.111653,
    "p50_us": 7.999632,
    "p99_us": 14.510618,
    "min_us": 1.108967,
    "max_us": 21.096642
  },
  "dispatch_cct_us": 46.501317,
  "combine_cct_us": 47.578710,
  "roundtrip_step_us": 95.680027,
  "e2e_step_us": 184.742527
}
