{
  "scenario": 1,
  "scheme": "packet_spray",
  "mode": "roundtrip",
  "batch": 64,
  "zipf_s": 0.300000,
  "topk": 8,
  "ep_size": 32,
  "seed": 18,
  "start_skew_us": 4.000000,
  "tau_g_ns": 143.360000,
  "grain_bytes": 7168,
  "total_tokens": 32768,
  "max_egress_load": 141,
  "konig_us": 37.416960,
  "rtt_us": 0.000000,
  "barrier_us": 4.000000,
  "cct_us": 59.695251,
  "step_us": 101.078063,
  "gemv_us": 37.382812,
  "e2e_us": 97.078063,
  "throughput_GBs": 2323.758654,
  "latency_all": {
    "count": 32768,
    "mean_us": 15.912682,
    "p50_us": 15.654180,
    "p99_us": 27.652504,
    "min_us": 1.334573,
    "max_us": 30.376344
  },
  "latency_hot": {
    "count": 4940,
    "mean_us": 14.969489,
    "p50_us": 15.180184,
    "p99_us": 26.451706,
    "min_us": 1.334573,
    "max_us": 29.318906
  },
  "latency_cold": {
    "count": 13816,
    "mean_us": 16.766040,
    "p50_us": 15.927203,
    "p99_us": 28.512664,
    "min_us": 1.334573,
    "max_us": 30.376344
  },
  "dispatch_cct_us": 29.318906,
  "combine_cct_us": 30.376344,
  "roundtrip_step_us": 63.695251,
  "e2e_step_us": 101.078063
}
