{
  "scenario": 1,
  "scheme": "ub_rg",
  "mode": "roundtrip",
  "batch": 64,
  "zipf_s": 0.300000,
  "topk": 8,
  "ep_size": 32,
  "seed": 14,
  "start_skew_us": 4.000000,
  "tau_g_ns": 143.360000,
  "grain_bytes": 7168,
  "total_tokens": 32768,
  "max_egress_load": 133,
  "konig_us": 36.556800,
  "rtt_us": 0.600000,
  "barrier_us": 0.800000,
  "cct_us": 66.905999,
  "step_us": 105.713812,
  "gemv_us": 38.007812,
  "e2e_us": 104.913812,
  "throughput_GBs": 2221.857489,
  "latency_all": {
    "count": 32768,
    "mean_us": 13.001596,
    "p50_us": 12.667219,
    "p99_us": 28.329096,
    "min_us": 1.171680,
    "max_us": 34.983794
  },
  "latency_hot": {
    "count": 4870,
    "mean_us": 15.108350,
    "p50_us": 14.271908,
    "p99_us": 32.618074,
    "min_us": 1.171680,
    "max_us": 34.983794
  },
  "latency_cold": {
    "count": 13534,
    "mean_us": 12.323916,
    "p50_us": 12.247836,
    "p99_us": 21.498409,
    "min_us": 1.435369,
    "max_us": 24.672535
  },
  "dispatch_cct_us": 31.922206,
  "combine_cct_us": 34.983794,
  "roundtrip_step_us": 67.705999,
  "e2e_step_us": 105.713812
}
