{
  "scenario": 1,
  "scheme": "ub_rg",
  "mode": "roundtrip",
  "batch": 64,
  "zipf_s": 0.700000,
  "topk": 8,
  "ep_size": 64,
  "seed": 56,
  "tau_g_ns": 143.360000,
  "grain_bytes": 7168,
  "total_tokens": 65536,
  "max_egress_load": 345,
  "konig_us": 96.481280,
  "rtt_us": 0.600000,
  "barrier_us": 0.800000,
  "cct_us": 101.190712,
  "step_us": 101.990712,
  "throughput_GBs": 4605.929666,
  "latency_all": {
    "count": 65536,
    "mean_us": 9.400489,
    "p50_us": 6.328652,
    "p99_us": 42.303384,
    "min_us": 1.143441,
    "max_us": 50.648336
  },
  "latency_hot": {
    "count": 19608,
    "mean_us": 17.636862,
    "p50_us": 16.146694,
    "p99_us": 46.488714,
    "min_us": 1.146811,
    "max_us": 50.648336
  },
  "latency_cold": {
    "count": 17660,
    "mean_us": 4.111229,
    "p50_us": 3.992544,
    "p99_us": 8.048827,
    "min_us": 1.145494,
    "max_us": 9.494351
  },
  "dispatch_cct_us": 50.542376,
  "combine_cct_us": 50.648336,
  "roundtrip_step_us": 101.990712
}
