{
  "scenario": 3,
  "scheme": "ub_rg",
  "mode": "roundtrip",
  "batch": 256,
  "zipf_s": 0.900000,
  "topk": 8,
  "ep_size": 1024,
  "seed": 84,
  "tau_g_ns": 143.360000,
  "grain_bytes": 7168,
  "total_tokens": 4194304,
  "max_egress_load": 18494,
  "konig_us": 5278.085120,
  "rtt_us": 1.100000,
  "barrier_us": 2.400000,
  "cct_us": 5306.624032,
  "step_us": 5309.024032,
  "throughput_GBs": 5662.956296,
  "latency_all": {
    "count": 4194304,
    "mean_us": 228.770049,
    "p50_us": 12.686524,
    "p99_us": 2019.211489,
    "min_us": 2.043548,
    "max_us": 2653.396219
  },
  "latency_hot": {
    "count": 2471556,
    "mean_us": 377.399181,
    "p50_us": 28.192240,
    "p99_us": 2019.177628,
    "min_us": 2.043678,
    "max_us": 2653.396219
  },
  "latency_cold": {
    "count": 559682,
    "mean_us": 9.669697,
    "p50_us": 6.878722,
    "p99_us": 14.786044,
    "min_us": 2.044075,
    "max_us": 33.884288
  },
  "dispatch_cct_us": 2653.396219,
  "combine_cct_us": 2653.227813,
  "roundtrip_step_us": 5309.024032
}
