{
  "scenario": 1,
  "scheme": "packet_spray",
  "mode": "roundtrip",
  "batch": 64,
  "zipf_s": 0.700000,
  "topk": 8,
  "ep_size": 64,
  "seed": 8,
  "start_skew_us": 4.000000,
  "tau_g_ns": 143.360000,
  "grain_bytes": 7168,
  "total_tokens": 65536,
  "max_egress_load": 353,
  "konig_us": 98.058240,
  "rtt_us": 0.000000,
  "barrier_us": 4.000000,
  "cct_us": 120.209029,
  "step_us": 227.646529,
  "gemv_us": 103.437500,
  "e2e_us": 223.646529,
  "throughput_GBs": 2063.559020,
  "latency_all": {
    "count": 65536,
    "mean_us": 24.603225,
    "p50_us": 19.951247,
    "p99_us": 55.529462,
    "min_us": 0.862363,
    "max_us": 60.665487
  },
  "latency_hot": {
    "count": 19586,
    "mean_us": 26.945580,
    "p50_us": 25.710582,
    "p99_us": 53.297817,
    "min_us": 0.862363,
    "max_us": 60.665487
  },
  "latency_cold": {
    "count": 17630,
    "mean_us": 23.721197,
    "p50_us": 15.793807,
    "p99_us": 57.249782,
    "min_us": 0.862363,
    "max_us": 59.543542
  },
  "dispatch_cct_us": 60.665487,
  "combine_cct_us": 59.543542,
  "roundtrip_step_us": 124.209029,
  "e2e_step_us": 227.646529
}
