{
  "scenario": 4,
  "scheme": "ub_rg",
  "mode": "roundtrip",
  "batch": 256,
  "zipf_s": 0.700000,
  "topk": 8,
  "ep_size": 256,
  "seed": 52,
  "start_skew_us": 4.000000,
  "tau_g_ns": 143.360000,
  "grain_bytes": 7168,
  "total_tokens": 1048576,
  "max_egress_load": 3963,
  "konig_us": 1085.378560,
  "rtt_us": 0.800000,
  "barrier_us": 1.600000,
  "cct_us": 1141.718525,
  "step_us": 2270.662275,
  "gemv_us": 1127.343750,
  "e2e_us": 2269.062275,
  "throughput_GBs": 3310.132400,
  "latency_all": {
    "count": 1048576,
    "mean_us": 55.640940,
    "p50_us": 13.298779,
    "p99_us": 194.305030,
    "min_us": 1.307779,
    "max_us": 571.518090
  },
  "latency_hot": {
    "count": 404324,
    "mean_us": 112.384053,
    "p50_us": 76.391969,
    "p99_us": 448.110664,
    "min_us": 1.419050,
    "max_us": 571.518090
  },
  "latency_cold": {
    "count": 242590,
    "mean_us": 13.354911,
    "p50_us": 11.585373,
    "p99_us": 25.935460,
    "min_us": 1.339750,
    "max_us": 47.193303
  },
  "dispatch_cct_us": 571.518090,
  "combine_cct_us": 570.200435,
  "roundtrip_step_us": 1143.318525,
  "e2e_step_us": 2270.662275
}
