{
  "scenario": 1,
  "scheme": "ub_rg_pop",
  "mode": "roundtrip",
  "batch": 64,
  "zipf_s": 0.700000,
  "topk": 8,
  "ep_size": 32,
  "seed": 22,
  "start_skew_us": 4.000000,
  "tau_g_ns": 143.360000,
  "grain_bytes": 7168,
  "total_tokens": 32768,
  "max_egress_load": 207,
  "konig_us": 58.060800,
  "rtt_us": 0.900000,
  "barrier_us": 0.800000,
  "cct_us": 82.130256,
  "step_us": 144.805256,
  "gemv_us": 61.875000,
  "e2e_us": 144.005256,
  "throughput_GBs": 1622.047640,
  "latency_all": {
    "count": 32768,
    "mean_us": 14.767570,
    "p50_us": 13.990096,
    "p99_us": 34.873805,
    "min_us": 1.495178,
    "max_us": 42.940887
  },
  "latency_hot": {
    "count": 7844,
    "mean_us": 19.546354,
    "p50_us": 18.991824,
    "p99_us": 38.009583,
    "min_us": 1.495178,
    "max_us": 42.940887
  },
  "latency_cold": {
    "count": 9784,
    "mean_us": 12.064209,
    "p50_us": 11.884901,
    "p99_us": 22.161980,
    "min_us": 1.602980,
    "max_us": 24.484815
  },
  "dispatch_cct_us": 42.940887,
  "combine_cct_us": 39.189369,
  "roundtrip_step_us": 82.930256,
  "e2e_step_us": 144.805256
}
