{
  "scenario": 4,
  "scheme": "ub_rg",
  "mode": "roundtrip",
  "batch": 128,
  "zipf_s": 0.900000,
  "topk": 8,
  "ep_size": 512,
  "seed": 20,
  "start_skew_us": 4.000000,
  "tau_g_ns": 143.360000,
  "grain_bytes": 7168,
  "total_tokens": 1048576,
  "max_egress_load": 5576,
  "konig_us": 1520.906240,
  "rtt_us": 0.800000,
  "barrier_us": 1.600000,
  "cct_us": 1628.638137,
  "step_us": 3202.972512,
  "gemv_us": 1572.734375,
  "e2e_us": 3201.372512,
  "throughput_GBs": 2346.630432,
  "latency_all": {
    "count": 1048576,
    "mean_us": 87.331023,
    "p50_us": 21.584868,
    "p99_us": 325.250520,
    "min_us": 1.082591,
    "max_us": 817.435146
  },
  "latency_hot": {
    "count": 581182,
    "mean_us": 139.523424,
    "p50_us": 54.816480,
    "p99_us": 325.277278,
    "min_us": 2.143766,
    "max_us": 817.435146
  },
  "latency_cold": {
    "count": 153304,
    "mean_us": 18.198537,
    "p50_us": 18.216693,
    "p99_us": 28.259565,
    "min_us": 1.082591,
    "max_us": 44.742096
  },
  "dispatch_cct_us": 817.435146,
  "combine_cct_us": 811.202991,
  "roundtrip_step_us": 1630.238137,
  "e2e_step_us": 3202.972512
}
