{
  "scenario": 1,
  "scheme": "ub_rg",
  "mode": "roundtrip",
  "batch": 64,
  "zipf_s": 0.700000,
  "topk": 8,
  "ep_size": 32,
  "seed": 65,
  "tau_g_ns": 143.360000,
  "grain_bytes": 7168,
  "total_tokens": 32768,
  "max_egress_load": 215,
  "konig_us": 60.497920,
  "rtt_us": 0.600000,
  "barrier_us": 0.800000,
  "cct_us": 63.910251,
  "step_us": 64.710251,
  "throughput_GBs": 3629.734418,
  "latency_all": {
    "count": 32768,
    "mean_us": 7.719006,
    "p50_us": 6.031777,
    "p99_us": 27.829840,
    "min_us": 1.143583,
    "max_us": 31.988112
  },
  "latency_hot": {
    "count": 7934,
    "mean_us": 13.548705,
    "p50_us": 13.140792,
    "p99_us": 30.055065,
    "min_us": 1.153310,
    "max_us": 31.988112
  },
  "latency_cold": {
    "count": 10066,
    "mean_us": 4.308212,
    "p50_us": 4.173481,
    "p99_us": 8.623368,
    "min_us": 1.143583,
    "max_us": 9.759223
  },
  "dispatch_cct_us": 31.988112,
  "combine_cct_us": 31.922139,
  "roundtrip_step_us": 64.710251
}
