{
  "scenario": 1,
  "scheme": "islip",
  "mode": "roundtrip",
  "batch": 256,
  "zipf_s": 0.900000,
  "topk": 8,
  "ep_size": 128,
  "seed": 53,
  "start_skew_us": 4.000000,
  "tau_g_ns": 143.360000,
  "grain_bytes": 7168,
  "total_tokens": 524288,
  "max_egress_load": 3104,
  "konig_us": 884.674560,
  "rtt_us": 0.600000,
  "barrier_us": 0.800000,
  "cct_us": 894.831221,
  "step_us": 1853.951534,
  "gemv_us": 958.320312,
  "e2e_us": 1853.151534,
  "throughput_GBs": 2027.073694,
  "latency_all": {
    "count": 524288,
    "mean_us": 63.958181,
    "p50_us": 19.195848,
    "p99_us": 149.155454,
    "min_us": 1.189913,
    "max_us": 448.634510
  },
  "latency_hot": {
    "count": 232064,
    "mean_us": 120.554520,
    "p50_us": 77.831202,
    "p99_us": 406.761834,
    "min_us": 1.225161,
    "max_us": 448.634510
  },
  "latency_cold": {
    "count": 94674,
    "mean_us": 10.026007,
    "p50_us": 9.666123,
    "p99_us": 21.274487,
    "min_us": 1.224648,
    "max_us": 27.365973
  },
  "dispatch_cct_us": 448.634510,
  "combine_cct_us": 446.196711,
  "roundtrip_step_us": 895.631221,
  "e2e_step_us": 1853.951534
}
