{
  "scenario": 4,
  "scheme": "ub_rg",
  "mode": "roundtrip",
  "batch": 512,
  "zipf_s": 0.000000,
  "topk": 8,
  "ep_size": 512,
  "seed": 71,
  "start_skew_us": 4.000000,
  "tau_g_ns": 143.360000,
  "grain_bytes": 7168,
  "total_tokens": 4194304,
  "max_egress_load": 652,
  "konig_us": 182.640640,
  "rtt_us": 0.800000,
  "barrier_us": 1.600000,
  "cct_us": 228.830782,
  "step_us": 398.047969,
  "gemv_us": 167.617188,
  "e2e_us": 396.447969,
  "throughput_GBs": 75530.522444,
  "latency_all": {
    "count": 4194304,
    "mean_us": 53.983489,
    "p50_us": 32.500476,
    "p99_us": 95.716008,
    "min_us": 1.344972,
    "max_us": 114.435103
  },
  "latency_hot": {
    "count": 418360,
    "mean_us": 53.858620,
    "p50_us": 53.793071,
    "p99_us": 91.598671,
    "min_us": 3.407455,
    "max_us": 112.903791
  },
  "latency_cold": {
    "count": 2096494,
    "mean_us": 54.050299,
    "p50_us": 27.983820,
    "p99_us": 92.320960,
    "min_us": 2.948028,
    "max_us": 114.435103
  },
  "dispatch_cct_us": 114.435103,
  "combine_cct_us": 114.395679,
  "roundtrip_step_us": 230.430782,
  "e2e_step_us": 398.047969
}
