{
  "scenario": 1,
  "scheme": "packet_spray",
  "mode": "roundtrip",
  "batch": 128,
  "zipf_s": 0.000000,
  "topk": 8,
  "ep_size": 128,
  "seed": 5,
  "start_skew_us": 4.000000,
  "tau_g_ns": 143.360000,
  "grain_bytes": 7168,
  "total_tokens": 262144,
  "max_egress_load": 160,
  "konig_us": 43.294720,
  "rtt_us": 0.000000,
  "barrier_us": 4.000000,
  "cct_us": 86.561581,
  "step_us": 133.686581,
  "gemv_us": 43.125000,
  "e2e_us": 129.686581,
  "throughput_GBs": 14055.623061,
  "latency_all": {
    "count": 262144,
    "mean_us": 25.531231,
    "p50_us": 25.030588,
    "p99_us": 38.900804,
    "min_us": 0.928795,
    "max_us": 43.843486
  },
  "latency_hot": {
    "count": 24456,
    "mean_us": 21.290014,
    "p50_us": 21.500815,
    "p99_us": 38.936508,
    "min_us": 1.072155,
    "max_us": 43.413406
  },
  "latency_cold": {
    "count": 131108,
    "mean_us": 27.835917,
    "p50_us": 28.005444,
    "p99_us": 39.617604,
    "min_us": 0.928795,
    "max_us": 43.270046
  },
  "dispatch_cct_us": 43.843486,
  "combine_cct_us": 42.718095,
  "roundtrip_step_us": 90.561581,
  "e2e_step_us": 133.686581
}
