{
  "scenario": 1,
  "scheme": "ub_rg_pop",
  "mode": "roundtrip",
  "batch": 64,
  "zipf_s": 0.900000,
  "topk": 8,
  "ep_size": 128,
  "seed": 35,
  "tau_g_ns": 143.360000,
  "grain_bytes": 7168,
  "total_tokens": 131072,
  "max_egress_load": 787,
  "konig_us": 222.208000,
  "rtt_us": 0.900000,
  "barrier_us": 0.800000,
  "cct_us": 228.436063,
  "step_us": 229.236063,
  "throughput_GBs": 4098.500395,
  "latency_all": {
    "count": 131072,
    "mean_us": 17.211545,
    "p50_us": 8.388623,
    "p99_us": 99.102234,
    "min_us": 1.443430,
    "max_us": 114.293110
  },
  "latency_hot": {
    "count": 57938,
    "mean_us": 31.189918,
    "p50_us": 23.774945,
    "p99_us": 105.625641,
    "min_us": 1.446955,
    "max_us": 114.293110
  },
  "latency_cold": {
    "count": 23540,
    "mean_us": 3.672776,
    "p50_us": 3.580574,
    "p99_us": 6.764940,
    "min_us": 1.443430,
    "max_us": 8.872226
  },
  "dispatch_cct_us": 114.142953,
  "combine_cct_us": 114.293110,
  "roundtrip_step_us": 229.236063
}
