{
  "scenario": 1,
  "scheme": "packet_spray",
  "mode": "roundtrip",
  "batch": 64,
  "zipf_s": 0.900000,
  "topk": 8,
  "ep_size": 128,
  "seed": 93,
  "tau_g_ns": 143.360000,
  "grain_bytes": 7168,
  "total_tokens": 131072,
  "max_egress_load": 803,
  "konig_us": 224.931840,
  "rtt_us": 0.000000,
  "barrier_us": 4.000000,
  "cct_us": 241.344800,
  "step_us": 245.344800,
  "throughput_GBs": 3829.402930,
  "latency_all": {
    "count": 131072,
    "mean_us": 41.321019,
    "p50_us": 29.495440,
    "p99_us": 113.217680,
    "min_us": 0.536720,
    "max_us": 122.392720
  },
  "latency_hot": {
    "count": 57994,
    "mean_us": 47.165157,
    "p50_us": 39.960720,
    "p99_us": 111.067280,
    "min_us": 0.536720,
    "max_us": 122.392720
  },
  "latency_cold": {
    "count": 23802,
    "mean_us": 36.363728,
    "p50_us": 12.435600,
    "p99_us": 115.941520,
    "min_us": 0.536720,
    "max_us": 118.952080
  },
  "dispatch_cct_us": 122.392720,
  "combine_cct_us": 118.952080,
  "roundtrip_step_us": 245.344800
}
