{
  "scenario": 2,
  "scheme": "ub_rg",
  "mode": "roundtrip",
  "batch": 16,
  "zipf_s": 0.900000,
  "topk": 8,
  "ep_size": 1024,
  "seed": 5,
  "tau_g_ns": 143.360000,
  "grain_bytes": 7168,
  "total_tokens": 262144,
  "max_egress_load": 1202,
  "konig_us": 337.469440,
  "rtt_us": 1.100000,
  "barrier_us": 2.400000,
  "cct_us": 348.737285,
  "step_us": 351.137285,
  "throughput_GBs": 5351.320613,
  "latency_all": {
    "count": 262144,
    "mean_us": 16.442979,
    "p50_us": 3.772402,
    "p99_us": 131.311360,
    "min_us": 2.043453,
    "max_us": 174.381503
  },
  "latency_hot": {
    "count": 153826,
    "mean_us": 25.789276,
    "p50_us": 11.368688,
    "p99_us": 153.348584,
    "min_us": 2.043531,
    "max_us": 174.381503
  },
  "latency_cold": {
    "count": 35220,
    "mean_us": 2.855101,
    "p50_us": 2.692798,
    "p99_us": 4.981573,
    "min_us": 2.043453,
    "max_us": 7.443035
  },
  "dispatch_cct_us": 174.355783,
  "combine_cct_us": 174.381503,
  "roundtrip_step_us": 351.137285
}
