{
  "scenario": 1,
  "scheme": "islip",
  "mode": "roundtrip",
  "batch": 16,
  "zipf_s": 0.700000,
  "topk": 8,
  "ep_size": 64,
  "seed": 23,
  "start_skew_us": 4.000000,
  "tau_g_ns": 143.360000,
  "grain_bytes": 7168,
  "total_tokens": 16384,
  "max_egress_load": 91,
  "konig_us": 25.088000,
  "rtt_us": 0.600000,
  "barrier_us": 0.800000,
  "cct_us": 32.898728,
  "step_us": 59.909666,
  "gemv_us": 26.210938,
  "e2e_us": 59.109666,
  "throughput_GBs": 1960.293232,
  "latency_all": {
    "count": 16384,
    "mean_us": 5.219567,
    "p50_us": 4.808847,
    "p99_us": 13.385067,
    "min_us": 1.213510,
    "max_us": 17.371547
  },
  "latency_hot": {
    "count": 4858,
    "mean_us": 7.444350,
    "p50_us": 7.167002,
    "p99_us": 14.654380,
    "min_us": 1.372991,
    "max_us": 17.371547
  },
  "latency_cold": {
    "count": 4260,
    "mean_us": 3.837194,
    "p50_us": 3.874488,
    "p99_us": 6.430841,
    "min_us": 1.213510,
    "max_us": 7.279543
  },
  "dispatch_cct_us": 17.371547,
  "combine_cct_us": 15.527181,
  "roundtrip_step_us": 33.698728,
  "e2e_step_us": 59.909666
}
