{
  "scenario": 1,
  "scheme": "islip",
  "mode": "roundtrip",
  "batch": 256,
  "zipf_s": 0.300000,
  "topk": 8,
  "ep_size": 128,
  "seed": 66,
  "start_skew_us": 4.000000,
  "tau_g_ns": 143.360000,
  "grain_bytes": 7168,
  "total_tokens": 524288,
  "max_egress_load": 770,
  "konig_us": 217.907200,
  "rtt_us": 0.600000,
  "barrier_us": 0.800000,
  "cct_us": 244.200622,
  "step_us": 479.141247,
  "gemv_us": 234.140625,
  "e2e_us": 478.341247,
  "throughput_GBs": 7843.399842,
  "latency_all": {
    "count": 524288,
    "mean_us": 31.943732,
    "p50_us": 25.674118,
    "p99_us": 47.921906,
    "min_us": 1.145121,
    "max_us": 128.959113
  },
  "latency_hot": {
    "count": 91334,
    "mean_us": 47.440002,
    "p50_us": 45.714793,
    "p99_us": 107.735194,
    "min_us": 1.323233,
    "max_us": 128.959113
  },
  "latency_cold": {
    "count": 207342,
    "mean_us": 25.842749,
    "p50_us": 25.126642,
    "p99_us": 44.907289,
    "min_us": 1.156360,
    "max_us": 57.993926
  },
  "dispatch_cct_us": 128.959113,
  "combine_cct_us": 115.241509,
  "roundtrip_step_us": 245.000622,
  "e2e_step_us": 479.141247
}
