{
  "scenario": 4,
  "scheme": "ub_rg_pop",
  "mode": "roundtrip",
  "batch": 16,
  "zipf_s": 0.000000,
  "topk": 8,
  "ep_size": 128,
  "seed": 59,
  "start_skew_us": 4.000000,
  "tau_g_ns": 143.360000,
  "grain_bytes": 7168,
  "total_tokens": 32768,
  "max_egress_load": 31,
  "konig_us": 8.744960,
  "rtt_us": 1.200000,
  "barrier_us": 1.600000,
  "cct_us": 53.940619,
  "step_us": 61.751557,
  "gemv_us": 6.210938,
  "e2e_us": 60.151557,
  "throughput_GBs": 3803.645389,
  "latency_all": {
    "count": 32768,
    "mean_us": 13.466146,
    "p50_us": 13.433252,
    "p99_us": 23.542701,
    "min_us": 1.397811,
    "max_us": 27.028946
  },
  "latency_hot": {
    "count": 2998,
    "mean_us": 13.067792,
    "p50_us": 13.167827,
    "p99_us": 21.908818,
    "min_us": 2.633178,
    "max_us": 26.695058
  },
  "latency_cold": {
    "count": 16530,
    "mean_us": 13.467143,
    "p50_us": 13.413266,
    "p99_us": 23.517962,
    "min_us": 1.584330,
    "max_us": 27.028946
  },
  "dispatch_cct_us": 27.028946,
  "combine_cct_us": 26.911673,
  "roundtrip_step_us": 55.540619,
  "e2e_step_us": 61.751557
}
