{
  "scenario": 1,
  "scheme": "islip",
  "mode": "roundtrip",
  "batch": 256,
  "zipf_s": 0.300000,
  "topk": 8,
  "ep_size": 64,
  "seed": 7,
  "start_skew_us": 4.000000,
  "tau_g_ns": 143.360000,
  "grain_bytes": 7168,
  "total_tokens": 262144,
  "max_egress_load": 626,
  "konig_us": 174.469120,
  "rtt_us": 0.600000,
  "barrier_us": 0.800000,
  "cct_us": 199.535636,
  "step_us": 384.905949,
  "gemv_us": 184.570312,
  "e2e_us": 384.105949,
  "throughput_GBs": 4881.837234,
  "latency_all": {
    "count": 262144,
    "mean_us": 31.538317,
    "p50_us": 25.394657,
    "p99_us": 73.419729,
    "min_us": 1.183030,
    "max_us": 101.684015
  },
  "latency_hot": {
    "count": 43196,
    "mean_us": 44.498695,
    "p50_us": 43.706736,
    "p99_us": 90.867860,
    "min_us": 1.183655,
    "max_us": 101.684015
  },
  "latency_cold": {
    "count": 105392,
    "mean_us": 26.412501,
    "p50_us": 26.251337,
    "p99_us": 46.725803,
    "min_us": 1.183030,
    "max_us": 56.604623
  },
  "dispatch_cct_us": 101.684015,
  "combine_cct_us": 97.851621,
  "roundtrip_step_us": 200.335636,
  "e2e_step_us": 384.905949
}
