{
  "scenario": 4,
  "scheme": "packet_spray",
  "mode": "roundtrip",
  "batch": 512,
  "zipf_s": 0.700000,
  "topk": 8,
  "ep_size": 128,
  "seed": 47,
  "start_skew_us": 4.000000,
  "tau_g_ns": 143.360000,
  "grain_bytes": 7168,
  "total_tokens": 1048576,
  "max_egress_load": 4900,
  "konig_us": 1330.524160,
  "rtt_us": 0.000000,
  "barrier_us": 6.000000,
  "cct_us": 1492.169341,
  "step_us": 2866.997466,
  "gemv_us": 1368.828125,
  "e2e_us": 2860.997466,
  "throughput_GBs": 2621.625187,
  "latency_all": {
    "count": 1048576,
    "mean_us": 248.144228,
    "p50_us": 88.751937,
    "p99_us": 335.944551,
    "min_us": 0.552841,
    "max_us": 767.719191
  },
  "latency_hot": {
    "count": 360760,
    "mean_us": 280.557889,
    "p50_us": 199.536390,
    "p99_us": 651.479911,
    "min_us": 1.053457,
    "max_us": 724.450151
  },
  "latency_cold": {
    "count": 258552,
    "mean_us": 231.832259,
    "p50_us": 98.637728,
    "p99_us": 672.241431,
    "min_us": 0.875091,
    "max_us": 767.719191
  },
  "dispatch_cct_us": 724.450151,
  "combine_cct_us": 767.719191,
  "roundtrip_step_us": 1498.169341,
  "e2e_step_us": 2866.997466
}
