{
  "scenario": 1,
  "scheme": "ub_rg",
  "mode": "roundtrip",
  "batch": 64,
  "zipf_s": 0.000000,
  "topk": 8,
  "ep_size": 128,
  "seed": 4,
  "start_skew_us": 4.000000,
  "tau_g_ns": 143.360000,
  "grain_bytes": 7168,
  "total_tokens": 131072,
  "max_egress_load": 88,
  "konig_us": 24.944640,
  "rtt_us": 0.600000,
  "barrier_us": 0.800000,
  "cct_us": 66.445031,
  "step_us": 89.393469,
  "gemv_us": 22.148438,
  "e2e_us": 88.593469,
  "throughput_GBs": 10509.985885,
  "latency_all": {
    "count": 131072,
    "mean_us": 16.731879,
    "p50_us": 16.741520,
    "p99_us": 28.158065,
    "min_us": 1.156219,
    "max_us": 35.378439
  },
  "latency_hot": {
    "count": 12584,
    "mean_us": 16.490529,
    "p50_us": 16.581669,
    "p99_us": 28.681681,
    "min_us": 1.156219,
    "max_us": 34.218380
  },
  "latency_cold": {
    "count": 65648,
    "mean_us": 16.702450,
    "p50_us": 16.644146,
    "p99_us": 28.204146,
    "min_us": 2.208920,
    "max_us": 34.582801
  },
  "dispatch_cct_us": 35.378439,
  "combine_cct_us": 31.066592,
  "roundtrip_step_us": 67.245031,
  "e2e_step_us": 89.393469
}
