{
  "scenario": 4,
  "scheme": "ub_rg_pop",
  "mode": "roundtrip",
  "batch": 16,
  "zipf_s": 0.000000,
  "topk": 8,
  "ep_size": 512,
  "seed": 1,
  "start_skew_us": 4.000000,
  "tau_g_ns": 143.360000,
  "grain_bytes": 7168,
  "total_tokens": 131072,
  "max_egress_load": 33,
  "konig_us": 9.318400,
  "rtt_us": 1.200000,
  "barrier_us": 1.600000,
  "cct_us": 58.301674,
  "step_us": 66.346986,
  "gemv_us": 6.445312,
  "e2e_us": 64.746986,
  "throughput_GBs": 14160.765217,
  "latency_all": {
    "count": 131072,
    "mean_us": 16.395812,
    "p50_us": 16.514248,
    "p99_us": 26.381322,
    "min_us": 1.765278,
    "max_us": 32.179672
  },
  "latency_hot": {
    "count": 13118,
    "mean_us": 16.521923,
    "p50_us": 16.587983,
    "p99_us": 26.188709,
    "min_us": 3.379741,
    "max_us": 30.923614
  },
  "latency_cold": {
    "count": 65462,
    "mean_us": 16.318791,
    "p50_us": 16.302638,
    "p99_us": 26.357723,
    "min_us": 1.765278,
    "max_us": 32.179672
  },
  "dispatch_cct_us": 32.179672,
  "combine_cct_us": 26.122002,
  "roundtrip_step_us": 59.901674,
  "e2e_step_us": 66.346986
}
