{
  "scenario": 4,
  "scheme": "ub_rg_pop",
  "mode": "roundtrip",
  "batch": 64,
  "zipf_s": 0.000000,
  "topk": 8,
  "ep_size": 256,
  "seed": 22,
  "start_skew_us": 4.000000,
  "tau_g_ns": 143.360000,
  "grain_bytes": 7168,
  "total_tokens": 262144,
  "max_egress_load": 92,
  "konig_us": 25.661440,
  "rtt_us": 1.200000,
  "barrier_us": 1.600000,
  "cct_us": 71.981099,
  "step_us": 96.823287,
  "gemv_us": 23.242188,
  "e2e_us": 95.223287,
  "throughput_GBs": 19406.986173,
  "latency_all": {
    "count": 262144,
    "mean_us": 17.668569,
    "p50_us": 16.050653,
    "p99_us": 28.879685,
    "min_us": 1.412708,
    "max_us": 36.166713
  },
  "latency_hot": {
    "count": 25618,
    "mean_us": 17.894516,
    "p50_us": 17.935369,
    "p99_us": 28.374206,
    "min_us": 3.482512,
    "max_us": 33.213894
  },
  "latency_cold": {
    "count": 131120,
    "mean_us": 17.524938,
    "p50_us": 17.430581,
    "p99_us": 29.543931,
    "min_us": 1.795178,
    "max_us": 36.166713
  },
  "dispatch_cct_us": 35.814386,
  "combine_cct_us": 36.166713,
  "roundtrip_step_us": 73.581099,
  "e2e_step_us": 96.823287
}
