{
  "scenario": 1,
  "scheme": "ub_rg",
  "mode": "roundtrip",
  "batch": 256,
  "zipf_s": 0.900000,
  "topk": 8,
  "ep_size": 64,
  "seed": 19,
  "tau_g_ns": 143.360000,
  "grain_bytes": 7168,
  "total_tokens": 262144,
  "max_egress_load": 1710,
  "konig_us": 486.563840,
  "rtt_us": 0.600000,
  "barrier_us": 0.800000,
  "cct_us": 492.458685,
  "step_us": 493.258685,
  "throughput_GBs": 3809.457893,
  "latency_all": {
    "count": 262144,
    "mean_us": 42.705930,
    "p50_us": 16.028216,
    "p99_us": 206.687560,
    "min_us": 1.143396,
    "max_us": 246.310670
  },
  "latency_hot": {
    "count": 96376,
    "mean_us": 83.171266,
    "p50_us": 73.556693,
    "p99_us": 233.909105,
    "min_us": 1.152557,
    "max_us": 246.310670
  },
  "latency_cold": {
    "count": 54518,
    "mean_us": 9.539128,
    "p50_us": 9.176208,
    "p99_us": 21.567317,
    "min_us": 1.143565,
    "max_us": 25.681424
  },
  "dispatch_cct_us": 246.310670,
  "combine_cct_us": 246.148015,
  "roundtrip_step_us": 493.258685
}
