{
  "scenario": 3,
  "scheme": "ub_rg_pop",
  "mode": "roundtrip",
  "batch": 16,
  "zipf_s": 0.300000,
  "topk": 8,
  "ep_size": 256,
  "seed": 1,
  "tau_g_ns": 143.360000,
  "grain_bytes": 7168,
  "total_tokens": 65536,
  "max_egress_load": 67,
  "konig_us": 18.063360,
  "rtt_us": 1.650000,
  "barrier_us": 2.400000,
  "cct_us": 24.201732,
  "step_us": 26.601732,
  "throughput_GBs": 17659.077500,
  "latency_all": {
    "count": 65536,
    "mean_us": 4.389676,
    "p50_us": 4.193921,
    "p99_us": 8.363405,
    "min_us": 2.593376,
    "max_us": 12.121088
  },
  "latency_hot": {
    "count": 12270,
    "mean_us": 5.566110,
    "p50_us": 5.468472,
    "p99_us": 10.157211,
    "min_us": 2.597432,
    "max_us": 12.121088
  },
  "latency_cold": {
    "count": 25550,
    "mean_us": 3.896778,
    "p50_us": 3.860310,
    "p99_us": 5.600909,
    "min_us": 2.593376,
    "max_us": 6.477189
  },
  "dispatch_cct_us": 12.080644,
  "combine_cct_us": 12.121088,
  "roundtrip_step_us": 26.601732
}
