{
  "scenario": 1,
  "scheme": "ub_rg",
  "mode": "roundtrip",
  "batch": 512,
  "zipf_s": 0.900000,
  "topk": 8,
  "ep_size": 32,
  "seed": 51,
  "start_skew_us": 4.000000,
  "tau_g_ns": 143.360000,
  "grain_bytes": 7168,
  "total_tokens": 262144,
  "max_egress_load": 1867,
  "konig_us": 533.012480,
  "rtt_us": 0.600000,
  "barrier_us": 0.800000,
  "cct_us": 551.957535,
  "step_us": 1131.116910,
  "gemv_us": 578.359375,
  "e2e_us": 1130.316910,
  "throughput_GBs": 1661.232517,
  "latency_all": {
    "count": 262144,
    "mean_us": 65.045354,
    "p50_us": 35.166957,
    "p99_us": 236.233591,
    "min_us": 1.153153,
    "max_us": 280.989850
  },
  "latency_hot": {
    "count": 72794,
    "mean_us": 118.599408,
    "p50_us": 115.607154,
    "p99_us": 263.883987,
    "min_us": 1.157159,
    "max_us": 280.989850
  },
  "latency_cold": {
    "count": 66760,
    "mean_us": 26.413062,
    "p50_us": 25.682314,
    "p99_us": 54.549998,
    "min_us": 1.177687,
    "max_us": 67.263173
  },
  "dispatch_cct_us": 280.989850,
  "combine_cct_us": 270.967686,
  "roundtrip_step_us": 552.757535,
  "e2e_step_us": 1131.116910
}
