{
  "scenario": 4,
  "scheme": "ub_rg",
  "mode": "roundtrip",
  "batch": 512,
  "zipf_s": 0.700000,
  "topk": 8,
  "ep_size": 512,
  "seed": 94,
  "start_skew_us": 4.000000,
  "tau_g_ns": 143.360000,
  "grain_bytes": 7168,
  "total_tokens": 4194304,
  "max_egress_load": 13156,
  "konig_us": 3567.656960,
  "rtt_us": 0.800000,
  "barrier_us": 1.600000,
  "cct_us": 3803.765281,
  "step_us": 7470.834031,
  "gemv_us": 3665.468750,
  "e2e_us": 7469.234031,
  "throughput_GBs": 4024.285769,
  "latency_all": {
    "count": 4194304,
    "mean_us": 148.047277,
    "p50_us": 31.252992,
    "p99_us": 1108.863421,
    "min_us": 1.138537,
    "max_us": 1905.531253
  },
  "latency_hot": {
    "count": 1741414,
    "mean_us": 293.132009,
    "p50_us": 61.647315,
    "p99_us": 1109.029729,
    "min_us": 1.138537,
    "max_us": 1905.531253
  },
  "latency_cold": {
    "count": 924174,
    "mean_us": 32.139135,
    "p50_us": 24.760908,
    "p99_us": 50.417127,
    "min_us": 1.453961,
    "max_us": 119.790940
  },
  "dispatch_cct_us": 1905.531253,
  "combine_cct_us": 1898.234028,
  "roundtrip_step_us": 3805.365281,
  "e2e_step_us": 7470.834031
}
