{
  "scenario": 1,
  "scheme": "islip",
  "mode": "roundtrip",
  "batch": 512,
  "zipf_s": 0.900000,
  "topk": 8,
  "ep_size": 128,
  "seed": 83,
  "start_skew_us": 4.000000,
  "tau_g_ns": 143.360000,
  "grain_bytes": 7168,
  "total_tokens": 1048576,
  "max_egress_load": 6174,
  "konig_us": 1761.034240,
  "rtt_us": 0.600000,
  "barrier_us": 0.800000,
  "cct_us": 1775.374058,
  "step_us": 3685.392808,
  "gemv_us": 1909.218750,
  "e2e_us": 3684.592808,
  "throughput_GBs": 2039.454994,
  "latency_all": {
    "count": 1048576,
    "mean_us": 124.736734,
    "p50_us": 19.152409,
    "p99_us": 456.153703,
    "min_us": 1.197234,
    "max_us": 887.704921
  },
  "latency_hot": {
    "count": 462916,
    "mean_us": 238.216506,
    "p50_us": 155.352260,
    "p99_us": 470.492330,
    "min_us": 1.244247,
    "max_us": 887.704921
  },
  "latency_cold": {
    "count": 190402,
    "mean_us": 17.219560,
    "p50_us": 16.632859,
    "p99_us": 37.770800,
    "min_us": 1.224014,
    "max_us": 45.351985
  },
  "dispatch_cct_us": 887.669137,
  "combine_cct_us": 887.704921,
  "roundtrip_step_us": 1776.174058,
  "e2e_step_us": 3685.392808
}
