{
  "scenario": 4,
  "scheme": "ub_rg_pop",
  "mode": "roundtrip",
  "batch": 64,
  "zipf_s": 0.700000,
  "topk": 8,
  "ep_size": 256,
  "seed": 62,
  "start_skew_us": 4.000000,
  "tau_g_ns": 143.360000,
  "grain_bytes": 7168,
  "total_tokens": 262144,
  "max_egress_load": 998,
  "konig_us": 270.090240,
  "rtt_us": 1.200000,
  "barrier_us": 1.600000,
  "cct_us": 296.338855,
  "step_us": 574.774792,
  "gemv_us": 276.835938,
  "e2e_us": 573.174792,
  "throughput_GBs": 3269.190328,
  "latency_all": {
    "count": 262144,
    "mean_us": 17.349862,
    "p50_us": 8.419931,
    "p99_us": 95.261329,
    "min_us": 1.575345,
    "max_us": 148.716780
  },
  "latency_hot": {
    "count": 100850,
    "mean_us": 31.290221,
    "p50_us": 23.049116,
    "p99_us": 122.220362,
    "min_us": 1.886605,
    "max_us": 148.716780
  },
  "latency_cold": {
    "count": 60972,
    "mean_us": 6.653586,
    "p50_us": 6.582374,
    "p99_us": 11.422808,
    "min_us": 1.575345,
    "max_us": 18.723531
  },
  "dispatch_cct_us": 148.716780,
  "combine_cct_us": 147.622075,
  "roundtrip_step_us": 297.938855,
  "e2e_step_us": 574.774792
}
