{
  "scenario": 1,
  "scheme": "islip",
  "mode": "roundtrip",
  "batch": 256,
  "zipf_s": 0.300000,
  "topk": 8,
  "ep_size": 128,
  "seed": 5,
  "start_skew_us": 4.000000,
  "tau_g_ns": 143.360000,
  "grain_bytes": 7168,
  "total_tokens": 524288,
  "max_egress_load": 791,
  "konig_us": 219.484160,
  "rtt_us": 0.600000,
  "barrier_us": 0.800000,
  "cct_us": 236.145874,
  "step_us": 468.039624,
  "gemv_us": 231.093750,
  "e2e_us": 467.239624,
  "throughput_GBs": 8029.440655,
  "latency_all": {
    "count": 524288,
    "mean_us": 23.881357,
    "p50_us": 17.523499,
    "p99_us": 38.830359,
    "min_us": 1.169620,
    "max_us": 118.374464
  },
  "latency_hot": {
    "count": 91016,
    "mean_us": 38.952572,
    "p50_us": 37.169267,
    "p99_us": 101.866426,
    "min_us": 1.184011,
    "max_us": 118.374464
  },
  "latency_cold": {
    "count": 208010,
    "mean_us": 17.949104,
    "p50_us": 17.171414,
    "p99_us": 34.235615,
    "min_us": 1.169620,
    "max_us": 42.009998
  },
  "dispatch_cct_us": 117.771410,
  "combine_cct_us": 118.374464,
  "roundtrip_step_us": 236.945874,
  "e2e_step_us": 468.039624
}
