{
  "scenario": 1,
  "scheme": "ub_rg_pop",
  "mode": "roundtrip",
  "batch": 64,
  "zipf_s": 0.000000,
  "topk": 8,
  "ep_size": 32,
  "seed": 91,
  "start_skew_us": 4.000000,
  "tau_g_ns": 143.360000,
  "grain_bytes": 7168,
  "total_tokens": 32768,
  "max_egress_load": 81,
  "konig_us": 23.080960,
  "rtt_us": 0.900000,
  "barrier_us": 0.800000,
  "cct_us": 33.541246,
  "step_us": 55.669371,
  "gemv_us": 21.328125,
  "e2e_us": 54.869371,
  "throughput_GBs": 4219.214614,
  "latency_all": {
    "count": 32768,
    "mean_us": 8.395705,
    "p50_us": 8.309023,
    "p99_us": 14.768348,
    "min_us": 1.454306,
    "max_us": 16.955992
  },
  "latency_hot": {
    "count": 3094,
    "mean_us": 7.998177,
    "p50_us": 7.953833,
    "p99_us": 13.895036,
    "min_us": 1.454306,
    "max_us": 15.141521
  },
  "latency_cold": {
    "count": 16392,
    "mean_us": 8.311706,
    "p50_us": 8.222947,
    "p99_us": 14.675679,
    "min_us": 1.798388,
    "max_us": 16.955992
  },
  "dispatch_cct_us": 16.585254,
  "combine_cct_us": 16.955992,
  "roundtrip_step_us": 34.341246,
  "e2e_step_us": 55.669371
}
