{
  "scenario": 4,
  "scheme": "packet_spray",
  "mode": "roundtrip",
  "batch": 128,
  "zipf_s": 0.000000,
  "topk": 8,
  "ep_size": 128,
  "seed": 32,
  "start_skew_us": 4.000000,
  "tau_g_ns": 143.360000,
  "grain_bytes": 7168,
  "total_tokens": 262144,
  "max_egress_load": 176,
  "konig_us": 46.878720,
  "rtt_us": 0.000000,
  "barrier_us": 6.000000,
  "cct_us": 86.439969,
  "step_us": 134.744656,
  "gemv_us": 42.304688,
  "e2e_us": 128.744656,
  "throughput_GBs": 13945.252035,
  "latency_all": {
    "count": 262144,
    "mean_us": 24.356979,
    "p50_us": 24.227881,
    "p99_us": 38.462124,
    "min_us": 0.379208,
    "max_us": 44.733608
  },
  "latency_hot": {
    "count": 24626,
    "mean_us": 20.389901,
    "p50_us": 20.255404,
    "p99_us": 38.196014,
    "min_us": 0.454230,
    "max_us": 41.552837
  },
  "latency_cold": {
    "count": 131430,
    "mean_us": 26.563304,
    "p50_us": 26.796921,
    "p99_us": 38.554884,
    "min_us": 0.694210,
    "max_us": 42.986437
  },
  "dispatch_cct_us": 44.733608,
  "combine_cct_us": 41.706361,
  "roundtrip_step_us": 92.439969,
  "e2e_step_us": 134.744656
}
