{
  "scenario": 1,
  "scheme": "packet_spray",
  "mode": "roundtrip",
  "batch": 512,
  "zipf_s": 0.300000,
  "topk": 8,
  "ep_size": 128,
  "seed": 44,
  "start_skew_us": 4.000000,
  "tau_g_ns": 143.360000,
  "grain_bytes": 7168,
  "total_tokens": 1048576,
  "max_egress_load": 1554,
  "konig_us": 435.814400,
  "rtt_us": 0.000000,
  "barrier_us": 4.000000,
  "cct_us": 594.717045,
  "step_us": 1063.092045,
  "gemv_us": 464.375000,
  "e2e_us": 1059.092045,
  "throughput_GBs": 7070.124177,
  "latency_all": {
    "count": 1048576,
    "mean_us": 136.346011,
    "p50_us": 98.310878,
    "p99_us": 172.819416,
    "min_us": 6.519675,
    "max_us": 302.767610
  },
  "latency_hot": {
    "count": 182390,
    "mean_us": 136.396150,
    "p50_us": 137.837435,
    "p99_us": 263.917050,
    "min_us": 6.519675,
    "max_us": 302.767610
  },
  "latency_cold": {
    "count": 413536,
    "mean_us": 141.495141,
    "p50_us": 110.601176,
    "p99_us": 144.720856,
    "min_us": 10.913029,
    "max_us": 291.949435
  },
  "dispatch_cct_us": 302.767610,
  "combine_cct_us": 291.949435,
  "roundtrip_step_us": 598.717045,
  "e2e_step_us": 1063.092045
}
