{
  "scenario": 4,
  "scheme": "packet_spray",
  "mode": "roundtrip",
  "batch": 512,
  "zipf_s": 0.700000,
  "topk": 8,
  "ep_size": 256,
  "seed": 23,
  "start_skew_us": 4.000000,
  "tau_g_ns": 143.360000,
  "grain_bytes": 7168,
  "total_tokens": 2097152,
  "max_egress_load": 7997,
  "konig_us": 2177.351680,
  "rtt_us": 0.000000,
  "barrier_us": 6.000000,
  "cct_us": 2323.092046,
  "step_us": 4576.201421,
  "gemv_us": 2247.109375,
  "e2e_us": 4570.201421,
  "throughput_GBs": 3284.904696,
  "latency_all": {
    "count": 2097152,
    "mean_us": 357.638277,
    "p50_us": 85.537948,
    "p99_us": 620.557468,
    "min_us": 0.294737,
    "max_us": 1211.096498
  },
  "latency_hot": {
    "count": 808450,
    "mean_us": 403.171227,
    "p50_us": 148.616348,
    "p99_us": 631.882908,
    "min_us": 0.482662,
    "max_us": 1165.794738
  },
  "latency_cold": {
    "count": 486250,
    "mean_us": 328.919365,
    "p50_us": 85.876081,
    "p99_us": 118.654108,
    "min_us": 0.447418,
    "max_us": 1211.096498
  },
  "dispatch_cct_us": 1111.995548,
  "combine_cct_us": 1211.096498,
  "roundtrip_step_us": 2329.092046,
  "e2e_step_us": 4576.201421
}
