{
  "scenario": 1,
  "scheme": "ub_rg",
  "mode": "roundtrip",
  "batch": 256,
  "zipf_s": 0.700000,
  "topk": 8,
  "ep_size": 128,
  "seed": 37,
  "tau_g_ns": 143.360000,
  "grain_bytes": 7168,
  "total_tokens": 524288,
  "max_egress_load": 2251,
  "konig_us": 639.098880,
  "rtt_us": 0.600000,
  "barrier_us": 0.800000,
  "cct_us": 647.630725,
  "step_us": 648.430725,
  "throughput_GBs": 5795.679071,
  "latency_all": {
    "count": 524288,
    "mean_us": 41.803481,
    "p50_us": 16.870783,
    "p99_us": 87.654040,
    "min_us": 1.143468,
    "max_us": 323.916418
  },
  "latency_hot": {
    "count": 180468,
    "mean_us": 86.608736,
    "p50_us": 69.217073,
    "p99_us": 301.355875,
    "min_us": 1.143646,
    "max_us": 323.916418
  },
  "latency_cold": {
    "count": 128700,
    "mean_us": 11.158135,
    "p50_us": 10.903017,
    "p99_us": 23.597907,
    "min_us": 1.143468,
    "max_us": 29.454060
  },
  "dispatch_cct_us": 323.714308,
  "combine_cct_us": 323.916418,
  "roundtrip_step_us": 648.430725
}
