{
  "scenario": 4,
  "scheme": "packet_spray",
  "mode": "roundtrip",
  "batch": 64,
  "zipf_s": 0.700000,
  "topk": 8,
  "ep_size": 128,
  "seed": 10,
  "start_skew_us": 4.000000,
  "tau_g_ns": 143.360000,
  "grain_bytes": 7168,
  "total_tokens": 131072,
  "max_egress_load": 603,
  "konig_us": 165.294080,
  "rtt_us": 0.000000,
  "barrier_us": 6.000000,
  "cct_us": 213.040746,
  "step_us": 390.642308,
  "gemv_us": 171.601562,
  "e2e_us": 384.642308,
  "throughput_GBs": 2405.075120,
  "latency_all": {
    "count": 131072,
    "mean_us": 44.019968,
    "p50_us": 35.149718,
    "p99_us": 95.672153,
    "min_us": 0.910160,
    "max_us": 107.571033
  },
  "latency_hot": {
    "count": 45104,
    "mean_us": 48.223308,
    "p50_us": 43.824913,
    "p99_us": 95.147793,
    "min_us": 2.134494,
    "max_us": 105.469713
  },
  "latency_cold": {
    "count": 32100,
    "mean_us": 41.656803,
    "p50_us": 28.760443,
    "p99_us": 96.962393,
    "min_us": 0.910160,
    "max_us": 107.571033
  },
  "dispatch_cct_us": 105.469713,
  "combine_cct_us": 107.571033,
  "roundtrip_step_us": 219.040746,
  "e2e_step_us": 390.642308
}
