{
  "scenario": 1,
  "scheme": "islip",
  "mode": "roundtrip",
  "batch": 512,
  "zipf_s": 0.900000,
  "topk": 8,
  "ep_size": 128,
  "seed": 65,
  "start_skew_us": 4.000000,
  "tau_g_ns": 143.360000,
  "grain_bytes": 7168,
  "total_tokens": 1048576,
  "max_egress_load": 6212,
  "konig_us": 1769.205760,
  "rtt_us": 0.600000,
  "barrier_us": 0.800000,
  "cct_us": 1788.335705,
  "step_us": 3704.409142,
  "gemv_us": 1915.273438,
  "e2e_us": 3703.609142,
  "throughput_GBs": 2028.985590,
  "latency_all": {
    "count": 1048576,
    "mean_us": 124.927901,
    "p50_us": 19.176965,
    "p99_us": 456.413932,
    "min_us": 1.160915,
    "max_us": 894.608971
  },
  "latency_hot": {
    "count": 463530,
    "mean_us": 238.485015,
    "p50_us": 155.449530,
    "p99_us": 469.373813,
    "min_us": 1.192578,
    "max_us": 894.608971
  },
  "latency_cold": {
    "count": 189900,
    "mean_us": 17.208164,
    "p50_us": 16.618885,
    "p99_us": 37.819140,
    "min_us": 1.174123,
    "max_us": 45.196380
  },
  "dispatch_cct_us": 894.608971,
  "combine_cct_us": 893.726734,
  "roundtrip_step_us": 1789.135705,
  "e2e_step_us": 3704.409142
}
