{
  "scenario": 1,
  "scheme": "ub_rg_pop",
  "mode": "roundtrip",
  "batch": 64,
  "zipf_s": 0.300000,
  "topk": 8,
  "ep_size": 32,
  "seed": 38,
  "start_skew_us": 4.000000,
  "tau_g_ns": 143.360000,
  "grain_bytes": 7168,
  "total_tokens": 32768,
  "max_egress_load": 114,
  "konig_us": 31.969280,
  "rtt_us": 0.900000,
  "barrier_us": 0.800000,
  "cct_us": 57.726886,
  "step_us": 92.472198,
  "gemv_us": 33.945312,
  "e2e_us": 91.672198,
  "throughput_GBs": 2540.017734,
  "latency_all": {
    "count": 32768,
    "mean_us": 13.280188,
    "p50_us": 12.988195,
    "p99_us": 25.835918,
    "min_us": 1.443581,
    "max_us": 29.747385
  },
  "latency_hot": {
    "count": 4778,
    "mean_us": 15.975124,
    "p50_us": 16.072722,
    "p99_us": 27.318662,
    "min_us": 1.791091,
    "max_us": 29.720703
  },
  "latency_cold": {
    "count": 13742,
    "mean_us": 11.739301,
    "p50_us": 11.568996,
    "p99_us": 21.577066,
    "min_us": 1.443581,
    "max_us": 23.755235
  },
  "dispatch_cct_us": 27.979501,
  "combine_cct_us": 29.747385,
  "roundtrip_step_us": 58.526886,
  "e2e_step_us": 92.472198
}
