{
  "scenario": 1,
  "scheme": "ub_rg",
  "mode": "roundtrip",
  "batch": 64,
  "zipf_s": 0.900000,
  "topk": 8,
  "ep_size": 32,
  "seed": 48,
  "start_skew_us": 4.000000,
  "tau_g_ns": 143.360000,
  "grain_bytes": 7168,
  "total_tokens": 32768,
  "max_egress_load": 238,
  "konig_us": 67.379200,
  "rtt_us": 0.600000,
  "barrier_us": 0.800000,
  "cct_us": 102.476843,
  "step_us": 175.503405,
  "gemv_us": 72.226562,
  "e2e_us": 174.703405,
  "throughput_GBs": 1338.327444,
  "latency_all": {
    "count": 32768,
    "mean_us": 19.217081,
    "p50_us": 17.849399,
    "p99_us": 44.049555,
    "min_us": 1.223341,
    "max_us": 54.909452
  },
  "latency_hot": {
    "count": 9144,
    "mean_us": 25.987116,
    "p50_us": 25.429464,
    "p99_us": 46.860575,
    "min_us": 1.354944,
    "max_us": 54.909452
  },
  "latency_cold": {
    "count": 8276,
    "mean_us": 14.602938,
    "p50_us": 14.899303,
    "p99_us": 24.459634,
    "min_us": 1.289771,
    "max_us": 28.811972
  },
  "dispatch_cct_us": 54.909452,
  "combine_cct_us": 47.567391,
  "roundtrip_step_us": 103.276843,
  "e2e_step_us": 175.503405
}
