{
  "scenario": 1,
  "scheme": "ub_rg",
  "mode": "roundtrip",
  "batch": 64,
  "zipf_s": 0.900000,
  "topk": 8,
  "ep_size": 128,
  "seed": 59,
  "tau_g_ns": 143.360000,
  "grain_bytes": 7168,
  "total_tokens": 131072,
  "max_egress_load": 785,
  "konig_us": 221.921280,
  "rtt_us": 0.600000,
  "barrier_us": 0.800000,
  "cct_us": 227.163984,
  "step_us": 227.963984,
  "throughput_GBs": 4121.370743,
  "latency_all": {
    "count": 131072,
    "mean_us": 16.938820,
    "p50_us": 8.036814,
    "p99_us": 98.747505,
    "min_us": 1.143390,
    "max_us": 113.597885
  },
  "latency_hot": {
    "count": 57982,
    "mean_us": 30.954786,
    "p50_us": 23.573650,
    "p99_us": 105.277769,
    "min_us": 1.147811,
    "max_us": 113.597885
  },
  "latency_cold": {
    "count": 23808,
    "mean_us": 3.396397,
    "p50_us": 3.301211,
    "p99_us": 6.666203,
    "min_us": 1.143390,
    "max_us": 8.668844
  },
  "dispatch_cct_us": 113.597885,
  "combine_cct_us": 113.566099,
  "roundtrip_step_us": 227.963984
}
