{
  "scenario": 1,
  "scheme": "ub_rg",
  "mode": "roundtrip",
  "batch": 256,
  "zipf_s": 0.000000,
  "topk": 8,
  "ep_size": 128,
  "seed": 8,
  "start_skew_us": 4.000000,
  "tau_g_ns": 143.360000,
  "grain_bytes": 7168,
  "total_tokens": 524288,
  "max_egress_load": 305,
  "konig_us": 87.306240,
  "rtt_us": 0.600000,
  "barrier_us": 0.800000,
  "cct_us": 97.202452,
  "step_us": 182.299327,
  "gemv_us": 84.296875,
  "e2e_us": 181.499327,
  "throughput_GBs": 20614.976678,
  "latency_all": {
    "count": 524288,
    "mean_us": 22.401948,
    "p50_us": 18.921550,
    "p99_us": 36.625847,
    "min_us": 1.183499,
    "max_us": 49.022241
  },
  "latency_hot": {
    "count": 48886,
    "mean_us": 22.391541,
    "p50_us": 22.270622,
    "p99_us": 42.264371,
    "min_us": 1.319315,
    "max_us": 47.504071
  },
  "latency_cold": {
    "count": 261958,
    "mean_us": 22.383181,
    "p50_us": 17.886546,
    "p99_us": 42.518736,
    "min_us": 1.213078,
    "max_us": 49.022241
  },
  "dispatch_cct_us": 49.022241,
  "combine_cct_us": 48.180212,
  "roundtrip_step_us": 98.002452,
  "e2e_step_us": 182.299327
}
