{
  "scenario": 1,
  "scheme": "ub_rg_pop",
  "mode": "roundtrip",
  "batch": 64,
  "zipf_s": 0.900000,
  "topk": 8,
  "ep_size": 128,
  "seed": 21,
  "tau_g_ns": 143.360000,
  "grain_bytes": 7168,
  "total_tokens": 131072,
  "max_egress_load": 782,
  "konig_us": 220.487680,
  "rtt_us": 0.900000,
  "barrier_us": 0.800000,
  "cct_us": 227.166107,
  "step_us": 227.966107,
  "throughput_GBs": 4121.332379,
  "latency_all": {
    "count": 131072,
    "mean_us": 17.220508,
    "p50_us": 8.356111,
    "p99_us": 98.104008,
    "min_us": 1.444196,
    "max_us": 113.602791
  },
  "latency_hot": {
    "count": 58144,
    "mean_us": 31.167501,
    "p50_us": 23.914645,
    "p99_us": 104.580763,
    "min_us": 1.450301,
    "max_us": 113.602791
  },
  "latency_cold": {
    "count": 23696,
    "mean_us": 3.682320,
    "p50_us": 3.595087,
    "p99_us": 6.778611,
    "min_us": 1.445615,
    "max_us": 8.566602
  },
  "dispatch_cct_us": 113.563316,
  "combine_cct_us": 113.602791,
  "roundtrip_step_us": 227.966107
}
