{
  "scenario": 4,
  "scheme": "ub_rg_pop",
  "mode": "roundtrip",
  "batch": 512,
  "zipf_s": 0.000000,
  "topk": 8,
  "ep_size": 128,
  "seed": 2,
  "start_skew_us": 4.000000,
  "tau_g_ns": 143.360000,
  "grain_bytes": 7168,
  "total_tokens": 1048576,
  "max_egress_load": 641,
  "konig_us": 181.780480,
  "rtt_us": 1.200000,
  "barrier_us": 1.600000,
  "cct_us": 220.009135,
  "step_us": 388.718510,
  "gemv_us": 167.109375,
  "e2e_us": 387.118510,
  "throughput_GBs": 19335.824175,
  "latency_all": {
    "count": 1048576,
    "mean_us": 49.080084,
    "p50_us": 28.339599,
    "p99_us": 82.536062,
    "min_us": 1.599073,
    "max_us": 111.328400
  },
  "latency_hot": {
    "count": 98820,
    "mean_us": 48.193914,
    "p50_us": 47.999570,
    "p99_us": 89.488752,
    "min_us": 1.772439,
    "max_us": 101.927791
  },
  "latency_cold": {
    "count": 524150,
    "mean_us": 49.276889,
    "p50_us": 41.496868,
    "p99_us": 76.738627,
    "min_us": 2.625438,
    "max_us": 111.328400
  },
  "dispatch_cct_us": 111.328400,
  "combine_cct_us": 108.680735,
  "roundtrip_step_us": 221.609135,
  "e2e_step_us": 388.718510
}
