{
  "scenario": 4,
  "scheme": "packet_spray",
  "mode": "roundtrip",
  "batch": 512,
  "zipf_s": 0.900000,
  "topk": 8,
  "ep_size": 128,
  "seed": 78,
  "start_skew_us": 4.000000,
  "tau_g_ns": 143.360000,
  "grain_bytes": 7168,
  "total_tokens": 1048576,
  "max_egress_load": 6732,
  "konig_us": 1843.322880,
  "rtt_us": 0.000000,
  "barrier_us": 6.000000,
  "cct_us": 2005.380774,
  "step_us": 3925.638586,
  "gemv_us": 1914.257812,
  "e2e_us": 3919.638586,
  "throughput_GBs": 1914.642065,
  "latency_all": {
    "count": 1048576,
    "mean_us": 327.389198,
    "p50_us": 93.439507,
    "p99_us": 509.412711,
    "min_us": 0.609728,
    "max_us": 1041.086783
  },
  "latency_hot": {
    "count": 462774,
    "mean_us": 372.837989,
    "p50_us": 218.592787,
    "p99_us": 781.223271,
    "min_us": 0.609728,
    "max_us": 999.369023
  },
  "latency_cold": {
    "count": 190634,
    "mean_us": 289.693376,
    "p50_us": 108.816703,
    "p99_us": 924.391743,
    "min_us": 1.181040,
    "max_us": 1041.086783
  },
  "dispatch_cct_us": 964.293991,
  "combine_cct_us": 1041.086783,
  "roundtrip_step_us": 2011.380774,
  "e2e_step_us": 3925.638586
}
