{
  "scenario": 1,
  "scheme": "packet_spray",
  "mode": "roundtrip",
  "batch": 16,
  "zipf_s": 0.300000,
  "topk": 8,
  "ep_size": 128,
  "seed": 12,
  "tau_g_ns": 143.360000,
  "grain_bytes": 7168,
  "total_tokens": 32768,
  "max_egress_load": 59,
  "konig_us": 15.339520,
  "rtt_us": 0.000000,
  "barrier_us": 4.000000,
  "cct_us": 21.000480,
  "step_us": 25.000480,
  "throughput_GBs": 9395.060575,
  "latency_all": {
    "count": 32768,
    "mean_us": 3.823067,
    "p50_us": 3.547280,
    "p99_us": 8.421520,
    "min_us": 0.536720,
    "max_us": 10.858640
  },
  "latency_hot": {
    "count": 5736,
    "mean_us": 3.919776,
    "p50_us": 3.834000,
    "p99_us": 8.278160,
    "min_us": 0.536720,
    "max_us": 10.858640
  },
  "latency_cold": {
    "count": 12874,
    "mean_us": 3.954098,
    "p50_us": 3.547280,
    "p99_us": 8.994960,
    "min_us": 0.536720,
    "max_us": 10.141840
  },
  "dispatch_cct_us": 10.858640,
  "combine_cct_us": 10.141840,
  "roundtrip_step_us": 25.000480
}
