{
  "scenario": 4,
  "scheme": "ub_rg",
  "mode": "roundtrip",
  "batch": 256,
  "zipf_s": 0.700000,
  "topk": 8,
  "ep_size": 128,
  "seed": 87,
  "start_skew_us": 4.000000,
  "tau_g_ns": 143.360000,
  "grain_bytes": 7168,
  "total_tokens": 524288,
  "max_egress_load": 2354,
  "konig_us": 653.578240,
  "rtt_us": 0.800000,
  "barrier_us": 1.600000,
  "cct_us": 704.309534,
  "step_us": 1394.815784,
  "gemv_us": 688.906250,
  "e2e_us": 1393.215784,
  "throughput_GBs": 2694.331701,
  "latency_all": {
    "count": 524288,
    "mean_us": 52.554744,
    "p50_us": 28.786251,
    "p99_us": 99.504538,
    "min_us": 0.996013,
    "max_us": 357.365280
  },
  "latency_hot": {
    "count": 180278,
    "mean_us": 97.425857,
    "p50_us": 80.039784,
    "p99_us": 312.398730,
    "min_us": 2.682439,
    "max_us": 357.365280
  },
  "latency_cold": {
    "count": 129338,
    "mean_us": 21.794203,
    "p50_us": 21.603049,
    "p99_us": 38.298874,
    "min_us": 0.996013,
    "max_us": 49.100401
  },
  "dispatch_cct_us": 357.365280,
  "combine_cct_us": 346.944254,
  "roundtrip_step_us": 705.909534,
  "e2e_step_us": 1394.815784
}
