{
  "scenario": 4,
  "scheme": "ub_rg",
  "mode": "roundtrip",
  "batch": 128,
  "zipf_s": 0.000000,
  "topk": 8,
  "ep_size": 128,
  "seed": 81,
  "start_skew_us": 4.000000,
  "tau_g_ns": 143.360000,
  "grain_bytes": 7168,
  "total_tokens": 262144,
  "max_egress_load": 177,
  "konig_us": 50.462720,
  "rtt_us": 0.800000,
  "barrier_us": 1.600000,
  "cct_us": 91.684854,
  "step_us": 136.566104,
  "gemv_us": 43.281250,
  "e2e_us": 134.966104,
  "throughput_GBs": 13759.257543,
  "latency_all": {
    "count": 262144,
    "mean_us": 21.234339,
    "p50_us": 18.739528,
    "p99_us": 38.729145,
    "min_us": 1.154904,
    "max_us": 50.454752
  },
  "latency_hot": {
    "count": 24574,
    "mean_us": 21.480948,
    "p50_us": 21.371949,
    "p99_us": 37.494692,
    "min_us": 2.065608,
    "max_us": 47.432168
  },
  "latency_cold": {
    "count": 130788,
    "mean_us": 21.240218,
    "p50_us": 21.110331,
    "p99_us": 37.988377,
    "min_us": 1.353657,
    "max_us": 49.152062
  },
  "dispatch_cct_us": 50.454752,
  "combine_cct_us": 41.230102,
  "roundtrip_step_us": 93.284854,
  "e2e_step_us": 136.566104
}
