{
  "scenario": 4,
  "scheme": "ub_rg",
  "mode": "roundtrip",
  "batch": 64,
  "zipf_s": 0.300000,
  "topk": 8,
  "ep_size": 256,
  "seed": 12,
  "start_skew_us": 4.000000,
  "tau_g_ns": 143.360000,
  "grain_bytes": 7168,
  "total_tokens": 262144,
  "max_egress_load": 252,
  "konig_us": 69.099520,
  "rtt_us": 0.800000,
  "barrier_us": 1.600000,
  "cct_us": 111.335880,
  "step_us": 184.576505,
  "gemv_us": 71.640625,
  "e2e_us": 182.976505,
  "throughput_GBs": 10180.321636,
  "latency_all": {
    "count": 262144,
    "mean_us": 20.416496,
    "p50_us": 18.353186,
    "p99_us": 35.064630,
    "min_us": 1.160898,
    "max_us": 56.231641
  },
  "latency_hot": {
    "count": 48970,
    "mean_us": 25.097025,
    "p50_us": 24.504105,
    "p99_us": 46.142942,
    "min_us": 2.056181,
    "max_us": 56.231641
  },
  "latency_cold": {
    "count": 102364,
    "mean_us": 18.410517,
    "p50_us": 18.447912,
    "p99_us": 30.034721,
    "min_us": 1.403643,
    "max_us": 35.602881
  },
  "dispatch_cct_us": 56.231641,
  "combine_cct_us": 55.104240,
  "roundtrip_step_us": 112.935880,
  "e2e_step_us": 184.576505
}
