{
  "scenario": 1,
  "scheme": "ub_rg_pop",
  "mode": "roundtrip",
  "batch": 128,
  "zipf_s": 0.300000,
  "topk": 8,
  "ep_size": 32,
  "seed": 34,
  "start_skew_us": 4.000000,
  "tau_g_ns": 143.360000,
  "grain_bytes": 7168,
  "total_tokens": 65536,
  "max_egress_load": 249,
  "konig_us": 69.672960,
  "rtt_us": 0.900000,
  "barrier_us": 0.800000,
  "cct_us": 79.700780,
  "step_us": 154.485155,
  "gemv_us": 73.984375,
  "e2e_us": 153.685155,
  "throughput_GBs": 3040.823231,
  "latency_all": {
    "count": 65536,
    "mean_us": 13.532504,
    "p50_us": 12.887116,
    "p99_us": 32.537646,
    "min_us": 1.600272,
    "max_us": 39.936779
  },
  "latency_hot": {
    "count": 9886,
    "mean_us": 18.492331,
    "p50_us": 18.214936,
    "p99_us": 37.241889,
    "min_us": 2.011256,
    "max_us": 39.936779
  },
  "latency_cold": {
    "count": 27122,
    "mean_us": 11.409045,
    "p50_us": 11.288913,
    "p99_us": 21.021893,
    "min_us": 1.600272,
    "max_us": 23.594032
  },
  "dispatch_cct_us": 39.764000,
  "combine_cct_us": 39.936779,
  "roundtrip_step_us": 80.500780,
  "e2e_step_us": 154.485155
}
