{
  "scenario": 1,
  "scheme": "ub_rg",
  "mode": "roundtrip",
  "batch": 16,
  "zipf_s": 0.900000,
  "topk": 8,
  "ep_size": 32,
  "seed": 18,
  "tau_g_ns": 143.360000,
  "grain_bytes": 7168,
  "total_tokens": 8192,
  "max_egress_load": 62,
  "konig_us": 17.346560,
  "rtt_us": 0.600000,
  "barrier_us": 0.800000,
  "cct_us": 19.874200,
  "step_us": 20.674200,
  "throughput_GBs": 2840.267354,
  "latency_all": {
    "count": 8192,
    "mean_us": 3.171364,
    "p50_us": 2.588028,
    "p99_us": 8.892880,
    "min_us": 1.143818,
    "max_us": 9.973035
  },
  "latency_hot": {
    "count": 2290,
    "mean_us": 4.846319,
    "p50_us": 4.734774,
    "p99_us": 9.458486,
    "min_us": 1.144076,
    "max_us": 9.973035
  },
  "latency_cold": {
    "count": 2194,
    "mean_us": 1.991752,
    "p50_us": 1.943378,
    "p99_us": 3.166580,
    "min_us": 1.143818,
    "max_us": 3.578926
  },
  "dispatch_cct_us": 9.901165,
  "combine_cct_us": 9.973035,
  "roundtrip_step_us": 20.674200
}
