{
  "scenario": 1,
  "scheme": "islip",
  "mode": "roundtrip",
  "batch": 64,
  "zipf_s": 0.700000,
  "topk": 8,
  "ep_size": 32,
  "seed": 54,
  "start_skew_us": 4.000000,
  "tau_g_ns": 143.360000,
  "grain_bytes": 7168,
  "total_tokens": 32768,
  "max_egress_load": 209,
  "konig_us": 58.204160,
  "rtt_us": 0.600000,
  "barrier_us": 0.800000,
  "cct_us": 65.539336,
  "step_us": 127.823711,
  "gemv_us": 61.484375,
  "e2e_us": 127.023711,
  "throughput_GBs": 1837.538767,
  "latency_all": {
    "count": 32768,
    "mean_us": 9.722538,
    "p50_us": 8.204270,
    "p99_us": 27.878782,
    "min_us": 1.297894,
    "max_us": 33.615125
  },
  "latency_hot": {
    "count": 7748,
    "mean_us": 15.294441,
    "p50_us": 15.056914,
    "p99_us": 30.462841,
    "min_us": 1.467028,
    "max_us": 33.615125
  },
  "latency_cold": {
    "count": 9910,
    "mean_us": 6.237613,
    "p50_us": 6.098569,
    "p99_us": 11.462713,
    "min_us": 1.298856,
    "max_us": 13.172206
  },
  "dispatch_cct_us": 33.615125,
  "combine_cct_us": 31.924211,
  "roundtrip_step_us": 66.339336,
  "e2e_step_us": 127.823711
}
