{
  "scenario": 1,
  "scheme": "ub_rg",
  "mode": "roundtrip",
  "batch": 128,
  "zipf_s": 0.700000,
  "topk": 8,
  "ep_size": 32,
  "seed": 16,
  "start_skew_us": 4.000000,
  "tau_g_ns": 143.360000,
  "grain_bytes": 7168,
  "total_tokens": 65536,
  "max_egress_load": 415,
  "konig_us": 117.125120,
  "rtt_us": 0.600000,
  "barrier_us": 0.800000,
  "cct_us": 126.880610,
  "step_us": 253.149360,
  "gemv_us": 125.468750,
  "e2e_us": 252.349360,
  "throughput_GBs": 1855.671480,
  "latency_all": {
    "count": 65536,
    "mean_us": 16.196494,
    "p50_us": 12.921287,
    "p99_us": 55.483218,
    "min_us": 1.237118,
    "max_us": 63.511247
  },
  "latency_hot": {
    "count": 15556,
    "mean_us": 28.010767,
    "p50_us": 27.269586,
    "p99_us": 60.200429,
    "min_us": 1.642451,
    "max_us": 63.511247
  },
  "latency_cold": {
    "count": 20014,
    "mean_us": 9.329301,
    "p50_us": 9.153104,
    "p99_us": 17.591569,
    "min_us": 1.237118,
    "max_us": 20.771495
  },
  "dispatch_cct_us": 63.511247,
  "combine_cct_us": 63.369364,
  "roundtrip_step_us": 127.680610,
  "e2e_step_us": 253.149360
}
