{
  "scenario": 4,
  "scheme": "packet_spray",
  "mode": "roundtrip",
  "batch": 16,
  "zipf_s": 0.700000,
  "topk": 8,
  "ep_size": 512,
  "seed": 19,
  "start_skew_us": 4.000000,
  "tau_g_ns": 143.360000,
  "grain_bytes": 7168,
  "total_tokens": 131072,
  "max_egress_load": 433,
  "konig_us": 114.831360,
  "rtt_us": 0.000000,
  "barrier_us": 6.000000,
  "cct_us": 137.684233,
  "step_us": 258.527983,
  "gemv_us": 114.843750,
  "e2e_us": 252.527983,
  "throughput_GBs": 3634.129217,
  "latency_all": {
    "count": 131072,
    "mean_us": 26.595726,
    "p50_us": 23.625528,
    "p99_us": 56.974847,
    "min_us": 0.336720,
    "max_us": 74.751487
  },
  "latency_hot": {
    "count": 54678,
    "mean_us": 28.728149,
    "p50_us": 25.692936,
    "p99_us": 61.562367,
    "min_us": 1.231305,
    "max_us": 74.751487
  },
  "latency_cold": {
    "count": 28862,
    "mean_us": 24.788220,
    "p50_us": 21.384352,
    "p99_us": 54.761225,
    "min_us": 2.088630,
    "max_us": 62.932745
  },
  "dispatch_cct_us": 74.751487,
  "combine_cct_us": 62.932745,
  "roundtrip_step_us": 143.684233,
  "e2e_step_us": 258.527983
}
