{
  "scenario": 4,
  "scheme": "packet_spray",
  "mode": "roundtrip",
  "batch": 64,
  "zipf_s": 0.700000,
  "topk": 8,
  "ep_size": 256,
  "seed": 82,
  "start_skew_us": 4.000000,
  "tau_g_ns": 143.360000,
  "grain_bytes": 7168,
  "total_tokens": 262144,
  "max_egress_load": 1030,
  "konig_us": 276.971520,
  "rtt_us": 0.000000,
  "barrier_us": 6.000000,
  "cct_us": 300.410982,
  "step_us": 588.012545,
  "gemv_us": 281.601562,
  "e2e_us": 582.012545,
  "throughput_GBs": 3195.592013,
  "latency_all": {
    "count": 262144,
    "mean_us": 46.651745,
    "p50_us": 21.099004,
    "p99_us": 130.403171,
    "min_us": 0.262239,
    "max_us": 156.207971
  },
  "latency_hot": {
    "count": 101070,
    "mean_us": 52.606571,
    "p50_us": 41.376611,
    "p99_us": 133.987171,
    "min_us": 0.711188,
    "max_us": 149.756771
  },
  "latency_cold": {
    "count": 60580,
    "mean_us": 42.955246,
    "p50_us": 15.988106,
    "p99_us": 136.424291,
    "min_us": 0.262239,
    "max_us": 156.207971
  },
  "dispatch_cct_us": 144.203011,
  "combine_cct_us": 156.207971,
  "roundtrip_step_us": 306.410982,
  "e2e_step_us": 588.012545
}
