{
  "scenario": 4,
  "scheme": "ub_rg_pop",
  "mode": "roundtrip",
  "batch": 256,
  "zipf_s": 0.900000,
  "topk": 8,
  "ep_size": 512,
  "seed": 86,
  "start_skew_us": 4.000000,
  "tau_g_ns": 143.360000,
  "grain_bytes": 7168,
  "total_tokens": 2097152,
  "max_egress_load": 11077,
  "konig_us": 3030.343680,
  "rtt_us": 1.200000,
  "barrier_us": 1.600000,
  "cct_us": 3181.800671,
  "step_us": 6327.189734,
  "gemv_us": 3143.789062,
  "e2e_us": 6325.589734,
  "throughput_GBs": 2375.839222,
  "latency_all": {
    "count": 2097152,
    "mean_us": 148.223614,
    "p50_us": 11.457960,
    "p99_us": 889.202369,
    "min_us": 1.499131,
    "max_us": 1591.396417
  },
  "latency_hot": {
    "count": 1161912,
    "mean_us": 252.551073,
    "p50_us": 47.771803,
    "p99_us": 889.234765,
    "min_us": 1.560354,
    "max_us": 1591.396417
  },
  "latency_cold": {
    "count": 305670,
    "mean_us": 10.748406,
    "p50_us": 9.719448,
    "p99_us": 21.350583,
    "min_us": 1.564330,
    "max_us": 51.334705
  },
  "dispatch_cct_us": 1590.404254,
  "combine_cct_us": 1591.396417,
  "roundtrip_step_us": 3183.400671,
  "e2e_step_us": 6327.189734
}
