{
  "scenario": 4,
  "scheme": "packet_spray",
  "mode": "roundtrip",
  "batch": 256,
  "zipf_s": 0.900000,
  "topk": 8,
  "ep_size": 512,
  "seed": 84,
  "start_skew_us": 4.000000,
  "tau_g_ns": 143.360000,
  "grain_bytes": 7168,
  "total_tokens": 2097152,
  "max_egress_load": 11185,
  "konig_us": 3049.123840,
  "rtt_us": 0.000000,
  "barrier_us": 6.000000,
  "cct_us": 3154.842109,
  "step_us": 6312.092109,
  "gemv_us": 3151.250000,
  "e2e_us": 6306.092109,
  "throughput_GBs": 2381.521891,
  "latency_all": {
    "count": 2097152,
    "mean_us": 462.002605,
    "p50_us": 59.238275,
    "p99_us": 916.674435,
    "min_us": 0.193360,
    "max_us": 1654.717108
  },
  "latency_hot": {
    "count": 1163062,
    "mean_us": 509.697059,
    "p50_us": 96.910388,
    "p99_us": 913.377155,
    "min_us": 0.193360,
    "max_us": 1636.653748
  },
  "latency_cold": {
    "count": 304860,
    "mean_us": 400.632730,
    "p50_us": 54.915147,
    "p99_us": 1419.750068,
    "min_us": 1.138898,
    "max_us": 1654.717108
  },
  "dispatch_cct_us": 1500.125001,
  "combine_cct_us": 1654.717108,
  "roundtrip_step_us": 3160.842109,
  "e2e_step_us": 6312.092109
}
