{
  "scenario": 2,
  "scheme": "ub_rg",
  "mode": "roundtrip",
  "batch": 256,
  "zipf_s": 0.300000,
  "topk": 8,
  "ep_size": 1024,
  "seed": 1,
  "tau_g_ns": 143.360000,
  "grain_bytes": 7168,
  "total_tokens": 4194304,
  "max_egress_load": 1464,
  "konig_us": 416.460800,
  "rtt_us": 1.100000,
  "barrier_us": 2.400000,
  "cct_us": 423.885214,
  "step_us": 426.285214,
  "throughput_GBs": 70527.360694,
  "latency_all": {
    "count": 4194304,
    "mean_us": 26.929663,
    "p50_us": 17.019743,
    "p99_us": 84.200639,
    "min_us": 2.043415,
    "max_us": 211.993486
  },
  "latency_hot": {
    "count": 819690,
    "mean_us": 44.757639,
    "p50_us": 28.439876,
    "p99_us": 84.105726,
    "min_us": 2.043733,
    "max_us": 211.993486
  },
  "latency_cold": {
    "count": 1619014,
    "mean_us": 19.918735,
    "p50_us": 10.692380,
    "p99_us": 37.333919,
    "min_us": 2.043415,
    "max_us": 49.100884
  },
  "dispatch_cct_us": 211.993486,
  "combine_cct_us": 211.891729,
  "roundtrip_step_us": 426.285214
}
